o 
v 0.41530622150801344 0.7758069907459177 -0.04348439249966818
v 0.3322612306108348 0.8019219909938731 -0.13262439045880514
v 0.317224230431544 0.8196170007022776 -0.11554739150975424
v 0.3322612306108348 0.8019219909938731 -0.13262439045880514
v 0.41530622150801344 0.7758069907459177 -0.04348439249966818
v 0.43988422658346815 0.7538500105174937 -0.05355039510701376
v 0.1626612355937831 0.7538500105174937 -0.10288138959382254
v 0.317224230431544 0.8196170007022776 -0.11554739150975424
v 0.3322612306108348 0.8019219909938731 -0.13262439045880514
v 0.4473972430457942 0.8097889696391978 0.05998360604811692
v 0.43988422658346815 0.7538500105174937 -0.05355039510701376
v 0.41530622150801344 0.7758069907459177 -0.04348439249966818
v 0.317224230431544 0.8196170007022776 -0.11554739150975424
v 0.1626612355937831 0.7538500105174937 -0.10288138959382254
v 0.1626612355937831 0.7758069907459177 -0.08844238791440207
v 0.43988422658346815 0.7538500105174937 -0.05355039510701376
v 0.4473972430457942 0.8097889696391978 0.05998360604811692
v 0.4750972500076167 0.7911389743122019 0.05998360604811692
v 0.008098240756022168 0.8196170007022776 -0.11554739150975424
v 0.1626612355937831 0.7758069907459177 -0.08844238791440207
v 0.1626612355937831 0.7538500105174937 -0.10288138959382254
v 0.4473972430457942 0.8097889696391978 0.05998360604811692
v 0.43988422658346815 0.7538500105174937 0.17351760443474573
v 0.4750972500076167 0.7911389743122019 0.05998360604811692
v 0.1626612355937831 0.7538500105174937 -0.10288138959382254
v -0.006938759423268603 0.8019219909938731 -0.13262439045880514
v 0.008098240756022168 0.8196170007022776 -0.11554739150975424
v 0.43988422658346815 0.7538500105174937 0.17351760443474573
v 0.4473972430457942 0.8097889696391978 0.05998360604811692
v 0.41530622150801344 0.7758069907459177 0.16345160927798075
v -0.006938759423268603 0.8019219909938731 -0.13262439045880514
v -0.08998375032044725 0.7758069907459177 -0.04348439249966818
v 0.008098240756022168 0.8196170007022776 -0.11554739150975424
v 0.3322612306108348 0.8019219909938731 0.2525916072371177
v 0.43988422658346815 0.7538500105174937 0.17351760443474573
v 0.41530622150801344 0.7758069907459177 0.16345160927798075
v -0.08998375032044725 0.7758069907459177 -0.04348439249966818
v -0.006938759423268603 0.8019219909938731 -0.13262439045880514
v -0.11456175539590197 0.7538500105174937 -0.05355039510701376
v 0.41530622150801344 0.7758069907459177 0.16345160927798075
v 0.317224230431544 0.8196170007022776 0.2355146082880668
v 0.3322612306108348 0.8019219909938731 0.2525916072371177
v -0.12207477185822802 0.8097889696391978 0.05998360604811692
v -0.08998375032044725 0.7758069907459177 -0.04348439249966818
v -0.11456175539590197 0.7538500105174937 -0.05355039510701376
v 0.317224230431544 0.8196170007022776 0.2355146082880668
v 0.1626612355937831 0.7538500105174937 0.2228486063721351
v 0.3322612306108348 0.8019219909938731 0.2525916072371177
v -0.11456175539590197 0.7538500105174937 -0.05355039510701376
v -0.14977477882005052 0.7911389743122019 0.05998360604811692
v -0.12207477185822802 0.8097889696391978 0.05998360604811692
v 0.1626612355937831 0.7538500105174937 0.2228486063721351
v 0.317224230431544 0.8196170007022776 0.2355146082880668
v 0.1626612355937831 0.7758069907459177 0.20840960469271463
v -0.11456175539590197 0.7538500105174937 0.17351760443474573
v -0.12207477185822802 0.8097889696391978 0.05998360604811692
v -0.14977477882005052 0.7911389743122019 0.05998360604811692
v 0.008098240756022168 0.8196170007022776 0.2355146082880668
v 0.1626612355937831 0.7538500105174937 0.2228486063721351
v 0.1626612355937831 0.7758069907459177 0.20840960469271463
v -0.12207477185822802 0.8097889696391978 0.05998360604811692
v -0.11456175539590197 0.7538500105174937 0.17351760443474573
v -0.08998375032044725 0.7758069907459177 0.16345160927798075
v 0.1626612355937831 0.7538500105174937 0.2228486063721351
v 0.008098240756022168 0.8196170007022776 0.2355146082880668
v -0.006938759423268603 0.8019219909938731 0.2525916072371177
v -0.006938759423268603 0.8019219909938731 0.2525916072371177
v -0.08998375032044725 0.7758069907459177 0.16345160927798075
v -0.11456175539590197 0.7538500105174937 0.17351760443474573
v -0.08998375032044725 0.7758069907459177 0.16345160927798075
v -0.006938759423268603 0.8019219909938731 0.2525916072371177
v 0.008098240756022168 0.8196170007022776 0.2355146082880668
v 0.317224230431544 0.8196170007022776 -0.11554739150975424
v 0.3368962368001811 0.7266480003627696 -0.011372397577507076
v 0.41530622150801344 0.7758069907459177 -0.04348439249966818
v 0.3590282311668269 0.7500840102466502 0.05998360604811692
v 0.41530622150801344 0.7758069907459177 -0.04348439249966818
v 0.3368962368001811 0.7266480003627696 -0.011372397577507076
v 0.41530622150801344 0.7758069907459177 -0.04348439249966818
v 0.3590282311668269 0.7500840102466502 0.05998360604811692
v 0.4473972430457942 0.8097889696391978 0.05998360604811692
v 0.3590282311668269 0.7500840102466502 0.05998360604811692
v 0.41530622150801344 0.7758069907459177 0.16345160927798075
v 0.4473972430457942 0.8097889696391978 0.05998360604811692
v 0.3368962368001811 0.7266480003627696 -0.011372397577507076
v 0.317224230431544 0.8196170007022776 -0.11554739150975424
v 0.2692552318801753 0.7568609987529673 -0.06107039276335913
v 0.1626612355937831 0.7758069907459177 -0.08844238791440207
v 0.2692552318801753 0.7568609987529673 -0.06107039276335913
v 0.317224230431544 0.8196170007022776 -0.11554739150975424
v 0.3368962368001811 0.7266480003627696 -0.011372397577507076
v 0.2773492371668689 0.6963230048450388 0.05998360604811692
v 0.3590282311668269 0.7500840102466502 0.05998360604811692
v 0.41530622150801344 0.7758069907459177 0.16345160927798075
v 0.3590282311668269 0.7500840102466502 0.05998360604811692
v 0.3368962368001811 0.7266480003627696 0.13133960690523905
v 0.2773492371668689 0.6963230048450388 0.05998360604811692
v 0.3368962368001811 0.7266480003627696 0.13133960690523905
v 0.3590282311668269 0.7500840102466502 0.05998360604811692
v 0.317224230431544 0.8196170007022776 0.2355146082880668
v 0.41530622150801344 0.7758069907459177 0.16345160927798075
v 0.3368962368001811 0.7266480003627696 0.13133960690523905
v 0.2692552318801753 0.7568609987529673 -0.06107039276335913
v 0.2644232323398463 0.6826349769863047 0.01830760490323824
v 0.3368962368001811 0.7266480003627696 -0.011372397577507076
v 0.2773492371668689 0.6963230048450388 0.05998360604811692
v 0.3368962368001811 0.7266480003627696 -0.011372397577507076
v 0.2644232323398463 0.6826349769863047 0.01830760490323824
v 0.2644232323398463 0.6826349769863047 0.01830760490323824
v 0.2692552318801753 0.7568609987529673 -0.06107039276335913
v 0.22491723652981443 0.7002820049556651 -0.0107183930632897
v 0.1626612355937831 0.6826349769863047 0.00019960578705591203
v 0.2773492371668689 0.6963230048450388 0.05998360604811692
v 0.2644232323398463 0.6826349769863047 0.01830760490323824
v 0.1626612355937831 0.6826349769863047 0.00019960578705591203
v 0.2644232323398463 0.6826349769863047 0.01830760490323824
v 0.22491723652981443 0.7002820049556651 -0.0107183930632897
v 0.1626612355937831 0.7266480003627696 -0.04237739268515783
v 0.22491723652981443 0.7002820049556651 -0.0107183930632897
v 0.2692552318801753 0.7568609987529673 -0.06107039276335913
v 0.2692552318801753 0.7568609987529673 -0.06107039276335913
v 0.1626612355937831 0.7758069907459177 -0.08844238791440207
v 0.1626612355937831 0.7266480003627696 -0.04237739268515783
v 0.22491723652981443 0.7002820049556651 -0.0107183930632897
v 0.1626612355937831 0.7266480003627696 -0.04237739268515783
v 0.1626612355937831 0.6826349769863047 0.00019960578705591203
v 0.05606723930739088 0.7568609987529673 -0.06107039276335913
v 0.1626612355937831 0.7266480003627696 -0.04237739268515783
v 0.1626612355937831 0.7758069907459177 -0.08844238791440207
v 0.1626612355937831 0.7758069907459177 -0.08844238791440207
v 0.008098240756022168 0.8196170007022776 -0.11554739150975424
v 0.05606723930739088 0.7568609987529673 -0.06107039276335913
v 0.1626612355937831 0.7266480003627696 -0.04237739268515783
v 0.05606723930739088 0.7568609987529673 -0.06107039276335913
v 0.10040523465775175 0.7002820049556651 -0.0107183930632897
v 0.10040523465775175 0.7002820049556651 -0.0107183930632897
v 0.1626612355937831 0.6826349769863047 0.00019960578705591203
v 0.1626612355937831 0.7266480003627696 -0.04237739268515783
v 0.008098240756022168 0.8196170007022776 -0.11554739150975424
v -0.011573765612614917 0.7266480003627696 -0.011372397577507076
v 0.05606723930739088 0.7568609987529673 -0.06107039276335913
v 0.05606723930739088 0.7568609987529673 -0.06107039276335913
v 0.06089923884771986 0.6826349769863047 0.01830760490323824
v 0.10040523465775175 0.7002820049556651 -0.0107183930632897
v 0.06089923884771986 0.6826349769863047 0.01830760490323824
v 0.1626612355937831 0.6826349769863047 0.00019960578705591203
v 0.10040523465775175 0.7002820049556651 -0.0107183930632897
v 0.05606723930739088 0.7568609987529673 -0.06107039276335913
v -0.011573765612614917 0.7266480003627696 -0.011372397577507076
v 0.06089923884771986 0.6826349769863047 0.01830760490323824
v 0.008098240756022168 0.8196170007022776 -0.11554739150975424
v -0.08998375032044725 0.7758069907459177 -0.04348439249966818
v -0.011573765612614917 0.7266480003627696 -0.011372397577507076
v 0.04797323402069731 0.6963230048450388 0.05998360604811692
v 0.1626612355937831 0.6826349769863047 0.00019960578705591203
v 0.06089923884771986 0.6826349769863047 0.01830760490323824
v 0.06089923884771986 0.6826349769863047 0.01830760490323824
v -0.011573765612614917 0.7266480003627696 -0.011372397577507076
v 0.04797323402069731 0.6963230048450388 0.05998360604811692
v -0.03370575997926073 0.7500840102466502 0.05998360604811692
v -0.011573765612614917 0.7266480003627696 -0.011372397577507076
v -0.08998375032044725 0.7758069907459177 -0.04348439249966818
v -0.011573765612614917 0.7266480003627696 -0.011372397577507076
v -0.03370575997926073 0.7500840102466502 0.05998360604811692
v 0.04797323402069731 0.6963230048450388 0.05998360604811692
v -0.08998375032044725 0.7758069907459177 -0.04348439249966818
v -0.12207477185822802 0.8097889696391978 0.05998360604811692
v -0.03370575997926073 0.7500840102466502 0.05998360604811692
v -0.08998375032044725 0.7758069907459177 0.16345160927798075
v -0.03370575997926073 0.7500840102466502 0.05998360604811692
v -0.12207477185822802 0.8097889696391978 0.05998360604811692
v -0.03370575997926073 0.7500840102466502 0.05998360604811692
v -0.08998375032044725 0.7758069907459177 0.16345160927798075
v -0.011573765612614917 0.7266480003627696 0.13133960690523905
v -0.011573765612614917 0.7266480003627696 0.13133960690523905
v 0.04797323402069731 0.6963230048450388 0.05998360604811692
v -0.03370575997926073 0.7500840102466502 0.05998360604811692
v 0.008098240756022168 0.8196170007022776 0.2355146082880668
v -0.011573765612614917 0.7266480003627696 0.13133960690523905
v -0.08998375032044725 0.7758069907459177 0.16345160927798075
v 0.04797323402069731 0.6963230048450388 0.05998360604811692
v 0.1626612355937831 0.6826349769863047 0.11976760726596636
v 0.1626612355937831 0.6826349769863047 0.00019960578705591203
v 0.1626612355937831 0.6826349769863047 0.11976760726596636
v 0.2773492371668689 0.6963230048450388 0.05998360604811692
v 0.1626612355937831 0.6826349769863047 0.00019960578705591203
v 0.04797323402069731 0.6963230048450388 0.05998360604811692
v -0.011573765612614917 0.7266480003627696 0.13133960690523905
v 0.06089923884771986 0.6826349769863047 0.10165960442449373
v 0.1626612355937831 0.6826349769863047 0.11976760726596636
v 0.04797323402069731 0.6963230048450388 0.05998360604811692
v 0.06089923884771986 0.6826349769863047 0.10165960442449373
v -0.011573765612614917 0.7266480003627696 0.13133960690523905
v 0.008098240756022168 0.8196170007022776 0.2355146082880668
v 0.05606723930739088 0.7568609987529673 0.1810376095416717
v 0.05606723930739088 0.7568609987529673 0.1810376095416717
v 0.06089923884771986 0.6826349769863047 0.10165960442449373
v -0.011573765612614917 0.7266480003627696 0.13133960690523905
v 0.1626612355937831 0.7758069907459177 0.20840960469271463
v 0.05606723930739088 0.7568609987529673 0.1810376095416717
v 0.008098240756022168 0.8196170007022776 0.2355146082880668
v 0.06089923884771986 0.6826349769863047 0.10165960442449373
v 0.05606723930739088 0.7568609987529673 0.1810376095416717
v 0.10040523465775175 0.7002820049556651 0.13068560239102167
v 0.1626612355937831 0.6826349769863047 0.11976760726596636
v 0.06089923884771986 0.6826349769863047 0.10165960442449373
v 0.10040523465775175 0.7002820049556651 0.13068560239102167
v 0.1626612355937831 0.7266480003627696 0.1623446094634704
v 0.10040523465775175 0.7002820049556651 0.13068560239102167
v 0.05606723930739088 0.7568609987529673 0.1810376095416717
v 0.10040523465775175 0.7002820049556651 0.13068560239102167
v 0.1626612355937831 0.7266480003627696 0.1623446094634704
v 0.1626612355937831 0.6826349769863047 0.11976760726596636
v 0.05606723930739088 0.7568609987529673 0.1810376095416717
v 0.1626612355937831 0.7758069907459177 0.20840960469271463
v 0.1626612355937831 0.7266480003627696 0.1623446094634704
v 0.1626612355937831 0.7266480003627696 0.1623446094634704
v 0.22491723652981443 0.7002820049556651 0.13068560239102167
v 0.1626612355937831 0.6826349769863047 0.11976760726596636
v 0.1626612355937831 0.6826349769863047 0.11976760726596636
v 0.2644232323398463 0.6826349769863047 0.10165960442449373
v 0.2773492371668689 0.6963230048450388 0.05998360604811692
v 0.2644232323398463 0.6826349769863047 0.10165960442449373
v 0.1626612355937831 0.6826349769863047 0.11976760726596636
v 0.22491723652981443 0.7002820049556651 0.13068560239102167
v 0.3368962368001811 0.7266480003627696 0.13133960690523905
v 0.2773492371668689 0.6963230048450388 0.05998360604811692
v 0.2644232323398463 0.6826349769863047 0.10165960442449373
v 0.1626612355937831 0.7266480003627696 0.1623446094634704
v 0.2692552318801753 0.7568609987529673 0.1810376095416717
v 0.22491723652981443 0.7002820049556651 0.13068560239102167
v 0.1626612355937831 0.7758069907459177 0.20840960469271463
v 0.2692552318801753 0.7568609987529673 0.1810376095416717
v 0.1626612355937831 0.7266480003627696 0.1623446094634704
v 0.22491723652981443 0.7002820049556651 0.13068560239102167
v 0.2692552318801753 0.7568609987529673 0.1810376095416717
v 0.2644232323398463 0.6826349769863047 0.10165960442449373
v 0.3368962368001811 0.7266480003627696 0.13133960690523905
v 0.2644232323398463 0.6826349769863047 0.10165960442449373
v 0.2692552318801753 0.7568609987529673 0.1810376095416717
v 0.1626612355937831 0.7758069907459177 0.20840960469271463
v 0.317224230431544 0.8196170007022776 0.2355146082880668
v 0.2692552318801753 0.7568609987529673 0.1810376095416717
v 0.2692552318801753 0.7568609987529673 0.1810376095416717
v 0.317224230431544 0.8196170007022776 0.2355146082880668
v 0.3368962368001811 0.7266480003627696 0.13133960690523905
v 0.3506962319841258 0.6255049978526988 -0.015416393911583004
v 0.4656162371864192 0.5915829812320628 0.05998360604811692
v 0.4656162371864192 0.5915829812320628 -0.04900139096949774
v 0.3193992337217204 0.5915999983581461 -0.09637140009377676
v 0.3506962319841258 0.6255049978526988 -0.015416393911583004
v 0.4656162371864192 0.5915829812320628 -0.04900139096949774
v 0.4656162371864192 0.5915829812320628 0.05998360604811692
v 0.3506962319841258 0.6255049978526988 0.13538360323931498
v 0.4656162371864192 0.5915829812320628 0.1689686077478103
v 0.3506962319841258 0.6255049978526988 0.13538360323931498
v 0.4656162371864192 0.5915829812320628 0.05998360604811692
v 0.3506962319841258 0.6255049978526988 0.05998360604811692
v 0.4656162371864192 0.5915829812320628 0.05998360604811692
v 0.3506962319841258 0.6255049978526988 -0.015416393911583004
v 0.3506962319841258 0.6255049978526988 0.05998360604811692
v 0.3668362310161464 0.5145480011733927 0.2636056068184547
v 0.4656162371864192 0.5915829812320628 0.1689686077478103
v 0.3193992337217204 0.5915999983581461 0.21633860197092813
v 0.3193992337217204 0.5915999983581461 0.21633860197092813
v 0.4656162371864192 0.5915829812320628 0.1689686077478103
v 0.3506962319841258 0.6255049978526988 0.13538360323931498
v 0.3668362310161464 0.5145480011733927 0.2636056068184547
v 0.1734332356607191 0.4239339803489603 0.283305612468975
v 0.38650723900698347 0.42393800366248263 0.28309160199190897
v 0.3193992337217204 0.5915999983581461 0.21633860197092813
v 0.1626612355937831 0.5145260070594706 0.2636285993101768
v 0.3668362310161464 0.5145480011733927 0.2636056068184547
v 0.1626612355937831 0.5145260070594706 0.2636285993101768
v 0.1734332356607191 0.4239339803489603 0.283305612468975
v 0.3668362310161464 0.5145480011733927 0.2636056068184547
v 0.1734332356607191 0.4239339803489603 0.283305612468975
v 0.1626612355937831 0.5145260070594706 0.2636285993101768
v 0.1626612355937831 0.4269559954437174 0.28265960242773813
v 0.38650723900698347 0.42393800366248263 0.28309160199190897
v 0.1734332356607191 0.4239339803489603 0.283305612468975
v 0.1832592355092637 0.4146539841922678 0.282747608685749
v 0.1626612355937831 0.4269559954437174 0.28265960242773813
v 0.1626612355937831 0.5145260070594706 0.2636285993101768
v 0.15187623519502802 0.42951300490225924 0.2820936116221122
v 0.18821223620377703 0.3980479960473932 0.2817606004717521
v 0.38650723900698347 0.42393800366248263 0.28309160199190897
v 0.1832592355092637 0.4146539841922678 0.282747608685749
v 0.1626612355937831 0.5145260070594706 0.2636285993101768
v 0.13031923379801436 0.4239349936279215 0.2832846018316917
v 0.15187623519502802 0.42951300490225924 0.2820936116221122
v 0.18821223620377703 0.3980479960473932 0.2817606004717521
v 0.187830235623347 0.3427729879650034 0.2784926119091682
v 0.20856623705528898 0.34012099850501193 0.27831560101534647
v 0.2508112376561038 0.3318669919999994 0.2777846130373649
v 0.18821223620377703 0.3980479960473932 0.2817606004717521
v 0.20856623705528898 0.34012099850501193 0.27831560101534647
v 0.38650723900698347 0.42393800366248263 0.28309160199190897
v 0.18821223620377703 0.3980479960473932 0.2817606004717521
v 0.2508112376561038 0.3318669919999994 0.2777846130373649
v 0.38650723900698347 0.42393800366248263 0.28309160199190897
v 0.2508112376561038 0.3318669919999994 0.2777846130373649
v 0.2860152384271495 0.3199699943097986 0.2769986065867118
v 0.38650723900698347 0.42393800366248263 0.28309160199190897
v 0.2860152384271495 0.3199699943097986 0.2769986065867118
v 0.3163632413377635 0.30564599979247226 0.27602460708643717
v 0.32995923962496443 0.29107899713839663 0.27508660879160685
v 0.38650723900698347 0.42393800366248263 0.28309160199190897
v 0.3163632413377635 0.30564599979247226 0.27602460708643717
v 0.3754222353925578 0.23594999063338412 0.2715555998327903
v 0.38650723900698347 0.42393800366248263 0.28309160199190897
v 0.32995923962496443 0.29107899713839663 0.27508660879160685
v 0.5788592210044734 0.2359209929737009 0.20442360367800516
v 0.38650723900698347 0.42393800366248263 0.28309160199190897
v 0.3754222353925578 0.23594999063338412 0.2715555998327903
v 0.3754222353925578 0.23594999063338412 0.2715555998327903
v 0.32995923962496443 0.29107899713839663 0.27508660879160685
v 0.33263024296663923 0.2721409921678461 0.27391260590578836
v 0.3754222353925578 0.23594999063338412 0.2715555998327903
v 0.33263024296663923 0.2721409921678461 0.27391260590578836
v 0.32340423371695204 0.25077599037017 0.27262560751463694
v 0.30304123070143385 0.23594499129380359 0.2717756005766563
v 0.3754222353925578 0.23594999063338412 0.2715555998327903
v 0.32340423371695204 0.25077599037017 0.27262560751463694
v 0.40716723706625624 0.05978499102915896 0.30279460277582926
v 0.5788592210044734 0.2359209929737009 0.20442360367800516
v 0.3754222353925578 0.23594999063338412 0.2715555998327903
v 0.30304123070143385 0.23594499129380359 0.2717756005766563
v 0.29279122855566664 0.11334699142302646 0.2939476045611076
v 0.3754222353925578 0.23594999063338412 0.2715555998327903
v 0.29279122855566664 0.11334699142302646 0.2939476045611076
v 0.30304123070143385 0.23594499129380359 0.2717756005766563
v 0.28455823268793745 0.23086799431170596 0.27275660362269205
v 0.3754222353925578 0.23594999063338412 0.2715555998327903
v 0.29279122855566664 0.11334699142302646 0.2939476045611076
v 0.34187723305128737 0.07558899122800006 0.30037960138346476
v 0.3754222353925578 0.23594999063338412 0.2715555998327903
v 0.34187723305128737 0.07558899122800006 0.30037960138346476
v 0.40716723706625624 0.05978499102915896 0.30279460277582926
v 0.28455823268793745 0.23086799431170596 0.27275660362269205
v 0.23447623457811995 0.1326459937873043 0.2908146056177787
v 0.29279122855566664 0.11334699142302646 0.2939476045611076
v 0.23447623457811995 0.1326459937873043 0.2908146056177787
v 0.28455823268793745 0.23086799431170596 0.27275660362269205
v 0.2612502386798732 0.23305299628104342 0.2724285992624931
v 0.24655023571156187 0.23594199616040362 0.2719466063025169
v 0.23447623457811995 0.1326459937873043 0.2908146056177787
v 0.2612502386798732 0.23305299628104342 0.2724285992624931
v 0.40716723706625624 0.05978499102915896 0.30279460277582926
v 0.34187723305128737 0.07558899122800006 0.30037960138346476
v 0.34928524103068037 0.059783992651358975 0.3031545999291114
v 0.40716723706625624 0.05978499102915896 0.30279460277582926
v 0.34928524103068037 0.059783992651358975 0.3031545999291114
v 0.36704922821425123 0.02188899863089694 0.29800261285330576
v 0.3704052379360072 -0.034328999635323154 0.29050260510470194
v 0.40716723706625624 0.05978499102915896 0.30279460277582926
v 0.36704922821425123 0.02188899863089694 0.29800261285330576
v 0.40716723706625624 0.05978499102915896 0.30279460277582926
v 0.3704052379360072 -0.034328999635323154 0.29050260510470194
v 0.3828002324333064 -0.12664300453339444 0.2781436118128471
v 0.3548822363843791 -0.09096600365315305 0.2830646010878257
v 0.3828002324333064 -0.12664300453339444 0.2781436118128471
v 0.3704052379360072 -0.034328999635323154 0.29050260510470194
v 0.3828002324333064 -0.12664300453339444 0.2781436118128471
v 0.6024542262782924 -0.12685099494133817 0.20606860246683878
v 0.40716723706625624 0.05978499102915896 0.30279460277582926
v 0.322943236493098 -0.12668001901779996 0.2785756113770179
v 0.3828002324333064 -0.12664300453339444 0.2781436118128471
v 0.3548822363843791 -0.09096600365315305 0.2830646010878257
v 0.3828002324333064 -0.12664300453339444 0.2781436118128471
v 0.322943236493098 -0.12668001901779996 0.2785756113770179
v 0.30873423423670454 -0.14256900798951017 0.2820936116221122
v 0.6024542262782924 -0.12685099494133817 0.20606860246683878
v 0.3828002324333064 -0.12664300453339444 0.2781436118128471
v 0.4136322250594966 -0.2700659955707632 0.30889060821558756
v 0.30873423423670454 -0.14256900798951017 0.2820936116221122
v 0.4136322250594966 -0.2700659955707632 0.30889060821558756
v 0.3828002324333064 -0.12664300453339444 0.2781436118128471
v 0.2441252356400363 -0.17067799222145902 0.2885955991985969
v 0.4136322250594966 -0.2700659955707632 0.30889060821558756
v 0.30873423423670454 -0.14256900798951017 0.2820936116221122
v 0.4136322250594966 -0.2700659955707632 0.30889060821558756
v 0.2441252356400363 -0.17067799222145902 0.2885955991985969
v 0.18821223620377703 -0.2700960065094076 0.31038361516024393
v 0.18821223620377703 -0.2700960065094076 0.31038361516024393
v 0.2441252356400363 -0.17067799222145902 0.2885955991985969
v 0.19126423616014643 -0.18871799361382352 0.2928496124985389
v 0.18821223620377703 -0.2700960065094076 0.31038361516024393
v 0.19126423616014643 -0.18871799361382352 0.2928496124985389
v 0.18821223620377703 -0.18910101306115018 0.2929536077025108
v 0.4136322250594966 -0.2700659955707632 0.30889060821558756
v 0.18821223620377703 -0.2700960065094076 0.31038361516024393
v 0.1882112359633319 -0.27328500401650296 0.3100905987265281
v 0.4136322250594966 -0.2700659955707632 0.30889060821558756
v 0.1882112359633319 -0.27328500401650296 0.3100905987265281
v 0.1848402356734149 -0.2933480168548666 0.30826960232283396
v 0.1848402356734149 -0.2933480168548666 0.30826960232283396
v 0.4014162382116191 -0.40274003398095 0.29673160340811533
v 0.4136322250594966 -0.2700659955707632 0.30889060821558756
v 0.6393882444133632 -0.40194401394997464 0.219362598920124
v 0.4136322250594966 -0.2700659955707632 0.30889060821558756
v 0.4014162382116191 -0.40274003398095 0.29673160340811533
v 0.4136322250594966 -0.2700659955707632 0.30889060821558756
v 0.6393882444133632 -0.40194401394997464 0.219362598920124
v 0.6629522254695766 -0.27026301872406827 0.2276796075346641
v 0.4014162382116191 -0.40274003398095 0.29673160340811533
v 0.1848402356734149 -0.2933480168548666 0.30826960232283396
v 0.1626612355937831 -0.4026019896236502 0.29837560381914896
v 0.1626612355937831 -0.4026019896236502 0.29837560381914896
v 0.1848402356734149 -0.2933480168548666 0.30826960232283396
v 0.17253223601781054 -0.30818501364861356 0.30698761072184366
v 0.1626612355937831 -0.4026019896236502 0.29837560381914896
v 0.17253223601781054 -0.30818501364861356 0.30698761072184366
v 0.1626612355937831 -0.3108440066543661 0.30680860307242197
v 0.15187623519502802 -0.3137490178314291 0.30646760489966196
v 0.1626612355937831 -0.4026019896236502 0.29837560381914896
v 0.1626612355937831 -0.3108440066543661 0.30680860307242197
v 0.6694192102184169 -0.27057501923714505 0.05998360604811692
v 0.6629522254695766 -0.27026301872406827 0.2276796075346641
v 0.6393882444133632 -0.40194401394997464 0.219362598920124
v 0.13122023623489065 -0.30818501364861356 0.3068376007321052
v 0.1626612355937831 -0.4026019896236502 0.29837560381914896
v 0.15187623519502802 -0.3137490178314291 0.30646760489966196
v 0.6462092211475245 -0.40067801129494535 0.05998360604811692
v 0.6694192102184169 -0.27057501923714505 0.05998360604811692
v 0.6393882444133632 -0.40194401394997464 0.219362598920124
v 0.4014162382116191 -0.40274003398095 0.29673160340811533
v 0.5459062268962733 -0.5132580126491628 0.1886486085894279
v 0.6393882444133632 -0.40194401394997464 0.219362598920124
v 0.6462092211475245 -0.40067801129494535 0.05998360604811692
v 0.6393882444133632 -0.40194401394997464 0.219362598920124
v 0.5459062268962733 -0.5132580126491628 0.1886486085894279
v 0.5459062268962733 -0.5132580126491628 0.1886486085894279
v 0.4014162382116191 -0.40274003398095 0.29673160340811533
v 0.35460523869894667 -0.513987990733727 0.2504236074927024
v 0.1626612355937831 -0.4026019896236502 0.29837560381914896
v 0.35460523869894667 -0.513987990733727 0.2504236074927024
v 0.4014162382116191 -0.40274003398095 0.29673160340811533
v 0.5453472247352473 -0.5144319857326589 0.05998360604811692
v 0.6462092211475245 -0.40067801129494535 0.05998360604811692
v 0.5459062268962733 -0.5132580126491628 0.1886486085894279
v 0.1626612355937831 -0.4026019896236502 0.29837560381914896
v 0.13122023623489065 -0.30818501364861356 0.3068376007321052
v -0.0760937670240529 -0.40274003398095 0.29673160340811533
v 0.11891223471664114 -0.2933480168548666 0.3081176104786567
v -0.0760937670240529 -0.40274003398095 0.29673160340811533
v 0.13122023623489065 -0.30818501364861356 0.3068376007321052
v 0.3390082379808299 -0.5198430145946584 0.05998360604811692
v 0.5459062268962733 -0.5132580126491628 0.1886486085894279
v 0.35460523869894667 -0.513987990733727 0.2504236074927024
v 0.3390082379808299 -0.5198430145946584 0.05998360604811692
v 0.5453472247352473 -0.5144319857326589 0.05998360604811692
v 0.5459062268962733 -0.5132580126491628 0.1886486085894279
v 0.35460523869894667 -0.513987990733727 0.2504236074927024
v 0.1626612355937831 -0.4026019896236502 0.29837560381914896
v 0.1626612355937831 -0.5153280223575674 0.2497586133721046
v 0.1626612355937831 -0.5153280223575674 0.2497586133721046
v 0.3390082379808299 -0.5198430145946584 0.05998360604811692
v 0.35460523869894667 -0.513987990733727 0.2504236074927024
v -0.02928276751138048 -0.513987990733727 0.2504236074927024
v 0.1626612355937831 -0.5153280223575674 0.2497586133721046
v 0.1626612355937831 -0.4026019896236502 0.29837560381914896
v 0.1626612355937831 -0.4026019896236502 0.29837560381914896
v -0.0760937670240529 -0.40274003398095 0.29673160340811533
v -0.02928276751138048 -0.513987990733727 0.2504236074927024
v 0.3390082379808299 -0.5198430145946584 0.05998360604811692
v 0.1626612355937831 -0.5153280223575674 0.2497586133721046
v 0.1626612355937831 -0.5198430145946584 0.05998360604811692
v -0.0760937670240529 -0.40274003398095 0.29673160340811533
v 0.11891223471664114 -0.2933480168548666 0.3081176104786567
v -0.08830975387193041 -0.2700659955707632 0.30889060821558756
v 0.11554023604892416 -0.27328500401650296 0.30994660880591196
v -0.08830975387193041 -0.2700659955707632 0.30889060821558756
v 0.11891223471664114 -0.2933480168548666 0.3081176104786567
v 0.11554023604892416 -0.27009299647484647 0.3102405938151054
v -0.08830975387193041 -0.2700659955707632 0.30889060821558756
v 0.11554023604892416 -0.27328500401650296 0.30994660880591196
v 0.11554023604892416 -0.27009299647484647 0.3102405938151054
v 0.11554023604892416 -0.1982330108848654 0.29478761281992716
v 0.11113323625229521 -0.19878700625573026 0.2948776009323768
v 0.11554023604892416 -0.27009299647484647 0.3102405938151054
v 0.11113323625229521 -0.19878700625573026 0.2948776009323768
v 0.04274823870562239 -0.19543001305733548 0.2937046113255195
v 0.04274823870562239 -0.19543001305733548 0.2937046113255195
v -0.08830975387193041 -0.2700659955707632 0.30889060821558756
v 0.11554023604892416 -0.27009299647484647 0.3102405938151054
v -0.08830975387193041 -0.2700659955707632 0.30889060821558756
v 0.04274823870562239 -0.19543001305733548 0.2937046113255195
v -0.024376768804562854 -0.18452200543557035 0.29087461259390635
v -0.08830975387193041 -0.2700659955707632 0.30889060821558756
v -0.024376768804562854 -0.18452200543557035 0.29087461259390635
v -0.05877876672841387 -0.15096000086937772 0.2833846035244636
v -0.05877876672841387 -0.1326950217453085 0.27944160726095957
v -0.08830975387193041 -0.2700659955707632 0.30889060821558756
v -0.05877876672841387 -0.15096000086937772 0.2833846035244636
v -0.314065773225797 -0.40194401394997464 0.219362598920124
v -0.0760937670240529 -0.40274003398095 0.29673160340811533
v -0.08830975387193041 -0.2700659955707632 0.30889060821558756
v -0.2771317550907262 -0.12685099494133817 0.20606860246683878
v -0.08830975387193041 -0.2700659955707632 0.30889060821558756
v -0.05877876672841387 -0.1326950217453085 0.27944160726095957
v -0.314065773225797 -0.40194401394997464 0.219362598920124
v -0.08830975387193041 -0.2700659955707632 0.30889060821558756
v -0.33762975428201036 -0.27026301872406827 0.2276796075346641
v -0.08830975387193041 -0.2700659955707632 0.30889060821558756
v -0.2771317550907262 -0.12685099494133817 0.20606860246683878
v -0.33762975428201036 -0.27026301872406827 0.2276796075346641
v -0.3440967390308507 -0.27057501923714505 0.05998360604811692
v -0.314065773225797 -0.40194401394997464 0.219362598920124
v -0.33762975428201036 -0.27026301872406827 0.2276796075346641
v -0.2771317550907262 -0.12685099494133817 0.20606860246683878
v -0.3440967390308507 -0.27057501923714505 0.05998360604811692
v -0.33762975428201036 -0.27026301872406827 0.2276796075346641
v -0.0760937670240529 -0.40274003398095 0.29673160340811533
v -0.314065773225797 -0.40194401394997464 0.219362598920124
v -0.22058375570870714 -0.5132580126491628 0.1886486085894279
v -0.05877876672841387 -0.12664500128899442 0.27771760251547617
v -0.2771317550907262 -0.12685099494133817 0.20606860246683878
v -0.05877876672841387 -0.1326950217453085 0.27944160726095957
v -0.05747776124574022 -0.12664300453339444 0.2781436118128471
v -0.05877876672841387 -0.12664500128899442 0.27771760251547617
v -0.05877876672841387 -0.1326950217453085 0.27944160726095957
v -0.05747776124574022 -0.12664300453339444 0.2781436118128471
v -0.05901176128484087 -0.11491000902329312 0.2796956124546699
v -0.05877876672841387 -0.12664500128899442 0.27771760251547617
v -0.05901176128484087 -0.11491000902329312 0.2796956124546699
v -0.2771317550907262 -0.12685099494133817 0.20606860246683878
v -0.05877876672841387 -0.12664500128899442 0.27771760251547617
v -0.22058375570870714 -0.5132580126491628 0.1886486085894279
v -0.02928276751138048 -0.513987990733727 0.2504236074927024
v -0.0760937670240529 -0.40274003398095 0.29673160340811533
v -0.32088674995995836 -0.40067801129494535 0.05998360604811692
v -0.22058375570870714 -0.5132580126491628 0.1886486085894279
v -0.314065773225797 -0.40194401394997464 0.219362598920124
v -0.314065773225797 -0.40194401394997464 0.219362598920124
v -0.3440967390308507 -0.27057501923714505 0.05998360604811692
v -0.32088674995995836 -0.40067801129494535 0.05998360604811692
v -0.22058375570870714 -0.5132580126491628 0.1886486085894279
v -0.01368576679326372 -0.5198430145946584 0.05998360604811692
v -0.02928276751138048 -0.513987990733727 0.2504236074927024
v -0.01368576679326372 -0.5198430145946584 0.05998360604811692
v 0.1626612355937831 -0.5153280223575674 0.2497586133721046
v -0.02928276751138048 -0.513987990733727 0.2504236074927024
v -0.22058375570870714 -0.5132580126491628 0.1886486085894279
v -0.32088674995995836 -0.40067801129494535 0.05998360604811692
v -0.22002475354768114 -0.5144319857326589 0.05998360604811692
v -0.01368576679326372 -0.5198430145946584 0.05998360604811692
v -0.22058375570870714 -0.5132580126491628 0.1886486085894279
v -0.22002475354768114 -0.5144319857326589 0.05998360604811692
v -0.01368576679326372 -0.5198430145946584 0.05998360604811692
v 0.1626612355937831 -0.5198430145946584 0.05998360604811692
v 0.1626612355937831 -0.5153280223575674 0.2497586133721046
v -0.32088674995995836 -0.40067801129494535 0.05998360604811692
v -0.22058375570870714 -0.5132580126491628 -0.06868139181111532
v -0.22002475354768114 -0.5144319857326589 0.05998360604811692
v -0.22058375570870714 -0.5132580126491628 -0.06868139181111532
v -0.01368576679326372 -0.5198430145946584 0.05998360604811692
v -0.22002475354768114 -0.5144319857326589 0.05998360604811692
v -0.22058375570870714 -0.5132580126491628 -0.06868139181111532
v -0.32088674995995836 -0.40067801129494535 0.05998360604811692
v -0.314065773225797 -0.40194401394997464 -0.09939539704297262
v -0.3440967390308507 -0.27057501923714505 0.05998360604811692
v -0.314065773225797 -0.40194401394997464 -0.09939539704297262
v -0.32088674995995836 -0.40067801129494535 0.05998360604811692
v -0.22058375570870714 -0.5132580126491628 -0.06868139181111532
v -0.02928276751138048 -0.513987990733727 -0.13045639071438986
v -0.01368576679326372 -0.5198430145946584 0.05998360604811692
v -0.01368576679326372 -0.5198430145946584 0.05998360604811692
v 0.1626612355937831 -0.5153280223575674 -0.12979139659379202
v 0.1626612355937831 -0.5198430145946584 0.05998360604811692
v 0.1626612355937831 -0.5153280223575674 -0.12979139659379202
v -0.01368576679326372 -0.5198430145946584 0.05998360604811692
v -0.02928276751138048 -0.513987990733727 -0.13045639071438986
v 0.1626612355937831 -0.5153280223575674 -0.12979139659379202
v 0.3390082379808299 -0.5198430145946584 0.05998360604811692
v 0.1626612355937831 -0.5198430145946584 0.05998360604811692
v -0.314065773225797 -0.40194401394997464 -0.09939539704297262
v -0.3440967390308507 -0.27057501923714505 0.05998360604811692
v -0.33762975428201036 -0.27026301872406827 -0.10771239075635153
v -0.22058375570870714 -0.5132580126491628 -0.06868139181111532
v -0.0760937670240529 -0.40274003398095 -0.17676438662980276
v -0.02928276751138048 -0.513987990733727 -0.13045639071438986
v -0.0760937670240529 -0.40274003398095 -0.17676438662980276
v -0.22058375570870714 -0.5132580126491628 -0.06868139181111532
v -0.314065773225797 -0.40194401394997464 -0.09939539704297262
v -0.02928276751138048 -0.513987990733727 -0.13045639071438986
v 0.1626612355937831 -0.4026019896236502 -0.1784083870408364
v 0.1626612355937831 -0.5153280223575674 -0.12979139659379202
v 0.1626612355937831 -0.4026019896236502 -0.1784083870408364
v -0.02928276751138048 -0.513987990733727 -0.13045639071438986
v -0.0760937670240529 -0.40274003398095 -0.17676438662980276
v 0.1626612355937831 -0.5153280223575674 -0.12979139659379202
v 0.35460523869894667 -0.513987990733727 -0.13045639071438986
v 0.3390082379808299 -0.5198430145946584 0.05998360604811692
v 0.1626612355937831 -0.4026019896236502 -0.1784083870408364
v 0.35460523869894667 -0.513987990733727 -0.13045639071438986
v 0.1626612355937831 -0.5153280223575674 -0.12979139659379202
v 0.5459062268962733 -0.5132580126491628 -0.06868139181111532
v 0.3390082379808299 -0.5198430145946584 0.05998360604811692
v 0.35460523869894667 -0.513987990733727 -0.13045639071438986
v 0.3390082379808299 -0.5198430145946584 0.05998360604811692
v 0.5459062268962733 -0.5132580126491628 -0.06868139181111532
v 0.5453472247352473 -0.5144319857326589 0.05998360604811692
v 0.5459062268962733 -0.5132580126491628 -0.06868139181111532
v 0.6462092211475245 -0.40067801129494535 0.05998360604811692
v 0.5453472247352473 -0.5144319857326589 0.05998360604811692
v 0.4014162382116191 -0.40274003398095 -0.17676438662980276
v 0.5459062268962733 -0.5132580126491628 -0.06868139181111532
v 0.35460523869894667 -0.513987990733727 -0.13045639071438986
v 0.35460523869894667 -0.513987990733727 -0.13045639071438986
v 0.1626612355937831 -0.4026019896236502 -0.1784083870408364
v 0.4014162382116191 -0.40274003398095 -0.17676438662980276
v 0.6462092211475245 -0.40067801129494535 0.05998360604811692
v 0.5459062268962733 -0.5132580126491628 -0.06868139181111532
v 0.6393882444133632 -0.40194401394997464 -0.09939539704297262
v 0.6393882444133632 -0.40194401394997464 -0.09939539704297262
v 0.5459062268962733 -0.5132580126491628 -0.06868139181111532
v 0.4014162382116191 -0.40274003398095 -0.17676438662980276
v 0.6393882444133632 -0.40194401394997464 -0.09939539704297262
v 0.6694192102184169 -0.27057501923714505 0.05998360604811692
v 0.6462092211475245 -0.40067801129494535 0.05998360604811692
v 0.6694192102184169 -0.27057501923714505 0.05998360604811692
v 0.6393882444133632 -0.40194401394997464 -0.09939539704297262
v 0.6629522254695766 -0.27026301872406827 -0.10771239075635153
v 0.6629522254695766 -0.27026301872406827 -0.10771239075635153
v 0.6024542262782924 -0.12685099494133817 -0.0861014005896874
v 0.6694192102184169 -0.27057501923714505 0.05998360604811692
v 0.6629522254695766 -0.27026301872406827 -0.10771239075635153
v 0.6393882444133632 -0.40194401394997464 -0.09939539704297262
v 0.4136322250594966 -0.2700659955707632 -0.188923391437275
v 0.4136322250594966 -0.2700659955707632 -0.188923391437275
v 0.6024542262782924 -0.12685099494133817 -0.0861014005896874
v 0.6629522254695766 -0.27026301872406827 -0.10771239075635153
v 0.4136322250594966 -0.2700659955707632 -0.188923391437275
v 0.6393882444133632 -0.40194401394997464 -0.09939539704297262
v 0.4014162382116191 -0.40274003398095 -0.17676438662980276
v 0.6473362257709376 0.05971899378623141 0.05998360604811692
v 0.6024542262782924 -0.12685099494133817 0.20606860246683878
v 0.6076572349300258 -0.12716999900017606 0.05998360604811692
v 0.6024542262782924 -0.12685099494133817 0.20606860246683878
v 0.6473362257709376 0.05971899378623141 0.05998360604811692
v 0.6445122471084468 0.059755993369475735 0.22446560587908548
v 0.6024542262782924 -0.12685099494133817 -0.0861014005896874
v 0.6473362257709376 0.05971899378623141 0.05998360604811692
v 0.6076572349300258 -0.12716999900017606 0.05998360604811692
v 0.6024542262782924 -0.12685099494133817 0.20606860246683878
v 0.6694192102184169 -0.27057501923714505 0.05998360604811692
v 0.6076572349300258 -0.12716999900017606 0.05998360604811692
v 0.6024542262782924 -0.12685099494133817 -0.0861014005896874
v 0.6076572349300258 -0.12716999900017606 0.05998360604811692
v 0.6694192102184169 -0.27057501923714505 0.05998360604811692
v 0.6694192102184169 -0.27057501923714505 0.05998360604811692
v 0.6024542262782924 -0.12685099494133817 0.20606860246683878
v 0.6629522254695766 -0.27026301872406827 0.2276796075346641
v 0.6024542262782924 -0.12685099494133817 0.20606860246683878
v 0.6445122471084468 0.059755993369475735 0.22446560587908548
v 0.40716723706625624 0.05978499102915896 0.30279460277582926
v 0.4136322250594966 -0.2700659955707632 0.30889060821558756
v 0.6629522254695766 -0.27026301872406827 0.2276796075346641
v 0.6024542262782924 -0.12685099494133817 0.20606860246683878
v 0.6473362257709376 0.05971899378623141 0.05998360604811692
v 0.5788592210044734 0.2359209929737009 0.20442360367800516
v 0.6445122471084468 0.059755993369475735 0.22446560587908548
v 0.6445122471084468 0.059755993369475735 0.22446560587908548
v 0.5788592210044734 0.2359209929737009 0.20442360367800516
v 0.40716723706625624 0.05978499102915896 0.30279460277582926
v 0.6445122471084468 0.059755993369475735 -0.10449838910077291
v 0.6473362257709376 0.05971899378623141 0.05998360604811692
v 0.6024542262782924 -0.12685099494133817 -0.0861014005896874
v 0.5788592210044734 0.2359209929737009 -0.08445638689969259
v 0.6473362257709376 0.05971899378623141 0.05998360604811692
v 0.6445122471084468 0.059755993369475735 -0.10449838910077291
v 0.6473362257709376 0.05971899378623141 0.05998360604811692
v 0.5788592210044734 0.2359209929737009 -0.08445638689969259
v 0.576982240938174 0.23587698984469546 0.05998360604811692
v 0.5788592210044734 0.2359209929737009 0.20442360367800516
v 0.6473362257709376 0.05971899378623141 0.05998360604811692
v 0.576982240938174 0.23587698984469546 0.05998360604811692
v 0.40716723706625624 0.05978499102915896 -0.18282740089867788
v 0.5788592210044734 0.2359209929737009 -0.08445638689969259
v 0.6445122471084468 0.059755993369475735 -0.10449838910077291
v 0.6024542262782924 -0.12685099494133817 -0.0861014005896874
v 0.40716723706625624 0.05978499102915896 -0.18282740089867788
v 0.6445122471084468 0.059755993369475735 -0.10449838910077291
v 0.5788592210044734 0.2359209929737009 -0.08445638689969259
v 0.5946242323150508 0.4238339935573496 0.05998360604811692
v 0.576982240938174 0.23587698984469546 0.05998360604811692
v 0.5946242323150508 0.4238339935573496 0.05998360604811692
v 0.5788592210044734 0.2359209929737009 0.20442360367800516
v 0.576982240938174 0.23587698984469546 0.05998360604811692
v 0.5946242323150508 0.4238339935573496 0.05998360604811692
v 0.5788592210044734 0.2359209929737009 -0.08445638689969259
v 0.5958512237300746 0.4238879953655161 -0.09452338788483816
v 0.5788592210044734 0.2359209929737009 0.20442360367800516
v 0.5946242323150508 0.4238339935573496 0.05998360604811692
v 0.5958512237300746 0.4238879953655161 0.21449060466315073
v 0.38650723900698347 0.42393800366248263 -0.1631244001147576
v 0.5958512237300746 0.4238879953655161 -0.09452338788483816
v 0.5788592210044734 0.2359209929737009 -0.08445638689969259
v 0.5572822501888148 0.5143980060848155 -0.08163538846944052
v 0.5946242323150508 0.4238339935573496 0.05998360604811692
v 0.5958512237300746 0.4238879953655161 -0.09452338788483816
v 0.38650723900698347 0.42393800366248263 -0.1631244001147576
v 0.5572822501888148 0.5143980060848155 -0.08163538846944052
v 0.5958512237300746 0.4238879953655161 -0.09452338788483816
v 0.5946242323150508 0.4238339935573496 0.05998360604811692
v 0.5572822501888148 0.5143980060848155 0.20160260524775309
v 0.5958512237300746 0.4238879953655161 0.21449060466315073
v 0.38650723900698347 0.42393800366248263 0.28309160199190897
v 0.5788592210044734 0.2359209929737009 0.20442360367800516
v 0.5958512237300746 0.4238879953655161 0.21449060466315073
v 0.38650723900698347 0.42393800366248263 0.28309160199190897
v 0.5958512237300746 0.4238879953655161 0.21449060466315073
v 0.5572822501888148 0.5143980060848155 0.20160260524775309
v 0.5572822501888148 0.5143980060848155 0.20160260524775309
v 0.5946242323150508 0.4238339935573496 0.05998360604811692
v 0.5562752297153346 0.5142089997562327 0.05998360604811692
v 0.5946242323150508 0.4238339935573496 0.05998360604811692
v 0.5572822501888148 0.5143980060848155 -0.08163538846944052
v 0.5562752297153346 0.5142089997562327 0.05998360604811692
v 0.5562752297153346 0.5142089997562327 0.05998360604811692
v 0.4656162371864192 0.5915829812320628 0.1689686077478103
v 0.5572822501888148 0.5143980060848155 0.20160260524775309
v 0.38650723900698347 0.42393800366248263 -0.1631244001147576
v 0.5788592210044734 0.2359209929737009 -0.08445638689969259
v 0.3754222353925578 0.23594999063338412 -0.15158839795563894
v 0.5788592210044734 0.2359209929737009 -0.08445638689969259
v 0.40716723706625624 0.05978499102915896 -0.18282740089867788
v 0.3754222353925578 0.23594999063338412 -0.15158839795563894
v 0.4656162371864192 0.5915829812320628 -0.04900139096949774
v 0.5562752297153346 0.5142089997562327 0.05998360604811692
v 0.5572822501888148 0.5143980060848155 -0.08163538846944052
v 0.5572822501888148 0.5143980060848155 -0.08163538846944052
v 0.38650723900698347 0.42393800366248263 -0.1631244001147576
v 0.3668362310161464 0.5145480011733927 -0.14363839004014212
v 0.3668362310161464 0.5145480011733927 -0.14363839004014212
v 0.4656162371864192 0.5915829812320628 -0.04900139096949774
v 0.5572822501888148 0.5143980060848155 -0.08163538846944052
v 0.5562752297153346 0.5142089997562327 0.05998360604811692
v 0.4656162371864192 0.5915829812320628 -0.04900139096949774
v 0.4656162371864192 0.5915829812320628 0.05998360604811692
v 0.4656162371864192 0.5915829812320628 0.1689686077478103
v 0.5562752297153346 0.5142089997562327 0.05998360604811692
v 0.4656162371864192 0.5915829812320628 0.05998360604811692
v 0.4656162371864192 0.5915829812320628 -0.04900139096949774
v 0.3668362310161464 0.5145480011733927 -0.14363839004014212
v 0.3193992337217204 0.5915999983581461 -0.09637140009377676
v 0.5572822501888148 0.5143980060848155 0.20160260524775309
v 0.4656162371864192 0.5915829812320628 0.1689686077478103
v 0.3668362310161464 0.5145480011733927 0.2636056068184547
v 0.38650723900698347 0.42393800366248263 0.28309160199190897
v 0.5572822501888148 0.5143980060848155 0.20160260524775309
v 0.3668362310161464 0.5145480011733927 0.2636056068184547
v -0.08184476587869005 0.05978499102915896 0.30279460277582926
v -0.2771317550907262 -0.12685099494133817 0.20606860246683878
v -0.05901176128484087 -0.11491000902329312 0.2796956124546699
v -0.2771317550907262 -0.12685099494133817 0.20606860246683878
v -0.08184476587869005 0.05978499102915896 0.30279460277582926
v -0.3191897759208806 0.059755993369475735 0.22446560587908548
v -0.08184476587869005 0.05978499102915896 0.30279460277582926
v -0.2535367498169072 0.2359209929737009 0.20442360367800516
v -0.3191897759208806 0.059755993369475735 0.22446560587908548
v -0.32201375458337145 0.05971899378623141 0.05998360604811692
v -0.2771317550907262 -0.12685099494133817 0.20606860246683878
v -0.3191897759208806 0.059755993369475735 0.22446560587908548
v -0.32201375458337145 0.05971899378623141 0.05998360604811692
v -0.3191897759208806 0.059755993369475735 0.22446560587908548
v -0.2535367498169072 0.2359209929737009 0.20442360367800516
v -0.32201375458337145 0.05971899378623141 0.05998360604811692
v -0.2823347637424596 -0.12716999900017606 0.05998360604811692
v -0.2771317550907262 -0.12685099494133817 0.20606860246683878
v -0.3440967390308507 -0.27057501923714505 0.05998360604811692
v -0.2771317550907262 -0.12685099494133817 0.20606860246683878
v -0.2823347637424596 -0.12716999900017606 0.05998360604811692
v -0.2771317550907262 -0.12685099494133817 -0.0861014005896874
v -0.3440967390308507 -0.27057501923714505 0.05998360604811692
v -0.2823347637424596 -0.12716999900017606 0.05998360604811692
v -0.32201375458337145 0.05971899378623141 0.05998360604811692
v -0.2771317550907262 -0.12685099494133817 -0.0861014005896874
v -0.2823347637424596 -0.12716999900017606 0.05998360604811692
v -0.3440967390308507 -0.27057501923714505 0.05998360604811692
v -0.2771317550907262 -0.12685099494133817 -0.0861014005896874
v -0.33762975428201036 -0.27026301872406827 -0.10771239075635153
v -0.2516597697506078 0.23587698984469546 0.05998360604811692
v -0.32201375458337145 0.05971899378623141 0.05998360604811692
v -0.2535367498169072 0.2359209929737009 0.20442360367800516
v -0.2771317550907262 -0.12685099494133817 -0.0861014005896874
v -0.08830975387193041 -0.2700659955707632 -0.188923391437275
v -0.33762975428201036 -0.27026301872406827 -0.10771239075635153
v -0.2535367498169072 0.2359209929737009 0.20442360367800516
v -0.2693017611274846 0.4238339935573496 0.05998360604811692
v -0.2516597697506078 0.23587698984469546 0.05998360604811692
v -0.05747776124574022 -0.12664300453339444 -0.1581763950345345
v -0.08830975387193041 -0.2700659955707632 -0.188923391437275
v -0.2771317550907262 -0.12685099494133817 -0.0861014005896874
v 0.007805239223467542 -0.14256900798951017 -0.16206638786767202
v -0.08830975387193041 -0.2700659955707632 -0.188923391437275
v -0.05747776124574022 -0.12664300453339444 -0.1581763950345345
v -0.05747776124574022 -0.12664300453339444 -0.1581763950345345
v -0.006409768200887012 -0.12667501222763883 -0.15854539248917776
v 0.007805239223467542 -0.14256900798951017 -0.16206638786767202
v -0.05747776124574022 -0.12664300453339444 -0.1581763950345345
v -0.03834376130200701 -0.09096600365315305 -0.16304239902470785
v -0.006409768200887012 -0.12667501222763883 -0.15854539248917776
v -0.05386676285363512 -0.034328999635323154 -0.17048038814042288
v -0.03834376130200701 -0.09096600365315305 -0.16304239902470785
v -0.05747776124574022 -0.12664300453339444 -0.1581763950345345
v -0.05747776124574022 -0.12664300453339444 -0.1581763950345345
v -0.08184476587869005 0.05978499102915896 -0.18282740089867788
v -0.05386676285363512 -0.034328999635323154 -0.17048038814042288
v -0.2771317550907262 -0.12685099494133817 -0.0861014005896874
v -0.08184476587869005 0.05978499102915896 -0.18282740089867788
v -0.05747776124574022 -0.12664300453339444 -0.1581763950345345
v -0.08184476587869005 0.05978499102915896 -0.18282740089867788
v -0.05051076803304033 0.02188899863089694 -0.1779803958890267
v -0.05386676285363512 -0.034328999635323154 -0.17048038814042288
v -0.08184476587869005 0.05978499102915896 -0.18282740089867788
v -0.032746765948308276 0.059783992651358975 -0.18313239786599356
v -0.05051076803304033 0.02188899863089694 -0.1779803958890267
v -0.032746765948308276 0.059783992651358975 -0.18313239786599356
v -0.08184476587869005 0.05978499102915896 -0.18282740089867788
v -0.025337759591115283 0.07558899122800006 -0.18030739102338034
v -0.08184476587869005 0.05978499102915896 -0.18282740089867788
v -0.2771317550907262 -0.12685099494133817 -0.0861014005896874
v -0.3191897759208806 0.059755993369475735 -0.10449838910077291
v -0.2771317550907262 -0.12685099494133817 -0.0861014005896874
v -0.32201375458337145 0.05971899378623141 0.05998360604811692
v -0.3191897759208806 0.059755993369475735 -0.10449838910077291
v -0.32201375458337145 0.05971899378623141 0.05998360604811692
v -0.2535367498169072 0.2359209929737009 -0.08445638689969259
v -0.3191897759208806 0.059755993369475735 -0.10449838910077291
v -0.08184476587869005 0.05978499102915896 -0.18282740089867788
v -0.3191897759208806 0.059755993369475735 -0.10449838910077291
v -0.2535367498169072 0.2359209929737009 -0.08445638689969259
v -0.2535367498169072 0.2359209929737009 -0.08445638689969259
v -0.32201375458337145 0.05971899378623141 0.05998360604811692
v -0.2516597697506078 0.23587698984469546 0.05998360604811692
v -0.050099764204991626 0.23594999063338412 -0.15158839795563894
v -0.025337759591115283 0.07558899122800006 -0.18030739102338034
v -0.08184476587869005 0.05978499102915896 -0.18282740089867788
v -0.2535367498169072 0.2359209929737009 -0.08445638689969259
v -0.050099764204991626 0.23594999063338412 -0.15158839795563894
v -0.08184476587869005 0.05978499102915896 -0.18282740089867788
v -0.050099764204991626 0.23594999063338412 -0.15158839795563894
v 0.023747231625544263 0.11334699142302646 -0.17375240001652914
v -0.025337759591115283 0.07558899122800006 -0.18030739102338034
v -0.2535367498169072 0.2359209929737009 -0.08445638689969259
v -0.2516597697506078 0.23587698984469546 0.05998360604811692
v -0.2693017611274846 0.4238339935573496 0.05998360604811692
v -0.2705287525425084 0.4238879953655161 -0.09452338788483816
v -0.2535367498169072 0.2359209929737009 -0.08445638689969259
v -0.2693017611274846 0.4238339935573496 0.05998360604811692
v -0.061184767819417285 0.42393800366248263 -0.1631244001147576
v -0.2535367498169072 0.2359209929737009 -0.08445638689969259
v -0.2705287525425084 0.4238879953655161 -0.09452338788483816
v -0.2535367498169072 0.2359209929737009 -0.08445638689969259
v -0.061184767819417285 0.42393800366248263 -0.1631244001147576
v -0.050099764204991626 0.23594999063338412 -0.15158839795563894
v -0.2693017611274846 0.4238339935573496 0.05998360604811692
v -0.23195977900124864 0.5143980060848155 -0.08163538846944052
v -0.2705287525425084 0.4238879953655161 -0.09452338788483816
v -0.061184767819417285 0.42393800366248263 -0.1631244001147576
v -0.2705287525425084 0.4238879953655161 -0.09452338788483816
v -0.23195977900124864 0.5143980060848155 -0.08163538846944052
v -0.23195977900124864 0.5143980060848155 -0.08163538846944052
v -0.2693017611274846 0.4238339935573496 0.05998360604811692
v -0.23095275852776842 0.5142089997562327 0.05998360604811692
v -0.23095275852776842 0.5142089997562327 0.05998360604811692
v -0.2693017611274846 0.4238339935573496 0.05998360604811692
v -0.23195977900124864 0.5143980060848155 0.20160260524775309
v -0.23095275852776842 0.5142089997562327 0.05998360604811692
v -0.23195977900124864 0.5143980060848155 0.20160260524775309
v -0.14029376599885302 0.5915829812320628 0.1689686077478103
v -0.23095275852776842 0.5142089997562327 0.05998360604811692
v -0.14029376599885302 0.5915829812320628 -0.04900139096949774
v -0.23195977900124864 0.5143980060848155 -0.08163538846944052
v -0.23195977900124864 0.5143980060848155 -0.08163538846944052
v -0.04151375982858019 0.5145480011733927 -0.14363839004014212
v -0.061184767819417285 0.42393800366248263 -0.1631244001147576
v 0.14310623500548525 0.4239339803489603 -0.16332939538930136
v -0.061184767819417285 0.42393800366248263 -0.1631244001147576
v -0.04151375982858019 0.5145480011733927 -0.14363839004014212
v -0.061184767819417285 0.42393800366248263 -0.1631244001147576
v 0.14310623500548525 0.4239339803489603 -0.16332939538930136
v 0.13328023608826323 0.4146539841922678 -0.16277139160607534
v -0.14029376599885302 0.5915829812320628 0.05998360604811692
v -0.23095275852776842 0.5142089997562327 0.05998360604811692
v -0.14029376599885302 0.5915829812320628 0.1689686077478103
v -0.14029376599885302 0.5915829812320628 -0.04900139096949774
v -0.23095275852776842 0.5142089997562327 0.05998360604811692
v -0.14029376599885302 0.5915829812320628 0.05998360604811692
v -0.14029376599885302 0.5915829812320628 0.05998360604811692
v -0.14029376599885302 0.5915829812320628 0.1689686077478103
v -0.02537376079655962 0.6255049978526988 0.13538360323931498
v -0.14029376599885302 0.5915829812320628 0.05998360604811692
v -0.02537376079655962 0.6255049978526988 -0.015416393911583004
v -0.14029376599885302 0.5915829812320628 -0.04900139096949774
v -0.02537376079655962 0.6255049978526988 0.05998360604811692
v -0.14029376599885302 0.5915829812320628 0.05998360604811692
v -0.02537376079655962 0.6255049978526988 0.13538360323931498
v -0.02537376079655962 0.6255049978526988 -0.015416393911583004
v -0.14029376599885302 0.5915829812320628 0.05998360604811692
v -0.02537376079655962 0.6255049978526988 0.05998360604811692
v 0.1283272353937499 0.3980479960473932 -0.16178439829323965
v -0.061184767819417285 0.42393800366248263 -0.1631244001147576
v 0.13328023608826323 0.4146539841922678 -0.16277139160607534
v -0.02537376079655962 0.6255049978526988 -0.015416393911583004
v -0.02537376079655962 0.6255049978526988 0.05998360604811692
v -0.0424367675552495 0.6737299834522166 0.05998360604811692
v -0.02537376079655962 0.6255049978526988 0.13538360323931498
v -0.0424367675552495 0.6737299834522166 0.05998360604811692
v -0.02537376079655962 0.6255049978526988 0.05998360604811692
v 0.1283272353937499 0.3980479960473932 -0.16178439829323965
v 0.1283272353937499 0.3427729879650034 -0.15849238905881124
v 0.1079732364048831 0.34012099850501193 -0.15827238831494528
v 0.06572823580406828 0.3318669919999994 -0.15765239570115286
v 0.1283272353937499 0.3980479960473932 -0.16178439829323965
v 0.1079732364048831 0.34012099850501193 -0.15827238831494528
v -0.061184767819417285 0.42393800366248263 -0.1631244001147576
v 0.1283272353937499 0.3980479960473932 -0.16178439829323965
v 0.06572823580406828 0.3318669919999994 -0.15765239570115286
v -0.061184767819417285 0.42393800366248263 -0.1631244001147576
v 0.06572823580406828 0.3318669919999994 -0.15765239570115286
v 0.030524235033022595 0.3199699943097986 -0.1568573889491387
v -0.061184767819417285 0.42393800366248263 -0.1631244001147576
v 0.030524235033022595 0.3199699943097986 -0.1568573889491387
v 0.00017623212240858166 0.30564599979247226 -0.15593739125703054
v -0.061184767819417285 0.42393800366248263 -0.1631244001147576
v 0.00017623212240858166 0.30564599979247226 -0.15593739125703054
v -0.013420764542592334 0.29107899713839663 -0.1550243971106835
v -0.050099764204991626 0.23594999063338412 -0.15158839795563894
v -0.061184767819417285 0.42393800366248263 -0.1631244001147576
v -0.013420764542592334 0.29107899713839663 -0.1550243971106835
v -0.050099764204991626 0.23594999063338412 -0.15158839795563894
v -0.013420764542592334 0.29107899713839663 -0.1550243971106835
v -0.01609076950646715 0.2721409921678461 -0.15385739777062613
v -0.01609076950646715 0.2721409921678461 -0.15385739777062613
v -0.006864760256779956 0.25077599037017 -0.1526023921725579
v -0.050099764204991626 0.23594999063338412 -0.15158839795563894
v 0.013495232724177075 0.23594598967160357 -0.15178139779542166
v -0.050099764204991626 0.23594999063338412 -0.15158839795563894
v -0.006864760256779956 0.25077599037017 -0.1526023921725579
v 0.013495232724177075 0.23594598967160357 -0.15178139779542166
v 0.023747231625544263 0.11334699142302646 -0.17375240001652914
v -0.050099764204991626 0.23594999063338412 -0.15158839795563894
v 0.023747231625544263 0.11334699142302646 -0.17375240001652914
v 0.013495232724177075 0.23594598967160357 -0.15178139779542166
v 0.031980242394434644 0.23086799431170596 -0.1527403918263741
v 0.031980242394434644 0.23086799431170596 -0.1527403918263741
v 0.08206223305367155 0.1326459937873043 -0.17060838911507803
v 0.023747231625544263 0.11334699142302646 -0.17375240001652914
v 0.08206223305367155 0.1326459937873043 -0.17060838911507803
v 0.031980242394434644 0.23086799431170596 -0.1527403918263741
v 0.055288236402498914 0.23305299628104342 -0.1524224010464974
v 0.0699902361264102 0.23594199616040362 -0.15195238862012106
v 0.08206223305367155 0.1326459937873043 -0.17060838911507803
v 0.055288236402498914 0.23305299628104342 -0.1524224010464974
v 0.08206223305367155 0.1326459937873043 -0.17060838911507803
v 0.0699902361264102 0.23594199616040362 -0.15195238862012106
v 0.1283272353937499 0.23593899357642306 -0.15213039789174276
v 0.08206223305367155 0.1326459937873043 -0.17060838911507803
v 0.1283272353937499 0.23593899357642306 -0.15213039789174276
v 0.1283272353937499 0.136617993298427 -0.1701753911731072
v 0.1283272353937499 0.23593899357642306 -0.15213039789174276
v 0.0699902361264102 0.23594199616040362 -0.15195238862012106
v 0.09729023631714506 0.24130699533547534 -0.15235539052460867
v 0.09729023631714506 0.24130699533547534 -0.15235539052460867
v 0.1283272353937499 0.24591999250973834 -0.15272438797925192
v 0.1283272353937499 0.23593899357642306 -0.15213039789174276
v 0.11520623397134466 0.04580199468459262 -0.18219439957116323
v 0.06737923231028242 -0.05446701001797544 -0.16861239347432333
v 0.07618923839234037 0.03195799637164248 -0.1801084009167977
v 0.06737923231028242 -0.05446701001797544 -0.16861239347432333
v 0.0535342356195323 0.0004929875167764552 -0.17578138682816702
v 0.07618923839234037 0.03195799637164248 -0.1801084009167977
v 0.0535342356195323 0.0004929875167764552 -0.17578138682816702
v 0.06737923231028242 -0.05446701001797544 -0.16861239347432333
v 0.051436234079825116 -0.029294999953850376 -0.17181839320634085
v 0.06737923231028242 -0.05446701001797544 -0.16861239347432333
v 0.11520623397134466 0.04580199468459262 -0.18219439957116323
v 0.11352723445795698 -0.0817360008922659 -0.16535039517853933
v 0.1283272353937499 0.04696899402464999 -0.18244339797471243
v 0.11352723445795698 -0.0817360008922659 -0.16535039517853933
v 0.11520623397134466 0.04580199468459262 -0.18219439957116323
v 0.11352723445795698 -0.0817360008922659 -0.16535039517853933
v 0.1283272353937499 0.04696899402464999 -0.18244339797471243
v 0.1283272353937499 -0.08582200359974729 -0.16491939399216848
v 0.2410662358631961 0.21277699369515551 -0.15611639890645224
v 0.2586872389545314 0.16075499292041434 -0.16541339728806692
v 0.22386523690127058 0.14145599335010423 -0.169134396052105
v 0.2586872389545314 0.16075499292041434 -0.16541339728806692
v 0.2410662358631961 0.21277699369515551 -0.15611639890645224
v 0.26288223620556517 0.18550699326719416 -0.16090140018437582
v 0.20099823530815764 0.14080299280162228 -0.16939538989041525
v 0.2410662358631961 0.21277699369515551 -0.15611639890645224
v 0.22386523690127058 0.14145599335010423 -0.169134396052105
v 0.2410662358631961 0.21277699369515551 -0.15611639890645224
v 0.20099823530815764 0.14080299280162228 -0.16939538989041525
v 0.20498623680375738 0.22997799265708102 -0.1531753865239449
v 0.20498623680375738 0.22997799265708102 -0.1531753865239449
v 0.20099823530815764 0.14080299280162228 -0.16939538989041525
v 0.20099823530815764 0.2308109899195589 -0.15304939720605093
v 0.18821223620377703 0.23593799519862307 0.2721236022951774
v 0.1626612355937831 0.2406489898594774 0.2724806043150596
v 0.1626612355937831 0.2359359909924425 0.2722016098740272
v 0.1626612355937831 0.2406489898594774 0.2724806043150596
v 0.140097236075031 0.23593799519862307 0.2721326025965385
v 0.1626612355937831 0.2359359909924425 0.2722016098740272
v 0.1626612355937831 0.2406489898594774 0.2724806043150596
v 0.18821223620377703 0.23593799519862307 0.2721236022951774
v 0.1879082357516162 0.24591999250973834 0.27273960139776987
v 0.140097236075031 0.23593799519862307 0.2721326025965385
v 0.15140823535673542 0.1397779931458391 0.28966161336924356
v 0.1626612355937831 0.2359359909924425 0.2722016098740272
v 0.11554023604892416 0.2308109899195589 0.2729705991985969
v 0.15140823535673542 0.1397779931458391 0.28966161336924356
v 0.140097236075031 0.23593799519862307 0.2721326025965385
v 0.1626612355937831 0.13881199277515782 0.2899076017382316
v 0.1626612355937831 0.2359359909924425 0.2722016098740272
v 0.15140823535673542 0.1397779931458391 0.28966161336924356
v 0.1626612355937831 0.13881199277515782 0.2899076017382316
v 0.18821223620377703 0.23593799519862307 0.2721236022951774
v 0.1626612355937831 0.2359359909924425 0.2722016098740272
v 0.15140823535673542 0.1397779931458391 0.28966161336924356
v 0.11554023604892416 0.2308109899195589 0.2729705991985969
v 0.11554023604892416 0.14080299280162228 0.28925160791899485
v 0.11155223455332441 0.22997799265708102 0.27310660209681314
v 0.11554023604892416 0.14080299280162228 0.28925160791899485
v 0.11554023604892416 0.2308109899195589 0.2729705991985969
v 0.07547223921917601 0.21277699369515551 0.27605659987952036
v 0.11554023604892416 0.14080299280162228 0.28925160791899485
v 0.11155223455332441 0.22997799265708102 0.27310660209681314
v 0.07547223921917601 0.21277699369515551 0.27605659987952036
v 0.09267323818110151 0.14145599335010423 0.2889905991795234
v 0.11554023604892416 0.14080299280162228 0.28925160791899485
v 0.09267323818110151 0.14145599335010423 0.2889905991795234
v 0.07547223921917601 0.21277699369515551 0.27605659987952036
v 0.0578522345056407 0.16075499292041434 0.2852576049807243
v 0.0578522345056407 0.16075499292041434 0.2852576049807243
v 0.07547223921917601 0.21277699369515551 0.27605659987952036
v 0.05365623887680693 0.18550699326719416 0.28084160115744394
v 0.18821223620377703 0.136617993298427 0.29023059930826944
v 0.18821223620377703 0.23593799519862307 0.2721236022951774
v 0.1626612355937831 0.13881199277515782 0.2899076017382316
v 0.23447623457811995 0.1326459937873043 0.2908146056177787
v 0.18821223620377703 0.23593799519862307 0.2721236022951774
v 0.18821223620377703 0.136617993298427 0.29023059930826944
v 0.23447623457811995 0.1326459937873043 0.2908146056177787
v 0.24655023571156187 0.23594199616040362 0.2719466063025169
v 0.18821223620377703 0.23593799519862307 0.2721236022951774
v 0.18821223620377703 0.23593799519862307 0.2721236022951774
v 0.24655023571156187 0.23594199616040362 0.2719466063025169
v 0.21924823503993673 0.24130699533547534 0.27235960688616556
v 0.18821223620377703 0.23593799519862307 0.2721236022951774
v 0.21924823503993673 0.24130699533547534 0.27235960688616556
v 0.1879082357516162 0.24591999250973834 0.27273960139776987
v 0.4014162382116191 -0.40274003398095 -0.17676438662980276
v 0.19762623664044066 -0.2933480168548666 -0.18821040067647177
v 0.4136322250594966 -0.2700659955707632 -0.188923391437275
v 0.19762623664044066 -0.2933480168548666 -0.18821040067647177
v 0.4014162382116191 -0.40274003398095 -0.17676438662980276
v 0.18531823512219114 -0.30818501364861356 -0.18693039092992025
v 0.1626612355937831 -0.4026019896236502 -0.1784083870408364
v 0.18531823512219114 -0.30818501364861356 -0.18693039092992025
v 0.4014162382116191 -0.40274003398095 -0.17676438662980276
v 0.4136322250594966 -0.2700659955707632 -0.188923391437275
v 0.19762623664044066 -0.2933480168548666 -0.18821040067647177
v 0.20099823530815764 -0.27328500401650296 -0.19003740224812704
v 0.18531823512219114 -0.30818501364861356 -0.18693039092992025
v 0.1626612355937831 -0.4026019896236502 -0.1784083870408364
v 0.16466323570400698 -0.3137490178314291 -0.18656039509747702
v 0.1626612355937831 -0.4026019896236502 -0.1784083870408364
v 0.1626612355937831 -0.31321001302872525 -0.1866243955848046
v 0.16466323570400698 -0.3137490178314291 -0.18656039509747702
v 0.1626612355937831 -0.4026019896236502 -0.1784083870408364
v 0.1440072355797164 -0.30818501364861356 -0.18696239862416464
v 0.1626612355937831 -0.31321001302872525 -0.1866243955848046
v 0.1626612355937831 -0.4026019896236502 -0.1784083870408364
v 0.13169923592411203 -0.2933480168548666 -0.18824339184735495
v 0.1440072355797164 -0.30818501364861356 -0.18696239862416464
v -0.0760937670240529 -0.40274003398095 -0.17676438662980276
v 0.13169923592411203 -0.2933480168548666 -0.18824339184735495
v 0.1626612355937831 -0.4026019896236502 -0.1784083870408364
v 0.4136322250594966 -0.2700659955707632 -0.188923391437275
v 0.20099823530815764 -0.27328500401650296 -0.19003740224812704
v 0.20099823530815764 -0.27009400975380765 -0.19033238563512045
v 0.13169923592411203 -0.2933480168548666 -0.18824339184735495
v -0.0760937670240529 -0.40274003398095 -0.17676438662980276
v -0.08830975387193041 -0.2700659955707632 -0.188923391437275
v -0.314065773225797 -0.40194401394997464 -0.09939539704297262
v -0.08830975387193041 -0.2700659955707632 -0.188923391437275
v -0.0760937670240529 -0.40274003398095 -0.17676438662980276
v -0.08830975387193041 -0.2700659955707632 -0.188923391437275
v 0.1283272353937499 -0.27328500401650296 -0.1900653866288491
v 0.13169923592411203 -0.2933480168548666 -0.18824339184735495
v -0.08830975387193041 -0.2700659955707632 -0.188923391437275
v -0.314065773225797 -0.40194401394997464 -0.09939539704297262
v -0.33762975428201036 -0.27026301872406827 -0.10771239075635153
v -0.08830975387193041 -0.2700659955707632 -0.188923391437275
v 0.1283272353937499 -0.27009499323044645 -0.1903584030625649
v 0.1283272353937499 -0.27328500401650296 -0.1900653866288491
v 0.20099823530815764 -0.27009400975380765 -0.19033238563512045
v 0.20099823530815764 -0.1982330108848654 -0.17486939105961996
v 0.20540623720787687 -0.19878700625573026 -0.17495739731763083
v 0.20099823530815764 -0.27009400975380765 -0.19033238563512045
v 0.20540623720787687 -0.19878700625573026 -0.17495739731763083
v 0.2737902363767497 -0.19543001305733548 -0.17375038835976797
v 0.2737902363767497 -0.19543001305733548 -0.17375038835976797
v 0.4136322250594966 -0.2700659955707632 -0.188923391437275
v 0.20099823530815764 -0.27009400975380765 -0.19033238563512045
v 0.4136322250594966 -0.2700659955707632 -0.188923391437275
v 0.2737902363767497 -0.19543001305733548 -0.17375038835976797
v 0.34091522898577375 -0.18452200543557035 -0.1709433970210381
v 0.37531724181078596 -0.15096000086937772 -0.1634734002110787
v 0.4136322250594966 -0.2700659955707632 -0.188923391437275
v 0.34091522898577375 -0.18452200543557035 -0.1709433970210381
v 0.1283272353937499 -0.18910101306115018 -0.17293139073823172
v 0.1283272353937499 -0.27009499323044645 -0.1903584030625649
v 0.12527423705958052 -0.18871799361382352 -0.17282739553425985
v 0.1283272353937499 -0.27009499323044645 -0.1903584030625649
v 0.0724132319917552 -0.17067799222145902 -0.16857140037987906
v 0.12527423705958052 -0.18871799361382352 -0.17282739553425985
v -0.08830975387193041 -0.2700659955707632 -0.188923391437275
v 0.0724132319917552 -0.17067799222145902 -0.16857140037987906
v 0.1283272353937499 -0.27009499323044645 -0.1903584030625649
v 0.0724132319917552 -0.17067799222145902 -0.16857140037987906
v -0.08830975387193041 -0.2700659955707632 -0.188923391437275
v 0.007805239223467542 -0.14256900798951017 -0.16206638786767202
v 0.3828002324333064 -0.12664300453339444 -0.1581763950345345
v 0.4136322250594966 -0.2700659955707632 -0.188923391437275
v 0.37531724181078596 -0.15096000086937772 -0.1634734002110787
v 0.6024542262782924 -0.12685099494133817 -0.0861014005896874
v 0.4136322250594966 -0.2700659955707632 -0.188923391437275
v 0.3828002324333064 -0.12664300453339444 -0.1581763950345345
v 0.3828002324333064 -0.12664300453339444 -0.1581763950345345
v 0.37531724181078596 -0.15096000086937772 -0.1634734002110787
v 0.37531724181078596 -0.12664801132355558 -0.15823039684270102
v 0.37531724181078596 -0.12664801132355558 -0.15823039684270102
v 0.37531724181078596 -0.11487901460800992 -0.15979840133164602
v 0.3828002324333064 -0.12664300453339444 -0.1581763950345345
v 0.40716723706625624 0.05978499102915896 -0.18282740089867788
v 0.6024542262782924 -0.12685099494133817 -0.0861014005896874
v 0.3828002324333064 -0.12664300453339444 -0.1581763950345345
v 0.40716723706625624 0.05978499102915896 -0.18282740089867788
v 0.3828002324333064 -0.12664300453339444 -0.1581763950345345
v 0.37531724181078596 -0.11487901460800992 -0.15979840133164602
v 0.40716723706625624 0.05978499102915896 -0.18282740089867788
v 0.37531724181078596 -0.11487901460800992 -0.15979840133164602
v 0.35811623539827986 -0.09012700867329465 -0.16322039339516836
v 0.40716723706625624 0.05978499102915896 -0.18282740089867788
v 0.35811623539827986 -0.09012700867329465 -0.16322039339516836
v 0.32413424160383864 -0.0821560050216757 -0.1645294008014031
v 0.32413424160383864 -0.0821560050216757 -0.1645294008014031
v 0.2585852330555789 0.05978299427355899 -0.183751392101986
v 0.40716723706625624 0.05978499102915896 -0.18282740089867788
v 0.2763072362174861 -0.09222500276242124 -0.16353740069840628
v 0.2585852330555789 0.05978299427355899 -0.183751392101986
v 0.32413424160383864 -0.0821560050216757 -0.1645294008014031
v 0.2585852330555789 0.05978299427355899 -0.183751392101986
v 0.2763072362174861 -0.09222500276242124 -0.16353740069840628
v 0.2385492360224597 0.05461299169386996 -0.18319338831875998
v 0.23351423796318693 -0.10481101524506437 -0.16217339310620504
v 0.2385492360224597 0.05461299169386996 -0.18319338831875998
v 0.2763072362174861 -0.09222500276242124 -0.16353740069840628
v 0.2385492360224597 0.05461299169386996 -0.18319338831875998
v 0.23351423796318693 -0.10481101524506437 -0.16217339310620504
v 0.20099823530815764 0.05248699087227954 -0.18314639005635458
v 0.20099823530815764 0.05248699087227954 -0.18314639005635458
v 0.23351423796318693 -0.10481101524506437 -0.16217339310620504
v 0.20099823530815764 -0.10411900531922208 -0.16247639331792074
v 0.40716723706625624 0.05978499102915896 -0.18282740089867788
v 0.2585852330555789 0.05978299427355899 -0.183751392101986
v 0.290571238659846 0.06803799170579089 -0.18205338988278585
v 0.40716723706625624 0.05978499102915896 -0.18282740089867788
v 0.290571238659846 0.06803799170579089 -0.18205338988278585
v 0.332944240235316 0.09153199318374766 -0.17752339217637259
v 0.40716723706625624 0.05978499102915896 -0.18282740089867788
v 0.332944240235316 0.09153199318374766 -0.17752339217637259
v 0.36063323523901625 0.12383599329318179 -0.1715743866917916
v 0.3686052372684352 0.16033499344761742 -0.1650583920237847
v 0.40716723706625624 0.05978499102915896 -0.18282740089867788
v 0.36063323523901625 0.12383599329318179 -0.1715743866917916
v 0.3754222353925578 0.23594999063338412 -0.15158839795563894
v 0.40716723706625624 0.05978499102915896 -0.18282740089867788
v 0.3686052372684352 0.16033499344761742 -0.1650583920237847
v 0.3754222353925578 0.23594999063338412 -0.15158839795563894
v 0.3686052372684352 0.16033499344761742 -0.1650583920237847
v 0.35643823053740187 0.20984099182809962 -0.1562894013879128
v 0.33847723510168715 0.23594799387778415 -0.1517003950831719
v 0.3754222353925578 0.23594999063338412 -0.15158839795563894
v 0.35643823053740187 0.20984099182809962 -0.1562894013879128
v 0.3754222353925578 0.23594999063338412 -0.15158839795563894
v 0.33847723510168715 0.23594799387778415 -0.1517003950831719
v 0.32035824265383406 0.26228199649180545 -0.15337638828728872
v 0.32035824265383406 0.26228199649180545 -0.15337638828728872
v 0.38650723900698347 0.42393800366248263 -0.1631244001147576
v 0.3754222353925578 0.23594999063338412 -0.15158839795563894
v 0.260784234665858 0.3075919871362604 -0.156320395803196
v 0.38650723900698347 0.42393800366248263 -0.1631244001147576
v 0.32035824265383406 0.26228199649180545 -0.15337638828728872
v 0.20099823530815764 0.3980479960473932 -0.16172039780591208
v 0.38650723900698347 0.42393800366248263 -0.1631244001147576
v 0.260784234665858 0.3075919871362604 -0.156320395803196
v 0.20099823530815764 0.3980479960473932 -0.16172039780591208
v 0.260784234665858 0.3075919871362604 -0.156320395803196
v 0.202469236963021 0.3310859923395075 -0.15775339577172476
v 0.20099823530815764 0.3980479960473932 -0.16172039780591208
v 0.202469236963021 0.3310859923395075 -0.15775339577172476
v 0.20099823530815764 0.3313189868959345 -0.15776840124104696
v 0.38650723900698347 0.42393800366248263 -0.1631244001147576
v 0.20099823530815764 0.3980479960473932 -0.16172039780591208
v 0.1960462367167346 0.4146539841922678 -0.16274538907979208
v 0.18622023593686743 0.4239349936279215 -0.1633253869769402
v 0.38650723900698347 0.42393800366248263 -0.1631244001147576
v 0.1960462367167346 0.4146539841922678 -0.16274538907979208
v 0.38650723900698347 0.42393800366248263 -0.1631244001147576
v 0.18622023593686743 0.4239349936279215 -0.1633253869769402
v 0.3668362310161464 0.5145480011733927 -0.14363839004014212
v 0.18622023593686743 0.4239349936279215 -0.1633253869769402
v 0.1626612355937831 0.5145260070594706 -0.14366139743302542
v 0.3668362310161464 0.5145480011733927 -0.14363839004014212
v 0.1626612355937831 0.5145260070594706 -0.14366139743302542
v 0.18622023593686743 0.4239349936279215 -0.1633253869769402
v 0.16466323570400698 0.42951300490225924 -0.16213539514516073
v 0.1626612355937831 0.5145260070594706 -0.14366139743302542
v 0.16466323570400698 0.42951300490225924 -0.16213539514516073
v 0.1626612355937831 0.42903798568572177 -0.16224038872693258
v 0.1626612355937831 0.5145260070594706 -0.14366139743302542
v 0.3193992337217204 0.5915999983581461 -0.09637140009377676
v 0.3668362310161464 0.5145480011733927 -0.14363839004014212
v 0.14310623500548525 0.4239339803489603 -0.16332939538930136
v 0.1626612355937831 0.5145260070594706 -0.14366139743302542
v 0.1626612355937831 0.42903798568572177 -0.16224038872693258
v 0.3193992337217204 0.5915999983581461 -0.09637140009377676
v 0.1626612355937831 0.5145260070594706 -0.14366139743302542
v 0.1626612355937831 0.5915890013011851 -0.0963613865134545
v 0.1626612355937831 0.5145260070594706 -0.14366139743302542
v 0.14310623500548525 0.4239339803489603 -0.16332939538930136
v -0.04151375982858019 0.5145480011733927 -0.14363839004014212
v 0.1626612355937831 0.5915890013011851 -0.0963613865134545
v 0.25993423517845793 0.6255049978526988 -0.048178392386180935
v 0.3193992337217204 0.5915999983581461 -0.09637140009377676
v 0.0059232374658457765 0.5915999983581461 -0.09637140009377676
v 0.1626612355937831 0.5915890013011851 -0.0963613865134545
v 0.1626612355937831 0.5145260070594706 -0.14366139743302542
v 0.1626612355937831 0.5145260070594706 -0.14366139743302542
v -0.04151375982858019 0.5145480011733927 -0.14363839004014212
v 0.0059232374658457765 0.5915999983581461 -0.09637140009377676
v 0.25993423517845793 0.6255049978526988 -0.048178392386180935
v 0.1626612355937831 0.5915890013011851 -0.0963613865134545
v 0.1626612355937831 0.6255049978526988 -0.048178392386180935
v 0.3506962319841258 0.6255049978526988 -0.015416393911583004
v 0.3193992337217204 0.5915999983581461 -0.09637140009377676
v 0.25993423517845793 0.6255049978526988 -0.048178392386180935
v 0.1626612355937831 0.5915890013011851 -0.0963613865134545
v 0.06538823600910826 0.6255049978526988 -0.048178392386180935
v 0.1626612355937831 0.6255049978526988 -0.048178392386180935
v 0.1626612355937831 0.5915890013011851 -0.0963613865134545
v 0.0059232374658457765 0.5915999983581461 -0.09637140009377676
v 0.06538823600910826 0.6255049978526988 -0.048178392386180935
v 0.1626612355937831 0.6737299834522166 -0.06050939384673315
v 0.25993423517845793 0.6255049978526988 -0.048178392386180935
v 0.1626612355937831 0.6255049978526988 -0.048178392386180935
v 0.06538823600910826 0.6255049978526988 -0.048178392386180935
v 0.1626612355937831 0.6737299834522166 -0.06050939384673315
v 0.1626612355937831 0.6255049978526988 -0.048178392386180935
v 0.2687602376570575 0.6737299834522166 -0.06050939384673315
v 0.3506962319841258 0.6255049978526988 -0.015416393911583004
v 0.25993423517845793 0.6255049978526988 -0.048178392386180935
v 0.1626612355937831 0.6737299834522166 -0.06050939384673315
v 0.2687602376570575 0.6737299834522166 -0.06050939384673315
v 0.25993423517845793 0.6255049978526988 -0.048178392386180935
v 0.1626612355937831 0.6737299834522166 -0.06050939384673315
v 0.06538823600910826 0.6255049978526988 -0.048178392386180935
v 0.05656223353050871 0.6737299834522166 -0.06050939384673315
v 0.1626612355937831 0.7263800178798594 -0.0759054002520867
v 0.2687602376570575 0.6737299834522166 -0.06050939384673315
v 0.1626612355937831 0.6737299834522166 -0.06050939384673315
v 0.05656223353050871 0.6737299834522166 -0.06050939384673315
v 0.1626612355937831 0.7263800178798594 -0.0759054002520867
v 0.1626612355937831 0.6737299834522166 -0.06050939384673315
v -0.02537376079655962 0.6255049978526988 -0.015416393911583004
v 0.05656223353050871 0.6737299834522166 -0.06050939384673315
v 0.06538823600910826 0.6255049978526988 -0.048178392386180935
v 0.0059232374658457765 0.5915999983581461 -0.09637140009377676
v -0.02537376079655962 0.6255049978526988 -0.015416393911583004
v 0.06538823600910826 0.6255049978526988 -0.048178392386180935
v 0.1626612355937831 0.7263800178798594 -0.0759054002520867
v 0.05656223353050871 0.6737299834522166 -0.06050939384673315
v 0.04300523903273268 0.7263800178798594 -0.0759054002520867
v -0.14029376599885302 0.5915829812320628 -0.04900139096949774
v 0.0059232374658457765 0.5915999983581461 -0.09637140009377676
v -0.04151375982858019 0.5145480011733927 -0.14363839004014212
v 0.0059232374658457765 0.5915999983581461 -0.09637140009377676
v -0.14029376599885302 0.5915829812320628 -0.04900139096949774
v -0.02537376079655962 0.6255049978526988 -0.015416393911583004
v -0.04151375982858019 0.5145480011733927 -0.14363839004014212
v -0.23195977900124864 0.5143980060848155 -0.08163538846944052
v -0.14029376599885302 0.5915829812320628 -0.04900139096949774
v 0.04300523903273268 0.7263800178798594 -0.0759054002520867
v 0.1626612355937831 0.7538500105174937 -0.10288138959382254
v 0.1626612355937831 0.7263800178798594 -0.0759054002520867
v 0.1626612355937831 0.7538500105174937 -0.10288138959382254
v 0.04300523903273268 0.7263800178798594 -0.0759054002520867
v -0.006938759423268603 0.8019219909938731 -0.13262439045880514
v 0.1626612355937831 0.7538500105174937 -0.10288138959382254
v 0.2823172321548335 0.7263800178798594 -0.0759054002520867
v 0.1626612355937831 0.7263800178798594 -0.0759054002520867
v 0.1626612355937831 0.7263800178798594 -0.0759054002520867
v 0.2823172321548335 0.7263800178798594 -0.0759054002520867
v 0.2687602376570575 0.6737299834522166 -0.06050939384673315
v 0.1626612355937831 0.7538500105174937 -0.10288138959382254
v 0.3322612306108348 0.8019219909938731 -0.13262439045880514
v 0.2823172321548335 0.7263800178798594 -0.0759054002520867
v 0.3677592387428157 0.6737299834522166 -0.024012396967155514
v 0.2687602376570575 0.6737299834522166 -0.06050939384673315
v 0.2823172321548335 0.7263800178798594 -0.0759054002520867
v 0.2687602376570575 0.6737299834522166 -0.06050939384673315
v 0.3677592387428157 0.6737299834522166 -0.024012396967155514
v 0.3506962319841258 0.6255049978526988 -0.015416393911583004
v 0.3939662387599818 0.7263800178798594 -0.03474439207289892
v 0.2823172321548335 0.7263800178798594 -0.0759054002520867
v 0.3322612306108348 0.8019219909938731 -0.13262439045880514
v 0.2823172321548335 0.7263800178798594 -0.0759054002520867
v 0.3939662387599818 0.7263800178798594 -0.03474439207289892
v 0.3677592387428157 0.6737299834522166 -0.024012396967155514
v 0.3322612306108348 0.8019219909938731 -0.13262439045880514
v 0.43988422658346815 0.7538500105174937 -0.05355039510701376
v 0.3939662387599818 0.7263800178798594 -0.03474439207289892
v 0.4750972500076167 0.7911389743122019 0.05998360604811692
v 0.3939662387599818 0.7263800178798594 -0.03474439207289892
v 0.43988422658346815 0.7538500105174937 -0.05355039510701376
v 0.3939662387599818 0.7263800178798594 0.05998360604811692
v 0.3677592387428157 0.6737299834522166 -0.024012396967155514
v 0.3939662387599818 0.7263800178798594 -0.03474439207289892
v 0.3939662387599818 0.7263800178798594 -0.03474439207289892
v 0.4750972500076167 0.7911389743122019 0.05998360604811692
v 0.3939662387599818 0.7263800178798594 0.05998360604811692
v 0.3677592387428157 0.6737299834522166 0.05998360604811692
v 0.3506962319841258 0.6255049978526988 -0.015416393911583004
v 0.3677592387428157 0.6737299834522166 -0.024012396967155514
v 0.3677592387428157 0.6737299834522166 -0.024012396967155514
v 0.3939662387599818 0.7263800178798594 0.05998360604811692
v 0.3677592387428157 0.6737299834522166 0.05998360604811692
v 0.3506962319841258 0.6255049978526988 -0.015416393911583004
v 0.3677592387428157 0.6737299834522166 0.05998360604811692
v 0.3506962319841258 0.6255049978526988 0.05998360604811692
v 0.3677592387428157 0.6737299834522166 0.05998360604811692
v 0.3506962319841258 0.6255049978526988 0.13538360323931498
v 0.3506962319841258 0.6255049978526988 0.05998360604811692
v 0.3939662387599818 0.7263800178798594 0.05998360604811692
v 0.3677592387428157 0.6737299834522166 0.14397960629488749
v 0.3677592387428157 0.6737299834522166 0.05998360604811692
v 0.3506962319841258 0.6255049978526988 0.13538360323931498
v 0.3677592387428157 0.6737299834522166 0.05998360604811692
v 0.3677592387428157 0.6737299834522166 0.14397960629488749
v 0.4750972500076167 0.7911389743122019 0.05998360604811692
v 0.3939662387599818 0.7263800178798594 0.1547116088512115
v 0.3939662387599818 0.7263800178798594 0.05998360604811692
v 0.3677592387428157 0.6737299834522166 0.14397960629488749
v 0.3939662387599818 0.7263800178798594 0.05998360604811692
v 0.3939662387599818 0.7263800178798594 0.1547116088512115
v 0.4750972500076167 0.7911389743122019 0.05998360604811692
v 0.43988422658346815 0.7538500105174937 0.17351760443474573
v 0.3939662387599818 0.7263800178798594 0.1547116088512115
v 0.3322612306108348 0.8019219909938731 0.2525916072371177
v 0.3939662387599818 0.7263800178798594 0.1547116088512115
v 0.43988422658346815 0.7538500105174937 0.17351760443474573
v 0.3939662387599818 0.7263800178798594 0.1547116088512115
v 0.3322612306108348 0.8019219909938731 0.2525916072371177
v 0.2823172321548335 0.7263800178798594 0.19587260212923807
v 0.2823172321548335 0.7263800178798594 0.19587260212923807
v 0.3677592387428157 0.6737299834522166 0.14397960629488749
v 0.3939662387599818 0.7263800178798594 0.1547116088512115
v 0.1626612355937831 0.7538500105174937 0.2228486063721351
v 0.2823172321548335 0.7263800178798594 0.19587260212923807
v 0.3322612306108348 0.8019219909938731 0.2525916072371177
v 0.2687602376570575 0.6737299834522166 0.18047660317446512
v 0.3506962319841258 0.6255049978526988 0.13538360323931498
v 0.3677592387428157 0.6737299834522166 0.14397960629488749
v 0.3677592387428157 0.6737299834522166 0.14397960629488749
v 0.2823172321548335 0.7263800178798594 0.19587260212923807
v 0.2687602376570575 0.6737299834522166 0.18047660317446512
v 0.2823172321548335 0.7263800178798594 0.19587260212923807
v 0.1626612355937831 0.7538500105174937 0.2228486063721351
v 0.1626612355937831 0.7263800178798594 0.19587260212923807
v 0.1626612355937831 0.7263800178798594 0.19587260212923807
v 0.2687602376570575 0.6737299834522166 0.18047660317446512
v 0.2823172321548335 0.7263800178798594 0.19587260212923807
v 0.04300523903273268 0.7263800178798594 0.19587260212923807
v 0.1626612355937831 0.7263800178798594 0.19587260212923807
v 0.1626612355937831 0.7538500105174937 0.2228486063721351
v 0.04300523903273268 0.7263800178798594 0.19587260212923807
v 0.1626612355937831 0.7538500105174937 0.2228486063721351
v -0.006938759423268603 0.8019219909938731 0.2525916072371177
v 0.3506962319841258 0.6255049978526988 0.13538360323931498
v 0.2687602376570575 0.6737299834522166 0.18047660317446512
v 0.25993423517845793 0.6255049978526988 0.1681456091644935
v 0.25993423517845793 0.6255049978526988 0.1681456091644935
v 0.3193992337217204 0.5915999983581461 0.21633860197092813
v 0.3506962319841258 0.6255049978526988 0.13538360323931498
v 0.2687602376570575 0.6737299834522166 0.18047660317446512
v 0.1626612355937831 0.7263800178798594 0.19587260212923807
v 0.1626612355937831 0.6737299834522166 0.18047660317446512
v 0.1626612355937831 0.6737299834522166 0.18047660317446512
v 0.25993423517845793 0.6255049978526988 0.1681456091644935
v 0.2687602376570575 0.6737299834522166 0.18047660317446512
v 0.25993423517845793 0.6255049978526988 0.1681456091644935
v 0.1626612355937831 0.6737299834522166 0.18047660317446512
v 0.1626612355937831 0.6255049978526988 0.1681456091644935
v 0.1626612355937831 0.5915890013011851 0.21632860329176706
v 0.3193992337217204 0.5915999983581461 0.21633860197092813
v 0.25993423517845793 0.6255049978526988 0.1681456091644935
v 0.25993423517845793 0.6255049978526988 0.1681456091644935
v 0.1626612355937831 0.6255049978526988 0.1681456091644935
v 0.1626612355937831 0.5915890013011851 0.21632860329176706
v 0.1626612355937831 0.5145260070594706 0.2636285993101768
v 0.3193992337217204 0.5915999983581461 0.21633860197092813
v 0.1626612355937831 0.5915890013011851 0.21632860329176706
v 0.05656223353050871 0.6737299834522166 0.18047660317446512
v 0.1626612355937831 0.7263800178798594 0.19587260212923807
v 0.04300523903273268 0.7263800178798594 0.19587260212923807
v 0.05656223353050871 0.6737299834522166 0.18047660317446512
v 0.1626612355937831 0.6737299834522166 0.18047660317446512
v 0.1626612355937831 0.7263800178798594 0.19587260212923807
v 0.06538823600910826 0.6255049978526988 0.1681456091644935
v 0.1626612355937831 0.6255049978526988 0.1681456091644935
v 0.1626612355937831 0.6737299834522166 0.18047660317446512
v 0.06538823600910826 0.6255049978526988 0.1681456091644935
v 0.1626612355937831 0.6737299834522166 0.18047660317446512
v 0.05656223353050871 0.6737299834522166 0.18047660317446512
v 0.06538823600910826 0.6255049978526988 0.1681456091644935
v 0.1626612355937831 0.5915890013011851 0.21632860329176706
v 0.1626612355937831 0.6255049978526988 0.1681456091644935
v 0.0059232374658457765 0.5915999983581461 0.21633860197092813
v 0.1626612355937831 0.5145260070594706 0.2636285993101768
v 0.1626612355937831 0.5915890013011851 0.21632860329176706
v 0.1626612355937831 0.5915890013011851 0.21632860329176706
v 0.06538823600910826 0.6255049978526988 0.1681456091644935
v 0.0059232374658457765 0.5915999983581461 0.21633860197092813
v 0.1626612355937831 0.5145260070594706 0.2636285993101768
v 0.0059232374658457765 0.5915999983581461 0.21633860197092813
v -0.04151375982858019 0.5145480011733927 0.2636056068184547
v 0.13031923379801436 0.4239349936279215 0.2832846018316917
v 0.1626612355937831 0.5145260070594706 0.2636285993101768
v -0.04151375982858019 0.5145480011733927 0.2636056068184547
v -0.02537376079655962 0.6255049978526988 0.13538360323931498
v 0.0059232374658457765 0.5915999983581461 0.21633860197092813
v 0.06538823600910826 0.6255049978526988 0.1681456091644935
v -0.02537376079655962 0.6255049978526988 0.13538360323931498
v 0.06538823600910826 0.6255049978526988 0.1681456091644935
v 0.05656223353050871 0.6737299834522166 0.18047660317446512
v -0.14029376599885302 0.5915829812320628 0.1689686077478103
v -0.04151375982858019 0.5145480011733927 0.2636056068184547
v 0.0059232374658457765 0.5915999983581461 0.21633860197092813
v 0.0059232374658457765 0.5915999983581461 0.21633860197092813
v -0.02537376079655962 0.6255049978526988 0.13538360323931498
v -0.14029376599885302 0.5915829812320628 0.1689686077478103
v 0.13031923379801436 0.4239349936279215 0.2832846018316917
v -0.04151375982858019 0.5145480011733927 0.2636056068184547
v -0.061184767819417285 0.42393800366248263 0.28309160199190897
v 0.13031923379801436 0.4239349936279215 0.2832846018316917
v -0.061184767819417285 0.42393800366248263 0.28309160199190897
v 0.12049323674343748 0.4146539841922678 0.2827255996706657
v -0.061184767819417285 0.42393800366248263 0.28309160199190897
v 0.11554023604892416 0.3980479960473932 0.28173860635783
v 0.12049323674343748 0.4146539841922678 0.2827255996706657
v 0.11554023604892416 0.3980479960473932 0.28173860635783
v 0.1140692343940608 0.3310859923395075 0.27767960455443186
v 0.11554023604892416 0.3313189868959345 0.277697605157154
v 0.11554023604892416 0.3980479960473932 0.28173860635783
v 0.055754232965933515 0.3075919871362604 0.27611261334444803
v 0.1140692343940608 0.3310859923395075 0.27767960455443186
v 0.11554023604892416 0.3980479960473932 0.28173860635783
v -0.061184767819417285 0.42393800366248263 0.28309160199190897
v 0.055754232965933515 0.3075919871362604 0.27611261334444803
v 0.055754232965933515 0.3075919871362604 0.27611261334444803
v -0.061184767819417285 0.42393800366248263 0.28309160199190897
v -0.0038197675714619628 0.26228199649180545 0.27325260367419046
v -0.04151375982858019 0.5145480011733927 0.2636056068184547
v -0.14029376599885302 0.5915829812320628 0.1689686077478103
v -0.23195977900124864 0.5143980060848155 0.20160260524775309
v -0.23195977900124864 0.5143980060848155 0.20160260524775309
v -0.061184767819417285 0.42393800366248263 0.28309160199190897
v -0.04151375982858019 0.5145480011733927 0.2636056068184547
v -0.061184767819417285 0.42393800366248263 0.28309160199190897
v -0.23195977900124864 0.5143980060848155 0.20160260524775309
v -0.2705287525425084 0.4238879953655161 0.21449060466315073
v -0.061184767819417285 0.42393800366248263 0.28309160199190897
v -0.050099764204991626 0.23594999063338412 0.2715555998327903
v -0.0038197675714619628 0.26228199649180545 0.27325260367419046
v -0.050099764204991626 0.23594999063338412 0.2715555998327903
v -0.021937761641515063 0.23594799387778415 0.2716406109574012
v -0.0038197675714619628 0.26228199649180545 0.27325260367419046
v -0.03989977035619097 0.20984099182809962 0.2762306007387809
v -0.021937761641515063 0.23594799387778415 0.2716406109574012
v -0.050099764204991626 0.23594999063338412 0.2715555998327903
v -0.050099764204991626 0.23594999063338412 0.2715555998327903
v -0.05206576380826311 0.16033499344761742 0.284999606275814
v -0.03989977035619097 0.20984099182809962 0.2762306007387809
v -0.050099764204991626 0.23594999063338412 0.2715555998327903
v -0.061184767819417285 0.42393800366248263 0.28309160199190897
v -0.2535367498169072 0.2359209929737009 0.20442360367800516
v -0.2535367498169072 0.2359209929737009 0.20442360367800516
v -0.061184767819417285 0.42393800366248263 0.28309160199190897
v -0.2705287525425084 0.4238879953655161 0.21449060466315073
v -0.050099764204991626 0.23594999063338412 0.2715555998327903
v -0.08184476587869005 0.05978499102915896 0.30279460277582926
v -0.05206576380826311 0.16033499344761742 0.284999606275814
v -0.2535367498169072 0.2359209929737009 0.20442360367800516
v -0.08184476587869005 0.05978499102915896 0.30279460277582926
v -0.050099764204991626 0.23594999063338412 0.2715555998327903
v -0.05206576380826311 0.16033499344761742 0.284999606275814
v -0.08184476587869005 0.05978499102915896 0.30279460277582926
v -0.04409476015664415 0.12383599329318179 0.2915156009438209
v -0.08184476587869005 0.05978499102915896 0.30279460277582926
v -0.016405765152943896 0.09153199318374766 0.29741359975363535
v -0.04409476015664415 0.12383599329318179 0.2915156009438209
v -0.08184476587869005 0.05978499102915896 0.30279460277582926
v 0.025967236422526074 0.06803799170579089 0.3019605996849708
v -0.016405765152943896 0.09153199318374766 0.29741359975363535
v -0.08184476587869005 0.05978499102915896 0.30279460277582926
v 0.05795223619841261 0.05978299427355899 0.30366360869433207
v 0.025967236422526074 0.06803799170579089 0.3019605996849708
v -0.2693017611274846 0.4238339935573496 0.05998360604811692
v -0.2705287525425084 0.4238879953655161 0.21449060466315073
v -0.23195977900124864 0.5143980060848155 0.20160260524775309
v -0.2693017611274846 0.4238339935573496 0.05998360604811692
v -0.2535367498169072 0.2359209929737009 0.20442360367800516
v -0.2705287525425084 0.4238879953655161 0.21449060466315073
v -0.08184476587869005 0.05978499102915896 0.30279460277582926
v -0.00759576652146654 -0.0821560050216757 0.2844326021912269
v 0.05795223619841261 0.05978299427355899 0.30366360869433207
v 0.040231238864886 -0.09222500276242124 0.2834406020882301
v 0.05795223619841261 0.05978299427355899 0.30366360869433207
v -0.00759576652146654 -0.0821560050216757 0.2844326021912269
v 0.05795223619841261 0.05978299427355899 0.30366360869433207
v 0.040231238864886 -0.09222500276242124 0.2834406020882301
v 0.0779892390599124 0.05461199331606997 0.30310760166670603
v 0.08302423711918516 -0.10481101524506437 0.28207660939719004
v 0.0779892390599124 0.05461199331606997 0.30310760166670603
v 0.040231238864886 -0.09222500276242124 0.2834406020882301
v -0.00759576652146654 -0.0821560050216757 0.2844326021912269
v -0.08184476587869005 0.05978499102915896 0.30279460277582926
v -0.041577760315907764 -0.09012700867329465 0.28312360968615335
v -0.08184476587869005 0.05978499102915896 0.30279460277582926
v -0.05901176128484087 -0.11491000902329312 0.2796956124546699
v -0.041577760315907764 -0.09012700867329465 0.28312360968615335
v 0.0779892390599124 0.05461199331606997 0.30310760166670603
v 0.08302423711918516 -0.10481101524506437 0.28207660939719004
v 0.11554023604892416 0.05248699087227954 0.30306060340430063
v 0.11554023604892416 0.05248699087227954 0.30306060340430063
v 0.08302423711918516 -0.10481101524506437 0.28207660939719004
v 0.11554023604892416 -0.10411900531922208 0.282406610512989
v 0.12246023472450895 -0.10397202026520597 0.2824766012671165
v 0.11554023604892416 0.05248699087227954 0.30306060340430063
v 0.11554023604892416 -0.10411900531922208 0.282406610512989
v 0.1626612355937831 -0.09287500631485807 0.2841996076347999
v 0.11554023604892416 0.05248699087227954 0.30306060340430063
v 0.12246023472450895 -0.10397202026520597 0.2824766012671165
v 0.11554023604892416 0.05248699087227954 0.30306060340430063
v 0.1626612355937831 -0.09287500631485807 0.2841996076347999
v 0.1446952352305524 0.050836992743865383 0.3030246021988563
v 0.1446952352305524 0.050836992743865383 0.3030246021988563
v 0.1626612355937831 -0.09287500631485807 0.2841996076347999
v 0.1626612355937831 0.04923999059523715 0.30292661216284555
v 0.18821223620377703 -0.08582200359974729 0.28494260933424753
v 0.1626612355937831 0.04923999059523715 0.30292661216284555
v 0.1626612355937831 -0.09287500631485807 0.2841996076347999
v 0.1626612355937831 0.04923999059523715 0.30292661216284555
v 0.18821223620377703 -0.08582200359974729 0.28494260933424753
v 0.18821223620377703 0.04696899402464999 0.3024565997364692
v 0.20301123689912481 -0.0817360008922659 0.2853736105206184
v 0.18821223620377703 0.04696899402464999 0.3024565997364692
v 0.18821223620377703 -0.08582200359974729 0.28494260933424753
v 0.20301123689912481 -0.0817360008922659 0.2853736105206184
v 0.20133323576353712 0.04580199468459262 0.3022146048786811
v 0.18821223620377703 0.04696899402464999 0.3024565997364692
v 0.20133323576353712 0.04580199468459262 0.3022146048786811
v 0.20301123689912481 -0.0817360008922659 0.2853736105206184
v 0.24916023369930906 -0.05446601164017545 0.28862960364844126
v 0.20133323576353712 0.04580199468459262 0.3022146048786811
v 0.24916023369930906 -0.05446601164017545 0.28862960364844126
v 0.24034923669003172 0.03195799637164248 0.30013060297991556
v 0.24034923669003172 0.03195799637164248 0.30013060297991556
v 0.24916023369930906 -0.05446601164017545 0.28862960364844126
v 0.2630042320122592 0.0004929875167764552 0.2958036037924461
v 0.2630042320122592 0.0004929875167764552 0.2958036037924461
v 0.24916023369930906 -0.05446601164017545 0.28862960364844126
v 0.2651022335519664 -0.029294999953850376 0.29183061149145884
v -0.0424367675552495 0.6737299834522166 0.05998360604811692
v -0.02537376079655962 0.6255049978526988 0.13538360323931498
v -0.0424367675552495 0.6737299834522166 0.14397960629488749
v -0.02537376079655962 0.6255049978526988 0.13538360323931498
v 0.05656223353050871 0.6737299834522166 0.18047660317446512
v -0.0424367675552495 0.6737299834522166 0.14397960629488749
v 0.05656223353050871 0.6737299834522166 0.18047660317446512
v 0.04300523903273268 0.7263800178798594 0.19587260212923807
v -0.0424367675552495 0.6737299834522166 0.14397960629488749
v -0.0424367675552495 0.6737299834522166 0.14397960629488749
v 0.04300523903273268 0.7263800178798594 0.19587260212923807
v -0.06864376757241564 0.7263800178798594 0.1547116088512115
v -0.006938759423268603 0.8019219909938731 0.2525916072371177
v -0.06864376757241564 0.7263800178798594 0.1547116088512115
v 0.04300523903273268 0.7263800178798594 0.19587260212923807
v -0.006938759423268603 0.8019219909938731 0.2525916072371177
v -0.11456175539590197 0.7538500105174937 0.17351760443474573
v -0.06864376757241564 0.7263800178798594 0.1547116088512115
v -0.14977477882005052 0.7911389743122019 0.05998360604811692
v -0.06864376757241564 0.7263800178798594 0.1547116088512115
v -0.11456175539590197 0.7538500105174937 0.17351760443474573
v -0.06864376757241564 0.7263800178798594 0.05998360604811692
v -0.0424367675552495 0.6737299834522166 0.14397960629488749
v -0.06864376757241564 0.7263800178798594 0.1547116088512115
v -0.06864376757241564 0.7263800178798594 0.1547116088512115
v -0.14977477882005052 0.7911389743122019 0.05998360604811692
v -0.06864376757241564 0.7263800178798594 0.05998360604811692
v -0.0424367675552495 0.6737299834522166 0.14397960629488749
v -0.06864376757241564 0.7263800178798594 0.05998360604811692
v -0.0424367675552495 0.6737299834522166 0.05998360604811692
v -0.06864376757241564 0.7263800178798594 -0.03474439207289892
v -0.06864376757241564 0.7263800178798594 0.05998360604811692
v -0.14977477882005052 0.7911389743122019 0.05998360604811692
v -0.06864376757241564 0.7263800178798594 -0.03474439207289892
v -0.14977477882005052 0.7911389743122019 0.05998360604811692
v -0.11456175539590197 0.7538500105174937 -0.05355039510701376
v -0.006938759423268603 0.8019219909938731 -0.13262439045880514
v -0.06864376757241564 0.7263800178798594 -0.03474439207289892
v -0.11456175539590197 0.7538500105174937 -0.05355039510701376
v -0.06864376757241564 0.7263800178798594 -0.03474439207289892
v -0.006938759423268603 0.8019219909938731 -0.13262439045880514
v 0.04300523903273268 0.7263800178798594 -0.0759054002520867
v -0.06864376757241564 0.7263800178798594 -0.03474439207289892
v -0.0424367675552495 0.6737299834522166 -0.024012396967155514
v -0.06864376757241564 0.7263800178798594 0.05998360604811692
v -0.0424367675552495 0.6737299834522166 -0.024012396967155514
v -0.0424367675552495 0.6737299834522166 0.05998360604811692
v -0.06864376757241564 0.7263800178798594 0.05998360604811692
v 0.04300523903273268 0.7263800178798594 -0.0759054002520867
v -0.0424367675552495 0.6737299834522166 -0.024012396967155514
v -0.06864376757241564 0.7263800178798594 -0.03474439207289892
v -0.0424367675552495 0.6737299834522166 -0.024012396967155514
v -0.02537376079655962 0.6255049978526988 -0.015416393911583004
v -0.0424367675552495 0.6737299834522166 0.05998360604811692
v -0.0424367675552495 0.6737299834522166 -0.024012396967155514
v 0.04300523903273268 0.7263800178798594 -0.0759054002520867
v 0.05656223353050871 0.6737299834522166 -0.06050939384673315
v 0.05656223353050871 0.6737299834522166 -0.06050939384673315
v -0.02537376079655962 0.6255049978526988 -0.015416393911583004
v -0.0424367675552495 0.6737299834522166 -0.024012396967155514
vt 0 0
vt 0 0
vt 0 0
vt 0 0
vt 0 0
vt 0 0
vt 0 0
vt 0 0
vt 0 0
vt 0 0
vt 0 0
vt 0 0
vt 0 0
vt 0 0
vt 0 0
vt 0 0
vt 0 0
vt 0 0
vt 0 0
vt 0 0
vt 0 0
vt 0 0
vt 0 0
vt 0 0
vt 0 0
vt 0 0
vt 0 0
vt 0 0
vt 0 0
vt 0 0
vt 0 0
vt 0 0
vt 0 0
vt 0 0
vt 0 0
vt 0 0
vt 0 0
vt 0 0
vt 0 0
vt 0 0
vt 0 0
vt 0 0
vt 0 0
vt 0 0
vt 0 0
vt 0 0
vt 0 0
vt 0 0
vt 0 0
vt 0 0
vt 0 0
vt 0 0
vt 0 0
vt 0 0
vt 0 0
vt 0 0
vt 0 0
vt 0 0
vt 0 0
vt 0 0
vt 0 0
vt 0 0
vt 0 0
vt 0 0
vt 0 0
vt 0 0
vt 0 0
vt 0 0
vt 0 0
vt 0 0
vt 0 0
vt 0 0
vt 0 0
vt 0 0
vt 0 0
vt 0 0
vt 0 0
vt 0 0
vt 0 0
vt 0 0
vt 0 0
vt 0 0
vt 0 0
vt 0 0
vt 0 0
vt 0 0
vt 0 0
vt 0 0
vt 0 0
vt 0 0
vt 0 0
vt 0 0
vt 0 0
vt 0 0
vt 0 0
vt 0 0
vt 0 0
vt 0 0
vt 0 0
vt 0 0
vt 0 0
vt 0 0
vt 0 0
vt 0 0
vt 0 0
vt 0 0
vt 0 0
vt 0 0
vt 0 0
vt 0 0
vt 0 0
vt 0 0
vt 0 0
vt 0 0
vt 0 0
vt 0 0
vt 0 0
vt 0 0
vt 0 0
vt 0 0
vt 0 0
vt 0 0
vt 0 0
vt 0 0
vt 0 0
vt 0 0
vt 0 0
vt 0 0
vt 0 0
vt 0 0
vt 0 0
vt 0 0
vt 0 0
vt 0 0
vt 0 0
vt 0 0
vt 0 0
vt 0 0
vt 0 0
vt 0 0
vt 0 0
vt 0 0
vt 0 0
vt 0 0
vt 0 0
vt 0 0
vt 0 0
vt 0 0
vt 0 0
vt 0 0
vt 0 0
vt 0 0
vt 0 0
vt 0 0
vt 0 0
vt 0 0
vt 0 0
vt 0 0
vt 0 0
vt 0 0
vt 0 0
vt 0 0
vt 0 0
vt 0 0
vt 0 0
vt 0 0
vt 0 0
vt 0 0
vt 0 0
vt 0 0
vt 0 0
vt 0 0
vt 0 0
vt 0 0
vt 0 0
vt 0 0
vt 0 0
vt 0 0
vt 0 0
vt 0 0
vt 0 0
vt 0 0
vt 0 0
vt 0 0
vt 0 0
vt 0 0
vt 0 0
vt 0 0
vt 0 0
vt 0 0
vt 0 0
vt 0 0
vt 0 0
vt 0 0
vt 0 0
vt 0 0
vt 0 0
vt 0 0
vt 0 0
vt 0 0
vt 0 0
vt 0 0
vt 0 0
vt 0 0
vt 0 0
vt 0 0
vt 0 0
vt 0 0
vt 0 0
vt 0 0
vt 0 0
vt 0 0
vt 0 0
vt 0 0
vt 0 0
vt 0 0
vt 0 0
vt 0 0
vt 0 0
vt 0 0
vt 0 0
vt 0 0
vt 0 0
vt 0 0
vt 0 0
vt 0 0
vt 0 0
vt 0 0
vt 0 0
vt 0 0
vt 0 0
vt 0 0
vt 0 0
vt 0 0
vt 0 0
vt 0 0
vt 0 0
vt 0 0
vt 0 0
vt 0 0
vt 0 0
vt 0 0
vt 0 0
vt 0 0
vt 0 0
vt 0 0
vt 0 0
vt 0 0
vt 0 0
vt 0 0
vt 0 0
vt 0 0
vt 0 0
vt 0 0
vt 0 0
vt 0 0
vt 0 0
vt 0 0
vt 0 0
vt 0 0
vt 0 0
vt 0 0
vt 0 0
vt 0 0
vt 0 0
vt 0 0
vt 0 0
vt 0 0
vt 0 0
vt 0 0
vt 0 0
vt 0 0
vt 0 0
vt 0 0
vt 0 0
vt 0 0
vt 0 0
vt 0 0
vt 0 0
vt 0 0
vt 0 0
vt 0 0
vt 0 0
vt 0 0
vt 0 0
vt 0 0
vt 0 0
vt 0 0
vt 0 0
vt 0 0
vt 0 0
vt 0 0
vt 0 0
vt 0 0
vt 0 0
vt 0 0
vt 0 0
vt 0 0
vt 0 0
vt 0 0
vt 0 0
vt 0 0
vt 0 0
vt 0 0
vt 0 0
vt 0 0
vt 0 0
vt 0 0
vt 0 0
vt 0 0
vt 0 0
vt 0 0
vt 0 0
vt 0 0
vt 0 0
vt 0 0
vt 0 0
vt 0 0
vt 0 0
vt 0 0
vt 0 0
vt 0 0
vt 0 0
vt 0 0
vt 0 0
vt 0 0
vt 0 0
vt 0 0
vt 0 0
vt 0 0
vt 0 0
vt 0 0
vt 0 0
vt 0 0
vt 0 0
vt 0 0
vt 0 0
vt 0 0
vt 0 0
vt 0 0
vt 0 0
vt 0 0
vt 0 0
vt 0 0
vt 0 0
vt 0 0
vt 0 0
vt 0 0
vt 0 0
vt 0 0
vt 0 0
vt 0 0
vt 0 0
vt 0 0
vt 0 0
vt 0 0
vt 0 0
vt 0 0
vt 0 0
vt 0 0
vt 0 0
vt 0 0
vt 0 0
vt 0 0
vt 0 0
vt 0 0
vt 0 0
vt 0 0
vt 0 0
vt 0 0
vt 0 0
vt 0 0
vt 0 0
vt 0 0
vt 0 0
vt 0 0
vt 0 0
vt 0 0
vt 0 0
vt 0 0
vt 0 0
vt 0 0
vt 0 0
vt 0 0
vt 0 0
vt 0 0
vt 0 0
vt 0 0
vt 0 0
vt 0 0
vt 0 0
vt 0 0
vt 0 0
vt 0 0
vt 0 0
vt 0 0
vt 0 0
vt 0 0
vt 0 0
vt 0 0
vt 0 0
vt 0 0
vt 0 0
vt 0 0
vt 0 0
vt 0 0
vt 0 0
vt 0 0
vt 0 0
vt 0 0
vt 0 0
vt 0 0
vt 0 0
vt 0 0
vt 0 0
vt 0 0
vt 0 0
vt 0 0
vt 0 0
vt 0 0
vt 0 0
vt 0 0
vt 0 0
vt 0 0
vt 0 0
vt 0 0
vt 0 0
vt 0 0
vt 0 0
vt 0 0
vt 0 0
vt 0 0
vt 0 0
vt 0 0
vt 0 0
vt 0 0
vt 0 0
vt 0 0
vt 0 0
vt 0 0
vt 0 0
vt 0 0
vt 0 0
vt 0 0
vt 0 0
vt 0 0
vt 0 0
vt 0 0
vt 0 0
vt 0 0
vt 0 0
vt 0 0
vt 0 0
vt 0 0
vt 0 0
vt 0 0
vt 0 0
vt 0 0
vt 0 0
vt 0 0
vt 0 0
vt 0 0
vt 0 0
vt 0 0
vt 0 0
vt 0 0
vt 0 0
vt 0 0
vt 0 0
vt 0 0
vt 0 0
vt 0 0
vt 0 0
vt 0 0
vt 0 0
vt 0 0
vt 0 0
vt 0 0
vt 0 0
vt 0 0
vt 0 0
vt 0 0
vt 0 0
vt 0 0
vt 0 0
vt 0 0
vt 0 0
vt 0 0
vt 0 0
vt 0 0
vt 0 0
vt 0 0
vt 0 0
vt 0 0
vt 0 0
vt 0 0
vt 0 0
vt 0 0
vt 0 0
vt 0 0
vt 0 0
vt 0 0
vt 0 0
vt 0 0
vt 0 0
vt 0 0
vt 0 0
vt 0 0
vt 0 0
vt 0 0
vt 0 0
vt 0 0
vt 0 0
vt 0 0
vt 0 0
vt 0 0
vt 0 0
vt 0 0
vt 0 0
vt 0 0
vt 0 0
vt 0 0
vt 0 0
vt 0 0
vt 0 0
vt 0 0
vt 0 0
vt 0 0
vt 0 0
vt 0 0
vt 0 0
vt 0 0
vt 0 0
vt 0 0
vt 0 0
vt 0 0
vt 0 0
vt 0 0
vt 0 0
vt 0 0
vt 0 0
vt 0 0
vt 0 0
vt 0 0
vt 0 0
vt 0 0
vt 0 0
vt 0 0
vt 0 0
vt 0 0
vt 0 0
vt 0 0
vt 0 0
vt 0 0
vt 0 0
vt 0 0
vt 0 0
vt 0 0
vt 0 0
vt 0 0
vt 0 0
vt 0 0
vt 0 0
vt 0 0
vt 0 0
vt 0 0
vt 0 0
vt 0 0
vt 0 0
vt 0 0
vt 0 0
vt 0 0
vt 0 0
vt 0 0
vt 0 0
vt 0 0
vt 0 0
vt 0 0
vt 0 0
vt 0 0
vt 0 0
vt 0 0
vt 0 0
vt 0 0
vt 0 0
vt 0 0
vt 0 0
vt 0 0
vt 0 0
vt 0 0
vt 0 0
vt 0 0
vt 0 0
vt 0 0
vt 0 0
vt 0 0
vt 0 0
vt 0 0
vt 0 0
vt 0 0
vt 0 0
vt 0 0
vt 0 0
vt 0 0
vt 0 0
vt 0 0
vt 0 0
vt 0 0
vt 0 0
vt 0 0
vt 0 0
vt 0 0
vt 0 0
vt 0 0
vt 0 0
vt 0 0
vt 0 0
vt 0 0
vt 0 0
vt 0 0
vt 0 0
vt 0 0
vt 0 0
vt 0 0
vt 0 0
vt 0 0
vt 0 0
vt 0 0
vt 0 0
vt 0 0
vt 0 0
vt 0 0
vt 0 0
vt 0 0
vt 0 0
vt 0 0
vt 0 0
vt 0 0
vt 0 0
vt 0 0
vt 0 0
vt 0 0
vt 0 0
vt 0 0
vt 0 0
vt 0 0
vt 0 0
vt 0 0
vt 0 0
vt 0 0
vt 0 0
vt 0 0
vt 0 0
vt 0 0
vt 0 0
vt 0 0
vt 0 0
vt 0 0
vt 0 0
vt 0 0
vt 0 0
vt 0 0
vt 0 0
vt 0 0
vt 0 0
vt 0 0
vt 0 0
vt 0 0
vt 0 0
vt 0 0
vt 0 0
vt 0 0
vt 0 0
vt 0 0
vt 0 0
vt 0 0
vt 0 0
vt 0 0
vt 0 0
vt 0 0
vt 0 0
vt 0 0
vt 0 0
vt 0 0
vt 0 0
vt 0 0
vt 0 0
vt 0 0
vt 0 0
vt 0 0
vt 0 0
vt 0 0
vt 0 0
vt 0 0
vt 0 0
vt 0 0
vt 0 0
vt 0 0
vt 0 0
vt 0 0
vt 0 0
vt 0 0
vt 0 0
vt 0 0
vt 0 0
vt 0 0
vt 0 0
vt 0 0
vt 0 0
vt 0 0
vt 0 0
vt 0 0
vt 0 0
vt 0 0
vt 0 0
vt 0 0
vt 0 0
vt 0 0
vt 0 0
vt 0 0
vt 0 0
vt 0 0
vt 0 0
vt 0 0
vt 0 0
vt 0 0
vt 0 0
vt 0 0
vt 0 0
vt 0 0
vt 0 0
vt 0 0
vt 0 0
vt 0 0
vt 0 0
vt 0 0
vt 0 0
vt 0 0
vt 0 0
vt 0 0
vt 0 0
vt 0 0
vt 0 0
vt 0 0
vt 0 0
vt 0 0
vt 0 0
vt 0 0
vt 0 0
vt 0 0
vt 0 0
vt 0 0
vt 0 0
vt 0 0
vt 0 0
vt 0 0
vt 0 0
vt 0 0
vt 0 0
vt 0 0
vt 0 0
vt 0 0
vt 0 0
vt 0 0
vt 0 0
vt 0 0
vt 0 0
vt 0 0
vt 0 0
vt 0 0
vt 0 0
vt 0 0
vt 0 0
vt 0 0
vt 0 0
vt 0 0
vt 0 0
vt 0 0
vt 0 0
vt 0 0
vt 0 0
vt 0 0
vt 0 0
vt 0 0
vt 0 0
vt 0 0
vt 0 0
vt 0 0
vt 0 0
vt 0 0
vt 0 0
vt 0 0
vt 0 0
vt 0 0
vt 0 0
vt 0 0
vt 0 0
vt 0 0
vt 0 0
vt 0 0
vt 0 0
vt 0 0
vt 0 0
vt 0 0
vt 0 0
vt 0 0
vt 0 0
vt 0 0
vt 0 0
vt 0 0
vt 0 0
vt 0 0
vt 0 0
vt 0 0
vt 0 0
vt 0 0
vt 0 0
vt 0 0
vt 0 0
vt 0 0
vt 0 0
vt 0 0
vt 0 0
vt 0 0
vt 0 0
vt 0 0
vt 0 0
vt 0 0
vt 0 0
vt 0 0
vt 0 0
vt 0 0
vt 0 0
vt 0 0
vt 0 0
vt 0 0
vt 0 0
vt 0 0
vt 0 0
vt 0 0
vt 0 0
vt 0 0
vt 0 0
vt 0 0
vt 0 0
vt 0 0
vt 0 0
vt 0 0
vt 0 0
vt 0 0
vt 0 0
vt 0 0
vt 0 0
vt 0 0
vt 0 0
vt 0 0
vt 0 0
vt 0 0
vt 0 0
vt 0 0
vt 0 0
vt 0 0
vt 0 0
vt 0 0
vt 0 0
vt 0 0
vt 0 0
vt 0 0
vt 0 0
vt 0 0
vt 0 0
vt 0 0
vt 0 0
vt 0 0
vt 0 0
vt 0 0
vt 0 0
vt 0 0
vt 0 0
vt 0 0
vt 0 0
vt 0 0
vt 0 0
vt 0 0
vt 0 0
vt 0 0
vt 0 0
vt 0 0
vt 0 0
vt 0 0
vt 0 0
vt 0 0
vt 0 0
vt 0 0
vt 0 0
vt 0 0
vt 0 0
vt 0 0
vt 0 0
vt 0 0
vt 0 0
vt 0 0
vt 0 0
vt 0 0
vt 0 0
vt 0 0
vt 0 0
vt 0 0
vt 0 0
vt 0 0
vt 0 0
vt 0 0
vt 0 0
vt 0 0
vt 0 0
vt 0 0
vt 0 0
vt 0 0
vt 0 0
vt 0 0
vt 0 0
vt 0 0
vt 0 0
vt 0 0
vt 0 0
vt 0 0
vt 0 0
vt 0 0
vt 0 0
vt 0 0
vt 0 0
vt 0 0
vt 0 0
vt 0 0
vt 0 0
vt 0 0
vt 0 0
vt 0 0
vt 0 0
vt 0 0
vt 0 0
vt 0 0
vt 0 0
vt 0 0
vt 0 0
vt 0 0
vt 0 0
vt 0 0
vt 0 0
vt 0 0
vt 0 0
vt 0 0
vt 0 0
vt 0 0
vt 0 0
vt 0 0
vt 0 0
vt 0 0
vt 0 0
vt 0 0
vt 0 0
vt 0 0
vt 0 0
vt 0 0
vt 0 0
vt 0 0
vt 0 0
vt 0 0
vt 0 0
vt 0 0
vt 0 0
vt 0 0
vt 0 0
vt 0 0
vt 0 0
vt 0 0
vt 0 0
vt 0 0
vt 0 0
vt 0 0
vt 0 0
vt 0 0
vt 0 0
vt 0 0
vt 0 0
vt 0 0
vt 0 0
vt 0 0
vt 0 0
vt 0 0
vt 0 0
vt 0 0
vt 0 0
vt 0 0
vt 0 0
vt 0 0
vt 0 0
vt 0 0
vt 0 0
vt 0 0
vt 0 0
vt 0 0
vt 0 0
vt 0 0
vt 0 0
vt 0 0
vt 0 0
vt 0 0
vt 0 0
vt 0 0
vt 0 0
vt 0 0
vt 0 0
vt 0 0
vt 0 0
vt 0 0
vt 0 0
vt 0 0
vt 0 0
vt 0 0
vt 0 0
vt 0 0
vt 0 0
vt 0 0
vt 0 0
vt 0 0
vt 0 0
vt 0 0
vt 0 0
vt 0 0
vt 0 0
vt 0 0
vt 0 0
vt 0 0
vt 0 0
vt 0 0
vt 0 0
vt 0 0
vt 0 0
vt 0 0
vt 0 0
vt 0 0
vt 0 0
vt 0 0
vt 0 0
vt 0 0
vt 0 0
vt 0 0
vt 0 0
vt 0 0
vt 0 0
vt 0 0
vt 0 0
vt 0 0
vt 0 0
vt 0 0
vt 0 0
vt 0 0
vt 0 0
vt 0 0
vt 0 0
vt 0 0
vt 0 0
vt 0 0
vt 0 0
vt 0 0
vt 0 0
vt 0 0
vt 0 0
vt 0 0
vt 0 0
vt 0 0
vt 0 0
vt 0 0
vt 0 0
vt 0 0
vt 0 0
vt 0 0
vt 0 0
vt 0 0
vt 0 0
vt 0 0
vt 0 0
vt 0 0
vt 0 0
vt 0 0
vt 0 0
vt 0 0
vt 0 0
vt 0 0
vt 0 0
vt 0 0
vt 0 0
vt 0 0
vt 0 0
vt 0 0
vt 0 0
vt 0 0
vt 0 0
vt 0 0
vt 0 0
vt 0 0
vt 0 0
vt 0 0
vt 0 0
vt 0 0
vt 0 0
vt 0 0
vt 0 0
vt 0 0
vt 0 0
vt 0 0
vt 0 0
vt 0 0
vt 0 0
vt 0 0
vt 0 0
vt 0 0
vt 0 0
vt 0 0
vt 0 0
vt 0 0
vt 0 0
vt 0 0
vt 0 0
vt 0 0
vt 0 0
vt 0 0
vt 0 0
vt 0 0
vt 0 0
vt 0 0
vt 0 0
vt 0 0
vt 0 0
vt 0 0
vt 0 0
vt 0 0
vt 0 0
vt 0 0
vt 0 0
vt 0 0
vt 0 0
vt 0 0
vt 0 0
vt 0 0
vt 0 0
vt 0 0
vt 0 0
vt 0 0
vt 0 0
vt 0 0
vt 0 0
vt 0 0
vt 0 0
vt 0 0
vt 0 0
vt 0 0
vt 0 0
vt 0 0
vt 0 0
vt 0 0
vt 0 0
vt 0 0
vt 0 0
vt 0 0
vt 0 0
vt 0 0
vt 0 0
vt 0 0
vt 0 0
vt 0 0
vt 0 0
vt 0 0
vt 0 0
vt 0 0
vt 0 0
vt 0 0
vt 0 0
vt 0 0
vt 0 0
vt 0 0
vt 0 0
vt 0 0
vt 0 0
vt 0 0
vt 0 0
vt 0 0
vt 0 0
vt 0 0
vt 0 0
vt 0 0
vt 0 0
vt 0 0
vt 0 0
vt 0 0
vt 0 0
vt 0 0
vt 0 0
vt 0 0
vt 0 0
vt 0 0
vt 0 0
vt 0 0
vt 0 0
vt 0 0
vt 0 0
vt 0 0
vt 0 0
vt 0 0
vt 0 0
vt 0 0
vt 0 0
vt 0 0
vt 0 0
vt 0 0
vt 0 0
vt 0 0
vt 0 0
vt 0 0
vt 0 0
vt 0 0
vt 0 0
vt 0 0
vt 0 0
vt 0 0
vt 0 0
vt 0 0
vt 0 0
vt 0 0
vt 0 0
vt 0 0
vt 0 0
vt 0 0
vt 0 0
vt 0 0
vt 0 0
vt 0 0
vt 0 0
vt 0 0
vt 0 0
vt 0 0
vt 0 0
vt 0 0
vt 0 0
vt 0 0
vt 0 0
vt 0 0
vt 0 0
vt 0 0
vt 0 0
vt 0 0
vt 0 0
vt 0 0
vt 0 0
vt 0 0
vt 0 0
vt 0 0
vt 0 0
vt 0 0
vt 0 0
vt 0 0
vt 0 0
vt 0 0
vt 0 0
vt 0 0
vt 0 0
vt 0 0
vt 0 0
vt 0 0
vt 0 0
vt 0 0
vt 0 0
vt 0 0
vt 0 0
vt 0 0
vt 0 0
vt 0 0
vt 0 0
vt 0 0
vt 0 0
vt 0 0
vt 0 0
vt 0 0
vt 0 0
vt 0 0
vt 0 0
vt 0 0
vt 0 0
vt 0 0
vt 0 0
vt 0 0
vt 0 0
vt 0 0
vt 0 0
vt 0 0
vt 0 0
vt 0 0
vt 0 0
vt 0 0
vt 0 0
vt 0 0
vt 0 0
vt 0 0
vt 0 0
vt 0 0
vt 0 0
vt 0 0
vt 0 0
vt 0 0
vt 0 0
vt 0 0
vt 0 0
vt 0 0
vt 0 0
vt 0 0
vt 0 0
vt 0 0
vt 0 0
vt 0 0
vt 0 0
vt 0 0
vt 0 0
vt 0 0
vt 0 0
vt 0 0
vt 0 0
vt 0 0
vt 0 0
vt 0 0
vt 0 0
vt 0 0
vt 0 0
vt 0 0
vt 0 0
vt 0 0
vt 0 0
vt 0 0
vt 0 0
vt 0 0
vt 0 0
vt 0 0
vt 0 0
vt 0 0
vt 0 0
vt 0 0
vt 0 0
vt 0 0
vt 0 0
vt 0 0
vt 0 0
vt 0 0
vt 0 0
vt 0 0
vt 0 0
vt 0 0
vt 0 0
vt 0 0
vt 0 0
vt 0 0
vt 0 0
vt 0 0
vt 0 0
vt 0 0
vt 0 0
vt 0 0
vt 0 0
vt 0 0
vt 0 0
vt 0 0
vt 0 0
vt 0 0
vt 0 0
vt 0 0
vt 0 0
vt 0 0
vt 0 0
vt 0 0
vt 0 0
vt 0 0
vt 0 0
vt 0 0
vt 0 0
vt 0 0
vt 0 0
vt 0 0
vt 0 0
vt 0 0
vt 0 0
vt 0 0
vt 0 0
vt 0 0
vt 0 0
vt 0 0
vt 0 0
vt 0 0
vt 0 0
vt 0 0
vt 0 0
vt 0 0
vt 0 0
vt 0 0
vt 0 0
vt 0 0
vt 0 0
vt 0 0
vt 0 0
vt 0 0
vt 0 0
vt 0 0
vt 0 0
vt 0 0
vt 0 0
vt 0 0
vt 0 0
vt 0 0
vt 0 0
vt 0 0
vt 0 0
vt 0 0
vt 0 0
vt 0 0
vt 0 0
vt 0 0
vt 0 0
vt 0 0
vt 0 0
vt 0 0
vt 0 0
vt 0 0
vt 0 0
vt 0 0
vt 0 0
vt 0 0
vt 0 0
vt 0 0
vt 0 0
vt 0 0
vt 0 0
vt 0 0
vt 0 0
vt 0 0
vt 0 0
vt 0 0
vt 0 0
vt 0 0
vt 0 0
vt 0 0
vt 0 0
vt 0 0
vt 0 0
vt 0 0
vt 0 0
vt 0 0
vt 0 0
vt 0 0
vt 0 0
vt 0 0
vt 0 0
vt 0 0
vt 0 0
vt 0 0
vt 0 0
vt 0 0
vt 0 0
vt 0 0
vt 0 0
vt 0 0
vt 0 0
vt 0 0
vt 0 0
vt 0 0
vt 0 0
vt 0 0
vt 0 0
vt 0 0
vt 0 0
vt 0 0
vt 0 0
vt 0 0
vt 0 0
vt 0 0
vt 0 0
vt 0 0
vt 0 0
vt 0 0
vt 0 0
vt 0 0
vt 0 0
vt 0 0
vt 0 0
vt 0 0
vt 0 0
vt 0 0
vt 0 0
vt 0 0
vt 0 0
vt 0 0
vt 0 0
vt 0 0
vt 0 0
vt 0 0
vt 0 0
vt 0 0
vt 0 0
vt 0 0
vt 0 0
vt 0 0
vt 0 0
vt 0 0
vt 0 0
vt 0 0
vt 0 0
vt 0 0
vt 0 0
vt 0 0
vt 0 0
vt 0 0
vt 0 0
vt 0 0
vt 0 0
vt 0 0
vt 0 0
vt 0 0
vt 0 0
vt 0 0
vt 0 0
vt 0 0
vt 0 0
vt 0 0
vt 0 0
vt 0 0
vt 0 0
vt 0 0
vt 0 0
vt 0 0
vt 0 0
vt 0 0
vt 0 0
vt 0 0
vt 0 0
vt 0 0
vt 0 0
vt 0 0
vt 0 0
vt 0 0
vt 0 0
vt 0 0
vt 0 0
vt 0 0
vt 0 0
vt 0 0
vt 0 0
vt 0 0
vt 0 0
vt 0 0
vt 0 0
vt 0 0
vt 0 0
vt 0 0
vt 0 0
vt 0 0
vt 0 0
vt 0 0
vt 0 0
vt 0 0
vt 0 0
vt 0 0
vt 0 0
vt 0 0
vt 0 0
vt 0 0
vt 0 0
vt 0 0
vt 0 0
vt 0 0
vt 0 0
vt 0 0
vt 0 0
vt 0 0
vt 0 0
vt 0 0
vt 0 0
vt 0 0
vt 0 0
vt 0 0
vt 0 0
vt 0 0
vt 0 0
vt 0 0
vt 0 0
vt 0 0
vt 0 0
vt 0 0
vt 0 0
vt 0 0
vt 0 0
vt 0 0
vt 0 0
vt 0 0
vt 0 0
vt 0 0
vt 0 0
vt 0 0
vt 0 0
vt 0 0
vt 0 0
vt 0 0
vt 0 0
vt 0 0
vt 0 0
vt 0 0
vt 0 0
vt 0 0
vt 0 0
vt 0 0
vt 0 0
vt 0 0
vt 0 0
vt 0 0
vt 0 0
vt 0 0
vt 0 0
vt 0 0
vt 0 0
vt 0 0
vt 0 0
vt 0 0
vt 0 0
vt 0 0
vt 0 0
vt 0 0
vt 0 0
vt 0 0
vt 0 0
vt 0 0
vt 0 0
vt 0 0
vt 0 0
vt 0 0
vt 0 0
vt 0 0
vt 0 0
vt 0 0
vt 0 0
vt 0 0
vt 0 0
vt 0 0
vt 0 0
vt 0 0
vn 0.5341207484653678 0.7639296959607866 -0.3621138573543622
vn 0.054103016138914675 0.7168382395304932 -0.6951372540667747
vn 0.09029601603301057 0.7302661027058737 -0.6771691433662205
vn 0.054103016138914675 0.7168382395304932 -0.6951372540667747
vn 0.5341207484653678 0.7639296959607866 -0.3621138573543622
vn 0.542507171839748 0.7657102489014186 -0.3455051131745601
vn 0 0.5494968593543876 -0.8354957818922033
vn 0.09029601603301057 0.7302661027058737 -0.6771691433662205
vn 0.054103016138914675 0.7168382395304932 -0.6951372540667747
vn 0.5585020934968172 0.8295031112417075 0
vn 0.542507171839748 0.7657102489014186 -0.3455051131745601
vn 0.5341207484653678 0.7639296959607866 -0.3621138573543622
vn 0.09029601603301057 0.7302661027058737 -0.6771691433662205
vn 0 0.5494968593543876 -0.8354957818922033
vn 0 0.5494968593543876 -0.8354957818922033
vn 0.542507171839748 0.7657102489014186 -0.3455051131745601
vn 0.5585020934968172 0.8295031112417075 0
vn 0.5585020934968172 0.8295031112417075 0
vn -0.09029601603301057 0.7302661027058737 -0.6771691433662205
vn 0 0.5494968593543876 -0.8354957818922033
vn 0 0.5494968593543876 -0.8354957818922033
vn 0.5585020934968172 0.8295031112417075 0
vn 0.542507171839748 0.7657102489014186 0.3455051131745601
vn 0.5585020934968172 0.8295031112417075 0
vn 0 0.5494968593543876 -0.8354957818922033
vn -0.054103016138914675 0.7168382395304932 -0.6951372540667747
vn -0.09029601603301057 0.7302661027058737 -0.6771691433662205
vn 0.542507171839748 0.7657102489014186 0.3455051131745601
vn 0.5585020934968172 0.8295031112417075 0
vn 0.5341207484653678 0.7639296959607866 0.3621138573543622
vn -0.054103016138914675 0.7168382395304932 -0.6951372540667747
vn -0.5341207484653678 0.7639296959607866 -0.3621138573543622
vn -0.09029601603301057 0.7302661027058737 -0.6771691433662205
vn 0.054103016138914675 0.7168382395304932 0.6951372540667747
vn 0.542507171839748 0.7657102489014186 0.3455051131745601
vn 0.5341207484653678 0.7639296959607866 0.3621138573543622
vn -0.5341207484653678 0.7639296959607866 -0.3621138573543622
vn -0.054103016138914675 0.7168382395304932 -0.6951372540667747
vn -0.542507171839748 0.7657102489014186 -0.3455051131745601
vn 0.5341207484653678 0.7639296959607866 0.3621138573543622
vn 0.09029601603301057 0.7302661027058737 0.6771691433662205
vn 0.054103016138914675 0.7168382395304932 0.6951372540667747
vn -0.5585020934968172 0.8295031112417075 0
vn -0.5341207484653678 0.7639296959607866 -0.3621138573543622
vn -0.542507171839748 0.7657102489014186 -0.3455051131745601
vn 0.09029601603301057 0.7302661027058737 0.6771691433662205
vn 0 0.5494968593543876 0.8354957818922033
vn 0.054103016138914675 0.7168382395304932 0.6951372540667747
vn -0.542507171839748 0.7657102489014186 -0.3455051131745601
vn -0.5585020934968172 0.8295031112417075 0
vn -0.5585020934968172 0.8295031112417075 0
vn 0 0.5494968593543876 0.8354957818922033
vn 0.09029601603301057 0.7302661027058737 0.6771691433662205
vn 0 0.5494968593543876 0.8354957818922033
vn -0.542507171839748 0.7657102489014186 0.3455051131745601
vn -0.5585020934968172 0.8295031112417075 0
vn -0.5585020934968172 0.8295031112417075 0
vn -0.09029601603301057 0.7302661027058737 0.6771691433662205
vn 0 0.5494968593543876 0.8354957818922033
vn 0 0.5494968593543876 0.8354957818922033
vn -0.5585020934968172 0.8295031112417075 0
vn -0.542507171839748 0.7657102489014186 0.3455051131745601
vn -0.5341207484653678 0.7639296959607866 0.3621138573543622
vn 0 0.5494968593543876 0.8354957818922033
vn -0.09029601603301057 0.7302661027058737 0.6771691433662205
vn -0.054103016138914675 0.7168382395304932 0.6951372540667747
vn -0.054103016138914675 0.7168382395304932 0.6951372540667747
vn -0.5341207484653678 0.7639296959607866 0.3621138573543622
vn -0.542507171839748 0.7657102489014186 0.3455051131745601
vn -0.5341207484653678 0.7639296959607866 0.3621138573543622
vn -0.054103016138914675 0.7168382395304932 0.6951372540667747
vn -0.09029601603301057 0.7302661027058737 0.6771691433662205
vn -0.11949794058710184 0.7013896819252501 0.7026896585863763
vn -0.35079015192651597 0.842276356326082 0.4092881734003937
vn -0.3063010947023827 0.8125032374532201 0.4960021456729379
vn -0.5558071686951531 0.8313112481057126 0
vn -0.3063010947023827 0.8125032374532201 0.4960021456729379
vn -0.35079015192651597 0.842276356326082 0.4092881734003937
vn -0.3063010947023827 0.8125032374532201 0.4960021456729379
vn -0.5558071686951531 0.8313112481057126 0
vn -0.5598130022053246 0.8286189730882714 0
vn -0.5558071686951531 0.8313112481057126 0
vn -0.3063010947023827 0.8125032374532201 -0.4960021456729379
vn -0.5598130022053246 0.8286189730882714 0
vn -0.35079015192651597 0.842276356326082 0.4092881734003937
vn -0.11949794058710184 0.7013896819252501 0.7026896585863763
vn -0.11790406642895929 0.702824392619726 0.7015244145845736
vn 0 0.683784785987205 0.7296837441333283
vn -0.11790406642895929 0.702824392619726 0.7015244145845736
vn -0.11949794058710184 0.7013896819252501 0.7026896585863763
vn -0.35079015192651597 0.842276356326082 0.4092881734003937
vn -0.2733078975732534 0.9619266048530357 0
vn -0.5558071686951531 0.8313112481057126 0
vn -0.3063010947023827 0.8125032374532201 -0.4960021456729379
vn -0.5558071686951531 0.8313112481057126 0
vn -0.35079015192651597 0.842276356326082 -0.4092881734003937
vn -0.2733078975732534 0.9619266048530357 0
vn -0.35079015192651597 0.842276356326082 -0.4092881734003937
vn -0.5558071686951531 0.8313112481057126 0
vn -0.11949794058710184 0.7013896819252501 -0.7026896585863763
vn -0.3063010947023827 0.8125032374532201 -0.4960021456729379
vn -0.35079015192651597 0.842276356326082 -0.4092881734003937
vn -0.11790406642895929 0.702824392619726 0.7015244145845736
vn -0.1901900231339967 0.9735510818548633 0.1265940208679497
vn -0.35079015192651597 0.842276356326082 0.4092881734003937
vn -0.2733078975732534 0.9619266048530357 0
vn -0.35079015192651597 0.842276356326082 0.4092881734003937
vn -0.1901900231339967 0.9735510818548633 0.1265940208679497
vn -0.1901900231339967 0.9735510818548633 0.1265940208679497
vn -0.11790406642895929 0.702824392619726 0.7015244145845736
vn -0.09710100628813449 0.8120110315634592 0.5755080183603688
vn 0 0.9167802077283348 0.3993921014712126
vn -0.2733078975732534 0.9619266048530357 0
vn -0.1901900231339967 0.9735510818548633 0.1265940208679497
vn 0 0.9167802077283348 0.3993921014712126
vn -0.1901900231339967 0.9735510818548633 0.1265940208679497
vn -0.09710100628813449 0.8120110315634592 0.5755080183603688
vn 0 0.6921008440791325 0.721800818526103
vn -0.09710100628813449 0.8120110315634592 0.5755080183603688
vn -0.11790406642895929 0.702824392619726 0.7015244145845736
vn -0.11790406642895929 0.702824392619726 0.7015244145845736
vn 0 0.683784785987205 0.7296837441333283
vn 0 0.6921008440791325 0.721800818526103
vn -0.09710100628813449 0.8120110315634592 0.5755080183603688
vn 0 0.6921008440791325 0.721800818526103
vn 0 0.9167802077283348 0.3993921014712126
vn 0.11790406642895929 0.702824392619726 0.7015244145845736
vn 0 0.6921008440791325 0.721800818526103
vn 0 0.683784785987205 0.7296837441333283
vn 0 0.683784785987205 0.7296837441333283
vn 0.11949794058710184 0.7013896819252501 0.7026896585863763
vn 0.11790406642895929 0.702824392619726 0.7015244145845736
vn 0 0.6921008440791325 0.721800818526103
vn 0.11790406642895929 0.702824392619726 0.7015244145845736
vn 0.09710100628813449 0.8120110315634592 0.5755080183603688
vn 0.09710100628813449 0.8120110315634592 0.5755080183603688
vn 0 0.9167802077283348 0.3993921014712126
vn 0 0.6921008440791325 0.721800818526103
vn 0.11949794058710184 0.7013896819252501 0.7026896585863763
vn 0.35079015192651597 0.842276356326082 0.4092881734003937
vn 0.11790406642895929 0.702824392619726 0.7015244145845736
vn 0.11790406642895929 0.702824392619726 0.7015244145845736
vn 0.1901900231339967 0.9735510818548633 0.1265940208679497
vn 0.09710100628813449 0.8120110315634592 0.5755080183603688
vn 0.1901900231339967 0.9735510818548633 0.1265940208679497
vn 0 0.9167802077283348 0.3993921014712126
vn 0.09710100628813449 0.8120110315634592 0.5755080183603688
vn 0.11790406642895929 0.702824392619726 0.7015244145845736
vn 0.35079015192651597 0.842276356326082 0.4092881734003937
vn 0.1901900231339967 0.9735510818548633 0.1265940208679497
vn 0.11949794058710184 0.7013896819252501 0.7026896585863763
vn 0.3063010947023827 0.8125032374532201 0.4960021456729379
vn 0.35079015192651597 0.842276356326082 0.4092881734003937
vn 0.2733078975732534 0.9619266048530357 0
vn 0 0.9167802077283348 0.3993921014712126
vn 0.1901900231339967 0.9735510818548633 0.1265940208679497
vn 0.1901900231339967 0.9735510818548633 0.1265940208679497
vn 0.35079015192651597 0.842276356326082 0.4092881734003937
vn 0.2733078975732534 0.9619266048530357 0
vn 0.5558071686951531 0.8313112481057126 0
vn 0.35079015192651597 0.842276356326082 0.4092881734003937
vn 0.3063010947023827 0.8125032374532201 0.4960021456729379
vn 0.35079015192651597 0.842276356326082 0.4092881734003937
vn 0.5558071686951531 0.8313112481057126 0
vn 0.2733078975732534 0.9619266048530357 0
vn 0.3063010947023827 0.8125032374532201 0.4960021456729379
vn 0.5598130022053246 0.8286189730882714 0
vn 0.5558071686951531 0.8313112481057126 0
vn 0.3063010947023827 0.8125032374532201 -0.4960021456729379
vn 0.5558071686951531 0.8313112481057126 0
vn 0.5598130022053246 0.8286189730882714 0
vn 0.5558071686951531 0.8313112481057126 0
vn 0.3063010947023827 0.8125032374532201 -0.4960021456729379
vn 0.35079015192651597 0.842276356326082 -0.4092881734003937
vn 0.35079015192651597 0.842276356326082 -0.4092881734003937
vn 0.2733078975732534 0.9619266048530357 0
vn 0.5558071686951531 0.8313112481057126 0
vn 0.11949794058710184 0.7013896819252501 -0.7026896585863763
vn 0.35079015192651597 0.842276356326082 -0.4092881734003937
vn 0.3063010947023827 0.8125032374532201 -0.4960021456729379
vn 0.2733078975732534 0.9619266048530357 0
vn 0 0.9167802077283348 -0.3993921014712126
vn 0 0.9167802077283348 0.3993921014712126
vn 0 0.9167802077283348 -0.3993921014712126
vn -0.2733078975732534 0.9619266048530357 0
vn 0 0.9167802077283348 0.3993921014712126
vn 0.2733078975732534 0.9619266048530357 0
vn 0.35079015192651597 0.842276356326082 -0.4092881734003937
vn 0.1901900231339967 0.9735510818548633 -0.1265940208679497
vn 0 0.9167802077283348 -0.3993921014712126
vn 0.2733078975732534 0.9619266048530357 0
vn 0.1901900231339967 0.9735510818548633 -0.1265940208679497
vn 0.35079015192651597 0.842276356326082 -0.4092881734003937
vn 0.11949794058710184 0.7013896819252501 -0.7026896585863763
vn 0.11790406642895929 0.702824392619726 -0.7015244145845736
vn 0.11790406642895929 0.702824392619726 -0.7015244145845736
vn 0.1901900231339967 0.9735510818548633 -0.1265940208679497
vn 0.35079015192651597 0.842276356326082 -0.4092881734003937
vn 0 0.683784785987205 -0.7296837441333283
vn 0.11790406642895929 0.702824392619726 -0.7015244145845736
vn 0.11949794058710184 0.7013896819252501 -0.7026896585863763
vn 0.1901900231339967 0.9735510818548633 -0.1265940208679497
vn 0.11790406642895929 0.702824392619726 -0.7015244145845736
vn 0.09710100628813449 0.8120110315634592 -0.5755080183603688
vn 0 0.9167802077283348 -0.3993921014712126
vn 0.1901900231339967 0.9735510818548633 -0.1265940208679497
vn 0.09710100628813449 0.8120110315634592 -0.5755080183603688
vn 0 0.6921008440791325 -0.721800818526103
vn 0.09710100628813449 0.8120110315634592 -0.5755080183603688
vn 0.11790406642895929 0.702824392619726 -0.7015244145845736
vn 0.09710100628813449 0.8120110315634592 -0.5755080183603688
vn 0 0.6921008440791325 -0.721800818526103
vn 0 0.9167802077283348 -0.3993921014712126
vn 0.11790406642895929 0.702824392619726 -0.7015244145845736
vn 0 0.683784785987205 -0.7296837441333283
vn 0 0.6921008440791325 -0.721800818526103
vn 0 0.6921008440791325 -0.721800818526103
vn -0.09710100628813449 0.8120110315634592 -0.5755080183603688
vn 0 0.9167802077283348 -0.3993921014712126
vn 0 0.9167802077283348 -0.3993921014712126
vn -0.1901900231339967 0.9735510818548633 -0.1265940208679497
vn -0.2733078975732534 0.9619266048530357 0
vn -0.1901900231339967 0.9735510818548633 -0.1265940208679497
vn 0 0.9167802077283348 -0.3993921014712126
vn -0.09710100628813449 0.8120110315634592 -0.5755080183603688
vn -0.35079015192651597 0.842276356326082 -0.4092881734003937
vn -0.2733078975732534 0.9619266048530357 0
vn -0.1901900231339967 0.9735510818548633 -0.1265940208679497
vn 0 0.6921008440791325 -0.721800818526103
vn -0.11790406642895929 0.702824392619726 -0.7015244145845736
vn -0.09710100628813449 0.8120110315634592 -0.5755080183603688
vn 0 0.683784785987205 -0.7296837441333283
vn -0.11790406642895929 0.702824392619726 -0.7015244145845736
vn 0 0.6921008440791325 -0.721800818526103
vn -0.09710100628813449 0.8120110315634592 -0.5755080183603688
vn -0.11790406642895929 0.702824392619726 -0.7015244145845736
vn -0.1901900231339967 0.9735510818548633 -0.1265940208679497
vn -0.35079015192651597 0.842276356326082 -0.4092881734003937
vn -0.1901900231339967 0.9735510818548633 -0.1265940208679497
vn -0.11790406642895929 0.702824392619726 -0.7015244145845736
vn 0 0.683784785987205 -0.7296837441333283
vn -0.11949794058710184 0.7013896819252501 -0.7026896585863763
vn -0.11790406642895929 0.702824392619726 -0.7015244145845736
vn -0.11790406642895929 0.702824392619726 -0.7015244145845736
vn -0.11949794058710184 0.7013896819252501 -0.7026896585863763
vn -0.35079015192651597 0.842276356326082 -0.4092881734003937
vn 0.5068010056095116 0.7001019666964989 -0.5030009711132594
vn 0.43670289967299347 0.8996057900087124 0
vn 0.34189293133948667 0.857481875259477 -0.3844919467317669
vn 0.09909600741501963 0.7064700641405919 -0.7007710252197864
vn 0.5068010056095116 0.7001019666964989 -0.5030009711132594
vn 0.34189293133948667 0.857481875259477 -0.3844919467317669
vn 0.43670289967299347 0.8996057900087124 0
vn 0.5068010056095116 0.7001019666964989 0.5030009711132594
vn 0.34189293133948667 0.857481875259477 0.3844919467317669
vn 0.5068010056095116 0.7001019666964989 0.5030009711132594
vn 0.43670289967299347 0.8996057900087124 0
vn 0.685485916697405 0.7280858864237916 0
vn 0.43670289967299347 0.8996057900087124 0
vn 0.5068010056095116 0.7001019666964989 -0.5030009711132594
vn 0.685485916697405 0.7280858864237916 0
vn 0.12650404868980203 0.3936131496907162 0.9105302927720977
vn 0.34189293133948667 0.857481875259477 0.3844919467317669
vn 0.09909600741501963 0.7064700641405919 0.7007710252197864
vn 0.09909600741501963 0.7064700641405919 0.7007710252197864
vn 0.34189293133948667 0.857481875259477 0.3844919467317669
vn 0.5068010056095116 0.7001019666964989 0.5030009711132594
vn 0.12650404868980203 0.3936131496907162 0.9105302927720977
vn 0.0010000001877272123 0.12530201940498464 0.9921181401086554
vn 0.13789593336932088 0.08169796016170236 0.9870715044340104
vn 0.09909600741501963 0.7064700641405919 0.7007710252197864
vn 0 0.3708907916347185 0.9286764887088355
vn 0.12650404868980203 0.3936131496907162 0.9105302927720977
vn 0 0.3708907916347185 0.9286764887088355
vn 0.0010000001877272123 0.12530201940498464 0.9921181401086554
vn 0.12650404868980203 0.3936131496907162 0.9105302927720977
vn 0.0010000001877272123 0.12530201940498464 0.9921181401086554
vn 0 0.3708907916347185 0.9286764887088355
vn 0.00019999991790210282 0.2113999208040676 0.9773996283425049
vn 0.13789593336932088 0.08169796016170236 0.9870715044340104
vn 0.0010000001877272123 0.12530201940498464 0.9921181401086554
vn 0.0018999993004075253 -0.06009897510635206 0.9981906146592566
vn 0.00019999991790210282 0.2113999208040676 0.9773996283425049
vn 0 0.3708907916347185 0.9286764887088355
vn -0.0006000002955891037 0.2114000963460642 0.9773994266749494
vn 0.0018999993004075253 -0.06009897510635206 0.9981906146592566
vn 0.13789593336932088 0.08169796016170236 0.9870715044340104
vn 0.0018999993004075253 -0.06009897510635206 0.9981906146592566
vn 0 0.3708907916347185 0.9286764887088355
vn -0.0008999998852581423 0.12590499323495946 0.9920418956267479
vn -0.0006000002955891037 0.2114000963460642 0.9773994266749494
vn 0.0018999993004075253 -0.06009897510635206 0.9981906146592566
vn 0.0018999993004075253 -0.06009897510635206 0.9981906146592566
vn 0.0018999993004075253 -0.06009897510635206 0.9981906146592566
vn 0.0018999993004075253 -0.06009897510635206 0.9981906146592566
vn 0.0018999993004075253 -0.06009897510635206 0.9981906146592566
vn 0.0018999993004075253 -0.06009897510635206 0.9981906146592566
vn 0.13789593336932088 0.08169796016170236 0.9870715044340104
vn 0.0018999993004075253 -0.06009897510635206 0.9981906146592566
vn 0.0018999993004075253 -0.06009897510635206 0.9981906146592566
vn 0.13789593336932088 0.08169796016170236 0.9870715044340104
vn 0.0018999993004075253 -0.06009897510635206 0.9981906146592566
vn 0.0018999993004075253 -0.06009897510635206 0.9981906146592566
vn 0.13789593336932088 0.08169796016170236 0.9870715044340104
vn 0.0018999993004075253 -0.06009897510635206 0.9981906146592566
vn 0.0018999993004075253 -0.06009897510635206 0.9981906146592566
vn 0.0018999993004075253 -0.06009897510635206 0.9981906146592566
vn 0.13789593336932088 0.08169796016170236 0.9870715044340104
vn 0.0018999993004075253 -0.06009897510635206 0.9981906146592566
vn 0.14040002402676968 0.06740000898701115 0.9877980927506558
vn 0.13789593336932088 0.08169796016170236 0.9870715044340104
vn 0.0018999993004075253 -0.06009897510635206 0.9981906146592566
vn 0.6418700942510135 0.11809501639471628 0.7576650640018496
vn 0.13789593336932088 0.08169796016170236 0.9870715044340104
vn 0.14040002402676968 0.06740000898701115 0.9877980927506558
vn 0.14040002402676968 0.06740000898701115 0.9877980927506558
vn 0.0018999993004075253 -0.06009897510635206 0.9981906146592566
vn 0.0018999993004075253 -0.06009897510635206 0.9981906146592566
vn 0.14040002402676968 0.06740000898701115 0.9877980927506558
vn 0.0018999993004075253 -0.06009897510635206 0.9981906146592566
vn 0.0018999993004075253 -0.06009897510635206 0.9981906146592566
vn 0.0037999994246670295 0.10659898513964536 0.9942948337246706
vn 0.14040002402676968 0.06740000898701115 0.9877980927506558
vn 0.0018999993004075253 -0.06009897510635206 0.9981906146592566
vn 0.14109791932443516 0.024899987600892 0.9896824580539914
vn 0.6418700942510135 0.11809501639471628 0.7576650640018496
vn 0.14040002402676968 0.06740000898701115 0.9877980927506558
vn 0.0037999994246670295 0.10659898513964536 0.9942948337246706
vn 0.0046000009837086665 0.1774050337344016 0.9841271736908018
vn 0.14040002402676968 0.06740000898701115 0.9877980927506558
vn 0.0046000009837086665 0.1774050337344016 0.9841271736908018
vn 0.0037999994246670295 0.10659898513964536 0.9942948337246706
vn 0.0046000009837086665 0.1774050337344016 0.9841271736908018
vn 0.14040002402676968 0.06740000898701115 0.9877980927506558
vn 0.0046000009837086665 0.1774050337344016 0.9841271736908018
vn 0.0046000009837086665 0.1774050337344016 0.9841271736908018
vn 0.14040002402676968 0.06740000898701115 0.9877980927506558
vn 0.0046000009837086665 0.1774050337344016 0.9841271736908018
vn 0.14109791932443516 0.024899987600892 0.9896824580539914
vn 0.0046000009837086665 0.1774050337344016 0.9841271736908018
vn 0.0046000009837086665 0.1774050337344016 0.9841271736908018
vn 0.0046000009837086665 0.1774050337344016 0.9841271736908018
vn 0.0046000009837086665 0.1774050337344016 0.9841271736908018
vn 0.0046000009837086665 0.1774050337344016 0.9841271736908018
vn 0.0046000009837086665 0.1774050337344016 0.9841271736908018
vn 0.004399998240588155 0.14220394545386095 0.9898276000965208
vn 0.0046000009837086665 0.1774050337344016 0.9841271736908018
vn 0.0046000009837086665 0.1774050337344016 0.9841271736908018
vn 0.14109791932443516 0.024899987600892 0.9896824580539914
vn 0.0046000009837086665 0.1774050337344016 0.9841271736908018
vn 0.005399999086368122 0.04079799303042473 0.9991528230328715
vn 0.14109791932443516 0.024899987600892 0.9896824580539914
vn 0.005399999086368122 0.04079799303042473 0.9991528230328715
vn 0.006300000793158171 -0.1316960171041851 0.9912701292124665
vn 0.006300000793158171 -0.1316960171041851 0.9912701292124665
vn 0.14109791932443516 0.024899987600892 0.9896824580539914
vn 0.006300000793158171 -0.1316960171041851 0.9912701292124665
vn 0.14109791932443516 0.024899987600892 0.9896824580539914
vn 0.006300000793158171 -0.1316960171041851 0.9912701292124665
vn 0.14220004707140832 0.04740001941576115 0.9887023742119135
vn 0.006300000793158171 -0.1316960171041851 0.9912701292124665
vn 0.14220004707140832 0.04740001941576115 0.9887023742119135
vn 0.006300000793158171 -0.1316960171041851 0.9912701292124665
vn 0.14220004707140832 0.04740001941576115 0.9887023742119135
vn 0.6434041843216324 0.08490002260521104 0.7608042072432628
vn 0.14109791932443516 0.024899987600892 0.9896824580539914
vn 0.00659999900964084 0.07660299176670325 0.9970398295281202
vn 0.14220004707140832 0.04740001941576115 0.9887023742119135
vn 0.006300000793158171 -0.1316960171041851 0.9912701292124665
vn 0.14220004707140832 0.04740001941576115 0.9887023742119135
vn 0.00659999900964084 0.07660299176670325 0.9970398295281202
vn 0.006600001099398663 0.2107060317998931 0.9775271904906945
vn 0.6434041843216324 0.08490002260521104 0.7608042072432628
vn 0.14220004707140832 0.04740001941576115 0.9887023742119135
vn 0.1405039771462662 0.06520198595835928 0.9879308343366794
vn 0.006600001099398663 0.2107060317998931 0.9775271904906945
vn 0.1405039771462662 0.06520198595835928 0.9879308343366794
vn 0.14220004707140832 0.04740001941576115 0.9887023742119135
vn 0.006600001099398663 0.2107060317998931 0.9775271904906945
vn 0.1405039771462662 0.06520198595835928 0.9879308343366794
vn 0.006600001099398663 0.2107060317998931 0.9775271904906945
vn 0.1405039771462662 0.06520198595835928 0.9879308343366794
vn 0.006600001099398663 0.2107060317998931 0.9775271904906945
vn 0.006699999354354847 0.059798996693661836 0.9981879532448201
vn 0.006699999354354847 0.059798996693661836 0.9981879532448201
vn 0.006600001099398663 0.2107060317998931 0.9775271904906945
vn 0.006600001099398663 0.2107060317998931 0.9775271904906945
vn 0.006699999354354847 0.059798996693661836 0.9981879532448201
vn 0.006600001099398663 0.2107060317998931 0.9775271904906945
vn 0.006600001099398663 0.2107060317998931 0.9775271904906945
vn 0.1405039771462662 0.06520198595835928 0.9879308343366794
vn 0.006699999354354847 0.059798996693661836 0.9981879532448201
vn 0.0067000024490344425 -0.09169703629923631 0.9957644116462083
vn 0.1405039771462662 0.06520198595835928 0.9879308343366794
vn 0.0067000024490344425 -0.09169703629923631 0.9957644116462083
vn 0.0067000024490344425 -0.09169703629923631 0.9957644116462083
vn 0.0067000024490344425 -0.09169703629923631 0.9957644116462083
vn 0.13530396326579824 -0.26020691914604543 0.956025730173143
vn 0.1405039771462662 0.06520198595835928 0.9879308343366794
vn 0.5670790092845198 -0.390385003039849 0.7252730152366519
vn 0.1405039771462662 0.06520198595835928 0.9879308343366794
vn 0.13530396326579824 -0.26020691914604543 0.956025730173143
vn 0.1405039771462662 0.06520198595835928 0.9879308343366794
vn 0.5670790092845198 -0.390385003039849 0.7252730152366519
vn 0.606686980386092 0.10189799478214899 0.7883829694313437
vn 0.13530396326579824 -0.26020691914604543 0.956025730173143
vn 0.0067000024490344425 -0.09169703629923631 0.9957644116462083
vn 0 -0.2426059718962641 0.9701249107204026
vn 0 -0.2426059718962641 0.9701249107204026
vn 0.0067000024490344425 -0.09169703629923631 0.9957644116462083
vn 0.0067000024490344425 -0.09169703629923631 0.9957644116462083
vn 0 -0.2426059718962641 0.9701249107204026
vn 0.0067000024490344425 -0.09169703629923631 0.9957644116462083
vn 0.002600001295385326 -0.09169804378151282 0.995783464795388
vn -0.0067000024490344425 -0.09169703629923631 0.9957644116462083
vn 0 -0.2426059718962641 0.9701249107204026
vn 0.002600001295385326 -0.09169804378151282 0.995783464795388
vn 0.9926036724510906 0.1213999564934361 0
vn 0.606686980386092 0.10189799478214899 0.7883829694313437
vn 0.5670790092845198 -0.390385003039849 0.7252730152366519
vn -0.0067000024490344425 -0.09169703629923631 0.9957644116462083
vn 0 -0.2426059718962641 0.9701249107204026
vn -0.0067000024490344425 -0.09169703629923631 0.9957644116462083
vn 0.8900858476236474 -0.4557929177379715 0
vn 0.9926036724510906 0.1213999564934361 0
vn 0.5670790092845198 -0.390385003039849 0.7252730152366519
vn 0.13530396326579824 -0.26020691914604543 0.956025730173143
vn 0.28460390823367815 -0.9040116917319074 0.31900388184179046
vn 0.5670790092845198 -0.390385003039849 0.7252730152366519
vn 0.8900858476236474 -0.4557929177379715 0
vn 0.5670790092845198 -0.390385003039849 0.7252730152366519
vn 0.28460390823367815 -0.9040116917319074 0.31900388184179046
vn 0.28460390823367815 -0.9040116917319074 0.31900388184179046
vn 0.13530396326579824 -0.26020691914604543 0.956025730173143
vn 0.08990101739163397 -0.7795081431843688 0.6199071396436784
vn 0 -0.2426059718962641 0.9701249107204026
vn 0.08990101739163397 -0.7795081431843688 0.6199071396436784
vn 0.13530396326579824 -0.26020691914604543 0.956025730173143
vn 0.2813051051701467 -0.9596183813397974 0
vn 0.8900858476236474 -0.4557929177379715 0
vn 0.28460390823367815 -0.9040116917319074 0.31900388184179046
vn 0 -0.2426059718962641 0.9701249107204026
vn -0.0067000024490344425 -0.09169703629923631 0.9957644116462083
vn -0.13530396326579824 -0.26020691914604543 0.956025730173143
vn -0.0067000024490344425 -0.09169703629923631 0.9957644116462083
vn -0.13530396326579824 -0.26020691914604543 0.956025730173143
vn -0.0067000024490344425 -0.09169703629923631 0.9957644116462083
vn 0.010999994661242133 -0.9999394982284943 0
vn 0.28460390823367815 -0.9040116917319074 0.31900388184179046
vn 0.08990101739163397 -0.7795081431843688 0.6199071396436784
vn 0.010999994661242133 -0.9999394982284943 0
vn 0.2813051051701467 -0.9596183813397974 0
vn 0.28460390823367815 -0.9040116917319074 0.31900388184179046
vn 0.08990101739163397 -0.7795081431843688 0.6199071396436784
vn 0 -0.2426059718962641 0.9701249107204026
vn 0 -0.8173861801906481 0.5760901252697718
vn 0 -0.8173861801906481 0.5760901252697718
vn 0.010999994661242133 -0.9999394982284943 0
vn 0.08990101739163397 -0.7795081431843688 0.6199071396436784
vn -0.08990101739163397 -0.7795081431843688 0.6199071396436784
vn 0 -0.8173861801906481 0.5760901252697718
vn 0 -0.2426059718962641 0.9701249107204026
vn 0 -0.2426059718962641 0.9701249107204026
vn -0.13530396326579824 -0.26020691914604543 0.956025730173143
vn -0.08990101739163397 -0.7795081431843688 0.6199071396436784
vn 0.010999994661242133 -0.9999394982284943 0
vn 0 -0.8173861801906481 0.5760901252697718
vn 0 -1 0
vn -0.13530396326579824 -0.26020691914604543 0.956025730173143
vn -0.0067000024490344425 -0.09169703629923631 0.9957644116462083
vn -0.1406030493609283 0.06510202364449184 0.9879233315535171
vn -0.0067000024490344425 -0.09169703629923631 0.9957644116462083
vn -0.1406030493609283 0.06510202364449184 0.9879233315535171
vn -0.0067000024490344425 -0.09169703629923631 0.9957644116462083
vn -0.006699999123165206 0.0596999950504785 0.998193879265307
vn -0.1406030493609283 0.06510202364449184 0.9879233315535171
vn -0.0067000024490344425 -0.09169703629923631 0.9957644116462083
vn -0.006699999123165206 0.0596999950504785 0.998193879265307
vn -0.006599999274257169 0.21049397473383324 0.977572875345021
vn -0.006599999274257169 0.21049397473383324 0.977572875345021
vn -0.006699999123165206 0.0596999950504785 0.998193879265307
vn -0.006599999274257169 0.21049397473383324 0.977572875345021
vn -0.006599999274257169 0.21049397473383324 0.977572875345021
vn -0.006599999274257169 0.21049397473383324 0.977572875345021
vn -0.1406030493609283 0.06510202364449184 0.9879233315535171
vn -0.006699999123165206 0.0596999950504785 0.998193879265307
vn -0.1406030493609283 0.06510202364449184 0.9879233315535171
vn -0.006599999274257169 0.21049397473383324 0.977572875345021
vn -0.006599999274257169 0.21049397473383324 0.977572875345021
vn -0.1406030493609283 0.06510202364449184 0.9879233315535171
vn -0.006599999274257169 0.21049397473383324 0.977572875345021
vn -0.006599999274257169 0.21049397473383324 0.977572875345021
vn -0.2910819534790293 0.26158397659214444 0.9202418810014421
vn -0.1406030493609283 0.06510202364449184 0.9879233315535171
vn -0.006599999274257169 0.21049397473383324 0.977572875345021
vn -0.5670790092845198 -0.390385003039849 0.7252730152366519
vn -0.13530396326579824 -0.26020691914604543 0.956025730173143
vn -0.1406030493609283 0.06510202364449184 0.9879233315535171
vn -0.6434041843216324 0.08490002260521104 0.7608042072432628
vn -0.1406030493609283 0.06510202364449184 0.9879233315535171
vn -0.2910819534790293 0.26158397659214444 0.9202418810014421
vn -0.5670790092845198 -0.390385003039849 0.7252730152366519
vn -0.1406030493609283 0.06510202364449184 0.9879233315535171
vn -0.606686980386092 0.10189799478214899 0.7883829694313437
vn -0.1406030493609283 0.06510202364449184 0.9879233315535171
vn -0.6434041843216324 0.08490002260521104 0.7608042072432628
vn -0.606686980386092 0.10189799478214899 0.7883829694313437
vn -0.9926036724510906 0.1213999564934361 0
vn -0.5670790092845198 -0.390385003039849 0.7252730152366519
vn -0.606686980386092 0.10189799478214899 0.7883829694313437
vn -0.6434041843216324 0.08490002260521104 0.7608042072432628
vn -0.9926036724510906 0.1213999564934361 0
vn -0.606686980386092 0.10189799478214899 0.7883829694313437
vn -0.13530396326579824 -0.26020691914604543 0.956025730173143
vn -0.5670790092845198 -0.390385003039849 0.7252730152366519
vn -0.28460390823367815 -0.9040116917319074 0.31900388184179046
vn -0.31130810462189307 0.05130101659286188 0.9489233212927499
vn -0.6434041843216324 0.08490002260521104 0.7608042072432628
vn -0.2910819534790293 0.26158397659214444 0.9202418810014421
vn -0.3114099243820601 0.052401986490455923 0.9488297480624297
vn -0.31130810462189307 0.05130101659286188 0.9489233212927499
vn -0.2910819534790293 0.26158397659214444 0.9202418810014421
vn -0.3114099243820601 0.052401986490455923 0.9488297480624297
vn -0.2753039666738893 -0.16020298157325283 0.9479149384985248
vn -0.31130810462189307 0.05130101659286188 0.9489233212927499
vn -0.2753039666738893 -0.16020298157325283 0.9479149384985248
vn -0.6434041843216324 0.08490002260521104 0.7608042072432628
vn -0.31130810462189307 0.05130101659286188 0.9489233212927499
vn -0.28460390823367815 -0.9040116917319074 0.31900388184179046
vn -0.08990101739163397 -0.7795081431843688 0.6199071396436784
vn -0.13530396326579824 -0.26020691914604543 0.956025730173143
vn -0.8900858476236474 -0.4557929177379715 0
vn -0.28460390823367815 -0.9040116917319074 0.31900388184179046
vn -0.5670790092845198 -0.390385003039849 0.7252730152366519
vn -0.5670790092845198 -0.390385003039849 0.7252730152366519
vn -0.9926036724510906 0.1213999564934361 0
vn -0.8900858476236474 -0.4557929177379715 0
vn -0.28460390823367815 -0.9040116917319074 0.31900388184179046
vn -0.010999994661242133 -0.9999394982284943 0
vn -0.08990101739163397 -0.7795081431843688 0.6199071396436784
vn -0.010999994661242133 -0.9999394982284943 0
vn 0 -0.8173861801906481 0.5760901252697718
vn -0.08990101739163397 -0.7795081431843688 0.6199071396436784
vn -0.28460390823367815 -0.9040116917319074 0.31900388184179046
vn -0.8900858476236474 -0.4557929177379715 0
vn -0.2813051051701467 -0.9596183813397974 0
vn -0.010999994661242133 -0.9999394982284943 0
vn -0.28460390823367815 -0.9040116917319074 0.31900388184179046
vn -0.2813051051701467 -0.9596183813397974 0
vn -0.010999994661242133 -0.9999394982284943 0
vn 0 -1 0
vn 0 -0.8173861801906481 0.5760901252697718
vn -0.8900858476236474 -0.4557929177379715 0
vn -0.28460390823367815 -0.9040116917319074 -0.31900388184179046
vn -0.2813051051701467 -0.9596183813397974 0
vn -0.28460390823367815 -0.9040116917319074 -0.31900388184179046
vn -0.010999994661242133 -0.9999394982284943 0
vn -0.2813051051701467 -0.9596183813397974 0
vn -0.28460390823367815 -0.9040116917319074 -0.31900388184179046
vn -0.8900858476236474 -0.4557929177379715 0
vn -0.5670790092845198 -0.390385003039849 -0.7252730152366519
vn -0.9926036724510906 0.1213999564934361 0
vn -0.5670790092845198 -0.390385003039849 -0.7252730152366519
vn -0.8900858476236474 -0.4557929177379715 0
vn -0.28460390823367815 -0.9040116917319074 -0.31900388184179046
vn -0.08990101739163397 -0.7795081431843688 -0.6199071396436784
vn -0.010999994661242133 -0.9999394982284943 0
vn -0.010999994661242133 -0.9999394982284943 0
vn 0 -0.8173861801906481 -0.5760901252697718
vn 0 -1 0
vn 0 -0.8173861801906481 -0.5760901252697718
vn -0.010999994661242133 -0.9999394982284943 0
vn -0.08990101739163397 -0.7795081431843688 -0.6199071396436784
vn 0 -0.8173861801906481 -0.5760901252697718
vn 0.010999994661242133 -0.9999394982284943 0
vn 0 -1 0
vn -0.5670790092845198 -0.390385003039849 -0.7252730152366519
vn -0.9926036724510906 0.1213999564934361 0
vn -0.606686980386092 0.10189799478214899 -0.7883829694313437
vn -0.28460390823367815 -0.9040116917319074 -0.31900388184179046
vn -0.13530396326579824 -0.26020691914604543 -0.956025730173143
vn -0.08990101739163397 -0.7795081431843688 -0.6199071396436784
vn -0.13530396326579824 -0.26020691914604543 -0.956025730173143
vn -0.28460390823367815 -0.9040116917319074 -0.31900388184179046
vn -0.5670790092845198 -0.390385003039849 -0.7252730152366519
vn -0.08990101739163397 -0.7795081431843688 -0.6199071396436784
vn 0 -0.2426059718962641 -0.9701249107204026
vn 0 -0.8173861801906481 -0.5760901252697718
vn 0 -0.2426059718962641 -0.9701249107204026
vn -0.08990101739163397 -0.7795081431843688 -0.6199071396436784
vn -0.13530396326579824 -0.26020691914604543 -0.956025730173143
vn 0 -0.8173861801906481 -0.5760901252697718
vn 0.08990101739163397 -0.7795081431843688 -0.6199071396436784
vn 0.010999994661242133 -0.9999394982284943 0
vn 0 -0.2426059718962641 -0.9701249107204026
vn 0.08990101739163397 -0.7795081431843688 -0.6199071396436784
vn 0 -0.8173861801906481 -0.5760901252697718
vn 0.28460390823367815 -0.9040116917319074 -0.31900388184179046
vn 0.010999994661242133 -0.9999394982284943 0
vn 0.08990101739163397 -0.7795081431843688 -0.6199071396436784
vn 0.010999994661242133 -0.9999394982284943 0
vn 0.28460390823367815 -0.9040116917319074 -0.31900388184179046
vn 0.2813051051701467 -0.9596183813397974 0
vn 0.28460390823367815 -0.9040116917319074 -0.31900388184179046
vn 0.8900858476236474 -0.4557929177379715 0
vn 0.2813051051701467 -0.9596183813397974 0
vn 0.13530396326579824 -0.26020691914604543 -0.956025730173143
vn 0.28460390823367815 -0.9040116917319074 -0.31900388184179046
vn 0.08990101739163397 -0.7795081431843688 -0.6199071396436784
vn 0.08990101739163397 -0.7795081431843688 -0.6199071396436784
vn 0 -0.2426059718962641 -0.9701249107204026
vn 0.13530396326579824 -0.26020691914604543 -0.956025730173143
vn 0.8900858476236474 -0.4557929177379715 0
vn 0.28460390823367815 -0.9040116917319074 -0.31900388184179046
vn 0.5670790092845198 -0.390385003039849 -0.7252730152366519
vn 0.5670790092845198 -0.390385003039849 -0.7252730152366519
vn 0.28460390823367815 -0.9040116917319074 -0.31900388184179046
vn 0.13530396326579824 -0.26020691914604543 -0.956025730173143
vn 0.5670790092845198 -0.390385003039849 -0.7252730152366519
vn 0.9926036724510906 0.1213999564934361 0
vn 0.8900858476236474 -0.4557929177379715 0
vn 0.9926036724510906 0.1213999564934361 0
vn 0.5670790092845198 -0.390385003039849 -0.7252730152366519
vn 0.606686980386092 0.10189799478214899 -0.7883829694313437
vn 0.606686980386092 0.10189799478214899 -0.7883829694313437
vn 0.6434041843216324 0.08490002260521104 -0.7608042072432628
vn 0.9926036724510906 0.1213999564934361 0
vn 0.606686980386092 0.10189799478214899 -0.7883829694313437
vn 0.5670790092845198 -0.390385003039849 -0.7252730152366519
vn 0.1405039771462662 0.06520198595835928 -0.9879308343366794
vn 0.1405039771462662 0.06520198595835928 -0.9879308343366794
vn 0.6434041843216324 0.08490002260521104 -0.7608042072432628
vn 0.606686980386092 0.10189799478214899 -0.7883829694313437
vn 0.1405039771462662 0.06520198595835928 -0.9879308343366794
vn 0.5670790092845198 -0.390385003039849 -0.7252730152366519
vn 0.13530396326579824 -0.26020691914604543 -0.956025730173143
vn 0.9966735087486129 0.08149795677640388 0
vn 0.6434041843216324 0.08490002260521104 0.7608042072432628
vn 0.9947020454953904 0.10280000334283283 0
vn 0.6434041843216324 0.08490002260521104 0.7608042072432628
vn 0.9966735087486129 0.08149795677640388 0
vn 0.6152748685866856 0.05089798762840081 0.7866678021509563
vn 0.6434041843216324 0.08490002260521104 -0.7608042072432628
vn 0.9966735087486129 0.08149795677640388 0
vn 0.9947020454953904 0.10280000334283283 0
vn 0.6434041843216324 0.08490002260521104 0.7608042072432628
vn 0.9926036724510906 0.1213999564934361 0
vn 0.9947020454953904 0.10280000334283283 0
vn 0.6434041843216324 0.08490002260521104 -0.7608042072432628
vn 0.9947020454953904 0.10280000334283283 0
vn 0.9926036724510906 0.1213999564934361 0
vn 0.9926036724510906 0.1213999564934361 0
vn 0.6434041843216324 0.08490002260521104 0.7608042072432628
vn 0.606686980386092 0.10189799478214899 0.7883829694313437
vn 0.6434041843216324 0.08490002260521104 0.7608042072432628
vn 0.6152748685866856 0.05089798762840081 0.7866678021509563
vn 0.14109791932443516 0.024899987600892 0.9896824580539914
vn 0.1405039771462662 0.06520198595835928 0.9879308343366794
vn 0.606686980386092 0.10189799478214899 0.7883829694313437
vn 0.6434041843216324 0.08490002260521104 0.7608042072432628
vn 0.9966735087486129 0.08149795677640388 0
vn 0.6418700942510135 0.11809501639471628 0.7576650640018496
vn 0.6152748685866856 0.05089798762840081 0.7866678021509563
vn 0.6152748685866856 0.05089798762840081 0.7866678021509563
vn 0.6418700942510135 0.11809501639471628 0.7576650640018496
vn 0.14109791932443516 0.024899987600892 0.9896824580539914
vn 0.6152748685866856 0.05089798762840081 -0.7866678021509563
vn 0.9966735087486129 0.08149795677640388 0
vn 0.6434041843216324 0.08490002260521104 -0.7608042072432628
vn 0.6418700942510135 0.11809501639471628 -0.7576650640018496
vn 0.9966735087486129 0.08149795677640388 0
vn 0.6152748685866856 0.05089798762840081 -0.7866678021509563
vn 0.9966735087486129 0.08149795677640388 0
vn 0.6418700942510135 0.11809501639471628 -0.7576650640018496
vn 0.9895189621372935 0.14440299017241096 0
vn 0.6418700942510135 0.11809501639471628 0.7576650640018496
vn 0.9966735087486129 0.08149795677640388 0
vn 0.9895189621372935 0.14440299017241096 0
vn 0.14109805318179203 0.024700011477072844 -0.9896874500676165
vn 0.6418700942510135 0.11809501639471628 -0.7576650640018496
vn 0.6152748685866856 0.05089798762840081 -0.7866678021509563
vn 0.6434041843216324 0.08490002260521104 -0.7608042072432628
vn 0.14109805318179203 0.024700011477072844 -0.9896874500676165
vn 0.6152748685866856 0.05089798762840081 -0.7866678021509563
vn 0.6418700942510135 0.11809501639471628 -0.7576650640018496
vn 0.9867083673392973 0.1625010702199164 0
vn 0.9895189621372935 0.14440299017241096 0
vn 0.9867083673392973 0.1625010702199164 0
vn 0.6418700942510135 0.11809501639471628 0.7576650640018496
vn 0.9895189621372935 0.14440299017241096 0
vn 0.9867083673392973 0.1625010702199164 0
vn 0.6418700942510135 0.11809501639471628 -0.7576650640018496
vn 0.6141050840153414 0.13200101868979183 -0.7781071114257778
vn 0.6418700942510135 0.11809501639471628 0.7576650640018496
vn 0.9867083673392973 0.1625010702199164 0
vn 0.6141050840153414 0.13200101868979183 0.7781071114257778
vn 0.1378969515303232 0.08159797022485701 -0.9870796330660597
vn 0.6141050840153414 0.13200101868979183 -0.7781071114257778
vn 0.6418700942510135 0.11809501639471628 -0.7576650640018496
vn 0.5184689296951202 0.5593659377978304 -0.6467609423676961
vn 0.9867083673392973 0.1625010702199164 0
vn 0.6141050840153414 0.13200101868979183 -0.7781071114257778
vn 0.1378969515303232 0.08159797022485701 -0.9870796330660597
vn 0.5184689296951202 0.5593659377978304 -0.6467609423676961
vn 0.6141050840153414 0.13200101868979183 -0.7781071114257778
vn 0.9867083673392973 0.1625010702199164 0
vn 0.5184689296951202 0.5593659377978304 0.6467609423676961
vn 0.6141050840153414 0.13200101868979183 0.7781071114257778
vn 0.13789593336932088 0.08169796016170236 0.9870715044340104
vn 0.6418700942510135 0.11809501639471628 0.7576650640018496
vn 0.6141050840153414 0.13200101868979183 0.7781071114257778
vn 0.13789593336932088 0.08169796016170236 0.9870715044340104
vn 0.6141050840153414 0.13200101868979183 0.7781071114257778
vn 0.5184689296951202 0.5593659377978304 0.6467609423676961
vn 0.5184689296951202 0.5593659377978304 0.6467609423676961
vn 0.9867083673392973 0.1625010702199164 0
vn 0.7861864501618357 0.6179893733568009 0
vn 0.9867083673392973 0.1625010702199164 0
vn 0.5184689296951202 0.5593659377978304 -0.6467609423676961
vn 0.7861864501618357 0.6179893733568009 0
vn 0.7861864501618357 0.6179893733568009 0
vn 0.34189293133948667 0.857481875259477 0.3844919467317669
vn 0.5184689296951202 0.5593659377978304 0.6467609423676961
vn 0.1378969515303232 0.08159797022485701 -0.9870796330660597
vn 0.6418700942510135 0.11809501639471628 -0.7576650640018496
vn 0.14030494485678652 0.06700297163217515 -0.9878386124469888
vn 0.6418700942510135 0.11809501639471628 -0.7576650640018496
vn 0.14109805318179203 0.024700011477072844 -0.9896874500676165
vn 0.14030494485678652 0.06700297163217515 -0.9878386124469888
vn 0.34189293133948667 0.857481875259477 -0.3844919467317669
vn 0.7861864501618357 0.6179893733568009 0
vn 0.5184689296951202 0.5593659377978304 -0.6467609423676961
vn 0.5184689296951202 0.5593659377978304 -0.6467609423676961
vn 0.1378969515303232 0.08159797022485701 -0.9870796330660597
vn 0.12650404868980203 0.3936131496907162 -0.9105302927720977
vn 0.12650404868980203 0.3936131496907162 -0.9105302927720977
vn 0.34189293133948667 0.857481875259477 -0.3844919467317669
vn 0.5184689296951202 0.5593659377978304 -0.6467609423676961
vn 0.7861864501618357 0.6179893733568009 0
vn 0.34189293133948667 0.857481875259477 -0.3844919467317669
vn 0.43670289967299347 0.8996057900087124 0
vn 0.34189293133948667 0.857481875259477 0.3844919467317669
vn 0.7861864501618357 0.6179893733568009 0
vn 0.43670289967299347 0.8996057900087124 0
vn 0.34189293133948667 0.857481875259477 -0.3844919467317669
vn 0.12650404868980203 0.3936131496907162 -0.9105302927720977
vn 0.09909600741501963 0.7064700641405919 -0.7007710252197864
vn 0.5184689296951202 0.5593659377978304 0.6467609423676961
vn 0.34189293133948667 0.857481875259477 0.3844919467317669
vn 0.12650404868980203 0.3936131496907162 0.9105302927720977
vn 0.13789593336932088 0.08169796016170236 0.9870715044340104
vn 0.5184689296951202 0.5593659377978304 0.6467609423676961
vn 0.12650404868980203 0.3936131496907162 0.9105302927720977
vn -0.14109798695884318 0.024799999710458646 0.9896849590099485
vn -0.6434041843216324 0.08490002260521104 0.7608042072432628
vn -0.2753039666738893 -0.16020298157325283 0.9479149384985248
vn -0.6434041843216324 0.08490002260521104 0.7608042072432628
vn -0.14109798695884318 0.024799999710458646 0.9896849590099485
vn -0.6152748685866856 0.05089798762840081 0.7866678021509563
vn -0.14109798695884318 0.024799999710458646 0.9896849590099485
vn -0.6418700942510135 0.11809501639471628 0.7576650640018496
vn -0.6152748685866856 0.05089798762840081 0.7866678021509563
vn -0.9966735087486129 0.08149795677640388 0
vn -0.6434041843216324 0.08490002260521104 0.7608042072432628
vn -0.6152748685866856 0.05089798762840081 0.7866678021509563
vn -0.9966735087486129 0.08149795677640388 0
vn -0.6152748685866856 0.05089798762840081 0.7866678021509563
vn -0.6418700942510135 0.11809501639471628 0.7576650640018496
vn -0.9966735087486129 0.08149795677640388 0
vn -0.9947020454953904 0.10280000334283283 0
vn -0.6434041843216324 0.08490002260521104 0.7608042072432628
vn -0.9926036724510906 0.1213999564934361 0
vn -0.6434041843216324 0.08490002260521104 0.7608042072432628
vn -0.9947020454953904 0.10280000334283283 0
vn -0.6434041843216324 0.08490002260521104 -0.7608042072432628
vn -0.9926036724510906 0.1213999564934361 0
vn -0.9947020454953904 0.10280000334283283 0
vn -0.9966735087486129 0.08149795677640388 0
vn -0.6434041843216324 0.08490002260521104 -0.7608042072432628
vn -0.9947020454953904 0.10280000334283283 0
vn -0.9926036724510906 0.1213999564934361 0
vn -0.6434041843216324 0.08490002260521104 -0.7608042072432628
vn -0.606686980386092 0.10189799478214899 -0.7883829694313437
vn -0.9895189621372935 0.14440299017241096 0
vn -0.9966735087486129 0.08149795677640388 0
vn -0.6418700942510135 0.11809501639471628 0.7576650640018496
vn -0.6434041843216324 0.08490002260521104 -0.7608042072432628
vn -0.14060198547716835 0.06520099607280547 -0.9879169559183565
vn -0.606686980386092 0.10189799478214899 -0.7883829694313437
vn -0.6418700942510135 0.11809501639471628 0.7576650640018496
vn -0.9867083673392973 0.1625010702199164 0
vn -0.9895189621372935 0.14440299017241096 0
vn -0.14229804566177576 0.047399015185808246 -0.9886883227591265
vn -0.14060198547716835 0.06520099607280547 -0.9879169559183565
vn -0.6434041843216324 0.08490002260521104 -0.7608042072432628
vn -0.006600001099398663 0.2107060317998931 -0.9775271904906945
vn -0.14060198547716835 0.06520099607280547 -0.9879169559183565
vn -0.14229804566177576 0.047399015185808246 -0.9886883227591265
vn -0.14229804566177576 0.047399015185808246 -0.9886883227591265
vn -0.00659999900964084 0.07660299176670325 -0.9970398295281202
vn -0.006600001099398663 0.2107060317998931 -0.9775271904906945
vn -0.14229804566177576 0.047399015185808246 -0.9886883227591265
vn -0.00640000279927879 -0.13179406660682438 -0.9912564572154902
vn -0.00659999900964084 0.07660299176670325 -0.9970398295281202
vn -0.00640000279927879 -0.13179406660682438 -0.9912564572154902
vn -0.00640000279927879 -0.13179406660682438 -0.9912564572154902
vn -0.14229804566177576 0.047399015185808246 -0.9886883227591265
vn -0.14229804566177576 0.047399015185808246 -0.9886883227591265
vn -0.14100096748900626 0.024599993342749073 -0.9897037776500104
vn -0.00640000279927879 -0.13179406660682438 -0.9912564572154902
vn -0.6434041843216324 0.08490002260521104 -0.7608042072432628
vn -0.14100096748900626 0.024599993342749073 -0.9897037776500104
vn -0.14229804566177576 0.047399015185808246 -0.9886883227591265
vn -0.14100096748900626 0.024599993342749073 -0.9897037776500104
vn -0.00640000279927879 -0.13179406660682438 -0.9912564572154902
vn -0.00640000279927879 -0.13179406660682438 -0.9912564572154902
vn -0.14100096748900626 0.024599993342749073 -0.9897037776500104
vn -0.005200000718205135 0.040299003812109845 -0.9991741341149112
vn -0.00640000279927879 -0.13179406660682438 -0.9912564572154902
vn -0.005200000718205135 0.040299003812109845 -0.9991741341149112
vn -0.14100096748900626 0.024599993342749073 -0.9897037776500104
vn -0.004199999391169595 0.17649897493930614 -0.9842918631434929
vn -0.14100096748900626 0.024599993342749073 -0.9897037776500104
vn -0.6434041843216324 0.08490002260521104 -0.7608042072432628
vn -0.6152748685866856 0.05089798762840081 -0.7866678021509563
vn -0.6434041843216324 0.08490002260521104 -0.7608042072432628
vn -0.9966735087486129 0.08149795677640388 0
vn -0.6152748685866856 0.05089798762840081 -0.7866678021509563
vn -0.9966735087486129 0.08149795677640388 0
vn -0.6418700942510135 0.11809501639471628 -0.7576650640018496
vn -0.6152748685866856 0.05089798762840081 -0.7866678021509563
vn -0.14100096748900626 0.024599993342749073 -0.9897037776500104
vn -0.6152748685866856 0.05089798762840081 -0.7866678021509563
vn -0.6418700942510135 0.11809501639471628 -0.7576650640018496
vn -0.6418700942510135 0.11809501639471628 -0.7576650640018496
vn -0.9966735087486129 0.08149795677640388 0
vn -0.9895189621372935 0.14440299017241096 0
vn -0.14019505630744947 0.0668970256006325 -0.987861394200998
vn -0.004199999391169595 0.17649897493930614 -0.9842918631434929
vn -0.14100096748900626 0.024599993342749073 -0.9897037776500104
vn -0.6418700942510135 0.11809501639471628 -0.7576650640018496
vn -0.14019505630744947 0.0668970256006325 -0.987861394200998
vn -0.14100096748900626 0.024599993342749073 -0.9897037776500104
vn -0.14019505630744947 0.0668970256006325 -0.987861394200998
vn -0.004199999391169595 0.17649897493930614 -0.9842918631434929
vn -0.004199999391169595 0.17649897493930614 -0.9842918631434929
vn -0.6418700942510135 0.11809501639471628 -0.7576650640018496
vn -0.9895189621372935 0.14440299017241096 0
vn -0.9867083673392973 0.1625010702199164 0
vn -0.6141050840153414 0.13200101868979183 -0.7781071114257778
vn -0.6418700942510135 0.11809501639471628 -0.7576650640018496
vn -0.9867083673392973 0.1625010702199164 0
vn -0.13780002699409238 0.08150002126397392 -0.987101260810865
vn -0.6418700942510135 0.11809501639471628 -0.7576650640018496
vn -0.6141050840153414 0.13200101868979183 -0.7781071114257778
vn -0.6418700942510135 0.11809501639471628 -0.7576650640018496
vn -0.13780002699409238 0.08150002126397392 -0.987101260810865
vn -0.14019505630744947 0.0668970256006325 -0.987861394200998
vn -0.9867083673392973 0.1625010702199164 0
vn -0.5184689296951202 0.5593659377978304 -0.6467609423676961
vn -0.6141050840153414 0.13200101868979183 -0.7781071114257778
vn -0.13780002699409238 0.08150002126397392 -0.987101260810865
vn -0.6141050840153414 0.13200101868979183 -0.7781071114257778
vn -0.5184689296951202 0.5593659377978304 -0.6467609423676961
vn -0.5184689296951202 0.5593659377978304 -0.6467609423676961
vn -0.9867083673392973 0.1625010702199164 0
vn -0.7861864501618357 0.6179893733568009 0
vn -0.7861864501618357 0.6179893733568009 0
vn -0.9867083673392973 0.1625010702199164 0
vn -0.5184689296951202 0.5593659377978304 0.6467609423676961
vn -0.7861864501618357 0.6179893733568009 0
vn -0.5184689296951202 0.5593659377978304 0.6467609423676961
vn -0.34189293133948667 0.857481875259477 0.3844919467317669
vn -0.7861864501618357 0.6179893733568009 0
vn -0.34189293133948667 0.857481875259477 -0.3844919467317669
vn -0.5184689296951202 0.5593659377978304 -0.6467609423676961
vn -0.5184689296951202 0.5593659377978304 -0.6467609423676961
vn -0.12650404868980203 0.3936131496907162 -0.9105302927720977
vn -0.13780002699409238 0.08150002126397392 -0.987101260810865
vn -0.0008999998852581423 0.12590499323495946 -0.9920418956267479
vn -0.13780002699409238 0.08150002126397392 -0.987101260810865
vn -0.12650404868980203 0.3936131496907162 -0.9105302927720977
vn -0.13780002699409238 0.08150002126397392 -0.987101260810865
vn -0.0008999998852581423 0.12590499323495946 -0.9920418956267479
vn -0.0014999995355952905 -0.06080298053057006 -0.9981486600501913
vn -0.43670289967299347 0.8996057900087124 0
vn -0.7861864501618357 0.6179893733568009 0
vn -0.34189293133948667 0.857481875259477 0.3844919467317669
vn -0.34189293133948667 0.857481875259477 -0.3844919467317669
vn -0.7861864501618357 0.6179893733568009 0
vn -0.43670289967299347 0.8996057900087124 0
vn -0.43670289967299347 0.8996057900087124 0
vn -0.34189293133948667 0.857481875259477 0.3844919467317669
vn -0.5068010056095116 0.7001019666964989 0.5030009711132594
vn -0.43670289967299347 0.8996057900087124 0
vn -0.5068010056095116 0.7001019666964989 -0.5030009711132594
vn -0.34189293133948667 0.857481875259477 -0.3844919467317669
vn -0.685485916697405 0.7280858864237916 0
vn -0.43670289967299347 0.8996057900087124 0
vn -0.5068010056095116 0.7001019666964989 0.5030009711132594
vn -0.5068010056095116 0.7001019666964989 -0.5030009711132594
vn -0.43670289967299347 0.8996057900087124 0
vn -0.685485916697405 0.7280858864237916 0
vn -0.0014999995355952905 -0.06080298053057006 -0.9981486600501913
vn -0.13780002699409238 0.08150002126397392 -0.987101260810865
vn -0.0014999995355952905 -0.06080298053057006 -0.9981486600501913
vn -0.5068010056095116 0.7001019666964989 -0.5030009711132594
vn -0.685485916697405 0.7280858864237916 0
vn -0.9201814261066145 -0.39149220049497463 0
vn -0.5068010056095116 0.7001019666964989 0.5030009711132594
vn -0.9201814261066145 -0.39149220049497463 0
vn -0.685485916697405 0.7280858864237916 0
vn -0.0014999995355952905 -0.06080298053057006 -0.9981486600501913
vn -0.0014999995355952905 -0.06080298053057006 -0.9981486600501913
vn -0.0014999995355952905 -0.06080298053057006 -0.9981486600501913
vn -0.0014999995355952905 -0.06080298053057006 -0.9981486600501913
vn -0.0014999995355952905 -0.06080298053057006 -0.9981486600501913
vn -0.0014999995355952905 -0.06080298053057006 -0.9981486600501913
vn -0.13780002699409238 0.08150002126397392 -0.987101260810865
vn -0.0014999995355952905 -0.06080298053057006 -0.9981486600501913
vn -0.0014999995355952905 -0.06080298053057006 -0.9981486600501913
vn -0.13780002699409238 0.08150002126397392 -0.987101260810865
vn -0.0014999995355952905 -0.06080298053057006 -0.9981486600501913
vn -0.0014999995355952905 -0.06080298053057006 -0.9981486600501913
vn -0.13780002699409238 0.08150002126397392 -0.987101260810865
vn -0.0014999995355952905 -0.06080298053057006 -0.9981486600501913
vn -0.0014999995355952905 -0.06080298053057006 -0.9981486600501913
vn -0.13780002699409238 0.08150002126397392 -0.987101260810865
vn -0.0014999995355952905 -0.06080298053057006 -0.9981486600501913
vn -0.0014999995355952905 -0.06080298053057006 -0.9981486600501913
vn -0.14019505630744947 0.0668970256006325 -0.987861394200998
vn -0.13780002699409238 0.08150002126397392 -0.987101260810865
vn -0.0014999995355952905 -0.06080298053057006 -0.9981486600501913
vn -0.14019505630744947 0.0668970256006325 -0.987861394200998
vn -0.0014999995355952905 -0.06080298053057006 -0.9981486600501913
vn -0.0014999995355952905 -0.06080298053057006 -0.9981486600501913
vn -0.0014999995355952905 -0.06080298053057006 -0.9981486600501913
vn -0.0014999995355952905 -0.06080298053057006 -0.9981486600501913
vn -0.14019505630744947 0.0668970256006325 -0.987861394200998
vn -0.003399999389235363 0.10579797819932713 -0.9943818320007097
vn -0.14019505630744947 0.0668970256006325 -0.987861394200998
vn -0.0014999995355952905 -0.06080298053057006 -0.9981486600501913
vn -0.003399999389235363 0.10579797819932713 -0.9943818320007097
vn -0.004199999391169595 0.17649897493930614 -0.9842918631434929
vn -0.14019505630744947 0.0668970256006325 -0.987861394200998
vn -0.004199999391169595 0.17649897493930614 -0.9842918631434929
vn -0.003399999389235363 0.10579797819932713 -0.9943818320007097
vn -0.004199999391169595 0.17649897493930614 -0.9842918631434929
vn -0.004199999391169595 0.17649897493930614 -0.9842918631434929
vn -0.004199999391169595 0.17649897493930614 -0.9842918631434929
vn -0.004199999391169595 0.17649897493930614 -0.9842918631434929
vn -0.004199999391169595 0.17649897493930614 -0.9842918631434929
vn -0.004199999391169595 0.17649897493930614 -0.9842918631434929
vn -0.004199999391169595 0.17649897493930614 -0.9842918631434929
vn -0.004000002299729443 0.14179807929723262 -0.9898875212311841
vn -0.004199999391169595 0.17649897493930614 -0.9842918631434929
vn -0.004199999391169595 0.17649897493930614 -0.9842918631434929
vn -0.004199999391169595 0.17649897493930614 -0.9842918631434929
vn -0.004000002299729443 0.14179807929723262 -0.9898875212311841
vn -0.0036000014053826075 0.05879802418030241 -0.9982634082958134
vn -0.004199999391169595 0.17649897493930614 -0.9842918631434929
vn -0.0036000014053826075 0.05879802418030241 -0.9982634082958134
vn -0.004199999391169595 0.17649897493930614 -0.9842918631434929
vn -0.0036000014053826075 0.05879802418030241 -0.9982634082958134
vn -0.004000002299729443 0.14179807929723262 -0.9898875212311841
vn -0.0029999989887830253 -0.059401979619912455 -0.9982296353160943
vn -0.0029999989887830253 -0.059401979619912455 -0.9982296353160943
vn -0.0029999989887830253 -0.059401979619912455 -0.9982296353160943
vn -0.0036000014053826075 0.05879802418030241 -0.9982634082958134
vn -0.007099998311458299 -0.13099397498576296 -0.9913577399412418
vn -0.007099998311458299 -0.13099397498576296 -0.9913577399412418
vn -0.007099998311458299 -0.13099397498576296 -0.9913577399412418
vn -0.007099998311458299 -0.13099397498576296 -0.9913577399412418
vn -0.007099998311458299 -0.13099397498576296 -0.9913577399412418
vn -0.007099998311458299 -0.13099397498576296 -0.9913577399412418
vn -0.007099998311458299 -0.13099397498576296 -0.9913577399412418
vn -0.007099998311458299 -0.13099397498576296 -0.9913577399412418
vn -0.007099998311458299 -0.13099397498576296 -0.9913577399412418
vn -0.007099998311458299 -0.13099397498576296 -0.9913577399412418
vn -0.007099998311458299 -0.13099397498576296 -0.9913577399412418
vn -0.007099998311458299 -0.13099397498576296 -0.9913577399412418
vn -0.007099998311458299 -0.13099397498576296 -0.9913577399412418
vn -0.007099998311458299 -0.13099397498576296 -0.9913577399412418
vn -0.007099998311458299 -0.13099397498576296 -0.9913577399412418
vn -0.007099998311458299 -0.13099397498576296 -0.9913577399412418
vn -0.007099998311458299 -0.13099397498576296 -0.9913577399412418
vn -0.007099998311458299 -0.13099397498576296 -0.9913577399412418
vn 0.00579999809589683 0.17840694221411152 -0.983939694794299
vn 0.00579999809589683 0.17840694221411152 -0.983939694794299
vn 0.00579999809589683 0.17840694221411152 -0.983939694794299
vn 0.00579999809589683 0.17840694221411152 -0.983939694794299
vn 0.00579999809589683 0.17840694221411152 -0.983939694794299
vn 0.00579999809589683 0.17840694221411152 -0.983939694794299
vn 0.00579999809589683 0.17840694221411152 -0.983939694794299
vn 0.00579999809589683 0.17840694221411152 -0.983939694794299
vn 0.00579999809589683 0.17840694221411152 -0.983939694794299
vn 0.00579999809589683 0.17840694221411152 -0.983939694794299
vn 0.00579999809589683 0.17840694221411152 -0.983939694794299
vn 0.00579999809589683 0.17840694221411152 -0.983939694794299
vn 0.00579999809589683 0.17840694221411152 -0.983939694794299
vn 0.00579999809589683 0.17840694221411152 -0.983939694794299
vn 0.00579999809589683 0.17840694221411152 -0.983939694794299
vn 0.0034000007963460397 0.0588980111981716 0.9982582152286477
vn 0.000800000002397588 -0.060100002050039965 0.9981920405180466
vn -0.0005000001558958302 0.059900016522636435 0.9982042566631502
vn 0.000800000002397588 -0.060100002050039965 0.9981920405180466
vn -0.004500001644524188 0.14179806243216814 0.989885376937998
vn -0.0005000001558958302 0.059900016522636435 0.9982042566631502
vn 0.000800000002397588 -0.060100002050039965 0.9981920405180466
vn 0.0034000007963460397 0.0588980111981716 0.9982582152286477
vn 0.002900000920448705 -0.06110201930441885 0.9981273131377498
vn -0.004500001644524188 0.14179806243216814 0.989885376937998
vn -0.004700000641168153 0.1786020220516137 0.9839101725833755
vn -0.0005000001558958302 0.059900016522636435 0.9982042566631502
vn -0.004999998225253271 0.17809994555657724 0.9839996999036593
vn -0.004700000641168153 0.1786020220516137 0.9839101725833755
vn -0.004500001644524188 0.14179806243216814 0.989885376937998
vn -0.0002999999976708126 0.17910498881017714 0.9838299207603456
vn -0.0005000001558958302 0.059900016522636435 0.9982042566631502
vn -0.004700000641168153 0.1786020220516137 0.9839101725833755
vn -0.0002999999976708126 0.17910498881017714 0.9838299207603456
vn 0.0034000007963460397 0.0588980111981716 0.9982582152286477
vn -0.0005000001558958302 0.059900016522636435 0.9982042566631502
vn -0.004700000641168153 0.1786020220516137 0.9839101725833755
vn -0.004999998225253271 0.17809994555657724 0.9839996999036593
vn -0.005099998750383943 0.178002948194965 0.9840167378894764
vn -0.005499998535986797 0.17719295470682428 0.9841607626899019
vn -0.005099998750383943 0.178002948194965 0.9840167378894764
vn -0.004999998225253271 0.17809994555657724 0.9839996999036593
vn -0.005499998535986797 0.17719295470682428 0.9841607626899019
vn -0.005099998750383943 0.178002948194965 0.9840167378894764
vn -0.005499998535986797 0.17719295470682428 0.9841607626899019
vn -0.005499998535986797 0.17719295470682428 0.9841607626899019
vn -0.005499998535986797 0.17719295470682428 0.9841607626899019
vn -0.005099998750383943 0.178002948194965 0.9840167378894764
vn -0.005499998535986797 0.17719295470682428 0.9841607626899019
vn -0.005499998535986797 0.17719295470682428 0.9841607626899019
vn -0.005499998535986797 0.17719295470682428 0.9841607626899019
vn -0.005499998535986797 0.17719295470682428 0.9841607626899019
vn -0.005499998535986797 0.17719295470682428 0.9841607626899019
vn -0.005499998535986797 0.17719295470682428 0.9841607626899019
vn 0.003899999699407926 0.1781979859277445 0.9839869246151799
vn 0.0034000007963460397 0.0588980111981716 0.9982582152286477
vn -0.0002999999976708126 0.17910498881017714 0.9838299207603456
vn 0.0046000009837086665 0.1774050337344016 0.9841271736908018
vn 0.0034000007963460397 0.0588980111981716 0.9982582152286477
vn 0.003899999699407926 0.1781979859277445 0.9839869246151799
vn 0.0046000009837086665 0.1774050337344016 0.9841271736908018
vn 0.004399998240588155 0.14220394545386095 0.9898276000965208
vn 0.0034000007963460397 0.0588980111981716 0.9982582152286477
vn 0.0034000007963460397 0.0588980111981716 0.9982582152286477
vn 0.004399998240588155 0.14220394545386095 0.9898276000965208
vn 0.0029999990891361613 -0.06140097920739232 0.9981086713168255
vn 0.0034000007963460397 0.0588980111981716 0.9982582152286477
vn 0.0029999990891361613 -0.06140097920739232 0.9981086713168255
vn 0.002900000920448705 -0.06110201930441885 0.9981273131377498
vn 0.13530396326579824 -0.26020691914604543 -0.956025730173143
vn 0.0067000024490344425 -0.09169703629923631 -0.9957644116462083
vn 0.1405039771462662 0.06520198595835928 -0.9879308343366794
vn 0.0067000024490344425 -0.09169703629923631 -0.9957644116462083
vn 0.13530396326579824 -0.26020691914604543 -0.956025730173143
vn 0.0067000024490344425 -0.09169703629923631 -0.9957644116462083
vn 0 -0.2426059718962641 -0.9701249107204026
vn 0.0067000024490344425 -0.09169703629923631 -0.9957644116462083
vn 0.13530396326579824 -0.26020691914604543 -0.956025730173143
vn 0.1405039771462662 0.06520198595835928 -0.9879308343366794
vn 0.0067000024490344425 -0.09169703629923631 -0.9957644116462083
vn 0.0067000024490344425 -0.09169703629923631 -0.9957644116462083
vn 0.0067000024490344425 -0.09169703629923631 -0.9957644116462083
vn 0 -0.2426059718962641 -0.9701249107204026
vn 0.0067000024490344425 -0.09169703629923631 -0.9957644116462083
vn 0 -0.2426059718962641 -0.9701249107204026
vn -0.002600001295385326 -0.09169804378151282 -0.995783464795388
vn 0.0067000024490344425 -0.09169703629923631 -0.9957644116462083
vn 0 -0.2426059718962641 -0.9701249107204026
vn -0.0067000024490344425 -0.09169703629923631 -0.9957644116462083
vn -0.002600001295385326 -0.09169804378151282 -0.995783464795388
vn 0 -0.2426059718962641 -0.9701249107204026
vn -0.0067000024490344425 -0.09169703629923631 -0.9957644116462083
vn -0.0067000024490344425 -0.09169703629923631 -0.9957644116462083
vn -0.13530396326579824 -0.26020691914604543 -0.956025730173143
vn -0.0067000024490344425 -0.09169703629923631 -0.9957644116462083
vn 0 -0.2426059718962641 -0.9701249107204026
vn 0.1405039771462662 0.06520198595835928 -0.9879308343366794
vn 0.0067000024490344425 -0.09169703629923631 -0.9957644116462083
vn 0.0066999995175965185 0.0598989961139812 -0.998181957496228
vn -0.0067000024490344425 -0.09169703629923631 -0.9957644116462083
vn -0.13530396326579824 -0.26020691914604543 -0.956025730173143
vn -0.14060198547716835 0.06520099607280547 -0.9879169559183565
vn -0.5670790092845198 -0.390385003039849 -0.7252730152366519
vn -0.14060198547716835 0.06520099607280547 -0.9879169559183565
vn -0.13530396326579824 -0.26020691914604543 -0.956025730173143
vn -0.14060198547716835 0.06520099607280547 -0.9879169559183565
vn -0.0067000024490344425 -0.09169703629923631 -0.9957644116462083
vn -0.0067000024490344425 -0.09169703629923631 -0.9957644116462083
vn -0.14060198547716835 0.06520099607280547 -0.9879169559183565
vn -0.5670790092845198 -0.390385003039849 -0.7252730152366519
vn -0.606686980386092 0.10189799478214899 -0.7883829694313437
vn -0.14060198547716835 0.06520099607280547 -0.9879169559183565
vn -0.006699999354354847 0.059798996693661836 -0.9981879532448201
vn -0.0067000024490344425 -0.09169703629923631 -0.9957644116462083
vn 0.0066999995175965185 0.0598989961139812 -0.998181957496228
vn 0.006500001237647669 0.21080203953016466 -0.9775071611573152
vn 0.006500001237647669 0.21080203953016466 -0.9775071611573152
vn 0.0066999995175965185 0.0598989961139812 -0.998181957496228
vn 0.006500001237647669 0.21080203953016466 -0.9775071611573152
vn 0.006500001237647669 0.21080203953016466 -0.9775071611573152
vn 0.006500001237647669 0.21080203953016466 -0.9775071611573152
vn 0.1405039771462662 0.06520198595835928 -0.9879308343366794
vn 0.0066999995175965185 0.0598989961139812 -0.998181957496228
vn 0.1405039771462662 0.06520198595835928 -0.9879308343366794
vn 0.006500001237647669 0.21080203953016466 -0.9775071611573152
vn 0.006500001237647669 0.21080203953016466 -0.9775071611573152
vn 0.006500001237647669 0.21080203953016466 -0.9775071611573152
vn 0.1405039771462662 0.06520198595835928 -0.9879308343366794
vn 0.006500001237647669 0.21080203953016466 -0.9775071611573152
vn -0.006600001099398663 0.2107060317998931 -0.9775271904906945
vn -0.006699999354354847 0.059798996693661836 -0.9981879532448201
vn -0.006600001099398663 0.2107060317998931 -0.9775271904906945
vn -0.006699999354354847 0.059798996693661836 -0.9981879532448201
vn -0.006600001099398663 0.2107060317998931 -0.9775271904906945
vn -0.006600001099398663 0.2107060317998931 -0.9775271904906945
vn -0.14060198547716835 0.06520099607280547 -0.9879169559183565
vn -0.006600001099398663 0.2107060317998931 -0.9775271904906945
vn -0.006699999354354847 0.059798996693661836 -0.9981879532448201
vn -0.006600001099398663 0.2107060317998931 -0.9775271904906945
vn -0.14060198547716835 0.06520099607280547 -0.9879169559183565
vn -0.006600001099398663 0.2107060317998931 -0.9775271904906945
vn 0.1422969819312122 0.04759899305226351 -0.9886788683863323
vn 0.1405039771462662 0.06520198595835928 -0.9879308343366794
vn 0.006500001237647669 0.21080203953016466 -0.9775071611573152
vn 0.6434041843216324 0.08490002260521104 -0.7608042072432628
vn 0.1405039771462662 0.06520198595835928 -0.9879308343366794
vn 0.1422969819312122 0.04759899305226351 -0.9886788683863323
vn 0.1422969819312122 0.04759899305226351 -0.9886788683863323
vn 0.006500001237647669 0.21080203953016466 -0.9775071611573152
vn 0.006700001126025843 0.040398009700162774 -0.9991612036088955
vn 0.006700001126025843 0.040398009700162774 -0.9991612036088955
vn 0.006600001920144943 -0.1313030363815004 -0.9913203077772857
vn 0.1422969819312122 0.04759899305226351 -0.9886788683863323
vn 0.14109805318179203 0.024700011477072844 -0.9896874500676165
vn 0.6434041843216324 0.08490002260521104 -0.7608042072432628
vn 0.1422969819312122 0.04759899305226351 -0.9886788683863323
vn 0.14109805318179203 0.024700011477072844 -0.9896874500676165
vn 0.1422969819312122 0.04759899305226351 -0.9886788683863323
vn 0.006600001920144943 -0.1313030363815004 -0.9913203077772857
vn 0.14109805318179203 0.024700011477072844 -0.9896874500676165
vn 0.006600001920144943 -0.1313030363815004 -0.9913203077772857
vn 0.006600001920144943 -0.1313030363815004 -0.9913203077772857
vn 0.14109805318179203 0.024700011477072844 -0.9896874500676165
vn 0.006600001920144943 -0.1313030363815004 -0.9913203077772857
vn 0.006600001920144943 -0.1313030363815004 -0.9913203077772857
vn 0.006600001920144943 -0.1313030363815004 -0.9913203077772857
vn 0.006199998643630394 -0.0740029852226463 -0.9972387468379653
vn 0.14109805318179203 0.024700011477072844 -0.9896874500676165
vn 0.006600001920144943 -0.1313030363815004 -0.9913203077772857
vn 0.006199998643630394 -0.0740029852226463 -0.9972387468379653
vn 0.006600001920144943 -0.1313030363815004 -0.9913203077772857
vn 0.006199998643630394 -0.0740029852226463 -0.9972387468379653
vn 0.006600001920144943 -0.1313030363815004 -0.9913203077772857
vn 0.006600001920144943 -0.1313030363815004 -0.9913203077772857
vn 0.006600001920144943 -0.1313030363815004 -0.9913203077772857
vn 0.006600001920144943 -0.1313030363815004 -0.9913203077772857
vn 0.006600001920144943 -0.1313030363815004 -0.9913203077772857
vn 0.006600001920144943 -0.1313030363815004 -0.9913203077772857
vn 0.006600001920144943 -0.1313030363815004 -0.9913203077772857
vn 0.006600001920144943 -0.1313030363815004 -0.9913203077772857
vn 0.006600001920144943 -0.1313030363815004 -0.9913203077772857
vn 0.006600001920144943 -0.1313030363815004 -0.9913203077772857
vn 0.006600001920144943 -0.1313030363815004 -0.9913203077772857
vn 0.14109805318179203 0.024700011477072844 -0.9896874500676165
vn 0.006199998643630394 -0.0740029852226463 -0.9972387468379653
vn 0.0042999992887054715 0.1764019674023152 -0.9843088214085607
vn 0.14109805318179203 0.024700011477072844 -0.9896874500676165
vn 0.0042999992887054715 0.1764019674023152 -0.9843088214085607
vn 0.0042999992887054715 0.1764019674023152 -0.9843088214085607
vn 0.14109805318179203 0.024700011477072844 -0.9896874500676165
vn 0.0042999992887054715 0.1764019674023152 -0.9843088214085607
vn 0.0042999992887054715 0.1764019674023152 -0.9843088214085607
vn 0.0042999992887054715 0.1764019674023152 -0.9843088214085607
vn 0.14109805318179203 0.024700011477072844 -0.9896874500676165
vn 0.0042999992887054715 0.1764019674023152 -0.9843088214085607
vn 0.14030494485678652 0.06700297163217515 -0.9878386124469888
vn 0.14109805318179203 0.024700011477072844 -0.9896874500676165
vn 0.0042999992887054715 0.1764019674023152 -0.9843088214085607
vn 0.14030494485678652 0.06700297163217515 -0.9878386124469888
vn 0.0042999992887054715 0.1764019674023152 -0.9843088214085607
vn 0.0042999992887054715 0.1764019674023152 -0.9843088214085607
vn 0.0027999991563089238 0.0386019879846754 -0.9992507425708301
vn 0.14030494485678652 0.06700297163217515 -0.9878386124469888
vn 0.0042999992887054715 0.1764019674023152 -0.9843088214085607
vn 0.14030494485678652 0.06700297163217515 -0.9878386124469888
vn 0.0027999991563089238 0.0386019879846754 -0.9992507425708301
vn 0.0016999999006961793 -0.06039799689497744 -0.998172926887627
vn 0.0016999999006961793 -0.06039799689497744 -0.998172926887627
vn 0.1378969515303232 0.08159797022485701 -0.9870796330660597
vn 0.14030494485678652 0.06700297163217515 -0.9878386124469888
vn 0.0016999999006961793 -0.06039799689497744 -0.998172926887627
vn 0.1378969515303232 0.08159797022485701 -0.9870796330660597
vn 0.0016999999006961793 -0.06039799689497744 -0.998172926887627
vn 0.0016999999006961793 -0.06039799689497744 -0.998172926887627
vn 0.1378969515303232 0.08159797022485701 -0.9870796330660597
vn 0.0016999999006961793 -0.06039799689497744 -0.998172926887627
vn 0.0016999999006961793 -0.06039799689497744 -0.998172926887627
vn 0.0016999999006961793 -0.06039799689497744 -0.998172926887627
vn 0.0016999999006961793 -0.06039799689497744 -0.998172926887627
vn 0.0016999999006961793 -0.06039799689497744 -0.998172926887627
vn 0.0016999999006961793 -0.06039799689497744 -0.998172926887627
vn 0.0016999999006961793 -0.06039799689497744 -0.998172926887627
vn 0.1378969515303232 0.08159797022485701 -0.9870796330660597
vn 0.0016999999006961793 -0.06039799689497744 -0.998172926887627
vn 0.0016999999006961793 -0.06039799689497744 -0.998172926887627
vn 0.0008999998965665966 0.12610198814867643 -0.992016874143347
vn 0.1378969515303232 0.08159797022485701 -0.9870796330660597
vn 0.0016999999006961793 -0.06039799689497744 -0.998172926887627
vn 0.1378969515303232 0.08159797022485701 -0.9870796330660597
vn 0.0008999998965665966 0.12610198814867643 -0.992016874143347
vn 0.12650404868980203 0.3936131496907162 -0.9105302927720977
vn 0.0008999998965665966 0.12610198814867643 -0.992016874143347
vn 0 0.3708907916347185 -0.9286764887088355
vn 0.12650404868980203 0.3936131496907162 -0.9105302927720977
vn 0 0.3708907916347185 -0.9286764887088355
vn 0.0008999998965665966 0.12610198814867643 -0.992016874143347
vn 0.0006000002955891037 0.2114000963460642 -0.9773994266749494
vn 0 0.3708907916347185 -0.9286764887088355
vn 0.0006000002955891037 0.2114000963460642 -0.9773994266749494
vn -0.00019999991790210282 0.2113999208040676 -0.9773996283425049
vn 0 0.3708907916347185 -0.9286764887088355
vn 0.09909600741501963 0.7064700641405919 -0.7007710252197864
vn 0.12650404868980203 0.3936131496907162 -0.9105302927720977
vn -0.0008999998852581423 0.12590499323495946 -0.9920418956267479
vn 0 0.3708907916347185 -0.9286764887088355
vn -0.00019999991790210282 0.2113999208040676 -0.9773996283425049
vn 0.09909600741501963 0.7064700641405919 -0.7007710252197864
vn 0 0.3708907916347185 -0.9286764887088355
vn 0 0.6820792551242683 -0.7312782573884741
vn 0 0.3708907916347185 -0.9286764887088355
vn -0.0008999998852581423 0.12590499323495946 -0.9920418956267479
vn -0.12650404868980203 0.3936131496907162 -0.9105302927720977
vn 0 0.6820792551242683 -0.7312782573884741
vn 0.13189601817762156 0.4348870384577679 -0.8907730935374732
vn 0.09909600741501963 0.7064700641405919 -0.7007710252197864
vn -0.09909600741501963 0.7064700641405919 -0.7007710252197864
vn 0 0.6820792551242683 -0.7312782573884741
vn 0 0.3708907916347185 -0.9286764887088355
vn 0 0.3708907916347185 -0.9286764887088355
vn -0.12650404868980203 0.3936131496907162 -0.9105302927720977
vn -0.09909600741501963 0.7064700641405919 -0.7007710252197864
vn 0.13189601817762156 0.4348870384577679 -0.8907730935374732
vn 0 0.6820792551242683 -0.7312782573884741
vn 0 0.3299050416447372 -0.9440141225095015
vn 0.5068010056095116 0.7001019666964989 -0.5030009711132594
vn 0.09909600741501963 0.7064700641405919 -0.7007710252197864
vn 0.13189601817762156 0.4348870384577679 -0.8907730935374732
vn 0 0.6820792551242683 -0.7312782573884741
vn -0.13189601817762156 0.4348870384577679 -0.8907730935374732
vn 0 0.3299050416447372 -0.9440141225095015
vn 0 0.6820792551242683 -0.7312782573884741
vn -0.09909600741501963 0.7064700641405919 -0.7007710252197864
vn -0.13189601817762156 0.4348870384577679 -0.8907730935374732
vn 0 -0.2641920060530505 -0.9644701052586673
vn 0.13189601817762156 0.4348870384577679 -0.8907730935374732
vn 0 0.3299050416447372 -0.9440141225095015
vn -0.13189601817762156 0.4348870384577679 -0.8907730935374732
vn 0 -0.2641920060530505 -0.9644701052586673
vn 0 0.3299050416447372 -0.9440141225095015
vn 0.14299703812755674 -0.2909930894604202 -0.9459782603067716
vn 0.5068010056095116 0.7001019666964989 -0.5030009711132594
vn 0.13189601817762156 0.4348870384577679 -0.8907730935374732
vn 0 -0.2641920060530505 -0.9644701052586673
vn 0.14299703812755674 -0.2909930894604202 -0.9459782603067716
vn 0.13189601817762156 0.4348870384577679 -0.8907730935374732
vn 0 -0.2641920060530505 -0.9644701052586673
vn -0.13189601817762156 0.4348870384577679 -0.8907730935374732
vn -0.14299703812755674 -0.2909930894604202 -0.9459782603067716
vn 0 -0.4665087791102438 -0.8845165679697978
vn 0.14299703812755674 -0.2909930894604202 -0.9459782603067716
vn 0 -0.2641920060530505 -0.9644701052586673
vn -0.14299703812755674 -0.2909930894604202 -0.9459782603067716
vn 0 -0.4665087791102438 -0.8845165679697978
vn 0 -0.2641920060530505 -0.9644701052586673
vn -0.5068010056095116 0.7001019666964989 -0.5030009711132594
vn -0.14299703812755674 -0.2909930894604202 -0.9459782603067716
vn -0.13189601817762156 0.4348870384577679 -0.8907730935374732
vn -0.09909600741501963 0.7064700641405919 -0.7007710252197864
vn -0.5068010056095116 0.7001019666964989 -0.5030009711132594
vn -0.13189601817762156 0.4348870384577679 -0.8907730935374732
vn 0 -0.4665087791102438 -0.8845165679697978
vn -0.14299703812755674 -0.2909930894604202 -0.9459782603067716
vn -0.13150305466817988 -0.5270132194866998 -0.8396213510262834
vn -0.34189293133948667 0.857481875259477 -0.3844919467317669
vn -0.09909600741501963 0.7064700641405919 -0.7007710252197864
vn -0.12650404868980203 0.3936131496907162 -0.9105302927720977
vn -0.09909600741501963 0.7064700641405919 -0.7007710252197864
vn -0.34189293133948667 0.857481875259477 -0.3844919467317669
vn -0.5068010056095116 0.7001019666964989 -0.5030009711132594
vn -0.12650404868980203 0.3936131496907162 -0.9105302927720977
vn -0.5184689296951202 0.5593659377978304 -0.6467609423676961
vn -0.34189293133948667 0.857481875259477 -0.3844919467317669
vn -0.13150305466817988 -0.5270132194866998 -0.8396213510262834
vn 0 -0.6384020623496989 -0.7697030640368084
vn 0 -0.4665087791102438 -0.8845165679697978
vn 0 -0.6384020623496989 -0.7697030640368084
vn -0.13150305466817988 -0.5270132194866998 -0.8396213510262834
vn -0.12029705010345068 -0.6726853083449807 -0.7300843072366547
vn 0 -0.6384020623496989 -0.7697030640368084
vn 0.13150305466817988 -0.5270132194866998 -0.8396213510262834
vn 0 -0.4665087791102438 -0.8845165679697978
vn 0 -0.4665087791102438 -0.8845165679697978
vn 0.13150305466817988 -0.5270132194866998 -0.8396213510262834
vn 0.14299703812755674 -0.2909930894604202 -0.9459782603067716
vn 0 -0.6384020623496989 -0.7697030640368084
vn 0.12029705010345068 -0.6726853083449807 -0.7300843072366547
vn 0.13150305466817988 -0.5270132194866998 -0.8396213510262834
vn 0.611059251032899 -0.3962741566982786 -0.6852542480424187
vn 0.14299703812755674 -0.2909930894604202 -0.9459782603067716
vn 0.13150305466817988 -0.5270132194866998 -0.8396213510262834
vn 0.14299703812755674 -0.2909930894604202 -0.9459782603067716
vn 0.611059251032899 -0.3962741566982786 -0.6852542480424187
vn 0.5068010056095116 0.7001019666964989 -0.5030009711132594
vn 0.5071990086787715 -0.6849980018749362 -0.5229979952376648
vn 0.13150305466817988 -0.5270132194866998 -0.8396213510262834
vn 0.12029705010345068 -0.6726853083449807 -0.7300843072366547
vn 0.13150305466817988 -0.5270132194866998 -0.8396213510262834
vn 0.5071990086787715 -0.6849980018749362 -0.5229979952376648
vn 0.611059251032899 -0.3962741566982786 -0.6852542480424187
vn 0.12029705010345068 -0.6726853083449807 -0.7300843072366547
vn 0.3471120253931729 -0.785326061505176 -0.5126170295144492
vn 0.5071990086787715 -0.6849980018749362 -0.5229979952376648
vn 0.5917278435904894 -0.80613780405074 0
vn 0.5071990086787715 -0.6849980018749362 -0.5229979952376648
vn 0.3471120253931729 -0.785326061505176 -0.5126170295144492
vn 0.7406680973762806 -0.6718710959172158 0
vn 0.611059251032899 -0.3962741566982786 -0.6852542480424187
vn 0.5071990086787715 -0.6849980018749362 -0.5229979952376648
vn 0.5071990086787715 -0.6849980018749362 -0.5229979952376648
vn 0.5917278435904894 -0.80613780405074 0
vn 0.7406680973762806 -0.6718710959172158 0
vn 0.9201814261066145 -0.39149220049497463 0
vn 0.5068010056095116 0.7001019666964989 -0.5030009711132594
vn 0.611059251032899 -0.3962741566982786 -0.6852542480424187
vn 0.611059251032899 -0.3962741566982786 -0.6852542480424187
vn 0.7406680973762806 -0.6718710959172158 0
vn 0.9201814261066145 -0.39149220049497463 0
vn 0.5068010056095116 0.7001019666964989 -0.5030009711132594
vn 0.9201814261066145 -0.39149220049497463 0
vn 0.685485916697405 0.7280858864237916 0
vn 0.9201814261066145 -0.39149220049497463 0
vn 0.5068010056095116 0.7001019666964989 0.5030009711132594
vn 0.685485916697405 0.7280858864237916 0
vn 0.7406680973762806 -0.6718710959172158 0
vn 0.611059251032899 -0.3962741566982786 0.6852542480424187
vn 0.9201814261066145 -0.39149220049497463 0
vn 0.5068010056095116 0.7001019666964989 0.5030009711132594
vn 0.9201814261066145 -0.39149220049497463 0
vn 0.611059251032899 -0.3962741566982786 0.6852542480424187
vn 0.5917278435904894 -0.80613780405074 0
vn 0.5071990086787715 -0.6849980018749362 0.5229979952376648
vn 0.7406680973762806 -0.6718710959172158 0
vn 0.611059251032899 -0.3962741566982786 0.6852542480424187
vn 0.7406680973762806 -0.6718710959172158 0
vn 0.5071990086787715 -0.6849980018749362 0.5229979952376648
vn 0.5917278435904894 -0.80613780405074 0
vn 0.3471120253931729 -0.785326061505176 0.5126170295144492
vn 0.5071990086787715 -0.6849980018749362 0.5229979952376648
vn 0.12029705010345068 -0.6726853083449807 0.7300843072366547
vn 0.5071990086787715 -0.6849980018749362 0.5229979952376648
vn 0.3471120253931729 -0.785326061505176 0.5126170295144492
vn 0.5071990086787715 -0.6849980018749362 0.5229979952376648
vn 0.12029705010345068 -0.6726853083449807 0.7300843072366547
vn 0.13150305466817988 -0.5270132194866998 0.8396213510262834
vn 0.13150305466817988 -0.5270132194866998 0.8396213510262834
vn 0.611059251032899 -0.3962741566982786 0.6852542480424187
vn 0.5071990086787715 -0.6849980018749362 0.5229979952376648
vn 0 -0.6384020623496989 0.7697030640368084
vn 0.13150305466817988 -0.5270132194866998 0.8396213510262834
vn 0.12029705010345068 -0.6726853083449807 0.7300843072366547
vn 0.14299703812755674 -0.2909930894604202 0.9459782603067716
vn 0.5068010056095116 0.7001019666964989 0.5030009711132594
vn 0.611059251032899 -0.3962741566982786 0.6852542480424187
vn 0.611059251032899 -0.3962741566982786 0.6852542480424187
vn 0.13150305466817988 -0.5270132194866998 0.8396213510262834
vn 0.14299703812755674 -0.2909930894604202 0.9459782603067716
vn 0.13150305466817988 -0.5270132194866998 0.8396213510262834
vn 0 -0.6384020623496989 0.7697030640368084
vn 0 -0.4665087791102438 0.8845165679697978
vn 0 -0.4665087791102438 0.8845165679697978
vn 0.14299703812755674 -0.2909930894604202 0.9459782603067716
vn 0.13150305466817988 -0.5270132194866998 0.8396213510262834
vn -0.13150305466817988 -0.5270132194866998 0.8396213510262834
vn 0 -0.4665087791102438 0.8845165679697978
vn 0 -0.6384020623496989 0.7697030640368084
vn -0.13150305466817988 -0.5270132194866998 0.8396213510262834
vn 0 -0.6384020623496989 0.7697030640368084
vn -0.12029705010345068 -0.6726853083449807 0.7300843072366547
vn 0.5068010056095116 0.7001019666964989 0.5030009711132594
vn 0.14299703812755674 -0.2909930894604202 0.9459782603067716
vn 0.13189601817762156 0.4348870384577679 0.8907730935374732
vn 0.13189601817762156 0.4348870384577679 0.8907730935374732
vn 0.09909600741501963 0.7064700641405919 0.7007710252197864
vn 0.5068010056095116 0.7001019666964989 0.5030009711132594
vn 0.14299703812755674 -0.2909930894604202 0.9459782603067716
vn 0 -0.4665087791102438 0.8845165679697978
vn 0 -0.2641920060530505 0.9644701052586673
vn 0 -0.2641920060530505 0.9644701052586673
vn 0.13189601817762156 0.4348870384577679 0.8907730935374732
vn 0.14299703812755674 -0.2909930894604202 0.9459782603067716
vn 0.13189601817762156 0.4348870384577679 0.8907730935374732
vn 0 -0.2641920060530505 0.9644701052586673
vn 0 0.3299050416447372 0.9440141225095015
vn 0 0.6820792551242683 0.7312782573884741
vn 0.09909600741501963 0.7064700641405919 0.7007710252197864
vn 0.13189601817762156 0.4348870384577679 0.8907730935374732
vn 0.13189601817762156 0.4348870384577679 0.8907730935374732
vn 0 0.3299050416447372 0.9440141225095015
vn 0 0.6820792551242683 0.7312782573884741
vn 0 0.3708907916347185 0.9286764887088355
vn 0.09909600741501963 0.7064700641405919 0.7007710252197864
vn 0 0.6820792551242683 0.7312782573884741
vn -0.14299703812755674 -0.2909930894604202 0.9459782603067716
vn 0 -0.4665087791102438 0.8845165679697978
vn -0.13150305466817988 -0.5270132194866998 0.8396213510262834
vn -0.14299703812755674 -0.2909930894604202 0.9459782603067716
vn 0 -0.2641920060530505 0.9644701052586673
vn 0 -0.4665087791102438 0.8845165679697978
vn -0.13189601817762156 0.4348870384577679 0.8907730935374732
vn 0 0.3299050416447372 0.9440141225095015
vn 0 -0.2641920060530505 0.9644701052586673
vn -0.13189601817762156 0.4348870384577679 0.8907730935374732
vn 0 -0.2641920060530505 0.9644701052586673
vn -0.14299703812755674 -0.2909930894604202 0.9459782603067716
vn -0.13189601817762156 0.4348870384577679 0.8907730935374732
vn 0 0.6820792551242683 0.7312782573884741
vn 0 0.3299050416447372 0.9440141225095015
vn -0.09909600741501963 0.7064700641405919 0.7007710252197864
vn 0 0.3708907916347185 0.9286764887088355
vn 0 0.6820792551242683 0.7312782573884741
vn 0 0.6820792551242683 0.7312782573884741
vn -0.13189601817762156 0.4348870384577679 0.8907730935374732
vn -0.09909600741501963 0.7064700641405919 0.7007710252197864
vn 0 0.3708907916347185 0.9286764887088355
vn -0.09909600741501963 0.7064700641405919 0.7007710252197864
vn -0.12650404868980203 0.3936131496907162 0.9105302927720977
vn -0.0008999998852581423 0.12590499323495946 0.9920418956267479
vn 0 0.3708907916347185 0.9286764887088355
vn -0.12650404868980203 0.3936131496907162 0.9105302927720977
vn -0.5068010056095116 0.7001019666964989 0.5030009711132594
vn -0.09909600741501963 0.7064700641405919 0.7007710252197864
vn -0.13189601817762156 0.4348870384577679 0.8907730935374732
vn -0.5068010056095116 0.7001019666964989 0.5030009711132594
vn -0.13189601817762156 0.4348870384577679 0.8907730935374732
vn -0.14299703812755674 -0.2909930894604202 0.9459782603067716
vn -0.34189293133948667 0.857481875259477 0.3844919467317669
vn -0.12650404868980203 0.3936131496907162 0.9105302927720977
vn -0.09909600741501963 0.7064700641405919 0.7007710252197864
vn -0.09909600741501963 0.7064700641405919 0.7007710252197864
vn -0.5068010056095116 0.7001019666964989 0.5030009711132594
vn -0.34189293133948667 0.857481875259477 0.3844919467317669
vn -0.0008999998852581423 0.12590499323495946 0.9920418956267479
vn -0.12650404868980203 0.3936131496907162 0.9105302927720977
vn -0.13780002699409238 0.08150002126397392 0.987101260810865
vn -0.0008999998852581423 0.12590499323495946 0.9920418956267479
vn -0.13780002699409238 0.08150002126397392 0.987101260810865
vn -0.0014999993316115428 -0.06090297390936362 0.9981425638509765
vn -0.13780002699409238 0.08150002126397392 0.987101260810865
vn -0.0014999993316115428 -0.06090297390936362 0.9981425638509765
vn -0.0014999993316115428 -0.06090297390936362 0.9981425638509765
vn -0.0014999993316115428 -0.06090297390936362 0.9981425638509765
vn -0.0014999993316115428 -0.06090297390936362 0.9981425638509765
vn -0.0014999993316115428 -0.06090297390936362 0.9981425638509765
vn -0.0014999993316115428 -0.06090297390936362 0.9981425638509765
vn -0.0014999993316115428 -0.06090297390936362 0.9981425638509765
vn -0.0014999993316115428 -0.06090297390936362 0.9981425638509765
vn -0.0014999993316115428 -0.06090297390936362 0.9981425638509765
vn -0.13780002699409238 0.08150002126397392 0.987101260810865
vn -0.0014999993316115428 -0.06090297390936362 0.9981425638509765
vn -0.0014999993316115428 -0.06090297390936362 0.9981425638509765
vn -0.13780002699409238 0.08150002126397392 0.987101260810865
vn -0.0014999993316115428 -0.06090297390936362 0.9981425638509765
vn -0.12650404868980203 0.3936131496907162 0.9105302927720977
vn -0.34189293133948667 0.857481875259477 0.3844919467317669
vn -0.5184689296951202 0.5593659377978304 0.6467609423676961
vn -0.5184689296951202 0.5593659377978304 0.6467609423676961
vn -0.13780002699409238 0.08150002126397392 0.987101260810865
vn -0.12650404868980203 0.3936131496907162 0.9105302927720977
vn -0.13780002699409238 0.08150002126397392 0.987101260810865
vn -0.5184689296951202 0.5593659377978304 0.6467609423676961
vn -0.6141050840153414 0.13200101868979183 0.7781071114257778
vn -0.13780002699409238 0.08150002126397392 0.987101260810865
vn -0.14019505630744947 0.0668970256006325 0.987861394200998
vn -0.0014999993316115428 -0.06090297390936362 0.9981425638509765
vn -0.14019505630744947 0.0668970256006325 0.987861394200998
vn -0.002699999751829506 0.03839799681765177 0.9992588772894297
vn -0.0014999993316115428 -0.06090297390936362 0.9981425638509765
vn -0.004299999374252106 0.17669196235770115 0.9842568061454114
vn -0.002699999751829506 0.03839799681765177 0.9992588772894297
vn -0.14019505630744947 0.0668970256006325 0.987861394200998
vn -0.14019505630744947 0.0668970256006325 0.987861394200998
vn -0.004299999374252106 0.17669196235770115 0.9842568061454114
vn -0.004299999374252106 0.17669196235770115 0.9842568061454114
vn -0.14019505630744947 0.0668970256006325 0.987861394200998
vn -0.13780002699409238 0.08150002126397392 0.987101260810865
vn -0.6418700942510135 0.11809501639471628 0.7576650640018496
vn -0.6418700942510135 0.11809501639471628 0.7576650640018496
vn -0.13780002699409238 0.08150002126397392 0.987101260810865
vn -0.6141050840153414 0.13200101868979183 0.7781071114257778
vn -0.14019505630744947 0.0668970256006325 0.987861394200998
vn -0.14109798695884318 0.024799999710458646 0.9896849590099485
vn -0.004299999374252106 0.17669196235770115 0.9842568061454114
vn -0.6418700942510135 0.11809501639471628 0.7576650640018496
vn -0.14109798695884318 0.024799999710458646 0.9896849590099485
vn -0.14019505630744947 0.0668970256006325 0.987861394200998
vn -0.004299999374252106 0.17669196235770115 0.9842568061454114
vn -0.14109798695884318 0.024799999710458646 0.9896849590099485
vn -0.004299999374252106 0.17669196235770115 0.9842568061454114
vn -0.14109798695884318 0.024799999710458646 0.9896849590099485
vn -0.004299999374252106 0.17669196235770115 0.9842568061454114
vn -0.004299999374252106 0.17669196235770115 0.9842568061454114
vn -0.14109798695884318 0.024799999710458646 0.9896849590099485
vn -0.004299999374252106 0.17669196235770115 0.9842568061454114
vn -0.004299999374252106 0.17669196235770115 0.9842568061454114
vn -0.14109798695884318 0.024799999710458646 0.9896849590099485
vn -0.006300003280862663 -0.07390304023534595 0.9972455317536569
vn -0.004299999374252106 0.17669196235770115 0.9842568061454114
vn -0.9867083673392973 0.1625010702199164 0
vn -0.6141050840153414 0.13200101868979183 0.7781071114257778
vn -0.5184689296951202 0.5593659377978304 0.6467609423676961
vn -0.9867083673392973 0.1625010702199164 0
vn -0.6418700942510135 0.11809501639471628 0.7576650640018496
vn -0.6141050840153414 0.13200101868979183 0.7781071114257778
vn -0.14109798695884318 0.024799999710458646 0.9896849590099485
vn -0.006600001920144943 -0.1313030363815004 0.9913203077772857
vn -0.006300003280862663 -0.07390304023534595 0.9972455317536569
vn -0.006600001920144943 -0.1313030363815004 0.9913203077772857
vn -0.006300003280862663 -0.07390304023534595 0.9972455317536569
vn -0.006600001920144943 -0.1313030363815004 0.9913203077772857
vn -0.006300003280862663 -0.07390304023534595 0.9972455317536569
vn -0.006600001920144943 -0.1313030363815004 0.9913203077772857
vn -0.006600001920144943 -0.1313030363815004 0.9913203077772857
vn -0.006600001920144943 -0.1313030363815004 0.9913203077772857
vn -0.006600001920144943 -0.1313030363815004 0.9913203077772857
vn -0.006600001920144943 -0.1313030363815004 0.9913203077772857
vn -0.006600001920144943 -0.1313030363815004 0.9913203077772857
vn -0.14109798695884318 0.024799999710458646 0.9896849590099485
vn -0.006600001920144943 -0.1313030363815004 0.9913203077772857
vn -0.14109798695884318 0.024799999710458646 0.9896849590099485
vn -0.2753039666738893 -0.16020298157325283 0.9479149384985248
vn -0.006600001920144943 -0.1313030363815004 0.9913203077772857
vn -0.006600001920144943 -0.1313030363815004 0.9913203077772857
vn -0.006600001920144943 -0.1313030363815004 0.9913203077772857
vn -0.00649999848233928 -0.13099497208091426 0.9913617237463075
vn -0.00649999848233928 -0.13099497208091426 0.9913617237463075
vn -0.006600001920144943 -0.1313030363815004 0.9913203077772857
vn -0.00649999848233928 -0.13099497208091426 0.9913617237463075
vn -0.006400001669405145 -0.13070004447517766 0.991401300358648
vn -0.00649999848233928 -0.13099497208091426 0.9913617237463075
vn -0.00649999848233928 -0.13099497208091426 0.9913617237463075
vn -0.002300000083580548 -0.13070200568601228 0.9914190313430892
vn -0.00649999848233928 -0.13099497208091426 0.9913617237463075
vn -0.006400001669405145 -0.13070004447517766 0.991401300358648
vn -0.00649999848233928 -0.13099497208091426 0.9913617237463075
vn -0.002300000083580548 -0.13070200568601228 0.9914190313430892
vn -0.006400001669405145 -0.13070004447517766 0.991401300358648
vn -0.006400001669405145 -0.13070004447517766 0.991401300358648
vn -0.002300000083580548 -0.13070200568601228 0.9914190313430892
vn -0.0007000002085483665 -0.13070304581467904 0.9914213149889779
vn 0.007000002281840302 -0.13079803571690302 0.9913843219562503
vn -0.0007000002085483665 -0.13070304581467904 0.9914213149889779
vn -0.002300000083580548 -0.13070200568601228 0.9914190313430892
vn -0.0007000002085483665 -0.13070304581467904 0.9914213149889779
vn 0.007000002281840302 -0.13079803571690302 0.9913843219562503
vn 0.007000002281840302 -0.13079803571690302 0.9913843219562503
vn 0.007099998311458299 -0.13099397498576296 0.9913577399412418
vn 0.007000002281840302 -0.13079803571690302 0.9913843219562503
vn 0.007000002281840302 -0.13079803571690302 0.9913843219562503
vn 0.007099998311458299 -0.13099397498576296 0.9913577399412418
vn 0.007099998311458299 -0.13099397498576296 0.9913577399412418
vn 0.007000002281840302 -0.13079803571690302 0.9913843219562503
vn 0.007099998311458299 -0.13099397498576296 0.9913577399412418
vn 0.007099998311458299 -0.13099397498576296 0.9913577399412418
vn 0.007099998311458299 -0.13099397498576296 0.9913577399412418
vn 0.007099998311458299 -0.13099397498576296 0.9913577399412418
vn 0.007099998311458299 -0.13099397498576296 0.9913577399412418
vn 0.007099998311458299 -0.13099397498576296 0.9913577399412418
vn 0.007099998311458299 -0.13099397498576296 0.9913577399412418
vn 0.007099998311458299 -0.13099397498576296 0.9913577399412418
vn 0.007099998311458299 -0.13099397498576296 0.9913577399412418
vn 0.007099998311458299 -0.13099397498576296 0.9913577399412418
vn 0.007099998311458299 -0.13099397498576296 0.9913577399412418
vn 0.007099998311458299 -0.13099397498576296 0.9913577399412418
vn -0.9201814261066145 -0.39149220049497463 0
vn -0.5068010056095116 0.7001019666964989 0.5030009711132594
vn -0.611059251032899 -0.3962741566982786 0.6852542480424187
vn -0.5068010056095116 0.7001019666964989 0.5030009711132594
vn -0.14299703812755674 -0.2909930894604202 0.9459782603067716
vn -0.611059251032899 -0.3962741566982786 0.6852542480424187
vn -0.14299703812755674 -0.2909930894604202 0.9459782603067716
vn -0.13150305466817988 -0.5270132194866998 0.8396213510262834
vn -0.611059251032899 -0.3962741566982786 0.6852542480424187
vn -0.611059251032899 -0.3962741566982786 0.6852542480424187
vn -0.13150305466817988 -0.5270132194866998 0.8396213510262834
vn -0.5071990086787715 -0.6849980018749362 0.5229979952376648
vn -0.12029705010345068 -0.6726853083449807 0.7300843072366547
vn -0.5071990086787715 -0.6849980018749362 0.5229979952376648
vn -0.13150305466817988 -0.5270132194866998 0.8396213510262834
vn -0.12029705010345068 -0.6726853083449807 0.7300843072366547
vn -0.3471120253931729 -0.785326061505176 0.5126170295144492
vn -0.5071990086787715 -0.6849980018749362 0.5229979952376648
vn -0.5917278435904894 -0.80613780405074 0
vn -0.5071990086787715 -0.6849980018749362 0.5229979952376648
vn -0.3471120253931729 -0.785326061505176 0.5126170295144492
vn -0.7406680973762806 -0.6718710959172158 0
vn -0.611059251032899 -0.3962741566982786 0.6852542480424187
vn -0.5071990086787715 -0.6849980018749362 0.5229979952376648
vn -0.5071990086787715 -0.6849980018749362 0.5229979952376648
vn -0.5917278435904894 -0.80613780405074 0
vn -0.7406680973762806 -0.6718710959172158 0
vn -0.611059251032899 -0.3962741566982786 0.6852542480424187
vn -0.7406680973762806 -0.6718710959172158 0
vn -0.9201814261066145 -0.39149220049497463 0
vn -0.5071990086787715 -0.6849980018749362 -0.5229979952376648
vn -0.7406680973762806 -0.6718710959172158 0
vn -0.5917278435904894 -0.80613780405074 0
vn -0.5071990086787715 -0.6849980018749362 -0.5229979952376648
vn -0.5917278435904894 -0.80613780405074 0
vn -0.3471120253931729 -0.785326061505176 -0.5126170295144492
vn -0.12029705010345068 -0.6726853083449807 -0.7300843072366547
vn -0.5071990086787715 -0.6849980018749362 -0.5229979952376648
vn -0.3471120253931729 -0.785326061505176 -0.5126170295144492
vn -0.5071990086787715 -0.6849980018749362 -0.5229979952376648
vn -0.12029705010345068 -0.6726853083449807 -0.7300843072366547
vn -0.13150305466817988 -0.5270132194866998 -0.8396213510262834
vn -0.5071990086787715 -0.6849980018749362 -0.5229979952376648
vn -0.611059251032899 -0.3962741566982786 -0.6852542480424187
vn -0.7406680973762806 -0.6718710959172158 0
vn -0.611059251032899 -0.3962741566982786 -0.6852542480424187
vn -0.9201814261066145 -0.39149220049497463 0
vn -0.7406680973762806 -0.6718710959172158 0
vn -0.13150305466817988 -0.5270132194866998 -0.8396213510262834
vn -0.611059251032899 -0.3962741566982786 -0.6852542480424187
vn -0.5071990086787715 -0.6849980018749362 -0.5229979952376648
vn -0.611059251032899 -0.3962741566982786 -0.6852542480424187
vn -0.5068010056095116 0.7001019666964989 -0.5030009711132594
vn -0.9201814261066145 -0.39149220049497463 0
vn -0.611059251032899 -0.3962741566982786 -0.6852542480424187
vn -0.13150305466817988 -0.5270132194866998 -0.8396213510262834
vn -0.14299703812755674 -0.2909930894604202 -0.9459782603067716
vn -0.14299703812755674 -0.2909930894604202 -0.9459782603067716
vn -0.5068010056095116 0.7001019666964989 -0.5030009711132594
vn -0.611059251032899 -0.3962741566982786 -0.6852542480424187
f 1/1/1 2/2/2 3/3/3
f 4/4/4 5/5/5 6/6/6
f 7/7/7 8/8/8 9/9/9
f 10/10/10 11/11/11 12/12/12
f 13/13/13 14/14/14 15/15/15
f 16/16/16 17/17/17 18/18/18
f 19/19/19 20/20/20 21/21/21
f 22/22/22 23/23/23 24/24/24
f 25/25/25 26/26/26 27/27/27
f 28/28/28 29/29/29 30/30/30
f 31/31/31 32/32/32 33/33/33
f 34/34/34 35/35/35 36/36/36
f 37/37/37 38/38/38 39/39/39
f 40/40/40 41/41/41 42/42/42
f 43/43/43 44/44/44 45/45/45
f 46/46/46 47/47/47 48/48/48
f 49/49/49 50/50/50 51/51/51
f 52/52/52 53/53/53 54/54/54
f 55/55/55 56/56/56 57/57/57
f 58/58/58 59/59/59 60/60/60
f 61/61/61 62/62/62 63/63/63
f 64/64/64 65/65/65 66/66/66
f 67/67/67 68/68/68 69/69/69
f 70/70/70 71/71/71 72/72/72
f 73/73/73 74/74/74 75/75/75
f 76/76/76 77/77/77 78/78/78
f 79/79/79 80/80/80 81/81/81
f 82/82/82 83/83/83 84/84/84
f 85/85/85 86/86/86 87/87/87
f 88/88/88 89/89/89 90/90/90
f 91/91/91 92/92/92 93/93/93
f 94/94/94 95/95/95 96/96/96
f 97/97/97 98/98/98 99/99/99
f 100/100/100 101/101/101 102/102/102
f 103/103/103 104/104/104 105/105/105
f 106/106/106 107/107/107 108/108/108
f 109/109/109 110/110/110 111/111/111
f 112/112/112 113/113/113 114/114/114
f 115/115/115 116/116/116 117/117/117
f 118/118/118 119/119/119 120/120/120
f 121/121/121 122/122/122 123/123/123
f 124/124/124 125/125/125 126/126/126
f 127/127/127 128/128/128 129/129/129
f 130/130/130 131/131/131 132/132/132
f 133/133/133 134/134/134 135/135/135
f 136/136/136 137/137/137 138/138/138
f 139/139/139 140/140/140 141/141/141
f 142/142/142 143/143/143 144/144/144
f 145/145/145 146/146/146 147/147/147
f 148/148/148 149/149/149 150/150/150
f 151/151/151 152/152/152 153/153/153
f 154/154/154 155/155/155 156/156/156
f 157/157/157 158/158/158 159/159/159
f 160/160/160 161/161/161 162/162/162
f 163/163/163 164/164/164 165/165/165
f 166/166/166 167/167/167 168/168/168
f 169/169/169 170/170/170 171/171/171
f 172/172/172 173/173/173 174/174/174
f 175/175/175 176/176/176 177/177/177
f 178/178/178 179/179/179 180/180/180
f 181/181/181 182/182/182 183/183/183
f 184/184/184 185/185/185 186/186/186
f 187/187/187 188/188/188 189/189/189
f 190/190/190 191/191/191 192/192/192
f 193/193/193 194/194/194 195/195/195
f 196/196/196 197/197/197 198/198/198
f 199/199/199 200/200/200 201/201/201
f 202/202/202 203/203/203 204/204/204
f 205/205/205 206/206/206 207/207/207
f 208/208/208 209/209/209 210/210/210
f 211/211/211 212/212/212 213/213/213
f 214/214/214 215/215/215 216/216/216
f 217/217/217 218/218/218 219/219/219
f 220/220/220 221/221/221 222/222/222
f 223/223/223 224/224/224 225/225/225
f 226/226/226 227/227/227 228/228/228
f 229/229/229 230/230/230 231/231/231
f 232/232/232 233/233/233 234/234/234
f 235/235/235 236/236/236 237/237/237
f 238/238/238 239/239/239 240/240/240
f 241/241/241 242/242/242 243/243/243
f 244/244/244 245/245/245 246/246/246
f 247/247/247 248/248/248 249/249/249
f 250/250/250 251/251/251 252/252/252
f 253/253/253 254/254/254 255/255/255
f 256/256/256 257/257/257 258/258/258
f 259/259/259 260/260/260 261/261/261
f 262/262/262 263/263/263 264/264/264
f 265/265/265 266/266/266 267/267/267
f 268/268/268 269/269/269 270/270/270
f 271/271/271 272/272/272 273/273/273
f 274/274/274 275/275/275 276/276/276
f 277/277/277 278/278/278 279/279/279
f 280/280/280 281/281/281 282/282/282
f 283/283/283 284/284/284 285/285/285
f 286/286/286 287/287/287 288/288/288
f 289/289/289 290/290/290 291/291/291
f 292/292/292 293/293/293 294/294/294
f 295/295/295 296/296/296 297/297/297
f 298/298/298 299/299/299 300/300/300
f 301/301/301 302/302/302 303/303/303
f 304/304/304 305/305/305 306/306/306
f 307/307/307 308/308/308 309/309/309
f 310/310/310 311/311/311 312/312/312
f 313/313/313 314/314/314 315/315/315
f 316/316/316 317/317/317 318/318/318
f 319/319/319 320/320/320 321/321/321
f 322/322/322 323/323/323 324/324/324
f 325/325/325 326/326/326 327/327/327
f 328/328/328 329/329/329 330/330/330
f 331/331/331 332/332/332 333/333/333
f 334/334/334 335/335/335 336/336/336
f 337/337/337 338/338/338 339/339/339
f 340/340/340 341/341/341 342/342/342
f 343/343/343 344/344/344 345/345/345
f 346/346/346 347/347/347 348/348/348
f 349/349/349 350/350/350 351/351/351
f 352/352/352 353/353/353 354/354/354
f 355/355/355 356/356/356 357/357/357
f 358/358/358 359/359/359 360/360/360
f 361/361/361 362/362/362 363/363/363
f 364/364/364 365/365/365 366/366/366
f 367/367/367 368/368/368 369/369/369
f 370/370/370 371/371/371 372/372/372
f 373/373/373 374/374/374 375/375/375
f 376/376/376 377/377/377 378/378/378
f 379/379/379 380/380/380 381/381/381
f 382/382/382 383/383/383 384/384/384
f 385/385/385 386/386/386 387/387/387
f 388/388/388 389/389/389 390/390/390
f 391/391/391 392/392/392 393/393/393
f 394/394/394 395/395/395 396/396/396
f 397/397/397 398/398/398 399/399/399
f 400/400/400 401/401/401 402/402/402
f 403/403/403 404/404/404 405/405/405
f 406/406/406 407/407/407 408/408/408
f 409/409/409 410/410/410 411/411/411
f 412/412/412 413/413/413 414/414/414
f 415/415/415 416/416/416 417/417/417
f 418/418/418 419/419/419 420/420/420
f 421/421/421 422/422/422 423/423/423
f 424/424/424 425/425/425 426/426/426
f 427/427/427 428/428/428 429/429/429
f 430/430/430 431/431/431 432/432/432
f 433/433/433 434/434/434 435/435/435
f 436/436/436 437/437/437 438/438/438
f 439/439/439 440/440/440 441/441/441
f 442/442/442 443/443/443 444/444/444
f 445/445/445 446/446/446 447/447/447
f 448/448/448 449/449/449 450/450/450
f 451/451/451 452/452/452 453/453/453
f 454/454/454 455/455/455 456/456/456
f 457/457/457 458/458/458 459/459/459
f 460/460/460 461/461/461 462/462/462
f 463/463/463 464/464/464 465/465/465
f 466/466/466 467/467/467 468/468/468
f 469/469/469 470/470/470 471/471/471
f 472/472/472 473/473/473 474/474/474
f 475/475/475 476/476/476 477/477/477
f 478/478/478 479/479/479 480/480/480
f 481/481/481 482/482/482 483/483/483
f 484/484/484 485/485/485 486/486/486
f 487/487/487 488/488/488 489/489/489
f 490/490/490 491/491/491 492/492/492
f 493/493/493 494/494/494 495/495/495
f 496/496/496 497/497/497 498/498/498
f 499/499/499 500/500/500 501/501/501
f 502/502/502 503/503/503 504/504/504
f 505/505/505 506/506/506 507/507/507
f 508/508/508 509/509/509 510/510/510
f 511/511/511 512/512/512 513/513/513
f 514/514/514 515/515/515 516/516/516
f 517/517/517 518/518/518 519/519/519
f 520/520/520 521/521/521 522/522/522
f 523/523/523 524/524/524 525/525/525
f 526/526/526 527/527/527 528/528/528
f 529/529/529 530/530/530 531/531/531
f 532/532/532 533/533/533 534/534/534
f 535/535/535 536/536/536 537/537/537
f 538/538/538 539/539/539 540/540/540
f 541/541/541 542/542/542 543/543/543
f 544/544/544 545/545/545 546/546/546
f 547/547/547 548/548/548 549/549/549
f 550/550/550 551/551/551 552/552/552
f 553/553/553 554/554/554 555/555/555
f 556/556/556 557/557/557 558/558/558
f 559/559/559 560/560/560 561/561/561
f 562/562/562 563/563/563 564/564/564
f 565/565/565 566/566/566 567/567/567
f 568/568/568 569/569/569 570/570/570
f 571/571/571 572/572/572 573/573/573
f 574/574/574 575/575/575 576/576/576
f 577/577/577 578/578/578 579/579/579
f 580/580/580 581/581/581 582/582/582
f 583/583/583 584/584/584 585/585/585
f 586/586/586 587/587/587 588/588/588
f 589/589/589 590/590/590 591/591/591
f 592/592/592 593/593/593 594/594/594
f 595/595/595 596/596/596 597/597/597
f 598/598/598 599/599/599 600/600/600
f 601/601/601 602/602/602 603/603/603
f 604/604/604 605/605/605 606/606/606
f 607/607/607 608/608/608 609/609/609
f 610/610/610 611/611/611 612/612/612
f 613/613/613 614/614/614 615/615/615
f 616/616/616 617/617/617 618/618/618
f 619/619/619 620/620/620 621/621/621
f 622/622/622 623/623/623 624/624/624
f 625/625/625 626/626/626 627/627/627
f 628/628/628 629/629/629 630/630/630
f 631/631/631 632/632/632 633/633/633
f 634/634/634 635/635/635 636/636/636
f 637/637/637 638/638/638 639/639/639
f 640/640/640 641/641/641 642/642/642
f 643/643/643 644/644/644 645/645/645
f 646/646/646 647/647/647 648/648/648
f 649/649/649 650/650/650 651/651/651
f 652/652/652 653/653/653 654/654/654
f 655/655/655 656/656/656 657/657/657
f 658/658/658 659/659/659 660/660/660
f 661/661/661 662/662/662 663/663/663
f 664/664/664 665/665/665 666/666/666
f 667/667/667 668/668/668 669/669/669
f 670/670/670 671/671/671 672/672/672
f 673/673/673 674/674/674 675/675/675
f 676/676/676 677/677/677 678/678/678
f 679/679/679 680/680/680 681/681/681
f 682/682/682 683/683/683 684/684/684
f 685/685/685 686/686/686 687/687/687
f 688/688/688 689/689/689 690/690/690
f 691/691/691 692/692/692 693/693/693
f 694/694/694 695/695/695 696/696/696
f 697/697/697 698/698/698 699/699/699
f 700/700/700 701/701/701 702/702/702
f 703/703/703 704/704/704 705/705/705
f 706/706/706 707/707/707 708/708/708
f 709/709/709 710/710/710 711/711/711
f 712/712/712 713/713/713 714/714/714
f 715/715/715 716/716/716 717/717/717
f 718/718/718 719/719/719 720/720/720
f 721/721/721 722/722/722 723/723/723
f 724/724/724 725/725/725 726/726/726
f 727/727/727 728/728/728 729/729/729
f 730/730/730 731/731/731 732/732/732
f 733/733/733 734/734/734 735/735/735
f 736/736/736 737/737/737 738/738/738
f 739/739/739 740/740/740 741/741/741
f 742/742/742 743/743/743 744/744/744
f 745/745/745 746/746/746 747/747/747
f 748/748/748 749/749/749 750/750/750
f 751/751/751 752/752/752 753/753/753
f 754/754/754 755/755/755 756/756/756
f 757/757/757 758/758/758 759/759/759
f 760/760/760 761/761/761 762/762/762
f 763/763/763 764/764/764 765/765/765
f 766/766/766 767/767/767 768/768/768
f 769/769/769 770/770/770 771/771/771
f 772/772/772 773/773/773 774/774/774
f 775/775/775 776/776/776 777/777/777
f 778/778/778 779/779/779 780/780/780
f 781/781/781 782/782/782 783/783/783
f 784/784/784 785/785/785 786/786/786
f 787/787/787 788/788/788 789/789/789
f 790/790/790 791/791/791 792/792/792
f 793/793/793 794/794/794 795/795/795
f 796/796/796 797/797/797 798/798/798
f 799/799/799 800/800/800 801/801/801
f 802/802/802 803/803/803 804/804/804
f 805/805/805 806/806/806 807/807/807
f 808/808/808 809/809/809 810/810/810
f 811/811/811 812/812/812 813/813/813
f 814/814/814 815/815/815 816/816/816
f 817/817/817 818/818/818 819/819/819
f 820/820/820 821/821/821 822/822/822
f 823/823/823 824/824/824 825/825/825
f 826/826/826 827/827/827 828/828/828
f 829/829/829 830/830/830 831/831/831
f 832/832/832 833/833/833 834/834/834
f 835/835/835 836/836/836 837/837/837
f 838/838/838 839/839/839 840/840/840
f 841/841/841 842/842/842 843/843/843
f 844/844/844 845/845/845 846/846/846
f 847/847/847 848/848/848 849/849/849
f 850/850/850 851/851/851 852/852/852
f 853/853/853 854/854/854 855/855/855
f 856/856/856 857/857/857 858/858/858
f 859/859/859 860/860/860 861/861/861
f 862/862/862 863/863/863 864/864/864
f 865/865/865 866/866/866 867/867/867
f 868/868/868 869/869/869 870/870/870
f 871/871/871 872/872/872 873/873/873
f 874/874/874 875/875/875 876/876/876
f 877/877/877 878/878/878 879/879/879
f 880/880/880 881/881/881 882/882/882
f 883/883/883 884/884/884 885/885/885
f 886/886/886 887/887/887 888/888/888
f 889/889/889 890/890/890 891/891/891
f 892/892/892 893/893/893 894/894/894
f 895/895/895 896/896/896 897/897/897
f 898/898/898 899/899/899 900/900/900
f 901/901/901 902/902/902 903/903/903
f 904/904/904 905/905/905 906/906/906
f 907/907/907 908/908/908 909/909/909
f 910/910/910 911/911/911 912/912/912
f 913/913/913 914/914/914 915/915/915
f 916/916/916 917/917/917 918/918/918
f 919/919/919 920/920/920 921/921/921
f 922/922/922 923/923/923 924/924/924
f 925/925/925 926/926/926 927/927/927
f 928/928/928 929/929/929 930/930/930
f 931/931/931 932/932/932 933/933/933
f 934/934/934 935/935/935 936/936/936
f 937/937/937 938/938/938 939/939/939
f 940/940/940 941/941/941 942/942/942
f 943/943/943 944/944/944 945/945/945
f 946/946/946 947/947/947 948/948/948
f 949/949/949 950/950/950 951/951/951
f 952/952/952 953/953/953 954/954/954
f 955/955/955 956/956/956 957/957/957
f 958/958/958 959/959/959 960/960/960
f 961/961/961 962/962/962 963/963/963
f 964/964/964 965/965/965 966/966/966
f 967/967/967 968/968/968 969/969/969
f 970/970/970 971/971/971 972/972/972
f 973/973/973 974/974/974 975/975/975
f 976/976/976 977/977/977 978/978/978
f 979/979/979 980/980/980 981/981/981
f 982/982/982 983/983/983 984/984/984
f 985/985/985 986/986/986 987/987/987
f 988/988/988 989/989/989 990/990/990
f 991/991/991 992/992/992 993/993/993
f 994/994/994 995/995/995 996/996/996
f 997/997/997 998/998/998 999/999/999
f 1000/1000/1000 1001/1001/1001 1002/1002/1002
f 1003/1003/1003 1004/1004/1004 1005/1005/1005
f 1006/1006/1006 1007/1007/1007 1008/1008/1008
f 1009/1009/1009 1010/1010/1010 1011/1011/1011
f 1012/1012/1012 1013/1013/1013 1014/1014/1014
f 1015/1015/1015 1016/1016/1016 1017/1017/1017
f 1018/1018/1018 1019/1019/1019 1020/1020/1020
f 1021/1021/1021 1022/1022/1022 1023/1023/1023
f 1024/1024/1024 1025/1025/1025 1026/1026/1026
f 1027/1027/1027 1028/1028/1028 1029/1029/1029
f 1030/1030/1030 1031/1031/1031 1032/1032/1032
f 1033/1033/1033 1034/1034/1034 1035/1035/1035
f 1036/1036/1036 1037/1037/1037 1038/1038/1038
f 1039/1039/1039 1040/1040/1040 1041/1041/1041
f 1042/1042/1042 1043/1043/1043 1044/1044/1044
f 1045/1045/1045 1046/1046/1046 1047/1047/1047
f 1048/1048/1048 1049/1049/1049 1050/1050/1050
f 1051/1051/1051 1052/1052/1052 1053/1053/1053
f 1054/1054/1054 1055/1055/1055 1056/1056/1056
f 1057/1057/1057 1058/1058/1058 1059/1059/1059
f 1060/1060/1060 1061/1061/1061 1062/1062/1062
f 1063/1063/1063 1064/1064/1064 1065/1065/1065
f 1066/1066/1066 1067/1067/1067 1068/1068/1068
f 1069/1069/1069 1070/1070/1070 1071/1071/1071
f 1072/1072/1072 1073/1073/1073 1074/1074/1074
f 1075/1075/1075 1076/1076/1076 1077/1077/1077
f 1078/1078/1078 1079/1079/1079 1080/1080/1080
f 1081/1081/1081 1082/1082/1082 1083/1083/1083
f 1084/1084/1084 1085/1085/1085 1086/1086/1086
f 1087/1087/1087 1088/1088/1088 1089/1089/1089
f 1090/1090/1090 1091/1091/1091 1092/1092/1092
f 1093/1093/1093 1094/1094/1094 1095/1095/1095
f 1096/1096/1096 1097/1097/1097 1098/1098/1098
f 1099/1099/1099 1100/1100/1100 1101/1101/1101
f 1102/1102/1102 1103/1103/1103 1104/1104/1104
f 1105/1105/1105 1106/1106/1106 1107/1107/1107
f 1108/1108/1108 1109/1109/1109 1110/1110/1110
f 1111/1111/1111 1112/1112/1112 1113/1113/1113
f 1114/1114/1114 1115/1115/1115 1116/1116/1116
f 1117/1117/1117 1118/1118/1118 1119/1119/1119
f 1120/1120/1120 1121/1121/1121 1122/1122/1122
f 1123/1123/1123 1124/1124/1124 1125/1125/1125
f 1126/1126/1126 1127/1127/1127 1128/1128/1128
f 1129/1129/1129 1130/1130/1130 1131/1131/1131
f 1132/1132/1132 1133/1133/1133 1134/1134/1134
f 1135/1135/1135 1136/1136/1136 1137/1137/1137
f 1138/1138/1138 1139/1139/1139 1140/1140/1140
f 1141/1141/1141 1142/1142/1142 1143/1143/1143
f 1144/1144/1144 1145/1145/1145 1146/1146/1146
f 1147/1147/1147 1148/1148/1148 1149/1149/1149
f 1150/1150/1150 1151/1151/1151 1152/1152/1152
f 1153/1153/1153 1154/1154/1154 1155/1155/1155
f 1156/1156/1156 1157/1157/1157 1158/1158/1158
f 1159/1159/1159 1160/1160/1160 1161/1161/1161
f 1162/1162/1162 1163/1163/1163 1164/1164/1164
f 1165/1165/1165 1166/1166/1166 1167/1167/1167
f 1168/1168/1168 1169/1169/1169 1170/1170/1170
f 1171/1171/1171 1172/1172/1172 1173/1173/1173
f 1174/1174/1174 1175/1175/1175 1176/1176/1176
f 1177/1177/1177 1178/1178/1178 1179/1179/1179
f 1180/1180/1180 1181/1181/1181 1182/1182/1182
f 1183/1183/1183 1184/1184/1184 1185/1185/1185
f 1186/1186/1186 1187/1187/1187 1188/1188/1188
f 1189/1189/1189 1190/1190/1190 1191/1191/1191
f 1192/1192/1192 1193/1193/1193 1194/1194/1194
f 1195/1195/1195 1196/1196/1196 1197/1197/1197
f 1198/1198/1198 1199/1199/1199 1200/1200/1200
f 1201/1201/1201 1202/1202/1202 1203/1203/1203
f 1204/1204/1204 1205/1205/1205 1206/1206/1206
f 1207/1207/1207 1208/1208/1208 1209/1209/1209
f 1210/1210/1210 1211/1211/1211 1212/1212/1212
f 1213/1213/1213 1214/1214/1214 1215/1215/1215
f 1216/1216/1216 1217/1217/1217 1218/1218/1218
f 1219/1219/1219 1220/1220/1220 1221/1221/1221
f 1222/1222/1222 1223/1223/1223 1224/1224/1224
f 1225/1225/1225 1226/1226/1226 1227/1227/1227
f 1228/1228/1228 1229/1229/1229 1230/1230/1230
f 1231/1231/1231 1232/1232/1232 1233/1233/1233
f 1234/1234/1234 1235/1235/1235 1236/1236/1236
f 1237/1237/1237 1238/1238/1238 1239/1239/1239
f 1240/1240/1240 1241/1241/1241 1242/1242/1242
f 1243/1243/1243 1244/1244/1244 1245/1245/1245
f 1246/1246/1246 1247/1247/1247 1248/1248/1248
f 1249/1249/1249 1250/1250/1250 1251/1251/1251
f 1252/1252/1252 1253/1253/1253 1254/1254/1254
f 1255/1255/1255 1256/1256/1256 1257/1257/1257
f 1258/1258/1258 1259/1259/1259 1260/1260/1260
f 1261/1261/1261 1262/1262/1262 1263/1263/1263
f 1264/1264/1264 1265/1265/1265 1266/1266/1266
f 1267/1267/1267 1268/1268/1268 1269/1269/1269
f 1270/1270/1270 1271/1271/1271 1272/1272/1272
f 1273/1273/1273 1274/1274/1274 1275/1275/1275
f 1276/1276/1276 1277/1277/1277 1278/1278/1278
f 1279/1279/1279 1280/1280/1280 1281/1281/1281
f 1282/1282/1282 1283/1283/1283 1284/1284/1284
f 1285/1285/1285 1286/1286/1286 1287/1287/1287
f 1288/1288/1288 1289/1289/1289 1290/1290/1290
f 1291/1291/1291 1292/1292/1292 1293/1293/1293
f 1294/1294/1294 1295/1295/1295 1296/1296/1296
f 1297/1297/1297 1298/1298/1298 1299/1299/1299
f 1300/1300/1300 1301/1301/1301 1302/1302/1302
f 1303/1303/1303 1304/1304/1304 1305/1305/1305
f 1306/1306/1306 1307/1307/1307 1308/1308/1308
f 1309/1309/1309 1310/1310/1310 1311/1311/1311
f 1312/1312/1312 1313/1313/1313 1314/1314/1314
f 1315/1315/1315 1316/1316/1316 1317/1317/1317
f 1318/1318/1318 1319/1319/1319 1320/1320/1320
f 1321/1321/1321 1322/1322/1322 1323/1323/1323
f 1324/1324/1324 1325/1325/1325 1326/1326/1326
f 1327/1327/1327 1328/1328/1328 1329/1329/1329
f 1330/1330/1330 1331/1331/1331 1332/1332/1332
f 1333/1333/1333 1334/1334/1334 1335/1335/1335
f 1336/1336/1336 1337/1337/1337 1338/1338/1338
f 1339/1339/1339 1340/1340/1340 1341/1341/1341
f 1342/1342/1342 1343/1343/1343 1344/1344/1344
f 1345/1345/1345 1346/1346/1346 1347/1347/1347
f 1348/1348/1348 1349/1349/1349 1350/1350/1350
f 1351/1351/1351 1352/1352/1352 1353/1353/1353
f 1354/1354/1354 1355/1355/1355 1356/1356/1356
f 1357/1357/1357 1358/1358/1358 1359/1359/1359
f 1360/1360/1360 1361/1361/1361 1362/1362/1362
f 1363/1363/1363 1364/1364/1364 1365/1365/1365
f 1366/1366/1366 1367/1367/1367 1368/1368/1368
f 1369/1369/1369 1370/1370/1370 1371/1371/1371
f 1372/1372/1372 1373/1373/1373 1374/1374/1374
f 1375/1375/1375 1376/1376/1376 1377/1377/1377
f 1378/1378/1378 1379/1379/1379 1380/1380/1380
f 1381/1381/1381 1382/1382/1382 1383/1383/1383
f 1384/1384/1384 1385/1385/1385 1386/1386/1386
f 1387/1387/1387 1388/1388/1388 1389/1389/1389
f 1390/1390/1390 1391/1391/1391 1392/1392/1392
f 1393/1393/1393 1394/1394/1394 1395/1395/1395
f 1396/1396/1396 1397/1397/1397 1398/1398/1398
f 1399/1399/1399 1400/1400/1400 1401/1401/1401
f 1402/1402/1402 1403/1403/1403 1404/1404/1404
f 1405/1405/1405 1406/1406/1406 1407/1407/1407
f 1408/1408/1408 1409/1409/1409 1410/1410/1410
f 1411/1411/1411 1412/1412/1412 1413/1413/1413
f 1414/1414/1414 1415/1415/1415 1416/1416/1416
f 1417/1417/1417 1418/1418/1418 1419/1419/1419
f 1420/1420/1420 1421/1421/1421 1422/1422/1422
f 1423/1423/1423 1424/1424/1424 1425/1425/1425
f 1426/1426/1426 1427/1427/1427 1428/1428/1428
f 1429/1429/1429 1430/1430/1430 1431/1431/1431
f 1432/1432/1432 1433/1433/1433 1434/1434/1434
f 1435/1435/1435 1436/1436/1436 1437/1437/1437
f 1438/1438/1438 1439/1439/1439 1440/1440/1440
f 1441/1441/1441 1442/1442/1442 1443/1443/1443
f 1444/1444/1444 1445/1445/1445 1446/1446/1446
f 1447/1447/1447 1448/1448/1448 1449/1449/1449
f 1450/1450/1450 1451/1451/1451 1452/1452/1452
f 1453/1453/1453 1454/1454/1454 1455/1455/1455
f 1456/1456/1456 1457/1457/1457 1458/1458/1458
f 1459/1459/1459 1460/1460/1460 1461/1461/1461
f 1462/1462/1462 1463/1463/1463 1464/1464/1464
f 1465/1465/1465 1466/1466/1466 1467/1467/1467
f 1468/1468/1468 1469/1469/1469 1470/1470/1470
f 1471/1471/1471 1472/1472/1472 1473/1473/1473
f 1474/1474/1474 1475/1475/1475 1476/1476/1476
f 1477/1477/1477 1478/1478/1478 1479/1479/1479
f 1480/1480/1480 1481/1481/1481 1482/1482/1482
f 1483/1483/1483 1484/1484/1484 1485/1485/1485
f 1486/1486/1486 1487/1487/1487 1488/1488/1488
f 1489/1489/1489 1490/1490/1490 1491/1491/1491
f 1492/1492/1492 1493/1493/1493 1494/1494/1494
f 1495/1495/1495 1496/1496/1496 1497/1497/1497
f 1498/1498/1498 1499/1499/1499 1500/1500/1500
f 1501/1501/1501 1502/1502/1502 1503/1503/1503
f 1504/1504/1504 1505/1505/1505 1506/1506/1506
f 1507/1507/1507 1508/1508/1508 1509/1509/1509
f 1510/1510/1510 1511/1511/1511 1512/1512/1512
f 1513/1513/1513 1514/1514/1514 1515/1515/1515
f 1516/1516/1516 1517/1517/1517 1518/1518/1518
f 1519/1519/1519 1520/1520/1520 1521/1521/1521
f 1522/1522/1522 1523/1523/1523 1524/1524/1524
f 1525/1525/1525 1526/1526/1526 1527/1527/1527
f 1528/1528/1528 1529/1529/1529 1530/1530/1530
f 1531/1531/1531 1532/1532/1532 1533/1533/1533
f 1534/1534/1534 1535/1535/1535 1536/1536/1536
f 1537/1537/1537 1538/1538/1538 1539/1539/1539
f 1540/1540/1540 1541/1541/1541 1542/1542/1542
f 1543/1543/1543 1544/1544/1544 1545/1545/1545
f 1546/1546/1546 1547/1547/1547 1548/1548/1548
f 1549/1549/1549 1550/1550/1550 1551/1551/1551
f 1552/1552/1552 1553/1553/1553 1554/1554/1554
f 1555/1555/1555 1556/1556/1556 1557/1557/1557
f 1558/1558/1558 1559/1559/1559 1560/1560/1560
f 1561/1561/1561 1562/1562/1562 1563/1563/1563
f 1564/1564/1564 1565/1565/1565 1566/1566/1566
f 1567/1567/1567 1568/1568/1568 1569/1569/1569
f 1570/1570/1570 1571/1571/1571 1572/1572/1572
f 1573/1573/1573 1574/1574/1574 1575/1575/1575
f 1576/1576/1576 1577/1577/1577 1578/1578/1578
f 1579/1579/1579 1580/1580/1580 1581/1581/1581
f 1582/1582/1582 1583/1583/1583 1584/1584/1584
f 1585/1585/1585 1586/1586/1586 1587/1587/1587
f 1588/1588/1588 1589/1589/1589 1590/1590/1590
f 1591/1591/1591 1592/1592/1592 1593/1593/1593
f 1594/1594/1594 1595/1595/1595 1596/1596/1596
f 1597/1597/1597 1598/1598/1598 1599/1599/1599
f 1600/1600/1600 1601/1601/1601 1602/1602/1602
f 1603/1603/1603 1604/1604/1604 1605/1605/1605
f 1606/1606/1606 1607/1607/1607 1608/1608/1608
f 1609/1609/1609 1610/1610/1610 1611/1611/1611
f 1612/1612/1612 1613/1613/1613 1614/1614/1614
f 1615/1615/1615 1616/1616/1616 1617/1617/1617
f 1618/1618/1618 1619/1619/1619 1620/1620/1620
f 1621/1621/1621 1622/1622/1622 1623/1623/1623
f 1624/1624/1624 1625/1625/1625 1626/1626/1626
f 1627/1627/1627 1628/1628/1628 1629/1629/1629
f 1630/1630/1630 1631/1631/1631 1632/1632/1632
f 1633/1633/1633 1634/1634/1634 1635/1635/1635
f 1636/1636/1636 1637/1637/1637 1638/1638/1638
f 1639/1639/1639 1640/1640/1640 1641/1641/1641
f 1642/1642/1642 1643/1643/1643 1644/1644/1644
f 1645/1645/1645 1646/1646/1646 1647/1647/1647
f 1648/1648/1648 1649/1649/1649 1650/1650/1650
o 
v 0.049590975170077406 0.6836601331766782 -0.06974934525053972
v 0.049590975170077406 0.6836601331766782 0.17157865577179915
v 0.15699391943920077 0.6836601331766782 -0.06974934525053972
v 0.15699391943920077 0.6836601331766782 0.17157865577179915
v 0.15699391943920077 0.6836601331766782 -0.06974934525053972
v 0.049590975170077406 0.6836601331766782 0.17157865577179915
v 0.15699391943920077 0.6836601331766782 -0.06974934525053972
v 0.15699391943920077 0.6836601331766782 0.17157865577179915
v 0.26439686370832416 0.6836601331766782 0.17157865577179915
v 0.049590975170077406 0.6836601331766782 0.17157865577179915
v 0.049590975170077406 0.6836601331766782 -0.06974934525053972
v -0.05062280242084158 0.6836601331766782 0.050914655260629715
v -0.05062280242084158 0.6836601331766782 0.050914655260629715
v 0.049590975170077406 0.6836601331766782 -0.06974934525053972
v -0.05062280242084158 0.6836601331766782 -0.03320034331839555
v 0.049590975170077406 0.6836601331766782 0.17157865577179915
v -0.05062280242084158 0.6836601331766782 0.050914655260629715
v -0.05062280242084158 0.6836601331766782 0.13502965383965498
v 0.15699391943920077 0.6836601331766782 -0.06974934525053972
v 0.26439686370832416 0.6836601331766782 0.17157865577179915
v 0.26439686370832416 0.6836601331766782 -0.06974934525053972
v 0.3646116429792588 0.6836601331766782 0.050914655260629715
v 0.26439686370832416 0.6836601331766782 -0.06974934525053972
v 0.26439686370832416 0.6836601331766782 0.17157865577179915
v 0.26439686370832416 0.6836601331766782 -0.06974934525053972
v 0.3646116429792588 0.6836601331766782 0.050914655260629715
v 0.3646116429792588 0.6836601331766782 -0.03320034331839555
v 0.3646116429792588 0.6836601331766782 0.050914655260629715
v 0.26439686370832416 0.6836601331766782 0.17157865577179915
v 0.3646116429792588 0.6836601331766782 0.13502965383965498
v 0.15699391943920077 0.43078342353848026 0.2742476563974095
v 0.1678828091424382 0.43078342353848026 0.27423665934044844
v 0.15699391943920077 0.43381196709639125 0.27359064929921156
v 0.15699391943920077 0.43078342353848026 0.2742476563974095
v 0.1778154333449985 0.4214792595815184 0.27367865555722243
v 0.1678828091424382 0.43078342353848026 0.27423665934044844
v 0.14609188880504342 0.43637534503078307 0.27302465849358565
v 0.15699391943920077 0.43078342353848026 0.2742476563974095
v 0.15699391943920077 0.43381196709639125 0.27359064929921156
v 0.15699391943920077 0.43078342353848026 0.2742476563974095
v 0.1828221802747685 0.4048328015575205 0.27269166224438673
v 0.1778154333449985 0.4214792595815184 0.27367865555722243
v 0.12430096846764867 0.43078342353848026 0.2742156487031651
v 0.15699391943920077 0.43078342353848026 0.2742476563974095
v 0.14609188880504342 0.43637534503078307 0.27302465849358565
v 0.12430096846764867 0.43078342353848026 0.2742156487031651
v 0.10936159827674696 0.4048328015575205 0.2726696532293034
v 0.15699391943920077 0.43078342353848026 0.2742476563974095
v 0.10936159827674696 0.4048328015575205 0.2726696532293034
v 0.12430096846764867 0.43078342353848026 0.2742156487031651
v 0.11436834520651695 0.4214792595815184 0.2736566614433003
v 0.15699391943920077 0.3454208484465278 0.2692136567159367
v 0.1828221802747685 0.4048328015575205 0.27269166224438673
v 0.15699391943920077 0.43078342353848026 0.2742476563974095
v 0.10936159827674696 0.4048328015575205 0.2726696532293034
v 0.15699391943920077 0.3454208484465278 0.2692136567159367
v 0.15699391943920077 0.43078342353848026 0.2742476563974095
v 0.1828221802747685 0.4048328015575205 0.27269166224438673
v 0.15699391943920077 0.3454208484465278 0.2692136567159367
v 0.18243603451158355 0.34941881694224286 0.2694236587806416
v 0.15699391943920077 0.3454208484465278 0.2692136567159367
v 0.10936159827674696 0.4048328015575205 0.2726696532293034
v 0.10936159827674696 0.3379362216757797 0.26862865202862746
v 0.15699391943920077 0.3454208484465278 0.2692136567159367
v 0.18251488103853156 0.2523240265713347 0.2636706482692433
v 0.18243603451158355 0.34941881694224286 0.2694236587806416
v 0.18251488103853156 0.2523240265713347 0.2636706482692433
v 0.20339704742242118 0.34676019201804537 0.2692466478868199
v 0.18243603451158355 0.34941881694224286 0.2694236587806416
v 0.18251488103853156 0.2523240265713347 0.2636706482692433
v 0.15699391943920077 0.3454208484465278 0.2692136567159367
v 0.15699391943920077 0.24704086606276668 0.26341165118653304
v 0.10936159827674696 0.3379362216757797 0.26862865202862746
v 0.15699391943920077 0.24704086606276668 0.26341165118653304
v 0.15699391943920077 0.3454208484465278 0.2692136567159367
v 0.20339704742242118 0.34676019201804537 0.2692466478868199
v 0.18251488103853156 0.2523240265713347 0.2636706482692433
v 0.21419495840852076 0.24769950960350917 0.263290653757639
v 0.20339704742242118 0.34676019201804537 0.2692466478868199
v 0.21419495840852076 0.24769950960350917 0.263290653757639
v 0.24610045520489432 0.3384865807721442 0.26871565990883833
v 0.24179322360606975 0.24232111330890627 0.2628776531739903
v 0.24610045520489432 0.3384865807721442 0.26871565990883833
v 0.21419495840852076 0.24769950960350917 0.263290653757639
v 0.15699391943920077 0.24704086606276668 0.26341165118653304
v 0.10936159827674696 0.3379362216757797 0.26862865202862746
v 0.1341850723823069 0.2423181069637528 0.2630636494680119
v 0.24179322360606975 0.24232111330890627 0.2628776531739903
v 0.2816864708245718 0.3265598829711873 0.26792965345818526
v 0.24610045520489432 0.3384865807721442 0.26871565990883833
v 0.1341850723823069 0.2423181069637528 0.2630636494680119
v 0.10936159827674696 0.3379362216757797 0.26862865202862746
v 0.10936159827674696 0.2423181069637528 0.26298965030152327
v 0.2988972163510141 0.24232412338864995 0.2627066623492909
v 0.2816864708245718 0.3265598829711873 0.26792965345818526
v 0.24179322360606975 0.24232111330890627 0.2628776531739903
v 0.2988972163510141 0.24232412338864995 0.2627066623492909
v 0.24179322360606975 0.24232111330890627 0.2628776531739903
v 0.2566527324100076 0.23942490122201052 0.2633596610351277
v 0.2988972163510141 0.24232412338864995 0.2627066623492909
v 0.2566527324100076 0.23942490122201052 0.2633596610351277
v 0.28021365475581217 0.23723544913667347 0.2636876504941655
v 0.2816864708245718 0.3265598829711873 0.26792965345818526
v 0.2988972163510141 0.24232412338864995 0.2627066623492909
v 0.3123647815674576 0.31219912862711013 0.2669556539579106
v 0.3194811833473806 0.25719214712675564 0.26355665438611037
v 0.3123647815674576 0.31219912862711013 0.2669556539579106
v 0.2988972163510141 0.24232412338864995 0.2627066623492909
v 0.3288083004533236 0.2786114861855493 0.2648436527772618
v 0.3123647815674576 0.31219912862711013 0.2669556539579106
v 0.3194811833473806 0.25719214712675564 0.26355665438611037
v 0.3123647815674576 0.31219912862711013 0.2669556539579106
v 0.3288083004533236 0.2786114861855493 0.2648436527772618
v 0.32610730418248923 0.29759676123204226 0.2660176556630803
v 0.10936159827674696 0.2423181069637528 0.26298965030152327
v 0.10936159827674696 0.23717730530102868 0.2639016609712315
v 0.1341850723823069 0.2423181069637528 0.2630636494680119
v 0.10936159827674696 0.2423181069637528 0.26298965030152327
v 0.10533032199081177 0.23634222477838618 0.2640376489682866
v 0.10936159827674696 0.23717730530102868 0.2639016609712315
v 0.10787463441919448 0.3377036313948396 0.2686106514259053
v 0.10936159827674696 0.2423181069637528 0.26298965030152327
v 0.10936159827674696 0.3379362216757797 0.26862865202862746
v 0.04892684625682853 0.3141499889449709 0.26704366021592146
v 0.10936159827674696 0.2423181069637528 0.26298965030152327
v 0.10787463441919448 0.3377036313948396 0.2686106514259053
v -0.011293606491165314 0.26872787067415416 0.2641836505456639
v 0.10936159827674696 0.2423181069637528 0.26298965030152327
v 0.04892684625682853 0.3141499889449709 0.26704366021592146
v 0.10936159827674696 0.2423181069637528 0.26298965030152327
v 0.06885880994013588 0.2190982845982148 0.266987661652155
v 0.10533032199081177 0.23634222477838618 0.2640376489682866
v 0.10936159827674696 0.2423181069637528 0.26298965030152327
v -0.011293606491165314 0.26872787067415416 0.2641836505456639
v -0.029608203394879767 0.2423271297338034 0.26257165782887465
v 0.10936159827674696 0.2423181069637528 0.26298965030152327
v -0.029608203394879767 0.2423271297338034 0.26257165782887465
v 0.06885880994013588 0.2190982845982148 0.266987661652155
v -0.029608203394879767 0.2423271297338034 0.26257165782887465
v 0.04680607878364451 0.19176020678633532 0.2717726480289174
v 0.06885880994013588 0.2190982845982148 0.266987661652155
v -0.04776512230755556 0.21615595779087834 0.26716166251141554
v 0.04680607878364451 0.19176020678633532 0.2717726480289174
v -0.029608203394879767 0.2423271297338034 0.26257165782887465
v -0.060063131962841715 0.16652536711016103 0.27593065314728743
v 0.04680607878364451 0.19176020678633532 0.2717726480289174
v -0.04776512230755556 0.21615595779087834 0.26716166251141554
v 0.04680607878364451 0.19176020678633532 0.2717726480289174
v -0.060063131962841715 0.16652536711016103 0.27593065314728743
v 0.05104761373001253 0.16694741688921247 0.2761886518521977
v -0.0520056480424792 0.12993524855065328 0.2824466478152943
v 0.05104761373001253 0.16694741688921247 0.2761886518521977
v -0.060063131962841715 0.16652536711016103 0.27593065314728743
v -0.024016177844523257 0.09755060352507305 0.28834466152627
v 0.05104761373001253 0.16694741688921247 0.2761886518521977
v -0.0520056480424792 0.12993524855065328 0.2824466478152943
v 0.05104761373001253 0.16694741688921247 0.2761886518521977
v -0.024016177844523257 0.09755060352507305 0.28834466152627
v 0.018816623648545944 0.07399795447621162 0.2928916614576054
v 0.018816623648545944 0.07399795447621162 0.2928916614576054
v 0.08624646119506053 0.1475992367695006 0.27992166095215804
v 0.05104761373001253 0.16694741688921247 0.2761886518521977
v 0.08624646119506053 0.1475992367695006 0.27992166095215804
v 0.018816623648545944 0.07399795447621162 0.2928916614576054
v 0.05114869303445127 0.065722341489935 0.2945946555658055
v 0.10936159827674696 0.065722341489935 0.2949536543412877
v 0.08624646119506053 0.1475992367695006 0.27992166095215804
v 0.05114869303445127 0.065722341489935 0.2945946555658055
v 0.08624646119506053 0.1475992367695006 0.27992166095215804
v 0.10936159827674696 0.065722341489935 0.2949536543412877
v 0.10936159827674696 0.14694460417868957 0.2801826547904683
v 0.10936159827674696 0.065722341489935 0.2949536543412877
v 0.05114869303445127 0.065722341489935 0.2945946555658055
v 0.07140312236851859 0.06053943232211134 0.29403864853817946
v 0.07140312236851859 0.06053943232211134 0.29403864853817946
v 0.10936159827674696 0.058408131541599545 0.29399165027577406
v 0.10936159827674696 0.065722341489935 0.2949536543412877
v 0.10936159827674696 0.065722341489935 0.2949536543412877
v 0.14561881058478396 0.14591704660901153 0.280592660240717
v 0.10936159827674696 0.14694460417868957 0.2801826547904683
v 0.1388329665050333 0.05675500769704747 0.2939556490703297
v 0.10936159827674696 0.065722341489935 0.2949536543412877
v 0.10936159827674696 0.058408131541599545 0.29399165027577406
v 0.15699391943920077 0.06572134061974727 0.2952466558738423
v 0.14561881058478396 0.14591704660901153 0.280592660240717
v 0.10936159827674696 0.065722341489935 0.2949536543412877
v 0.15699391943920077 0.06572134061974727 0.2952466558738423
v 0.10936159827674696 0.065722341489935 0.2949536543412877
v 0.1388329665050333 0.05675500769704747 0.2939556490703297
v 0.14561881058478396 0.14591704660901153 0.280592660240717
v 0.15699391943920077 0.06572134061974727 0.2952466558738423
v 0.15699391943920077 0.144948633745166 0.28083864860970503
v 0.1388329665050333 0.05675500769704747 0.2939556490703297
v 0.15699391943920077 0.05515301786223581 0.293857659034319
v 0.15699391943920077 0.06572134061974727 0.2952466558738423
v 0.15699391943920077 0.06572134061974727 0.2952466558738423
v 0.1828221802747685 0.1427491580195906 0.28116166108090407
v 0.15699391943920077 0.144948633745166 0.28083864860970503
v 0.15699391943920077 0.05515301786223581 0.293857659034319
v 0.1828221802747685 0.065722341489935 0.29508766048390395
v 0.15699391943920077 0.06572134061974727 0.2952466558738423
v 0.1828221802747685 0.1427491580195906 0.28116166108090407
v 0.15699391943920077 0.06572134061974727 0.2952466558738423
v 0.1828221802747685 0.065722341489935 0.29508766048390395
v 0.1828221802747685 0.065722341489935 0.29508766048390395
v 0.15699391943920077 0.05515301786223581 0.293857659034319
v 0.1828221802747685 0.0528763518907267 0.29338766150910384
v 0.1828221802747685 0.065722341489935 0.29508766048390395
v 0.22958820450081005 0.1387672407927818 0.28174565248925215
v 0.1828221802747685 0.1427491580195906 0.28116166108090407
v 0.19608555904515995 0.05170643920979506 0.29314565175015456
v 0.1828221802747685 0.065722341489935 0.29508766048390395
v 0.1828221802747685 0.0528763518907267 0.29338766150910384
v 0.1828221802747685 0.065722341489935 0.29508766048390395
v 0.2885359888974617 0.11942006527784793 0.284878651432581
v 0.22958820450081005 0.1387672407927818 0.28174565248925215
v 0.23552492847941725 0.03782788022078956 0.291061649851389
v 0.1828221802747685 0.065722341489935 0.29508766048390395
v 0.19608555904515995 0.05170643920979506 0.29314565175015456
v 0.34564404108246954 0.06572334982930324 0.29408566170174605
v 0.2885359888974617 0.11942006527784793 0.284878651432581
v 0.1828221802747685 0.065722341489935 0.29508766048390395
v 0.1828221802747685 0.065722341489935 0.29508766048390395
v 0.23552492847941725 0.03782788022078956 0.291061649851389
v 0.34564404108246954 0.06572334982930324 0.29408566170174605
v 0.2885359888974617 0.11942006527784793 0.284878651432581
v 0.34564404108246954 0.06572334982930324 0.29408566170174605
v 0.3381546377652816 0.08156780459652706 0.2913106482549382
v 0.34564404108246954 0.06572334982930324 0.29408566170174605
v 0.23552492847941725 0.03782788022078956 0.291061649851389
v 0.2584257662891791 0.006284335877339259 0.2867346506639195
v 0.2584257662891791 0.006284335877339259 0.2867346506639195
v 0.3635997804719975 0.02773374585684793 0.2889336597247792
v 0.34564404108246954 0.06572334982930324 0.29408566170174605
v 0.2584257662891791 0.006284335877339259 0.2867346506639195
v 0.3669922070850793 -0.02862459712645743 0.28143365197617537
v 0.3635997804719975 0.02773374585684793 0.2889336597247792
v 0.3669922070850793 -0.02862459712645743 0.28143365197617537
v 0.2584257662891791 0.006284335877339259 0.2867346506639195
v 0.2605465337623631 -0.023578030379580478 0.28276165836293227
v 0.2605465337623631 -0.023578030379580478 0.28276165836293227
v 0.3513007616052669 -0.08540197607448027 0.27399564795929915
v 0.3669922070850793 -0.02862459712645743 0.28143365197617537
v 0.244431543327352 -0.04881186498415299 0.2795606505199147
v 0.3513007616052669 -0.08540197607448027 0.27399564795929915
v 0.2605465337623631 -0.023578030379580478 0.28276165836293227
v 0.3513007616052669 -0.08540197607448027 0.27399564795929915
v 0.244431543327352 -0.04881186498415299 0.2795606505199147
v 0.31901518372866045 -0.12120513430675198 0.26950665824849135
v 0.19778176858598653 -0.0761499619358075 0.2763046573920918
v 0.31901518372866045 -0.12120513430675198 0.26950665824849135
v 0.244431543327352 -0.04881186498415299 0.2795606505199147
v 0.19778176858598653 -0.0761499619358075 0.2763046573920918
v 0.1828221802747685 -0.12128834097758281 0.27047866099316603
v 0.31901518372866045 -0.12120513430675198 0.26950665824849135
v 0.1828221802747685 -0.12128834097758281 0.27047866099316603
v 0.3046519960753458 -0.13713480495436262 0.27302465849358565
v 0.31901518372866045 -0.12120513430675198 0.26950665824849135
v 0.1828221802747685 -0.12128834097758281 0.27047866099316603
v 0.19778176858598653 -0.0761499619358075 0.2763046573920918
v 0.1828221802747685 -0.08024513434662064 0.27587365620572096
v 0.3046519960753458 -0.13713480495436262 0.27302465849358565
v 0.1828221802747685 -0.12128834097758281 0.27047866099316603
v 0.2393419092591422 -0.16531297557582755 0.2795266609712315
v 0.2393419092591422 -0.16531297557582755 0.2795266609712315
v 0.1828221802747685 -0.12128834097758281 0.27047866099316603
v 0.1859072963544704 -0.1833980127035386 0.28378065937001234
v 0.1828221802747685 -0.12128834097758281 0.27047866099316603
v 0.1828221802747685 -0.08024513434662064 0.27587365620572096
v 0.15699391943920077 -0.08731674531213865 0.27513065450627333
v 0.1859072963544704 -0.1833980127035386 0.28378065937001234
v 0.1828221802747685 -0.12128834097758281 0.27047866099316603
v 0.1828221802747685 -0.1837829742667901 0.2838846545739842
v 0.15699391943920077 -0.12130438477730857 0.27066365890938765
v 0.1828221802747685 -0.12128834097758281 0.27047866099316603
v 0.15699391943920077 -0.08731674531213865 0.27513065450627333
v 0.15699391943920077 -0.12130438477730857 0.27066365890938765
v 0.1828221802747685 -0.1837829742667901 0.2838846545739842
v 0.1828221802747685 -0.12128834097758281 0.27047866099316603
v 0.15699391943920077 -0.08731674531213865 0.27513065450627333
v 0.11635668756905745 -0.09844044645531433 0.2734076481385899
v 0.15699391943920077 -0.12130438477730857 0.27066365890938765
v 0.1828221802747685 -0.1837829742667901 0.2838846545739842
v 0.15699391943920077 -0.12130438477730857 0.27066365890938765
v 0.15699391943920077 -0.1870019819275904 0.284756655625887
v 0.1828221802747685 -0.2649801666511781 0.30131466203171736
v 0.1828221802747685 -0.1837829742667901 0.2838846545739842
v 0.15699391943920077 -0.1870019819275904 0.284756655625887
v 0.11635668756905745 -0.09844044645531433 0.2734076481385899
v 0.10936159827674696 -0.1212753147267813 0.27032365911442763
v 0.15699391943920077 -0.12130438477730857 0.27066365890938765
v 0.10936159827674696 -0.1212753147267813 0.27032365911442763
v 0.15699391943920077 -0.1870019819275904 0.284756655625887
v 0.15699391943920077 -0.12130438477730857 0.27066365890938765
v 0.10936159827674696 -0.1212753147267813 0.27032365911442763
v 0.11635668756905745 -0.09844044645531433 0.2734076481385899
v 0.10936159827674696 -0.09858881425687485 0.2733376573844624
v 0.10936159827674696 -0.1212753147267813 0.27032365911442763
v 0.10936159827674696 -0.09858881425687485 0.2733376573844624
v 0.07649275643672838 -0.09928156581039552 0.27300765626866347
v 0.15699391943920077 -0.1870019819275904 0.284756655625887
v 0.15699391943920077 -0.2649842000086511 0.3014846544786168
v 0.1828221802747685 -0.2649801666511781 0.30131466203171736
v 0.15699391943920077 -0.2649842000086511 0.3014846544786168
v 0.18282116918046695 -0.26817712529112625 0.30102164559800154
v 0.1828221802747685 -0.2649801666511781 0.30131466203171736
v 0.15699391943920077 -0.2649842000086511 0.3014846544786168
v 0.17941358933286228 -0.2882892083778539 0.2992006491943074
v 0.18282116918046695 -0.26817712529112625 0.30102164559800154
v 0.15699391943920077 -0.2649842000086511 0.3014846544786168
v 0.1669720325296157 -0.30316426061481516 0.2979186575933171
v 0.17941358933286228 -0.2882892083778539 0.2992006491943074
v 0.1669720325296157 -0.30316426061481516 0.2979186575933171
v 0.15699391943920077 -0.2649842000086511 0.3014846544786168
v 0.15699391943920077 -0.3058298916303267 0.2977396499438954
v 0.15699391943920077 -0.3058298916303267 0.2977396499438954
v 0.15699391943920077 -0.2649842000086511 0.3014846544786168
v 0.14609188880504342 -0.30874113917757995 0.2973986517711354
v 0.15699391943920077 -0.2649842000086511 0.3014846544786168
v 0.12521174602189974 -0.30316426061481516 0.2977686625047398
v 0.14609188880504342 -0.30874113917757995 0.2973986517711354
v 0.12521174602189974 -0.30316426061481516 0.2977686625047398
v 0.15699391943920077 -0.2649842000086511 0.3014846544786168
v 0.11277018733579602 -0.2882892083778539 0.29904865735013014
v 0.11277018733579602 -0.2882892083778539 0.29904865735013014
v 0.15699391943920077 -0.2649842000086511 0.3014846544786168
v 0.10936159827674696 -0.26817712529112625 0.3008776556773854
v 0.10936159827674696 -0.26817712529112625 0.3008776556773854
v 0.15699391943920077 -0.2649842000086511 0.3014846544786168
v 0.10936159827674696 -0.2649771789789759 0.3011716406865788
v 0.15699391943920077 -0.2649842000086511 0.3014846544786168
v 0.10936159827674696 -0.19293678362017705 0.2857186596914006
v 0.10936159827674696 -0.2649771789789759 0.3011716406865788
v 0.10936159827674696 -0.19293678362017705 0.2857186596914006
v 0.15699391943920077 -0.2649842000086511 0.3014846544786168
v 0.15699391943920077 -0.1870019819275904 0.284756655625887
v 0.15699391943920077 -0.1870019819275904 0.284756655625887
v 0.10936159827674696 -0.1212753147267813 0.27032365911442763
v 0.10936159827674696 -0.19293678362017705 0.2857186596914006
v 0.10936159827674696 -0.1212753147267813 0.27032365911442763
v 0.10490677703561306 -0.19349314793766795 0.28580866270501143
v 0.10936159827674696 -0.19293678362017705 0.2857186596914006
v 0.10490677703561306 -0.19349314793766795 0.28580866270501143
v 0.10936159827674696 -0.1212753147267813 0.27032365911442763
v 0.03577971320539883 -0.19012777421568258 0.28463565819699294
v -0.06553385632272879 -0.12116904322654956 0.2690746586843205
v 0.03577971320539883 -0.19012777421568258 0.28463565819699294
v 0.10936159827674696 -0.1212753147267813 0.27032365911442763
v 0.07649275643672838 -0.09928156581039552 0.27300765626866347
v -0.06553385632272879 -0.12116904322654956 0.2690746586843205
v 0.10936159827674696 -0.1212753147267813 0.27032365911442763
v -0.06553385632272879 -0.12116904322654956 0.2690746586843205
v 0.07649275643672838 -0.09928156581039552 0.27300765626866347
v 0.033235400777016116 -0.08666411819629335 0.2743716489597035
v -0.015110579739461588 -0.07657098470253945 0.27536364906270033
v -0.06553385632272879 -0.12116904322654956 0.2690746586843205
v 0.033235400777016116 -0.08666411819629335 0.2743716489597035
v -0.04946133561409649 -0.08456088659612107 0.2740546565576268
v -0.06553385632272879 -0.12116904322654956 0.2690746586843205
v -0.015110579739461588 -0.07657098470253945 0.27536364906270033
v -0.06553385632272879 -0.12116904322654956 0.2690746586843205
v -0.04946133561409649 -0.08456088659612107 0.2740546565576268
v -0.06708450217556344 -0.10940675702687888 0.2706266593261433
v 0.03577971320539883 -0.19012777421568258 0.28463565819699294
v -0.06553385632272879 -0.12116904322654956 0.2690746586843205
v -0.03207367682774315 -0.17919253543502076 0.2818056594653798
v -0.03207367682774315 -0.17919253543502076 0.2818056594653798
v -0.06553385632272879 -0.12116904322654956 0.2690746586843205
v -0.06684897933759246 -0.1272351531124222 0.270372654132433
v -0.03207367682774315 -0.17919253543502076 0.2818056594653798
v -0.06684897933759246 -0.1272351531124222 0.270372654132433
v -0.06684897933759246 -0.14554677529994695 0.274315650395937
v 0.19574692341700412 0.14694460417868957 -0.17846434301894182
v 0.19574692341700412 0.065722341489935 -0.19317834562819475
v 0.15948971110896712 0.14591704660901153 -0.17882635182898515
v 0.19574692341700412 0.065722341489935 -0.19317834562819475
v 0.2539588156821411 0.065722341489935 -0.19282034523051256
v 0.23370539555951814 0.06053943232211134 -0.19226234144728654
v 0.19574692341700412 0.065722341489935 -0.19317834562819475
v 0.23370539555951814 0.06053943232211134 -0.19226234144728654
v 0.19574692341700412 0.058408131541599545 -0.19221534318488115
v 0.15699391943920077 0.06572134061974727 -0.19341734535258287
v 0.15948971110896712 0.14591704660901153 -0.17882635182898515
v 0.19574692341700412 0.065722341489935 -0.19317834562819475
v 0.15948971110896712 0.14591704660901153 -0.17882635182898515
v 0.15699391943920077 0.06572134061974727 -0.19341734535258287
v 0.15699391943920077 0.14570451854690908 -0.17887235171359056
v 0.15699391943920077 0.14570451854690908 -0.17887235171359056
v 0.15699391943920077 0.06572134061974727 -0.19341734535258287
v 0.12228735251328414 0.1427491580195906 -0.17924434430163377
v 0.19574692341700412 0.065722341489935 -0.19317834562819475
v 0.16627555613014638 0.05675500769704747 -0.1921813387350368
v 0.15699391943920077 0.06572134061974727 -0.19341734535258287
v 0.16627555613014638 0.05675500769704747 -0.1921813387350368
v 0.19574692341700412 0.065722341489935 -0.19317834562819475
v 0.19574692341700412 0.058408131541599545 -0.19221534318488115
v 0.12228735251328414 0.1427491580195906 -0.17924434430163377
v 0.15699391943920077 0.06572134061974727 -0.19341734535258287
v 0.12228735251328414 0.065722341489935 -0.19320334977667802
v 0.12228735251328414 0.1427491580195906 -0.17924434430163377
v 0.12228735251328414 0.065722341489935 -0.19320334977667802
v 0.07552032095865538 0.1387672407927818 -0.1796773422436046
v 0.12228735251328414 0.065722341489935 -0.19320334977667802
v 0.016572529030575073 0.11942006527784793 -0.18282133824389452
v 0.07552032095865538 0.1387672407927818 -0.1796773422436046
v 0.15699391943920077 0.06572134061974727 -0.19341734535258287
v 0.16627555613014638 0.05675500769704747 -0.1921813387350368
v 0.15699391943920077 0.055935967239540446 -0.19213134533923143
v 0.12228735251328414 0.065722341489935 -0.19320334977667802
v 0.15699391943920077 0.06572134061974727 -0.19341734535258287
v 0.15699391943920077 0.055935967239540446 -0.19213134533923143
v 0.15699391943920077 -0.08974679837450797 -0.172982339926176
v 0.16627555613014638 0.05675500769704747 -0.1921813387350368
v 0.19574692341700412 0.058408131541599545 -0.19221534318488115
v 0.16627555613014638 0.05675500769704747 -0.1921813387350368
v 0.15699391943920077 -0.08974679837450797 -0.172982339926176
v 0.15699391943920077 0.055935967239540446 -0.19213134533923143
v 0.12228735251328414 0.065722341489935 -0.19320334977667802
v 0.15699391943920077 0.055935967239540446 -0.19213134533923143
v 0.12228735251328414 0.0528763518907267 -0.191512351103239
v 0.15699391943920077 0.055935967239540446 -0.19213134533923143
v 0.12228735251328414 -0.08024513434662064 -0.17398834712069505
v 0.12228735251328414 0.0528763518907267 -0.191512351103239
v 0.12228735251328414 -0.08024513434662064 -0.17398834712069505
v 0.15699391943920077 0.055935967239540446 -0.19213134533923143
v 0.15699391943920077 -0.08974679837450797 -0.172982339926176
v 0.1090239718600355 0.05170643920979506 -0.1912633377985286
v 0.12228735251328414 0.065722341489935 -0.19320334977667802
v 0.12228735251328414 0.0528763518907267 -0.191512351103239
v 0.06958358944861949 0.03782788022078956 -0.18917733914416307
v 0.12228735251328414 0.065722341489935 -0.19320334977667802
v 0.1090239718600355 0.05170643920979506 -0.1912633377985286
v -0.040534498880131054 0.06572334982930324 -0.19220135099452013
v 0.016572529030575073 0.11942006527784793 -0.18282133824389452
v 0.12228735251328414 0.065722341489935 -0.19320334977667802
v 0.12228735251328414 0.065722341489935 -0.19320334977667802
v 0.06958358944861949 0.03782788022078956 -0.18917733914416307
v -0.040534498880131054 0.06572334982930324 -0.19220135099452013
v 0.016572529030575073 0.11942006527784793 -0.18282133824389452
v -0.040534498880131054 0.06572334982930324 -0.19220135099452013
v -0.03304408635149875 0.08156780459652706 -0.1893763441519069
v -0.040534498880131054 0.06572334982930324 -0.19220135099452013
v 0.06958358944861949 0.03782788022078956 -0.18917733914416307
v 0.046682759170286345 0.006284335877339259 -0.1848503399566936
v 0.046682759170286345 0.006284335877339259 -0.1848503399566936
v -0.0584912625439607 0.02773374585684793 -0.18704934901755327
v -0.040534498880131054 0.06572334982930324 -0.19220135099452013
v 0.046682759170286345 0.006284335877339259 -0.1848503399566936
v -0.06188367409418519 -0.02862459712645743 -0.17954934126894945
v -0.0584912625439607 0.02773374585684793 -0.18704934901755327
v -0.06188367409418519 -0.02862459712645743 -0.17954934126894945
v 0.046682759170286345 0.006284335877339259 -0.1848503399566936
v 0.04456199169710233 -0.023578030379580478 -0.18088734633486742
v -0.06188367409418519 -0.02862459712645743 -0.17954934126894945
v 0.04456199169710233 -0.023578030379580478 -0.18088734633486742
v -0.046192228614372804 -0.08540197607448027 -0.17211135215323442
v 0.06067799134355781 -0.04881288079270174 -0.1776813466028499
v -0.046192228614372804 -0.08540197607448027 -0.17211135215323442
v 0.04456199169710233 -0.023578030379580478 -0.18088734633486742
v -0.046192228614372804 -0.08540197607448027 -0.17211135215323442
v 0.06067799134355781 -0.04881288079270174 -0.1776813466028499
v -0.013911711857845538 -0.12120113082600101 -0.16761434561770433
v -0.013911711857845538 -0.12120113082600101 -0.16761434561770433
v 0.06067799134355781 -0.04881288079270174 -0.1776813466028499
v 0.10732675310776454 -0.0761499619358075 -0.1744193483070659
v 0.10732675310776454 -0.0761499619358075 -0.1744193483070659
v 0.12228735251328414 -0.12128335156500517 -0.168586348362379
v -0.013911711857845538 -0.12120113082600101 -0.16761434561770433
v 0.12228735251328414 -0.12128335156500517 -0.168586348362379
v 0.10732675310776454 -0.0761499619358075 -0.1744193483070659
v 0.12228735251328414 -0.08024513434662064 -0.17398834712069505
v -0.013911711857845538 -0.12120113082600101 -0.16761434561770433
v 0.12228735251328414 -0.12128335156500517 -0.168586348362379
v 0.00045754612699264174 -0.13713480495436262 -0.1711353409961986
v 0.00045754612699264174 -0.13713480495436262 -0.1711353409961986
v 0.12228735251328414 -0.12128335156500517 -0.168586348362379
v 0.06576661620032323 -0.16531297557582755 -0.17764033860724443
v 0.12228735251328414 -0.12128335156500517 -0.168586348362379
v 0.11920122533928071 -0.1833980127035386 -0.18189634866278642
v 0.06576661620032323 -0.16531297557582755 -0.17764033860724443
v 0.15699391943920077 -0.08974679837450797 -0.172982339926176
v 0.12228735251328414 -0.12128335156500517 -0.168586348362379
v 0.12228735251328414 -0.08024513434662064 -0.17398834712069505
v 0.12228735251328414 -0.12128335156500517 -0.168586348362379
v 0.12228735251328414 -0.1837829742667901 -0.18200034386675829
v 0.11920122533928071 -0.1833980127035386 -0.18189634866278642
v 0.12228735251328414 -0.12128335156500517 -0.168586348362379
v 0.15699391943920077 -0.08974679837450797 -0.172982339926176
v 0.15699391943920077 -0.12130438477730857 -0.16883434838812822
v 0.15699391943920077 -0.12130438477730857 -0.16883434838812822
v 0.12228735251328414 -0.1837829742667901 -0.18200034386675829
v 0.12228735251328414 -0.12128335156500517 -0.168586348362379
v 0.18875183412469365 -0.09844044645531433 -0.171615352101736
v 0.15699391943920077 -0.12130438477730857 -0.16883434838812822
v 0.15699391943920077 -0.08974679837450797 -0.172982339926176
v 0.19574692341700412 0.058408131541599545 -0.19221534318488115
v 0.18875183412469365 -0.09844044645531433 -0.171615352101736
v 0.15699391943920077 -0.08974679837450797 -0.172982339926176
v 0.19574692341700412 0.058408131541599545 -0.19221534318488115
v 0.19574692341700412 -0.09858881425687485 -0.1715453464464473
v 0.18875183412469365 -0.09844044645531433 -0.171615352101736
v 0.19574692341700412 -0.12128134982462971 -0.16855735070269579
v 0.18875183412469365 -0.09844044645531433 -0.171615352101736
v 0.19574692341700412 -0.09858881425687485 -0.1715453464464473
v 0.18875183412469365 -0.09844044645531433 -0.171615352101736
v 0.19574692341700412 -0.12128134982462971 -0.16855735070269579
v 0.15699391943920077 -0.12130438477730857 -0.16883434838812822
v 0.19574692341700412 -0.12128134982462971 -0.16855735070269579
v 0.19574692341700412 -0.09858881425687485 -0.1715453464464473
v 0.22861576149130836 -0.09928156581039552 -0.1712423462347316
v 0.12228735251328414 -0.1837829742667901 -0.18200034386675829
v 0.15699391943920077 -0.12130438477730857 -0.16883434838812822
v 0.15699391943920077 -0.1881077492863412 -0.1831643480734157
v 0.19574692341700412 -0.12128134982462971 -0.16855735070269579
v 0.15699391943920077 -0.1881077492863412 -0.1831643480734157
v 0.15699391943920077 -0.12130438477730857 -0.16883434838812822
v 0.15699391943920077 -0.1881077492863412 -0.1831643480734157
v 0.12228735251328414 -0.26497918071935134 -0.19942735619109148
v 0.12228735251328414 -0.1837829742667901 -0.18200034386675829
v 0.12228735251328414 -0.26497918071935134 -0.19942735619109148
v 0.15699391943920077 -0.1881077492863412 -0.1831643480734157
v 0.15699391943920077 -0.2649842000086511 -0.19965534395735735
v 0.12228735251328414 -0.26497918071935134 -0.19942735619109148
v 0.15699391943920077 -0.2649842000086511 -0.19965534395735735
v 0.12228735251328414 -0.26817712529112625 -0.19913433975737566
v 0.12228735251328414 -0.26817712529112625 -0.19913433975737566
v 0.15699391943920077 -0.2649842000086511 -0.19965534395735735
v 0.12569594345519036 -0.2882892083778539 -0.19731234497588152
v 0.15699391943920077 -0.2649842000086511 -0.19965534395735735
v 0.13813750025843693 -0.30316426061481516 -0.1960313517526912
v 0.12569594345519036 -0.2882892083778539 -0.19731234497588152
v 0.15699391943920077 -0.2649842000086511 -0.19965534395735735
v 0.15699391943920077 -0.3082018045916415 -0.19569334871333116
v 0.13813750025843693 -0.30316426061481516 -0.1960313517526912
v 0.15699391943920077 -0.2649842000086511 -0.19965534395735735
v 0.1590176439830092 -0.30874113917757995 -0.19562934822600359
v 0.15699391943920077 -0.3082018045916415 -0.19569334871333116
v 0.15699391943920077 -0.2649842000086511 -0.19965534395735735
v 0.17989677567185133 -0.30316426061481516 -0.19599934405844682
v 0.1590176439830092 -0.30874113917757995 -0.19562934822600359
v 0.17989677567185133 -0.30316426061481516 -0.19599934405844682
v 0.15699391943920077 -0.2649842000086511 -0.19965534395735735
v 0.19233833435795505 -0.2882892083778539 -0.19727933890383714
v 0.19233833435795505 -0.2882892083778539 -0.19727933890383714
v 0.15699391943920077 -0.2649842000086511 -0.19965534395735735
v 0.19574692341700412 -0.26817712529112625 -0.1991063553766536
v 0.19574692341700412 -0.26817712529112625 -0.1991063553766536
v 0.15699391943920077 -0.2649842000086511 -0.19965534395735735
v 0.19574692341700412 -0.2649781649108026 -0.19940133876364702
v 0.15699391943920077 -0.2649842000086511 -0.19965534395735735
v 0.19574692341700412 -0.19293678362017705 -0.18393834418814653
v 0.19574692341700412 -0.2649781649108026 -0.19940133876364702
v 0.19574692341700412 -0.19293678362017705 -0.18393834418814653
v 0.15699391943920077 -0.2649842000086511 -0.19965534395735735
v 0.15699391943920077 -0.1881077492863412 -0.1831643480734157
v 0.15699391943920077 -0.1881077492863412 -0.1831643480734157
v 0.19574692341700412 -0.12128134982462971 -0.16855735070269579
v 0.19574692341700412 -0.19293678362017705 -0.18393834418814653
v 0.19574692341700412 -0.12128134982462971 -0.16855735070269579
v 0.20020275763529674 -0.19349314793766795 -0.1840263504461574
v 0.19574692341700412 -0.19293678362017705 -0.18393834418814653
v 0.19574692341700412 -0.12128134982462971 -0.16855735070269579
v 0.2693288047226379 -0.19012777421568258 -0.18281934148829454
v 0.20020275763529674 -0.19349314793766795 -0.1840263504461574
v 0.2693288047226379 -0.19012777421568258 -0.18281934148829454
v 0.19574692341700412 -0.12128134982462971 -0.16855735070269579
v 0.37195850647707357 -0.12117406251584925 -0.16729934997122758
v 0.22861576149130836 -0.09928156581039552 -0.1712423462347316
v 0.37195850647707357 -0.12117406251584925 -0.16729934997122758
v 0.19574692341700412 -0.12128134982462971 -0.16855735070269579
v 0.2693288047226379 -0.19012777421568258 -0.18281934148829454
v 0.37195850647707357 -0.12117406251584925 -0.16729934997122758
v 0.33718219475577993 -0.17919253543502076 -0.18001235014956468
v 0.33718219475577993 -0.17919253543502076 -0.18001235014956468
v 0.37195850647707357 -0.12117406251584925 -0.16729934997122758
v 0.37195850647707357 -0.14554677529994695 -0.17254233843844408
v 0.37195850647707357 -0.12117406251584925 -0.16729934997122758
v 0.22861576149130836 -0.09928156581039552 -0.1712423462347316
v 0.27187311715102064 -0.08666411819629335 -0.17260633892577165
v 0.32022010687894265 -0.07657098470253945 -0.17359833902876848
v 0.37195850647707357 -0.12117406251584925 -0.16729934997122758
v 0.27187311715102064 -0.08666411819629335 -0.17260633892577165
v 0.3545698535421332 -0.08456088659612107 -0.17228934652369493
v 0.37195850647707357 -0.12117406251584925 -0.16729934997122758
v 0.32022010687894265 -0.07657098470253945 -0.17359833902876848
v 0.37195850647707357 -0.12117406251584925 -0.16729934997122758
v 0.3545698535421332 -0.08456088659612107 -0.17228934652369493
v 0.37195850647707357 -0.10937469930414942 -0.1688673395590114
v 0.15699391943920077 0.43078342353848026 -0.17241834587615007
v 0.13722672364561442 0.43078342353848026 -0.17239834851782793
v 0.15699391943920077 0.43589916983519883 -0.17130934185545915
v 0.15699391943920077 0.43078342353848026 -0.17241834587615007
v 0.12729409944305412 0.4214792595815184 -0.1718403447346019
v 0.13722672364561442 0.43078342353848026 -0.17239834851782793
v 0.1590176439830092 0.43637534503078307 -0.1712043482736873
v 0.15699391943920077 0.43078342353848026 -0.17241834587615007
v 0.15699391943920077 0.43589916983519883 -0.17130934185545915
v 0.15699391943920077 0.43078342353848026 -0.17241834587615007
v 0.1590176439830092 0.43637534503078307 -0.1712043482736873
v 0.18080856432040396 0.43078342353848026 -0.17239434010546678
v 0.19074118946439284 0.4214792595815184 -0.17181434220831865
v 0.15699391943920077 0.43078342353848026 -0.17241834587615007
v 0.18080856432040396 0.43078342353848026 -0.17239434010546678
v 0.15699391943920077 0.43078342353848026 -0.17241834587615007
v 0.12228735251328414 0.4048328015575205 -0.17085335142176622
v 0.12729409944305412 0.4214792595815184 -0.1718403447346019
v 0.19574692341700412 0.4048328015575205 -0.17078935093443864
v 0.15699391943920077 0.43078342353848026 -0.17241834587615007
v 0.19074118946439284 0.4214792595815184 -0.17181434220831865
v 0.15699391943920077 0.34402638232287996 -0.16730134672682756
v 0.12228735251328414 0.4048328015575205 -0.17085335142176622
v 0.15699391943920077 0.43078342353848026 -0.17241834587615007
v 0.19574692341700412 0.4048328015575205 -0.17078935093443864
v 0.15699391943920077 0.34402638232287996 -0.16730134672682756
v 0.15699391943920077 0.43078342353848026 -0.17241834587615007
v 0.12228735251328414 0.4048328015575205 -0.17085335142176622
v 0.15699391943920077 0.34402638232287996 -0.16730134672682756
v 0.12228735251328414 0.34941881694224286 -0.16756134218733781
v 0.15699391943920077 0.34402638232287996 -0.16730134672682756
v 0.19574692341700412 0.4048328015575205 -0.17078935093443864
v 0.19574692341700412 0.3379362216757797 -0.16683733946841234
v 0.15699391943920077 0.34402638232287996 -0.16730134672682756
v 0.12228735251328414 0.2523240265713347 -0.1617933411077785
v 0.12228735251328414 0.34941881694224286 -0.16756134218733781
v 0.12228735251328414 0.2523240265713347 -0.1617933411077785
v 0.10171248724848861 0.34676019201804537 -0.16734134144347185
v 0.12228735251328414 0.34941881694224286 -0.16756134218733781
v 0.10171248724848861 0.34676019201804537 -0.16734134144347185
v 0.12228735251328414 0.2523240265713347 -0.1617933411077785
v 0.09091356328523031 0.24769950960350917 -0.16142434365313524
v 0.10171248724848861 0.34676019201804537 -0.16734134144347185
v 0.09091356328523031 0.24769950960350917 -0.16142434365313524
v 0.05900907193458681 0.3384865807721442 -0.16672134882967943
v 0.06331732027628441 0.24232111330890627 -0.16102134174864763
v 0.05900907193458681 0.3384865807721442 -0.16672134882967943
v 0.09091356328523031 0.24769950960350917 -0.16142434365313524
v 0.05900907193458681 0.3384865807721442 -0.16672134882967943
v 0.06331732027628441 0.24232111330890627 -0.16102134174864763
v 0.02342307137776667 0.3265598829711873 -0.16592634207766527
v 0.02342307137776667 0.3265598829711873 -0.16592634207766527
v 0.06331732027628441 0.24232111330890627 -0.16102134174864763
v 0.00620928315413391 0.24232512425883768 -0.16085035092394823
v 0.048455785518029176 0.23942490122201052 -0.16149133927386278
v 0.00620928315413391 0.24232512425883768 -0.16085035092394823
v 0.06331732027628441 0.24232111330890627 -0.16102134174864763
v 0.00620928315413391 0.24232512425883768 -0.16085035092394823
v 0.048455785518029176 0.23942490122201052 -0.16149133927386278
v 0.02489587238366897 0.23723544913667347 -0.16180934495490068
v 0.00620928315413391 0.24232512425883768 -0.16085035092394823
v -0.007254245216532174 0.31219912862711013 -0.1650063443855571
v 0.02342307137776667 0.3265598829711873 -0.16592634207766527
v -0.007254245216532174 0.31219912862711013 -0.1650063443855571
v 0.00620928315413391 0.24232512425883768 -0.16085035092394823
v -0.014371656207899514 0.25719214712675564 -0.16167134530108446
v -0.023697764102398128 0.2786114861855493 -0.1629263508991527
v -0.007254245216532174 0.31219912862711013 -0.1650063443855571
v -0.014371656207899514 0.25719214712675564 -0.16167134530108446
v -0.007254245216532174 0.31219912862711013 -0.1650063443855571
v -0.023697764102398128 0.2786114861855493 -0.1629263508991527
v -0.02099878625445248 0.29759676123204226 -0.16409335023921007
v 0.12228735251328414 0.2523240265713347 -0.1617933411077785
v 0.15699391943920077 0.34402638232287996 -0.16730134672682756
v 0.15699391943920077 0.2452022899354445 -0.1614733386711406
v 0.19574692341700412 0.3379362216757797 -0.16683733946841234
v 0.15699391943920077 0.2452022899354445 -0.1614733386711406
v 0.15699391943920077 0.34402638232287996 -0.16730134672682756
v 0.15699391943920077 0.2452022899354445 -0.1614733386711406
v 0.12228735251328414 0.2423181069637528 -0.16119935102026933
v 0.12228735251328414 0.2523240265713347 -0.1617933411077785
v 0.15699391943920077 0.2452022899354445 -0.1614733386711406
v 0.19574692341700412 0.3379362216757797 -0.16683733946841234
v 0.17092648259434878 0.2423161014887871 -0.16126133985083574
v 0.12228735251328414 0.2423181069637528 -0.16119935102026933
v 0.15699391943920077 0.2452022899354445 -0.1614733386711406
v 0.15699391943920077 0.2423161014887871 -0.1613033462242412
v 0.15699391943920077 0.2452022899354445 -0.1614733386711406
v 0.17092648259434878 0.2423161014887871 -0.16126133985083574
v 0.15699391943920077 0.2423161014887871 -0.1613033462242412
v 0.15699391943920077 0.2423161014887871 -0.1613033462242412
v 0.15699391943920077 0.14570451854690908 -0.17887235171359056
v 0.12228735251328414 0.2423181069637528 -0.16119935102026933
v 0.12228735251328414 0.2423181069637528 -0.16119935102026933
v 0.15699391943920077 0.14570451854690908 -0.17887235171359056
v 0.12228735251328414 0.1427491580195906 -0.17924434430163377
v 0.17092648259434878 0.2423161014887871 -0.16126133985083574
v 0.15948971110896712 0.14591704660901153 -0.17882635182898515
v 0.15699391943920077 0.2423161014887871 -0.1613033462242412
v 0.15699391943920077 0.2423161014887871 -0.1613033462242412
v 0.15948971110896712 0.14591704660901153 -0.17882635182898515
v 0.15699391943920077 0.14570451854690908 -0.17887235171359056
v 0.17092648259434878 0.2423161014887871 -0.16126133985083574
v 0.19574692341700412 0.3379362216757797 -0.16683733946841234
v 0.19574692341700412 0.2423181069637528 -0.1611863423065471
v 0.1972338872745566 0.3377036313948396 -0.16682234890025133
v 0.19574692341700412 0.2423181069637528 -0.1611863423065471
v 0.19574692341700412 0.3379362216757797 -0.16683733946841234
v 0.2561816792026369 0.3141499889449709 -0.16538934893172258
v 0.19574692341700412 0.2423181069637528 -0.1611863423065471
v 0.1972338872745566 0.3377036313948396 -0.16682234890025133
v 0.19574692341700412 0.2423181069637528 -0.1611863423065471
v 0.2561816792026369 0.3141499889449709 -0.16538934893172258
v 0.3164031336306464 0.26872787067415416 -0.1624453414158153
v 0.19574692341700412 0.2423181069637528 -0.1611863423065471
v 0.3164031336306464 0.26872787067415416 -0.1624453414158153
v 0.33471774559721823 0.2423271297338034 -0.16076934821169847
v 0.19574692341700412 0.2423181069637528 -0.1611863423065471
v 0.19574692341700412 0.23717730530102868 -0.1621183503345775
v 0.17092648259434878 0.2423161014887871 -0.16126133985083574
v 0.19574692341700412 0.23717730530102868 -0.1621183503345775
v 0.15948971110896712 0.14591704660901153 -0.17882635182898515
v 0.17092648259434878 0.2423161014887871 -0.16126133985083574
v 0.19574692341700412 0.2423181069637528 -0.1611863423065471
v 0.1997781997029393 0.23634222477838618 -0.16224433965247148
v 0.19574692341700412 0.23717730530102868 -0.1621183503345775
v 0.19574692341700412 0.2423181069637528 -0.1611863423065471
v 0.23624970798790085 0.2190982845982148 -0.1651853520349788
v 0.1997781997029393 0.23634222477838618 -0.16224433965247148
v 0.19574692341700412 0.2423181069637528 -0.1611863423065471
v 0.33471774559721823 0.2423271297338034 -0.16076934821169847
v 0.23624970798790085 0.2190982845982148 -0.1651853520349788
v 0.33471774559721823 0.2423271297338034 -0.16076934821169847
v 0.2583024391443922 0.19176020678633532 -0.1699703384117412
v 0.23624970798790085 0.2190982845982148 -0.1651853520349788
v 0.3528736402355923 0.21615595779087834 -0.16535833961527818
v 0.2583024391443922 0.19176020678633532 -0.1699703384117412
v 0.33471774559721823 0.2423271297338034 -0.16076934821169847
v 0.3651726741651802 0.16652536711016103 -0.17412734515231126
v 0.2583024391443922 0.19176020678633532 -0.1699703384117412
v 0.3528736402355923 0.21615595779087834 -0.16535833961527818
v 0.15948971110896712 0.14591704660901153 -0.17882635182898515
v 0.19574692341700412 0.23717730530102868 -0.1621183503345775
v 0.19574692341700412 0.14694460417868957 -0.17846434301894182
v 0.2583024391443922 0.19176020678633532 -0.1699703384117412
v 0.3651726741651802 0.16652536711016103 -0.17412734515231126
v 0.2540619209408973 0.16694741688921247 -0.1744823504165935
v 0.35711416597051593 0.12993524855065328 -0.18064333982031816
v 0.2540619209408973 0.16694741688921247 -0.1744823504165935
v 0.3651726741651802 0.16652536711016103 -0.17412734515231126
v 0.32912469577256 0.09755060352507305 -0.18659234530489915
v 0.2540619209408973 0.16694741688921247 -0.1744823504165935
v 0.35711416597051593 0.12993524855065328 -0.18064333982031816
v 0.2540619209408973 0.16694741688921247 -0.1744823504165935
v 0.32912469577256 0.09755060352507305 -0.18659234530489915
v 0.28629190934234816 0.07399795447621162 -0.19112234301131242
v 0.28629190934234816 0.07399795447621162 -0.19112234301131242
v 0.2188620567329762 0.1475992367695006 -0.17820334918063158
v 0.2540619209408973 0.16694741688921247 -0.1744823504165935
v 0.2188620567329762 0.1475992367695006 -0.17820334918063158
v 0.28629190934234816 0.07399795447621162 -0.19112234301131242
v 0.2539588156821411 0.065722341489935 -0.19282034523051256
v 0.2188620567329762 0.1475992367695006 -0.17820334918063158
v 0.19574692341700412 0.065722341489935 -0.19317834562819475
v 0.19574692341700412 0.14694460417868957 -0.17846434301894182
v 0.19574692341700412 0.065722341489935 -0.19317834562819475
v 0.2188620567329762 0.1475992367695006 -0.17820334918063158
v 0.2539588156821411 0.065722341489935 -0.19282034523051256
v 0.05966107524764595 0.6303985124309377 -0.05615334696333879
v 0.05966107524764595 0.6303985124309377 0.15798265748459822
v -0.031158849247714393 0.6303985124309377 0.050914655260629715
v 0.05966107524764595 0.6303985124309377 -0.05615334696333879
v -0.031158849247714393 0.6303985124309377 0.050914655260629715
v -0.031158849247714393 0.6303985124309377 -0.023722347982339798
v -0.031158849247714393 0.6303985124309377 0.050914655260629715
v 0.05966107524764595 0.6303985124309377 0.15798265748459822
v -0.031158849247714393 0.6303985124309377 0.12555165850359923
v 0.05966107524764595 0.6303985124309377 0.15798265748459822
v 0.05966107524764595 0.6303985124309377 -0.05615334696333879
v 0.15699391943920077 0.6303985124309377 -0.05615334696333879
v 0.05966107524764595 0.6303985124309377 0.15798265748459822
v 0.15699391943920077 0.6303985124309377 -0.05615334696333879
v 0.15699391943920077 0.6303985124309377 0.15798265748459822
v 0.15699391943920077 0.6303985124309377 0.15798265748459822
v 0.15699391943920077 0.6303985124309377 -0.05615334696333879
v 0.25432676363075557 0.6303985124309377 0.15798265748459822
v 0.25432676363075557 0.6303985124309377 -0.05615334696333879
v 0.25432676363075557 0.6303985124309377 0.15798265748459822
v 0.15699391943920077 0.6303985124309377 -0.05615334696333879
v 0.25432676363075557 0.6303985124309377 -0.05615334696333879
v 0.34514669565754463 0.6303985124309377 0.050914655260629715
v 0.25432676363075557 0.6303985124309377 0.15798265748459822
v 0.25432676363075557 0.6303985124309377 0.15798265748459822
v 0.34514669565754463 0.6303985124309377 0.050914655260629715
v 0.34514669565754463 0.6303985124309377 0.12555165850359923
v 0.34514669565754463 0.6303985124309377 0.050914655260629715
v 0.25432676363075557 0.6303985124309377 -0.05615334696333879
v 0.34514669565754463 0.6303985124309377 -0.023722347982339798
v -0.05062280242084158 0.6836601331766782 0.13502965383965498
v -0.05062280242084158 0.6836601331766782 0.050914655260629715
v -0.05731361822839104 0.6550308539294053 0.050914655260629715
v -0.05062280242084158 0.6836601331766782 -0.03320034331839555
v -0.05731361822839104 0.6550308539294053 0.050914655260629715
v -0.05062280242084158 0.6836601331766782 0.050914655260629715
v -0.05731361822839104 0.6550308539294053 0.050914655260629715
v -0.05731361822839104 0.6550308539294053 0.13685665541131026
v -0.05062280242084158 0.6836601331766782 0.13502965383965498
v 0.04613083348165027 0.6550308539294053 0.1741986524387074
v -0.05062280242084158 0.6836601331766782 0.13502965383965498
v -0.05731361822839104 0.6550308539294053 0.13685665541131026
v -0.05062280242084158 0.6836601331766782 0.13502965383965498
v 0.04613083348165027 0.6550308539294053 0.1741986524387074
v 0.049590975170077406 0.6836601331766782 0.17157865577179915
v -0.031158849247714393 0.6303985124309377 0.12555165850359923
v 0.04613083348165027 0.6550308539294053 0.1741986524387074
v -0.05731361822839104 0.6550308539294053 0.13685665541131026
v -0.05731361822839104 0.6550308539294053 0.050914655260629715
v -0.031158849247714393 0.6303985124309377 0.12555165850359923
v -0.05731361822839104 0.6550308539294053 0.13685665541131026
v -0.031158849247714393 0.6303985124309377 0.12555165850359923
v -0.05731361822839104 0.6550308539294053 0.050914655260629715
v -0.031158849247714393 0.6303985124309377 0.050914655260629715
v -0.031158849247714393 0.6303985124309377 0.12555165850359923
v 0.05966107524764595 0.6303985124309377 0.15798265748459822
v 0.04613083348165027 0.6550308539294053 0.1741986524387074
v -0.031158849247714393 0.6303985124309377 -0.023722347982339798
v -0.031158849247714393 0.6303985124309377 0.050914655260629715
v -0.05731361822839104 0.6550308539294053 0.050914655260629715
v -0.05731361822839104 0.6550308539294053 0.050914655260629715
v -0.05062280242084158 0.6836601331766782 -0.03320034331839555
v -0.05731361822839104 0.6550308539294053 -0.03502734489005083
v -0.05731361822839104 0.6550308539294053 0.050914655260629715
v -0.05731361822839104 0.6550308539294053 -0.03502734489005083
v -0.031158849247714393 0.6303985124309377 -0.023722347982339798
v 0.04613083348165027 0.6550308539294053 -0.07236934191744798
v -0.05731361822839104 0.6550308539294053 -0.03502734489005083
v -0.05062280242084158 0.6836601331766782 -0.03320034331839555
v 0.04613083348165027 0.6550308539294053 -0.07236934191744798
v -0.031158849247714393 0.6303985124309377 -0.023722347982339798
v -0.05731361822839104 0.6550308539294053 -0.03502734489005083
v -0.05062280242084158 0.6836601331766782 -0.03320034331839555
v 0.049590975170077406 0.6836601331766782 -0.06974934525053972
v 0.04613083348165027 0.6550308539294053 -0.07236934191744798
v -0.031158849247714393 0.6303985124309377 -0.023722347982339798
v 0.04613083348165027 0.6550308539294053 -0.07236934191744798
v 0.05966107524764595 0.6303985124309377 -0.05615334696333879
v 0.049590975170077406 0.6836601331766782 -0.06974934525053972
v 0.15699391943920077 0.6550308539294053 -0.07236934191744798
v 0.04613083348165027 0.6550308539294053 -0.07236934191744798
v 0.15699391943920077 0.6550308539294053 -0.07236934191744798
v 0.05966107524764595 0.6303985124309377 -0.05615334696333879
v 0.04613083348165027 0.6550308539294053 -0.07236934191744798
v 0.049590975170077406 0.6836601331766782 -0.06974934525053972
v 0.15699391943920077 0.6836601331766782 -0.06974934525053972
v 0.15699391943920077 0.6550308539294053 -0.07236934191744798
v 0.05966107524764595 0.6303985124309377 -0.05615334696333879
v 0.15699391943920077 0.6550308539294053 -0.07236934191744798
v 0.15699391943920077 0.6303985124309377 -0.05615334696333879
v 0.26439686370832416 0.6836601331766782 -0.06974934525053972
v 0.15699391943920077 0.6550308539294053 -0.07236934191744798
v 0.15699391943920077 0.6836601331766782 -0.06974934525053972
v 0.15699391943920077 0.6550308539294053 -0.07236934191744798
v 0.25432676363075557 0.6303985124309377 -0.05615334696333879
v 0.15699391943920077 0.6303985124309377 -0.05615334696333879
v 0.15699391943920077 0.6550308539294053 -0.07236934191744798
v 0.26439686370832416 0.6836601331766782 -0.06974934525053972
v 0.2678570053967513 0.6550308539294053 -0.07236934191744798
v 0.15699391943920077 0.6550308539294053 -0.07236934191744798
v 0.2678570053967513 0.6550308539294053 -0.07236934191744798
v 0.25432676363075557 0.6303985124309377 -0.05615334696333879
v 0.3646116429792588 0.6836601331766782 -0.03320034331839555
v 0.2678570053967513 0.6550308539294053 -0.07236934191744798
v 0.26439686370832416 0.6836601331766782 -0.06974934525053972
v 0.34514669565754463 0.6303985124309377 -0.023722347982339798
v 0.25432676363075557 0.6303985124309377 -0.05615334696333879
v 0.2678570053967513 0.6550308539294053 -0.07236934191744798
v 0.2678570053967513 0.6550308539294053 -0.07236934191744798
v 0.3646116429792588 0.6836601331766782 -0.03320034331839555
v 0.3713014646382213 0.6550308539294053 -0.03502734489005083
v 0.2678570053967513 0.6550308539294053 -0.07236934191744798
v 0.3713014646382213 0.6550308539294053 -0.03502734489005083
v 0.34514669565754463 0.6303985124309377 -0.023722347982339798
v 0.3646116429792588 0.6836601331766782 -0.03320034331839555
v 0.3713014646382213 0.6550308539294053 0.050914655260629715
v 0.3713014646382213 0.6550308539294053 -0.03502734489005083
v 0.3713014646382213 0.6550308539294053 0.050914655260629715
v 0.34514669565754463 0.6303985124309377 -0.023722347982339798
v 0.3713014646382213 0.6550308539294053 -0.03502734489005083
v 0.3713014646382213 0.6550308539294053 0.050914655260629715
v 0.3646116429792588 0.6836601331766782 -0.03320034331839555
v 0.3646116429792588 0.6836601331766782 0.050914655260629715
v 0.34514669565754463 0.6303985124309377 -0.023722347982339798
v 0.3713014646382213 0.6550308539294053 0.050914655260629715
v 0.34514669565754463 0.6303985124309377 0.050914655260629715
v 0.3646116429792588 0.6836601331766782 0.13502965383965498
v 0.3713014646382213 0.6550308539294053 0.050914655260629715
v 0.3646116429792588 0.6836601331766782 0.050914655260629715
v 0.3713014646382213 0.6550308539294053 0.050914655260629715
v 0.34514669565754463 0.6303985124309377 0.12555165850359923
v 0.34514669565754463 0.6303985124309377 0.050914655260629715
v 0.3713014646382213 0.6550308539294053 0.050914655260629715
v 0.3646116429792588 0.6836601331766782 0.13502965383965498
v 0.3713014646382213 0.6550308539294053 0.13685665541131026
v 0.3713014646382213 0.6550308539294053 0.050914655260629715
v 0.3713014646382213 0.6550308539294053 0.13685665541131026
v 0.34514669565754463 0.6303985124309377 0.12555165850359923
v 0.2678570053967513 0.6550308539294053 0.1741986524387074
v 0.3713014646382213 0.6550308539294053 0.13685665541131026
v 0.3646116429792588 0.6836601331766782 0.13502965383965498
v 0.2678570053967513 0.6550308539294053 0.1741986524387074
v 0.34514669565754463 0.6303985124309377 0.12555165850359923
v 0.3713014646382213 0.6550308539294053 0.13685665541131026
v 0.2678570053967513 0.6550308539294053 0.1741986524387074
v 0.3646116429792588 0.6836601331766782 0.13502965383965498
v 0.26439686370832416 0.6836601331766782 0.17157865577179915
v 0.34514669565754463 0.6303985124309377 0.12555165850359923
v 0.2678570053967513 0.6550308539294053 0.1741986524387074
v 0.25432676363075557 0.6303985124309377 0.15798265748459822
v 0.15699391943920077 0.6550308539294053 0.1741986524387074
v 0.2678570053967513 0.6550308539294053 0.1741986524387074
v 0.26439686370832416 0.6836601331766782 0.17157865577179915
v 0.15699391943920077 0.6550308539294053 0.1741986524387074
v 0.25432676363075557 0.6303985124309377 0.15798265748459822
v 0.2678570053967513 0.6550308539294053 0.1741986524387074
v 0.15699391943920077 0.6550308539294053 0.1741986524387074
v 0.26439686370832416 0.6836601331766782 0.17157865577179915
v 0.15699391943920077 0.6836601331766782 0.17157865577179915
v 0.25432676363075557 0.6303985124309377 0.15798265748459822
v 0.15699391943920077 0.6550308539294053 0.1741986524387074
v 0.15699391943920077 0.6303985124309377 0.15798265748459822
v 0.049590975170077406 0.6836601331766782 0.17157865577179915
v 0.15699391943920077 0.6550308539294053 0.1741986524387074
v 0.15699391943920077 0.6836601331766782 0.17157865577179915
v 0.05966107524764595 0.6303985124309377 0.15798265748459822
v 0.15699391943920077 0.6303985124309377 0.15798265748459822
v 0.15699391943920077 0.6550308539294053 0.1741986524387074
v 0.15699391943920077 0.6550308539294053 0.1741986524387074
v 0.049590975170077406 0.6836601331766782 0.17157865577179915
v 0.04613083348165027 0.6550308539294053 0.1741986524387074
v 0.05966107524764595 0.6303985124309377 0.15798265748459822
v 0.15699391943920077 0.6550308539294053 0.1741986524387074
v 0.04613083348165027 0.6550308539294053 0.1741986524387074
vt 0 0
vt 0 0
vt 0 0
vt 0 0
vt 0 0
vt 0 0
vt 0 0
vt 0 0
vt 0 0
vt 0 0
vt 0 0
vt 0 0
vt 0 0
vt 0 0
vt 0 0
vt 0 0
vt 0 0
vt 0 0
vt 0 0
vt 0 0
vt 0 0
vt 0 0
vt 0 0
vt 0 0
vt 0 0
vt 0 0
vt 0 0
vt 0 0
vt 0 0
vt 0 0
vt 0 0
vt 0 0
vt 0 0
vt 0 0
vt 0 0
vt 0 0
vt 0 0
vt 0 0
vt 0 0
vt 0 0
vt 0 0
vt 0 0
vt 0 0
vt 0 0
vt 0 0
vt 0 0
vt 0 0
vt 0 0
vt 0 0
vt 0 0
vt 0 0
vt 0 0
vt 0 0
vt 0 0
vt 0 0
vt 0 0
vt 0 0
vt 0 0
vt 0 0
vt 0 0
vt 0 0
vt 0 0
vt 0 0
vt 0 0
vt 0 0
vt 0 0
vt 0 0
vt 0 0
vt 0 0
vt 0 0
vt 0 0
vt 0 0
vt 0 0
vt 0 0
vt 0 0
vt 0 0
vt 0 0
vt 0 0
vt 0 0
vt 0 0
vt 0 0
vt 0 0
vt 0 0
vt 0 0
vt 0 0
vt 0 0
vt 0 0
vt 0 0
vt 0 0
vt 0 0
vt 0 0
vt 0 0
vt 0 0
vt 0 0
vt 0 0
vt 0 0
vt 0 0
vt 0 0
vt 0 0
vt 0 0
vt 0 0
vt 0 0
vt 0 0
vt 0 0
vt 0 0
vt 0 0
vt 0 0
vt 0 0
vt 0 0
vt 0 0
vt 0 0
vt 0 0
vt 0 0
vt 0 0
vt 0 0
vt 0 0
vt 0 0
vt 0 0
vt 0 0
vt 0 0
vt 0 0
vt 0 0
vt 0 0
vt 0 0
vt 0 0
vt 0 0
vt 0 0
vt 0 0
vt 0 0
vt 0 0
vt 0 0
vt 0 0
vt 0 0
vt 0 0
vt 0 0
vt 0 0
vt 0 0
vt 0 0
vt 0 0
vt 0 0
vt 0 0
vt 0 0
vt 0 0
vt 0 0
vt 0 0
vt 0 0
vt 0 0
vt 0 0
vt 0 0
vt 0 0
vt 0 0
vt 0 0
vt 0 0
vt 0 0
vt 0 0
vt 0 0
vt 0 0
vt 0 0
vt 0 0
vt 0 0
vt 0 0
vt 0 0
vt 0 0
vt 0 0
vt 0 0
vt 0 0
vt 0 0
vt 0 0
vt 0 0
vt 0 0
vt 0 0
vt 0 0
vt 0 0
vt 0 0
vt 0 0
vt 0 0
vt 0 0
vt 0 0
vt 0 0
vt 0 0
vt 0 0
vt 0 0
vt 0 0
vt 0 0
vt 0 0
vt 0 0
vt 0 0
vt 0 0
vt 0 0
vt 0 0
vt 0 0
vt 0 0
vt 0 0
vt 0 0
vt 0 0
vt 0 0
vt 0 0
vt 0 0
vt 0 0
vt 0 0
vt 0 0
vt 0 0
vt 0 0
vt 0 0
vt 0 0
vt 0 0
vt 0 0
vt 0 0
vt 0 0
vt 0 0
vt 0 0
vt 0 0
vt 0 0
vt 0 0
vt 0 0
vt 0 0
vt 0 0
vt 0 0
vt 0 0
vt 0 0
vt 0 0
vt 0 0
vt 0 0
vt 0 0
vt 0 0
vt 0 0
vt 0 0
vt 0 0
vt 0 0
vt 0 0
vt 0 0
vt 0 0
vt 0 0
vt 0 0
vt 0 0
vt 0 0
vt 0 0
vt 0 0
vt 0 0
vt 0 0
vt 0 0
vt 0 0
vt 0 0
vt 0 0
vt 0 0
vt 0 0
vt 0 0
vt 0 0
vt 0 0
vt 0 0
vt 0 0
vt 0 0
vt 0 0
vt 0 0
vt 0 0
vt 0 0
vt 0 0
vt 0 0
vt 0 0
vt 0 0
vt 0 0
vt 0 0
vt 0 0
vt 0 0
vt 0 0
vt 0 0
vt 0 0
vt 0 0
vt 0 0
vt 0 0
vt 0 0
vt 0 0
vt 0 0
vt 0 0
vt 0 0
vt 0 0
vt 0 0
vt 0 0
vt 0 0
vt 0 0
vt 0 0
vt 0 0
vt 0 0
vt 0 0
vt 0 0
vt 0 0
vt 0 0
vt 0 0
vt 0 0
vt 0 0
vt 0 0
vt 0 0
vt 0 0
vt 0 0
vt 0 0
vt 0 0
vt 0 0
vt 0 0
vt 0 0
vt 0 0
vt 0 0
vt 0 0
vt 0 0
vt 0 0
vt 0 0
vt 0 0
vt 0 0
vt 0 0
vt 0 0
vt 0 0
vt 0 0
vt 0 0
vt 0 0
vt 0 0
vt 0 0
vt 0 0
vt 0 0
vt 0 0
vt 0 0
vt 0 0
vt 0 0
vt 0 0
vt 0 0
vt 0 0
vt 0 0
vt 0 0
vt 0 0
vt 0 0
vt 0 0
vt 0 0
vt 0 0
vt 0 0
vt 0 0
vt 0 0
vt 0 0
vt 0 0
vt 0 0
vt 0 0
vt 0 0
vt 0 0
vt 0 0
vt 0 0
vt 0 0
vt 0 0
vt 0 0
vt 0 0
vt 0 0
vt 0 0
vt 0 0
vt 0 0
vt 0 0
vt 0 0
vt 0 0
vt 0 0
vt 0 0
vt 0 0
vt 0 0
vt 0 0
vt 0 0
vt 0 0
vt 0 0
vt 0 0
vt 0 0
vt 0 0
vt 0 0
vt 0 0
vt 0 0
vt 0 0
vt 0 0
vt 0 0
vt 0 0
vt 0 0
vt 0 0
vt 0 0
vt 0 0
vt 0 0
vt 0 0
vt 0 0
vt 0 0
vt 0 0
vt 0 0
vt 0 0
vt 0 0
vt 0 0
vt 0 0
vt 0 0
vt 0 0
vt 0 0
vt 0 0
vt 0 0
vt 0 0
vt 0 0
vt 0 0
vt 0 0
vt 0 0
vt 0 0
vt 0 0
vt 0 0
vt 0 0
vt 0 0
vt 0 0
vt 0 0
vt 0 0
vt 0 0
vt 0 0
vt 0 0
vt 0 0
vt 0 0
vt 0 0
vt 0 0
vt 0 0
vt 0 0
vt 0 0
vt 0 0
vt 0 0
vt 0 0
vt 0 0
vt 0 0
vt 0 0
vt 0 0
vt 0 0
vt 0 0
vt 0 0
vt 0 0
vt 0 0
vt 0 0
vt 0 0
vt 0 0
vt 0 0
vt 0 0
vt 0 0
vt 0 0
vt 0 0
vt 0 0
vt 0 0
vt 0 0
vt 0 0
vt 0 0
vt 0 0
vt 0 0
vt 0 0
vt 0 0
vt 0 0
vt 0 0
vt 0 0
vt 0 0
vt 0 0
vt 0 0
vt 0 0
vt 0 0
vt 0 0
vt 0 0
vt 0 0
vt 0 0
vt 0 0
vt 0 0
vt 0 0
vt 0 0
vt 0 0
vt 0 0
vt 0 0
vt 0 0
vt 0 0
vt 0 0
vt 0 0
vt 0 0
vt 0 0
vt 0 0
vt 0 0
vt 0 0
vt 0 0
vt 0 0
vt 0 0
vt 0 0
vt 0 0
vt 0 0
vt 0 0
vt 0 0
vt 0 0
vt 0 0
vt 0 0
vt 0 0
vt 0 0
vt 0 0
vt 0 0
vt 0 0
vt 0 0
vt 0 0
vt 0 0
vt 0 0
vt 0 0
vt 0 0
vt 0 0
vt 0 0
vt 0 0
vt 0 0
vt 0 0
vt 0 0
vt 0 0
vt 0 0
vt 0 0
vt 0 0
vt 0 0
vt 0 0
vt 0 0
vt 0 0
vt 0 0
vt 0 0
vt 0 0
vt 0 0
vt 0 0
vt 0 0
vt 0 0
vt 0 0
vt 0 0
vt 0 0
vt 0 0
vt 0 0
vt 0 0
vt 0 0
vt 0 0
vt 0 0
vt 0 0
vt 0 0
vt 0 0
vt 0 0
vt 0 0
vt 0 0
vt 0 0
vt 0 0
vt 0 0
vt 0 0
vt 0 0
vt 0 0
vt 0 0
vt 0 0
vt 0 0
vt 0 0
vt 0 0
vt 0 0
vt 0 0
vt 0 0
vt 0 0
vt 0 0
vt 0 0
vt 0 0
vt 0 0
vt 0 0
vt 0 0
vt 0 0
vt 0 0
vt 0 0
vt 0 0
vt 0 0
vt 0 0
vt 0 0
vt 0 0
vt 0 0
vt 0 0
vt 0 0
vt 0 0
vt 0 0
vt 0 0
vt 0 0
vt 0 0
vt 0 0
vt 0 0
vt 0 0
vt 0 0
vt 0 0
vt 0 0
vt 0 0
vt 0 0
vt 0 0
vt 0 0
vt 0 0
vt 0 0
vt 0 0
vt 0 0
vt 0 0
vt 0 0
vt 0 0
vt 0 0
vt 0 0
vt 0 0
vt 0 0
vt 0 0
vt 0 0
vt 0 0
vt 0 0
vt 0 0
vt 0 0
vt 0 0
vt 0 0
vt 0 0
vt 0 0
vt 0 0
vt 0 0
vt 0 0
vt 0 0
vt 0 0
vt 0 0
vt 0 0
vt 0 0
vt 0 0
vt 0 0
vt 0 0
vt 0 0
vt 0 0
vt 0 0
vt 0 0
vt 0 0
vt 0 0
vt 0 0
vt 0 0
vt 0 0
vt 0 0
vt 0 0
vt 0 0
vt 0 0
vt 0 0
vt 0 0
vt 0 0
vt 0 0
vt 0 0
vt 0 0
vt 0 0
vt 0 0
vt 0 0
vt 0 0
vt 0 0
vt 0 0
vt 0 0
vt 0 0
vt 0 0
vt 0 0
vt 0 0
vt 0 0
vt 0 0
vt 0 0
vt 0 0
vt 0 0
vt 0 0
vt 0 0
vt 0 0
vt 0 0
vt 0 0
vt 0 0
vt 0 0
vt 0 0
vt 0 0
vt 0 0
vt 0 0
vt 0 0
vt 0 0
vt 0 0
vt 0 0
vt 0 0
vt 0 0
vt 0 0
vt 0 0
vt 0 0
vt 0 0
vt 0 0
vt 0 0
vt 0 0
vt 0 0
vt 0 0
vt 0 0
vt 0 0
vt 0 0
vt 0 0
vt 0 0
vt 0 0
vt 0 0
vt 0 0
vt 0 0
vt 0 0
vt 0 0
vt 0 0
vt 0 0
vt 0 0
vt 0 0
vt 0 0
vt 0 0
vt 0 0
vt 0 0
vt 0 0
vt 0 0
vt 0 0
vt 0 0
vt 0 0
vt 0 0
vt 0 0
vt 0 0
vt 0 0
vt 0 0
vt 0 0
vt 0 0
vt 0 0
vt 0 0
vt 0 0
vt 0 0
vt 0 0
vt 0 0
vt 0 0
vt 0 0
vt 0 0
vt 0 0
vt 0 0
vt 0 0
vt 0 0
vt 0 0
vt 0 0
vt 0 0
vt 0 0
vt 0 0
vt 0 0
vt 0 0
vt 0 0
vt 0 0
vt 0 0
vt 0 0
vt 0 0
vt 0 0
vt 0 0
vt 0 0
vt 0 0
vt 0 0
vt 0 0
vt 0 0
vt 0 0
vt 0 0
vt 0 0
vt 0 0
vt 0 0
vt 0 0
vt 0 0
vt 0 0
vt 0 0
vt 0 0
vt 0 0
vt 0 0
vt 0 0
vt 0 0
vt 0 0
vt 0 0
vt 0 0
vt 0 0
vt 0 0
vt 0 0
vt 0 0
vt 0 0
vt 0 0
vt 0 0
vt 0 0
vt 0 0
vt 0 0
vt 0 0
vt 0 0
vt 0 0
vt 0 0
vt 0 0
vt 0 0
vt 0 0
vt 0 0
vt 0 0
vt 0 0
vt 0 0
vt 0 0
vt 0 0
vt 0 0
vt 0 0
vt 0 0
vt 0 0
vt 0 0
vt 0 0
vt 0 0
vt 0 0
vt 0 0
vt 0 0
vt 0 0
vt 0 0
vt 0 0
vt 0 0
vt 0 0
vt 0 0
vt 0 0
vt 0 0
vt 0 0
vt 0 0
vt 0 0
vt 0 0
vt 0 0
vt 0 0
vt 0 0
vt 0 0
vt 0 0
vt 0 0
vt 0 0
vt 0 0
vt 0 0
vt 0 0
vt 0 0
vt 0 0
vt 0 0
vt 0 0
vt 0 0
vt 0 0
vt 0 0
vt 0 0
vt 0 0
vt 0 0
vt 0 0
vt 0 0
vt 0 0
vt 0 0
vt 0 0
vt 0 0
vt 0 0
vt 0 0
vt 0 0
vt 0 0
vt 0 0
vt 0 0
vt 0 0
vt 0 0
vt 0 0
vt 0 0
vt 0 0
vt 0 0
vt 0 0
vt 0 0
vt 0 0
vt 0 0
vt 0 0
vt 0 0
vt 0 0
vt 0 0
vt 0 0
vt 0 0
vt 0 0
vt 0 0
vt 0 0
vt 0 0
vt 0 0
vt 0 0
vt 0 0
vt 0 0
vt 0 0
vt 0 0
vt 0 0
vt 0 0
vt 0 0
vt 0 0
vt 0 0
vt 0 0
vt 0 0
vt 0 0
vt 0 0
vt 0 0
vt 0 0
vt 0 0
vt 0 0
vt 0 0
vt 0 0
vt 0 0
vt 0 0
vt 0 0
vt 0 0
vt 0 0
vt 0 0
vt 0 0
vt 0 0
vt 0 0
vt 0 0
vt 0 0
vt 0 0
vt 0 0
vt 0 0
vt 0 0
vt 0 0
vt 0 0
vt 0 0
vt 0 0
vt 0 0
vt 0 0
vt 0 0
vt 0 0
vt 0 0
vt 0 0
vt 0 0
vt 0 0
vt 0 0
vt 0 0
vt 0 0
vt 0 0
vt 0 0
vt 0 0
vt 0 0
vt 0 0
vt 0 0
vt 0 0
vt 0 0
vt 0 0
vt 0 0
vt 0 0
vt 0 0
vt 0 0
vt 0 0
vt 0 0
vt 0 0
vt 0 0
vt 0 0
vt 0 0
vt 0 0
vt 0 0
vt 0 0
vt 0 0
vt 0 0
vt 0 0
vt 0 0
vt 0 0
vt 0 0
vt 0 0
vt 0 0
vt 0 0
vt 0 0
vt 0 0
vt 0 0
vn 0 0.9999999999999999 0
vn 0 0.9999999999999999 0
vn 0 0.9999999999999999 0
vn 0 0.9999999999999999 0
vn 0 0.9999999999999999 0
vn 0 0.9999999999999999 0
vn 0 0.9999999999999999 0
vn 0 0.9999999999999999 0
vn 0 0.9999999999999999 0
vn 0 0.9999999999999999 0
vn 0 0.9999999999999999 0
vn 0 0.9999999999999999 0
vn 0 0.9999999999999999 0
vn 0 0.9999999999999999 0
vn 0 0.9999999999999999 0
vn 0 0.9999999999999999 0
vn 0 0.9999999999999999 0
vn 0 0.9999999999999999 0
vn 0 0.9999999999999999 0
vn 0 0.9999999999999999 0
vn 0 0.9999999999999999 0
vn 0 0.9999999999999999 0
vn 0 0.9999999999999999 0
vn 0 0.9999999999999999 0
vn 0 0.9999999999999999 0
vn 0 0.9999999999999999 0
vn 0 0.9999999999999999 0
vn 0 0.9999999999999999 0
vn 0 0.9999999999999999 0
vn 0 0.9999999999999999 0
vn -0.00019785594970122148 0.0768113729347272 0.9970456227479791
vn 0.0009892652840403384 0.007281821550879056 0.9999729978499915
vn -0.00039575033611447804 0.21189077548441942 0.9772932736115003
vn -0.00019785594970122148 0.0768113729347272 0.9970456227479791
vn 0.0009892735283561682 -0.058850576309714145 0.9982663126670662
vn 0.0009892652840403384 0.007281821550879056 0.9999729978499915
vn -0.000989376485376932 0.2118908982239011 0.9772928263238397
vn -0.00019785594970122148 0.0768113729347272 0.9970456227479791
vn -0.00039575033611447804 0.21189077548441942 0.9772932736115003
vn -0.00019785594970122148 0.0768113729347272 0.9970456227479791
vn 0.0009892735283561682 -0.058850576309714145 0.9982663126670662
vn 0.0009892735283561682 -0.058850576309714145 0.9982663126670662
vn -0.0014838974280181106 0.0037905360950806336 0.9999917149079462
vn -0.00019785594970122148 0.0768113729347272 0.9970456227479791
vn -0.000989376485376932 0.2118908982239011 0.9772928263238397
vn -0.0014838974280181106 0.0037905360950806336 0.9999917149079462
vn -0.0016817655899066856 -0.05945310013260361 0.9982296832638885
vn -0.00019785594970122148 0.0768113729347272 0.9970456227479791
vn -0.0016817655899066856 -0.05945310013260361 0.9982296832638885
vn -0.0014838974280181106 0.0037905360950806336 0.9999917149079462
vn -0.0016817655899066856 -0.05945310013260361 0.9982296832638885
vn -0.00039570948414558896 -0.059056077582706444 0.9982545883263194
vn 0.0009892735283561682 -0.058850576309714145 0.9982663126670662
vn -0.00019785594970122148 0.0768113729347272 0.9970456227479791
vn -0.0016817655899066856 -0.05945310013260361 0.9982296832638885
vn -0.00039570948414558896 -0.059056077582706444 0.9982545883263194
vn -0.00019785594970122148 0.0768113729347272 0.9970456227479791
vn 0.0009892735283561682 -0.058850576309714145 0.9982663126670662
vn -0.00039570948414558896 -0.059056077582706444 0.9982545883263194
vn 0.0014839110601739122 -0.05935435630540901 0.9982358731259541
vn -0.00039570948414558896 -0.059056077582706444 0.9982545883263194
vn -0.0016817655899066856 -0.05945310013260361 0.9982296832638885
vn -0.0026710404839468123 -0.05905610697110315 0.9982510915456846
vn -0.00039570948414558896 -0.059056077582706444 0.9982545883263194
vn 0.0018796200704988139 -0.05975134782545302 0.9982115224046617
vn 0.0014839110601739122 -0.05935435630540901 0.9982358731259541
vn 0.0018796200704988139 -0.05975134782545302 0.9982115224046617
vn 0.002275330173824586 -0.060546385743459566 0.9981627913552
vn 0.0014839110601739122 -0.05935435630540901 0.9982358731259541
vn 0.0018796200704988139 -0.05975134782545302 0.9982115224046617
vn -0.00039570948414558896 -0.059056077582706444 0.9982545883263194
vn -0.0014839109393873283 -0.05895035407602038 0.998259812755495
vn -0.0026710404839468123 -0.05905610697110315 0.9982510915456846
vn -0.0014839109393873283 -0.05895035407602038 0.998259812755495
vn -0.00039570948414558896 -0.059056077582706444 0.9982545883263194
vn 0.002275330173824586 -0.060546385743459566 0.9981627913552
vn 0.0018796200704988139 -0.05975134782545302 0.9982115224046617
vn 0.002275330173824586 -0.060546385743459566 0.9981627913552
vn 0.002275330173824586 -0.060546385743459566 0.9981627913552
vn 0.002275330173824586 -0.060546385743459566 0.9981627913552
vn 0.002275330173824586 -0.060546385743459566 0.9981627913552
vn 0.0024731663640064918 -0.024638525537133617 0.9996933662416152
vn 0.002275330173824586 -0.060546385743459566 0.9981627913552
vn 0.002275330173824586 -0.060546385743459566 0.9981627913552
vn -0.0014839109393873283 -0.05895035407602038 0.998259812755495
vn -0.0026710404839468123 -0.05905610697110315 0.9982510915456846
vn -0.0029678010616325085 -0.021944256618122878 0.9997547908153962
vn 0.0024731663640064918 -0.024638525537133617 0.9996933662416152
vn 0.002275330173824586 -0.060546385743459566 0.9981627913552
vn 0.002275330173824586 -0.060546385743459566 0.9981627913552
vn -0.0029678010616325085 -0.021944256618122878 0.9997547908153962
vn -0.0026710404839468123 -0.05905610697110315 0.9982510915456846
vn -0.0033635315143574315 0.05865209740799498 0.9982728174829739
vn 0.002473164218064474 -0.005187053335926339 0.9999834888319111
vn 0.002275330173824586 -0.060546385743459566 0.9981627913552
vn 0.0024731663640064918 -0.024638525537133617 0.9996933662416152
vn 0.002473164218064474 -0.005187053335926339 0.9999834888319111
vn 0.0024731663640064918 -0.024638525537133617 0.9996933662416152
vn 0.0029680340909204535 0.17886587090667203 0.9838689907698245
vn 0.002473164218064474 -0.005187053335926339 0.9999834888319111
vn 0.0029680340909204535 0.17886587090667203 0.9838689907698245
vn 0.0029680340909204535 0.17886587090667203 0.9838689907698245
vn 0.002275330173824586 -0.060546385743459566 0.9981627913552
vn 0.002473164218064474 -0.005187053335926339 0.9999834888319111
vn 0.002275330173824586 -0.060546385743459566 0.9981627913552
vn 0.002275330173824586 -0.060546385743459566 0.9981627913552
vn 0.002275330173824586 -0.060546385743459566 0.9981627913552
vn 0.002473164218064474 -0.005187053335926339 0.9999834888319111
vn 0.002275330173824586 -0.060546385743459566 0.9981627913552
vn 0.002275330173824586 -0.060546385743459566 0.9981627913552
vn 0.002275330173824586 -0.060546385743459566 0.9981627913552
vn 0.002275330173824586 -0.060546385743459566 0.9981627913552
vn 0.002275330173824586 -0.060546385743459566 0.9981627913552
vn 0.002275330173824586 -0.060546385743459566 0.9981627913552
vn -0.0033635315143574315 0.05865209740799498 0.9982728174829739
vn -0.0038584316680360456 0.17597628394874532 0.9843868446869115
vn -0.0029678010616325085 -0.021944256618122878 0.9997547908153962
vn -0.0033635315143574315 0.05865209740799498 0.9982728174829739
vn -0.0042541748612597175 0.17657310291816486 0.9842783352904306
vn -0.0038584316680360456 0.17597628394874532 0.9843868446869115
vn -0.002967820683480634 -0.058850580544886344 0.9982623909623765
vn -0.0033635315143574315 0.05865209740799498 0.9982728174829739
vn -0.0026710404839468123 -0.05905610697110315 0.9982510915456846
vn -0.002967820683480634 -0.058850580544886344 0.9982623909623765
vn -0.0033635315143574315 0.05865209740799498 0.9982728174829739
vn -0.002967820683480634 -0.058850580544886344 0.9982623909623765
vn -0.002967820683480634 -0.058850580544886344 0.9982623909623765
vn -0.0033635315143574315 0.05865209740799498 0.9982728174829739
vn -0.002967820683480634 -0.058850580544886344 0.9982623909623765
vn -0.0033635315143574315 0.05865209740799498 0.9982728174829739
vn -0.0042541748612597175 0.17657310291816486 0.9842783352904306
vn -0.0042541748612597175 0.17657310291816486 0.9842783352904306
vn -0.0033635315143574315 0.05865209740799498 0.9982728174829739
vn -0.002967820683480634 -0.058850580544886344 0.9982623909623765
vn -0.0037592684871344093 0.07870279129326875 0.9968910364443496
vn -0.0033635315143574315 0.05865209740799498 0.9982728174829739
vn -0.0037592684871344093 0.07870279129326875 0.9968910364443496
vn -0.0042541748612597175 0.17657310291816486 0.9842783352904306
vn -0.0037592684871344093 0.07870279129326875 0.9968910364443496
vn -0.0042541748612597175 0.17657310291816486 0.9842783352904306
vn -0.0042541748612597175 0.17657310291816486 0.9842783352904306
vn -0.0042541748612597175 0.17657310291816486 0.9842783352904306
vn -0.0042541748612597175 0.17657310291816486 0.9842783352904306
vn -0.0037592684871344093 0.07870279129326875 0.9968910364443496
vn -0.0042541748612597175 0.17657310291816486 0.9842783352904306
vn -0.0042541748612597175 0.17657310291816486 0.9842783352904306
vn -0.0042541748612597175 0.17657310291816486 0.9842783352904306
vn -0.0042541748612597175 0.17657310291816486 0.9842783352904306
vn -0.0042541748612597175 0.17657310291816486 0.9842783352904306
vn -0.0042541748612597175 0.17657310291816486 0.9842783352904306
vn -0.0042541748612597175 0.17657310291816486 0.9842783352904306
vn -0.0042541748612597175 0.17657310291816486 0.9842783352904306
vn -0.0042541748612597175 0.17657310291816486 0.9842783352904306
vn -0.0042541748612597175 0.17657310291816486 0.9842783352904306
vn -0.0042541748612597175 0.17657310291816486 0.9842783352904306
vn -0.0042541748612597175 0.17657310291816486 0.9842783352904306
vn -0.0042541748612597175 0.17657310291816486 0.9842783352904306
vn -0.0042541748612597175 0.17657310291816486 0.9842783352904306
vn -0.0042541748612597175 0.17657310291816486 0.9842783352904306
vn -0.0042541748612597175 0.17657310291816486 0.9842783352904306
vn -0.0042541748612597175 0.17657310291816486 0.9842783352904306
vn -0.0042541748612597175 0.17657310291816486 0.9842783352904306
vn -0.0042541748612597175 0.17657310291816486 0.9842783352904306
vn -0.0042541748612597175 0.17657310291816486 0.9842783352904306
vn -0.004649716273644177 0.11979931354797334 0.9927872403551574
vn -0.00573774933826461 0.023940280927593587 0.9996969246634897
vn -0.0042541748612597175 0.17657310291816486 0.9842783352904306
vn -0.004649716273644177 0.11979931354797334 0.9927872403551574
vn -0.0042541748612597175 0.17657310291816486 0.9842783352904306
vn -0.00573774933826461 0.023940280927593587 0.9996969246634897
vn -0.0051445847840943144 0.1776705016504715 0.9840765854803525
vn -0.00573774933826461 0.023940280927593587 0.9996969246634897
vn -0.004649716273644177 0.11979931354797334 0.9927872403551574
vn -0.006133704429168634 -0.13028229206031208 0.9914579678662565
vn -0.006133704429168634 -0.13028229206031208 0.9914579678662565
vn -0.006133704429168634 -0.13028229206031208 0.9914579678662565
vn -0.00573774933826461 0.023940280927593587 0.9996969246634897
vn -0.00573774933826461 0.023940280927593587 0.9996969246634897
vn -0.0060350044888081355 0.17886393842251228 0.9838553096125505
vn -0.0051445847840943144 0.1776705016504715 0.9840765854803525
vn -0.006133704429168634 -0.13028229206031208 0.9914579678662565
vn -0.00573774933826461 0.023940280927593587 0.9996969246634897
vn -0.006133704429168634 -0.13028229206031208 0.9914579678662565
vn -0.00039570651474448804 0.024239513639767993 0.9997061015092694
vn -0.0060350044888081355 0.17886393842251228 0.9838553096125505
vn -0.00573774933826461 0.023940280927593587 0.9996969246634897
vn -0.00039570651474448804 0.024239513639767993 0.9997061015092694
vn -0.00573774933826461 0.023940280927593587 0.9996969246634897
vn -0.006133704429168634 -0.13028229206031208 0.9914579678662565
vn -0.0060350044888081355 0.17886393842251228 0.9838553096125505
vn -0.00039570651474448804 0.024239513639767993 0.9997061015092694
vn -0.001484016018064299 0.17867321252058876 0.9839073537808479
vn -0.006133704429168634 -0.13028229206031208 0.9914579678662565
vn 0.0009893076611353247 -0.1305786229701282 0.9914374637331276
vn -0.00039570651474448804 0.024239513639767993 0.9997061015092694
vn -0.00039570651474448804 0.024239513639767993 0.9997061015092694
vn 0.004847780380507868 0.17738114048836665 0.98413029118325
vn -0.001484016018064299 0.17867321252058876 0.9839073537808479
vn 0.0009893076611353247 -0.1305786229701282 0.9914374637331276
vn 0.005737750178094149 0.02334177648481477 0.9997110781087838
vn -0.00039570651474448804 0.024239513639767993 0.9997061015092694
vn 0.004847780380507868 0.17738114048836665 0.98413029118325
vn -0.00039570651474448804 0.024239513639767993 0.9997061015092694
vn 0.005737750178094149 0.02334177648481477 0.9997110781087838
vn 0.005737750178094149 0.02334177648481477 0.9997110781087838
vn 0.0009893076611353247 -0.1305786229701282 0.9914374637331276
vn 0.0064305024811254 -0.13098169264859566 0.9913639315754578
vn 0.005737750178094149 0.02334177648481477 0.9997110781087838
vn 0.005243511938703451 0.17607212104339334 0.9843633037521408
vn 0.004847780380507868 0.17738114048836665 0.98413029118325
vn 0.006529435960965527 -0.13107951482731003 0.9913503554539478
vn 0.005737750178094149 0.02334177648481477 0.9997110781087838
vn 0.0064305024811254 -0.13098169264859566 0.9913639315754578
vn 0.005737750178094149 0.02334177648481477 0.9997110781087838
vn 0.005243511938703451 0.17607212104339334 0.9843633037521408
vn 0.005243511938703451 0.17607212104339334 0.9843633037521408
vn 0.006529435960965527 -0.13107951482731003 0.9913503554539478
vn 0.005737750178094149 0.02334177648481477 0.9997110781087838
vn 0.006529435960965527 -0.13107951482731003 0.9913503554539478
vn 0.006034523021758213 0.0050873044284219324 0.9999688514476601
vn 0.005243511938703451 0.17607212104339334 0.9843633037521408
vn 0.005737750178094149 0.02334177648481477 0.9997110781087838
vn 0.005737750178094149 0.02334177648481477 0.9997110781087838
vn 0.006529435960965527 -0.13107951482731003 0.9913503554539478
vn 0.006034523021758213 0.0050873044284219324 0.9999688514476601
vn 0.005243511938703451 0.17607212104339334 0.9843633037521408
vn 0.006034523021758213 0.0050873044284219324 0.9999688514476601
vn 0.005243511938703451 0.17607212104339334 0.9843633037521408
vn 0.006034523021758213 0.0050873044284219324 0.9999688514476601
vn 0.006529435960965527 -0.13107951482731003 0.9913503554539478
vn 0.006529435960965527 -0.13107951482731003 0.9913503554539478
vn 0.006529435960965527 -0.13107951482731003 0.9913503554539478
vn 0.006529435960965527 -0.13107951482731003 0.9913503554539478
vn 0.006034523021758213 0.0050873044284219324 0.9999688514476601
vn 0.006529435960965527 -0.13107951482731003 0.9913503554539478
vn 0.006529435960965527 -0.13107951482731003 0.9913503554539478
vn 0.006529435960965527 -0.13107951482731003 0.9913503554539478
vn 0.006529435960965527 -0.13107951482731003 0.9913503554539478
vn 0.006529435960965527 -0.13107951482731003 0.9913503554539478
vn 0.006529435960965527 -0.13107951482731003 0.9913503554539478
vn 0.006529435960965527 -0.13107951482731003 0.9913503554539478
vn 0.006529435960965527 -0.13107951482731003 0.9913503554539478
vn 0.006529435960965527 -0.13107951482731003 0.9913503554539478
vn 0.006529435960965527 -0.13107951482731003 0.9913503554539478
vn 0.006529435960965527 -0.13107951482731003 0.9913503554539478
vn 0.006529435960965527 -0.13107951482731003 0.9913503554539478
vn 0.006529435960965527 -0.13107951482731003 0.9913503554539478
vn 0.006529435960965527 -0.13107951482731003 0.9913503554539478
vn 0.006727007788797789 0.0030922822795474906 0.9999725922026629
vn 0.006529435960965527 -0.13107951482731003 0.9913503554539478
vn 0.006727007788797789 0.0030922822795474906 0.9999725922026629
vn 0.006529435960965527 -0.13107951482731003 0.9913503554539478
vn 0.006529435960965527 -0.13107951482731003 0.9913503554539478
vn 0.006924889359055293 0.039899581511765814 0.9991796982037571
vn 0.006727007788797789 0.0030922822795474906 0.9999725922026629
vn 0.006924889359055293 0.039899581511765814 0.9991796982037571
vn 0.006826680832552887 0.20970660110975967 0.9777405268678407
vn 0.006727007788797789 0.0030922822795474906 0.9999725922026629
vn 0.006924889359055293 0.039899581511765814 0.9991796982037571
vn 0.006529435960965527 -0.13107951482731003 0.9913503554539478
vn 0.006727294934811945 -0.13078518292644603 0.9913879056301605
vn 0.006826680832552887 0.20970660110975967 0.9777405268678407
vn 0.006924889359055293 0.039899581511765814 0.9991796982037571
vn 0.006826680832552887 0.20970660110975967 0.9777405268678407
vn 0.006826680832552887 0.20970660110975967 0.9777405268678407
vn 0.006924889359055293 0.039899581511765814 0.9991796982037571
vn 0.006826680832552887 0.20970660110975967 0.9777405268678407
vn 0.006924889359055293 0.039899581511765814 0.9991796982037571
vn 0.006727294934811945 -0.13078518292644603 0.9913879056301605
vn 0.0029679226329765752 -0.1304808624210745 0.9914463858308714
vn 0.006826680832552887 0.20970660110975967 0.9777405268678407
vn 0.006924889359055293 0.039899581511765814 0.9991796982037571
vn 0.006826683759558048 0.20980245583226628 0.977719962931921
vn 0.00019785376267462422 0.04019979085249314 0.9991916421134158
vn 0.006924889359055293 0.039899581511765814 0.9991796982037571
vn 0.0029679226329765752 -0.1304808624210745 0.9914463858308714
vn 0.00019785376267462422 0.04019979085249314 0.9991916421134158
vn 0.006826683759558048 0.20980245583226628 0.977719962931921
vn 0.006924889359055293 0.039899581511765814 0.9991796982037571
vn 0.0029679226329765752 -0.1304808624210745 0.9914463858308714
vn -0.006727295234311819 -0.13098170005880477 0.9913619610155192
vn 0.00019785376267462422 0.04019979085249314 0.9991916421134158
vn 0.006826683759558048 0.20980245583226628 0.977719962931921
vn 0.00019785376267462422 0.04019979085249314 0.9991916421134158
vn 0.0000989374198411829 0.2098073985532549 0.9777427298240078
vn 0.0066281392338612575 0.0598501524424709 0.9981853670651105
vn 0.006826683759558048 0.20980245583226628 0.977719962931921
vn 0.0000989374198411829 0.2098073985532549 0.9777427298240078
vn -0.006727295234311819 -0.13098170005880477 0.9913619610155192
vn -0.006924889254288408 0.039799827775318646 0.9991836766170025
vn 0.00019785376267462422 0.04019979085249314 0.9991916421134158
vn -0.006924889254288408 0.039799827775318646 0.9991836766170025
vn 0.0000989374198411829 0.2098073985532549 0.9777427298240078
vn 0.00019785376267462422 0.04019979085249314 0.9991916421134158
vn -0.006924889254288408 0.039799827775318646 0.9991836766170025
vn -0.006727295234311819 -0.13098170005880477 0.9913619610155192
vn -0.0069251558874908045 -0.1312749598287129 0.9913218080612893
vn -0.006924889254288408 0.039799827775318646 0.9991836766170025
vn -0.0069251558874908045 -0.1312749598287129 0.9913218080612893
vn -0.007123023583712261 -0.1316800824150484 0.9912666737211496
vn 0.0000989374198411829 0.2098073985532549 0.9777427298240078
vn 0 0.059552878342454915 0.9982251522983824
vn 0.0066281392338612575 0.0598501524424709 0.9981853670651105
vn 0 0.059552878342454915 0.9982251522983824
vn 0.006529292235645898 -0.09127213296539705 0.9958045822784953
vn 0.0066281392338612575 0.0598501524424709 0.9981853670651105
vn 0 0.059552878342454915 0.9982251522983824
vn 0.006529292235645898 -0.09127213296539705 0.9958045822784953
vn 0.006529292235645898 -0.09127213296539705 0.9958045822784953
vn 0 0.059552878342454915 0.9982251522983824
vn 0.006529292235645898 -0.09127213296539705 0.9958045822784953
vn 0.006529292235645898 -0.09127213296539705 0.9958045822784953
vn 0.006529292235645898 -0.09127213296539705 0.9958045822784953
vn 0 0.059552878342454915 0.9982251522983824
vn -0.0025721424511146217 -0.09137277728049598 0.9958134361692755
vn -0.0025721424511146217 -0.09137277728049598 0.9958134361692755
vn 0 0.059552878342454915 0.9982251522983824
vn -0.006628215453931286 -0.09137180751715171 0.9957947878709472
vn 0 0.059552878342454915 0.9982251522983824
vn -0.006628215453931286 -0.09137180751715171 0.9957947878709472
vn -0.006628215453931286 -0.09137180751715171 0.9957947878709472
vn -0.006628215453931286 -0.09137180751715171 0.9957947878709472
vn 0 0.059552878342454915 0.9982251522983824
vn -0.006628215453931286 -0.09137180751715171 0.9957947878709472
vn -0.006628215453931286 -0.09137180751715171 0.9957947878709472
vn 0 0.059552878342454915 0.9982251522983824
vn -0.006628215453931286 -0.09137180751715171 0.9957947878709472
vn -0.006628215453931286 -0.09137180751715171 0.9957947878709472
vn 0 0.059552878342454915 0.9982251522983824
vn -0.00662813894271039 0.05975039621313801 0.9981913433438147
vn 0 0.059552878342454915 0.9982251522983824
vn -0.0065298725146027215 0.20999303815643636 0.9776810751419771
vn -0.00662813894271039 0.05975039621313801 0.9981913433438147
vn -0.0065298725146027215 0.20999303815643636 0.9776810751419771
vn 0 0.059552878342454915 0.9982251522983824
vn 0.0000989374198411829 0.2098073985532549 0.9777427298240078
vn 0.0000989374198411829 0.2098073985532549 0.9777427298240078
vn -0.006924889254288408 0.039799827775318646 0.9991836766170025
vn -0.0065298725146027215 0.20999303815643636 0.9776810751419771
vn -0.006924889254288408 0.039799827775318646 0.9991836766170025
vn -0.006727748909633976 0.21039512300154814 0.9775932843528399
vn -0.0065298725146027215 0.20999303815643636 0.9776810751419771
vn -0.006727748909633976 0.21039512300154814 0.9775932843528399
vn -0.006924889254288408 0.039799827775318646 0.9991836766170025
vn -0.006727748909633976 0.21039512300154814 0.9775932843528399
vn -0.0070238141072090626 0.04109858021445015 0.9991304082749879
vn -0.006727748909633976 0.21039512300154814 0.9775932843528399
vn -0.006924889254288408 0.039799827775318646 0.9991836766170025
vn -0.007123023583712261 -0.1316800824150484 0.9912666737211496
vn -0.0070238141072090626 0.04109858021445015 0.9991304082749879
vn -0.006924889254288408 0.039799827775318646 0.9991836766170025
vn -0.0070238141072090626 0.04109858021445015 0.9991304082749879
vn -0.007123023583712261 -0.1316800824150484 0.9912666737211496
vn -0.007123023583712261 -0.1316800824150484 0.9912666737211496
vn -0.007123023583712261 -0.1316800824150484 0.9912666737211496
vn -0.0070238141072090626 0.04109858021445015 0.9991304082749879
vn -0.007123023583712261 -0.1316800824150484 0.9912666737211496
vn -0.007123023583712261 -0.1316800824150484 0.9912666737211496
vn -0.0070238141072090626 0.04109858021445015 0.9991304082749879
vn -0.007123023583712261 -0.1316800824150484 0.9912666737211496
vn -0.0070238141072090626 0.04109858021445015 0.9991304082749879
vn -0.007123023583712261 -0.1316800824150484 0.9912666737211496
vn -0.007123023583712261 -0.1316800824150484 0.9912666737211496
vn -0.006727748909633976 0.21039512300154814 0.9775932843528399
vn -0.0070238141072090626 0.04109858021445015 0.9991304082749879
vn -0.006727748909633976 0.21039512300154814 0.9775932843528399
vn -0.006727748909633976 0.21039512300154814 0.9775932843528399
vn -0.0070238141072090626 0.04109858021445015 0.9991304082749879
vn -0.006727748909633976 0.21039512300154814 0.9775932843528399
vn -0.006727748909633976 0.21039512300154814 0.9775932843528399
vn -0.006727748909633976 0.21039512300154814 0.9775932843528399
vn -0.006727748909633976 0.21039512300154814 0.9775932843528399
vn 0.004550978819099924 0.17786402745377722 -0.984044549972058
vn 0.005638824561007592 0.02374078637372604 -0.999702245030953
vn 0.004550984110331179 0.17857550638108322 -0.9839156859530024
vn 0.005638824561007592 0.02374078637372604 -0.999702245030953
vn 0.004847576373269073 0.11970054588974574 -0.9927982072490876
vn 0.006133706067265565 -0.13057660307324204 -0.9914192495507302
vn 0.005638824561007592 0.02374078637372604 -0.999702245030953
vn 0.006133706067265565 -0.13057660307324204 -0.9914192495507302
vn 0.006232638328649807 -0.13047887338765077 -0.9914314993074175
vn 0 0.02423951553752392 -0.9997061797780916
vn 0.004550984110331179 0.17857550638108322 -0.9839156859530024
vn 0.005638824561007592 0.02374078637372604 -0.999702245030953
vn 0.004550984110331179 0.17857550638108322 -0.9839156859530024
vn 0 0.02423951553752392 -0.9997061797780916
vn 0.00009893444624912389 0.17857753803052806 -0.9839258372067129
vn 0.00009893444624912389 0.17857753803052806 -0.9839258372067129
vn 0 0.02423951553752392 -0.9997061797780916
vn -0.005144591830436515 0.1785745519649603 -0.9839129344435981
vn 0.005638824561007592 0.02374078637372604 -0.999702245030953
vn 0.006331570955976966 -0.13038016901038138 -0.9914438575824925
vn 0 0.02423951553752392 -0.9997061797780916
vn 0.006331570955976966 -0.13038016901038138 -0.9914438575824925
vn 0.005638824561007592 0.02374078637372604 -0.999702245030953
vn 0.006232638328649807 -0.13047887338765077 -0.9914314993074175
vn -0.005144591830436515 0.1785745519649603 -0.9839129344435981
vn 0 0.02423951553752392 -0.9997061797780916
vn -0.006133458059305473 0.024040038261576704 -0.9996921812501169
vn -0.005144591830436515 0.1785745519649603 -0.9839129344435981
vn -0.006133458059305473 0.024040038261576704 -0.9996921812501169
vn -0.006034997811312054 0.1783629455718199 -0.9839462579065797
vn -0.006133458059305473 0.024040038261576704 -0.9996921812501169
vn -0.006034997811312054 0.1783629455718199 -0.9839462579065797
vn -0.006034997811312054 0.1783629455718199 -0.9839462579065797
vn 0 0.02423951553752392 -0.9997061797780916
vn 0.006331570955976966 -0.13038016901038138 -0.9914438575824925
vn 0 -0.1303830071870974 -0.9914637015225768
vn -0.006133458059305473 0.024040038261576704 -0.9996921812501169
vn 0 0.02423951553752392 -0.9997061797780916
vn 0 -0.1303830071870974 -0.9914637015225768
vn -0.00009893068217038044 -0.13038300654904988 -0.9914636966707104
vn 0.006331570955976966 -0.13038016901038138 -0.9914438575824925
vn 0.006232638328649807 -0.13047887338765077 -0.9914314993074175
vn 0.006331570955976966 -0.13038016901038138 -0.9914438575824925
vn -0.00009893068217038044 -0.13038300654904988 -0.9914636966707104
vn 0 -0.1303830071870974 -0.9914637015225768
vn -0.006133458059305473 0.024040038261576704 -0.9996921812501169
vn 0 -0.1303830071870974 -0.9914637015225768
vn -0.006430499896441205 -0.13067440169607777 -0.9914044832521458
vn 0 -0.1303830071870974 -0.9914637015225768
vn -0.0066283654543585245 -0.13067448770697596 -0.9914031687633051
vn -0.006430499896441205 -0.13067440169607777 -0.9914044832521458
vn -0.0066283654543585245 -0.13067448770697596 -0.9914031687633051
vn 0 -0.1303830071870974 -0.9914637015225768
vn -0.00009893068217038044 -0.13038300654904988 -0.9914636966707104
vn -0.006529435960965527 -0.13107951482731003 -0.9913503554539478
vn -0.006133458059305473 0.024040038261576704 -0.9996921812501169
vn -0.006430499896441205 -0.13067440169607777 -0.9914044832521458
vn -0.006529435960965527 -0.13107951482731003 -0.9913503554539478
vn -0.006133458059305473 0.024040038261576704 -0.9996921812501169
vn -0.006529435960965527 -0.13107951482731003 -0.9913503554539478
vn -0.006430229374399556 0.006084814449714173 -0.9999608128238353
vn -0.006034997811312054 0.1783629455718199 -0.9839462579065797
vn -0.006133458059305473 0.024040038261576704 -0.9996921812501169
vn -0.006133458059305473 0.024040038261576704 -0.9996921812501169
vn -0.006529435960965527 -0.13107951482731003 -0.9913503554539478
vn -0.006430229374399556 0.006084814449714173 -0.9999608128238353
vn -0.006034997811312054 0.1783629455718199 -0.9839462579065797
vn -0.006430229374399556 0.006084814449714173 -0.9999608128238353
vn -0.006034997811312054 0.1783629455718199 -0.9839462579065797
vn -0.006430229374399556 0.006084814449714173 -0.9999608128238353
vn -0.006529435960965527 -0.13107951482731003 -0.9913503554539478
vn -0.006529435960965527 -0.13107951482731003 -0.9913503554539478
vn -0.006529435960965527 -0.13107951482731003 -0.9913503554539478
vn -0.006529435960965527 -0.13107951482731003 -0.9913503554539478
vn -0.006430229374399556 0.006084814449714173 -0.9999608128238353
vn -0.006529435960965527 -0.13107951482731003 -0.9913503554539478
vn -0.006529435960965527 -0.13107951482731003 -0.9913503554539478
vn -0.006529435960965527 -0.13107951482731003 -0.9913503554539478
vn -0.006529435960965527 -0.13107951482731003 -0.9913503554539478
vn -0.006529435960965527 -0.13107951482731003 -0.9913503554539478
vn -0.006529435960965527 -0.13107951482731003 -0.9913503554539478
vn -0.006529435960965527 -0.13107951482731003 -0.9913503554539478
vn -0.006529435960965527 -0.13107951482731003 -0.9913503554539478
vn -0.006529435960965527 -0.13107951482731003 -0.9913503554539478
vn -0.006529435960965527 -0.13107951482731003 -0.9913503554539478
vn -0.006529435960965527 -0.13107951482731003 -0.9913503554539478
vn -0.006529435960965527 -0.13107951482731003 -0.9913503554539478
vn -0.006529435960965527 -0.13107951482731003 -0.9913503554539478
vn -0.006529435960965527 -0.13107951482731003 -0.9913503554539478
vn -0.006727007788797789 0.0030922822795474906 -0.9999725922026629
vn -0.006727007788797789 0.0030922822795474906 -0.9999725922026629
vn -0.006529435960965527 -0.13107951482731003 -0.9913503554539478
vn -0.006529435960965527 -0.13107951482731003 -0.9913503554539478
vn -0.006529435960965527 -0.13107951482731003 -0.9913503554539478
vn -0.006924889359055293 0.039899581511765814 -0.9991796982037571
vn -0.006727007788797789 0.0030922822795474906 -0.9999725922026629
vn -0.006924889359055293 0.039899581511765814 -0.9991796982037571
vn -0.006529435960965527 -0.13107951482731003 -0.9913503554539478
vn -0.0066283654543585245 -0.13067448770697596 -0.9914031687633051
vn -0.006727007788797789 0.0030922822795474906 -0.9999725922026629
vn -0.006924889359055293 0.039899581511765814 -0.9991796982037571
vn -0.006826683759558048 0.20980245583226628 -0.977719962931921
vn -0.006826683759558048 0.20980245583226628 -0.977719962931921
vn -0.006924889359055293 0.039899581511765814 -0.9991796982037571
vn -0.006826683759558048 0.20980245583226628 -0.977719962931921
vn -0.006924889359055293 0.039899581511765814 -0.9991796982037571
vn -0.006826683759558048 0.20980245583226628 -0.977719962931921
vn -0.006826683759558048 0.20980245583226628 -0.977719962931921
vn -0.00009893068217038044 -0.13038300654904988 -0.9914636966707104
vn -0.006924889359055293 0.039899581511765814 -0.9991796982037571
vn -0.0066283654543585245 -0.13067448770697596 -0.9914031687633051
vn -0.006924889359055293 0.039899581511765814 -0.9991796982037571
vn -0.00672774471795226 0.20980240086181953 -0.9777206605383905
vn -0.006826683759558048 0.20980245583226628 -0.977719962931921
vn -0.006924889359055293 0.039899581511765814 -0.9991796982037571
vn -0.00009893068217038044 -0.13038300654904988 -0.9914636966707104
vn 0 0.040298545685989916 -0.9991876836788943
vn 0 0.040298545685989916 -0.9991876836788943
vn -0.00672774471795226 0.20980240086181953 -0.9777206605383905
vn -0.006924889359055293 0.039899581511765814 -0.9991796982037571
vn 0.006826223389973585 -0.13038013767671625 -0.991440579345848
vn 0 0.040298545685989916 -0.9991876836788943
vn -0.00009893068217038044 -0.13038300654904988 -0.9914636966707104
vn 0.006232638328649807 -0.13047887338765077 -0.9914314993074175
vn 0.006826223389973585 -0.13038013767671625 -0.991440579345848
vn -0.00009893068217038044 -0.13038300654904988 -0.9914636966707104
vn 0.006232638328649807 -0.13047887338765077 -0.9914314993074175
vn 0.006925154276014184 -0.13078513766781014 -0.9913865492346894
vn 0.006826223389973585 -0.13038013767671625 -0.991440579345848
vn 0.007023818337751768 0.039799840610988194 -0.9991829855753642
vn 0.006826223389973585 -0.13038013767671625 -0.991440579345848
vn 0.006925154276014184 -0.13078513766781014 -0.9913865492346894
vn 0.006826223389973585 -0.13038013767671625 -0.991440579345848
vn 0.007023818337751768 0.039799840610988194 -0.9991829855753642
vn 0 0.040298545685989916 -0.9991876836788943
vn 0.007023818337751768 0.039799840610988194 -0.9991829855753642
vn 0.006925154276014184 -0.13078513766781014 -0.9913865492346894
vn 0.007123023484047721 -0.13158233024583912 -0.991279654236644
vn -0.00672774471795226 0.20980240086181953 -0.9777206605383905
vn 0 0.040298545685989916 -0.9991876836788943
vn 0 0.20980739958011665 -0.9777427346093804
vn 0.007023818337751768 0.039799840610988194 -0.9991829855753642
vn 0 0.20980739958011665 -0.9777427346093804
vn 0 0.040298545685989916 -0.9991876836788943
vn 0 0.20980739958011665 -0.9777427346093804
vn -0.0066281392338612575 0.0598501524424709 -0.9981853670651105
vn -0.00672774471795226 0.20980240086181953 -0.9777206605383905
vn -0.0066281392338612575 0.0598501524424709 -0.9981853670651105
vn 0 0.20980739958011665 -0.9777427346093804
vn 0 0.059552878342454915 -0.9982251522983824
vn -0.0066281392338612575 0.0598501524424709 -0.9981853670651105
vn 0 0.059552878342454915 -0.9982251522983824
vn -0.006529292235645898 -0.09127213296539705 -0.9958045822784953
vn -0.006529292235645898 -0.09127213296539705 -0.9958045822784953
vn 0 0.059552878342454915 -0.9982251522983824
vn -0.006529292235645898 -0.09127213296539705 -0.9958045822784953
vn 0 0.059552878342454915 -0.9982251522983824
vn -0.006529292235645898 -0.09127213296539705 -0.9958045822784953
vn -0.006529292235645898 -0.09127213296539705 -0.9958045822784953
vn 0 0.059552878342454915 -0.9982251522983824
vn 0.0025721424511146217 -0.09137277728049598 -0.9958134361692755
vn -0.006529292235645898 -0.09127213296539705 -0.9958045822784953
vn 0 0.059552878342454915 -0.9982251522983824
vn 0.006628215453931286 -0.09137180751715171 -0.9957947878709472
vn 0.0025721424511146217 -0.09137277728049598 -0.9958134361692755
vn 0 0.059552878342454915 -0.9982251522983824
vn 0.006628215453931286 -0.09137180751715171 -0.9957947878709472
vn 0.006628215453931286 -0.09137180751715171 -0.9957947878709472
vn 0.006628215453931286 -0.09137180751715171 -0.9957947878709472
vn 0 0.059552878342454915 -0.9982251522983824
vn 0.006628215453931286 -0.09137180751715171 -0.9957947878709472
vn 0.006628215453931286 -0.09137180751715171 -0.9957947878709472
vn 0 0.059552878342454915 -0.9982251522983824
vn 0.006628215453931286 -0.09137180751715171 -0.9957947878709472
vn 0.006628215453931286 -0.09137180751715171 -0.9957947878709472
vn 0 0.059552878342454915 -0.9982251522983824
vn 0.00662813894271039 0.05975039621313801 -0.9981913433438147
vn 0 0.059552878342454915 -0.9982251522983824
vn 0.006628808960110528 0.2098972464395691 -0.977700979251252
vn 0.00662813894271039 0.05975039621313801 -0.9981913433438147
vn 0.006628808960110528 0.2098972464395691 -0.977700979251252
vn 0 0.059552878342454915 -0.9982251522983824
vn 0 0.20980739958011665 -0.9777427346093804
vn 0 0.20980739958011665 -0.9777427346093804
vn 0.007023818337751768 0.039799840610988194 -0.9991829855753642
vn 0.006628808960110528 0.2098972464395691 -0.977700979251252
vn 0.007023818337751768 0.039799840610988194 -0.9991829855753642
vn 0.0068266884247038875 0.20989738294248309 -0.977699588298496
vn 0.006628808960110528 0.2098972464395691 -0.977700979251252
vn 0.007023818337751768 0.039799840610988194 -0.9991829855753642
vn 0.0068266884247038875 0.20989738294248309 -0.977699588298496
vn 0.0068266884247038875 0.20989738294248309 -0.977699588298496
vn 0.0068266884247038875 0.20989738294248309 -0.977699588298496
vn 0.007023818337751768 0.039799840610988194 -0.9991829855753642
vn 0.007023816060206035 0.03930206908669362 -0.9992026888341811
vn 0.007123023484047721 -0.13158233024583912 -0.991279654236644
vn 0.007023816060206035 0.03930206908669362 -0.9992026888341811
vn 0.007023818337751768 0.039799840610988194 -0.9991829855753642
vn 0.0068266884247038875 0.20989738294248309 -0.977699588298496
vn 0.007023816060206035 0.03930206908669362 -0.9992026888341811
vn 0.0068266884247038875 0.20989738294248309 -0.977699588298496
vn 0.0068266884247038875 0.20989738294248309 -0.977699588298496
vn 0.007023816060206035 0.03930206908669362 -0.9992026888341811
vn 0.0068266884247038875 0.20989738294248309 -0.977699588298496
vn 0.007023816060206035 0.03930206908669362 -0.9992026888341811
vn 0.007123023484047721 -0.13158233024583912 -0.991279654236644
vn 0.007123023484047721 -0.13158233024583912 -0.991279654236644
vn 0.007123023484047721 -0.13158233024583912 -0.991279654236644
vn 0.007023816060206035 0.03930206908669362 -0.9992026888341811
vn 0.007123023484047721 -0.13158233024583912 -0.991279654236644
vn 0.007123023484047721 -0.13158233024583912 -0.991279654236644
vn 0.007023816060206035 0.03930206908669362 -0.9992026888341811
vn 0.007123023484047721 -0.13158233024583912 -0.991279654236644
vn 0.007023816060206035 0.03930206908669362 -0.9992026888341811
vn 0.007123023484047721 -0.13158233024583912 -0.991279654236644
vn 0.007123023484047721 -0.13158233024583912 -0.991279654236644
vn 0.00029678393888433227 0.07681137105539362 -0.9970455983533975
vn -0.0011871179589548967 0.004389041587350468 -0.9999896634790261
vn 0.00039575033611447804 0.21189077548441942 -0.9772932736115003
vn 0.00029678393888433227 0.07681137105539362 -0.9970455983533975
vn -0.001286056197491985 -0.059056093105112874 -0.9982538374214333
vn -0.0011871179589548967 0.004389041587350468 -0.9999896634790261
vn 0.000989376485376932 0.2118908982239011 -0.9772928263238397
vn 0.00029678393888433227 0.07681137105539362 -0.9970455983533975
vn 0.00039575033611447804 0.21189077548441942 -0.9772932736115003
vn 0.00029678393888433227 0.07681137105539362 -0.9970455983533975
vn 0.000989376485376932 0.2118908982239011 -0.9772928263238397
vn 0.002077456709042908 0.003990038889058812 -0.9999898818304542
vn 0.0024731846978782225 -0.05915484141044999 -0.9982457553604497
vn 0.00029678393888433227 0.07681137105539362 -0.9970455983533975
vn 0.002077456709042908 0.003990038889058812 -0.9999898818304542
vn 0.00029678393888433227 0.07681137105539362 -0.9970455983533975
vn -0.001286056197491985 -0.059056093105112874 -0.9982538374214333
vn -0.001286056197491985 -0.059056093105112874 -0.9982538374214333
vn 0.0024731846978782225 -0.05915484141044999 -0.9982457553604497
vn 0.00029678393888433227 0.07681137105539362 -0.9970455983533975
vn 0.0024731846978782225 -0.05915484141044999 -0.9982457553604497
vn 0.0002967821448686655 -0.05905607960556501 -0.9982546225197154
vn -0.001286056197491985 -0.059056093105112874 -0.9982538374214333
vn 0.00029678393888433227 0.07681137105539362 -0.9970455983533975
vn 0.0024731846978782225 -0.05915484141044999 -0.9982457553604497
vn 0.0002967821448686655 -0.05905607960556501 -0.9982546225197154
vn 0.00029678393888433227 0.07681137105539362 -0.9970455983533975
vn -0.001286056197491985 -0.059056093105112874 -0.9982538374214333
vn 0.0002967821448686655 -0.05905607960556501 -0.9982546225197154
vn -0.001978548073552121 -0.059154846703897576 -0.9982468579760013
vn 0.0002967821448686655 -0.05905607960556501 -0.9982546225197154
vn 0.0024731846978782225 -0.05915484141044999 -0.9982457553604497
vn 0.002572112168575273 -0.05935334929610764 -0.9982337222145556
vn 0.0002967821448686655 -0.05905607960556501 -0.9982546225197154
vn -0.0026710385202776067 -0.05925457093800805 -0.9982393307099133
vn -0.001978548073552121 -0.059154846703897576 -0.9982468579760013
vn -0.0026710385202776067 -0.05925457093800805 -0.9982393307099133
vn -0.002868894952786456 -0.05945311641495111 -0.9982269763887872
vn -0.001978548073552121 -0.059154846703897576 -0.9982468579760013
vn -0.002868894952786456 -0.05945311641495111 -0.9982269763887872
vn -0.0026710385202776067 -0.05925457093800805 -0.9982393307099133
vn -0.002868894952786456 -0.05945311641495111 -0.9982269763887872
vn -0.002868894952786456 -0.05945311641495111 -0.9982269763887872
vn -0.002868894952786456 -0.05945311641495111 -0.9982269763887872
vn -0.002868894952786456 -0.05945311641495111 -0.9982269763887872
vn -0.0028688739073134428 -0.024339278465244262 -0.9996996394349129
vn -0.002868894952786456 -0.05945311641495111 -0.9982269763887872
vn -0.002868894952786456 -0.05945311641495111 -0.9982269763887872
vn -0.002868894952786456 -0.05945311641495111 -0.9982269763887872
vn -0.0028688739073134428 -0.024339278465244262 -0.9996996394349129
vn -0.002868894952786456 -0.05945311641495111 -0.9982269763887872
vn -0.002868894952786456 -0.05945311641495111 -0.9982269763887872
vn -0.0028688739073134428 -0.024339278465244262 -0.9996996394349129
vn -0.002868870276327407 -0.005386555053733378 -0.9999813771305898
vn -0.0029680214113820724 0.1746852250808831 -0.9846198570957945
vn -0.002868870276327407 -0.005386555053733378 -0.9999813771305898
vn -0.0028688739073134428 -0.024339278465244262 -0.9996996394349129
vn -0.002868870276327407 -0.005386555053733378 -0.9999813771305898
vn -0.0029680214113820724 0.1746852250808831 -0.9846198570957945
vn -0.0029680214113820724 0.1746852250808831 -0.9846198570957945
vn -0.002868870276327407 -0.005386555053733378 -0.9999813771305898
vn -0.002868894952786456 -0.05945311641495111 -0.9982269763887872
vn -0.002868894952786456 -0.05945311641495111 -0.9982269763887872
vn -0.002868894952786456 -0.05945311641495111 -0.9982269763887872
vn -0.002868870276327407 -0.005386555053733378 -0.9999813771305898
vn -0.002868894952786456 -0.05945311641495111 -0.9982269763887872
vn -0.002868894952786456 -0.05945311641495111 -0.9982269763887872
vn -0.002868894952786456 -0.05945311641495111 -0.9982269763887872
vn -0.002868894952786456 -0.05945311641495111 -0.9982269763887872
vn -0.002868894952786456 -0.05945311641495111 -0.9982269763887872
vn -0.002868894952786456 -0.05945311641495111 -0.9982269763887872
vn -0.002868894952786456 -0.05945311641495111 -0.9982269763887872
vn -0.0026710385202776067 -0.05925457093800805 -0.9982393307099133
vn 0.0002967821448686655 -0.05905607960556501 -0.9982546225197154
vn 0.00009892737829763597 -0.05905608191740445 -0.9982546615979003
vn 0.002572112168575273 -0.05935334929610764 -0.9982337222145556
vn 0.00009892737829763597 -0.05905608191740445 -0.9982546615979003
vn 0.0002967821448686655 -0.05905607960556501 -0.9982546225197154
vn 0.00009892737829763597 -0.05905608191740445 -0.9982546615979003
vn -0.00346246101118423 0.059949902404399694 -0.9981953819595885
vn -0.0026710385202776067 -0.05925457093800805 -0.9982393307099133
vn 0.00009892737829763597 -0.05905608191740445 -0.9982546615979003
vn 0.002572112168575273 -0.05935334929610764 -0.9982337222145556
vn 0.0032646049268838335 0.060049636678477625 -0.9981900537920894
vn -0.00346246101118423 0.059949902404399694 -0.9981953819595885
vn 0.00009892737829763597 -0.05905608191740445 -0.9982546615979003
vn 0 0.06014941101087399 -0.9981893850142092
vn 0.00009892737829763597 -0.05905608191740445 -0.9982546615979003
vn 0.0032646049268838335 0.060049636678477625 -0.9981900537920894
vn 0 0.06014941101087399 -0.9981893850142092
vn 0 0.06014941101087399 -0.9981893850142092
vn 0.00009893444624912389 0.17857753803052806 -0.9839258372067129
vn -0.00346246101118423 0.059949902404399694 -0.9981953819595885
vn -0.00346246101118423 0.059949902404399694 -0.9981953819595885
vn 0.00009893444624912389 0.17857753803052806 -0.9839258372067129
vn -0.005144591830436515 0.1785745519649603 -0.9839129344435981
vn 0.0032646049268838335 0.060049636678477625 -0.9981900537920894
vn 0.004550984110331179 0.17857550638108322 -0.9839156859530024
vn 0 0.06014941101087399 -0.9981893850142092
vn 0 0.06014941101087399 -0.9981893850142092
vn 0.004550984110331179 0.17857550638108322 -0.9839156859530024
vn 0.00009893444624912389 0.17857753803052806 -0.9839258372067129
vn 0.0032646049268838335 0.060049636678477625 -0.9981900537920894
vn 0.002572112168575273 -0.05935334929610764 -0.9982337222145556
vn 0.0031656766275239894 0.059154845585967855 -0.9982437992470528
vn 0.0021764032943870715 -0.06024814447842782 -0.9981810579026266
vn 0.0031656766275239894 0.059154845585967855 -0.9982437992470528
vn 0.002572112168575273 -0.05935334929610764 -0.9982337222145556
vn 0.0021764032943870715 -0.06024814447842782 -0.9981810579026266
vn 0.0031656766275239894 0.059154845585967855 -0.9982437992470528
vn 0.0021764032943870715 -0.06024814447842782 -0.9981810579026266
vn 0.0031656766275239894 0.059154845585967855 -0.9982437992470528
vn 0.0021764032943870715 -0.06024814447842782 -0.9981810579026266
vn 0.0021764032943870715 -0.06024814447842782 -0.9981810579026266
vn 0.0031656766275239894 0.059154845585967855 -0.9982437992470528
vn 0.0021764032943870715 -0.06024814447842782 -0.9981810579026266
vn 0.003561410149402092 0.0781082281536941 -0.9969385242092104
vn 0.0031656766275239894 0.059154845585967855 -0.9982437992470528
vn 0.003957372611264803 0.1777682339584439 -0.9840644258366987
vn 0.0032646049268838335 0.060049636678477625 -0.9981900537920894
vn 0.003957372611264803 0.1777682339584439 -0.9840644258366987
vn 0.004550984110331179 0.17857550638108322 -0.9839156859530024
vn 0.0032646049268838335 0.060049636678477625 -0.9981900537920894
vn 0.0031656766275239894 0.059154845585967855 -0.9982437992470528
vn 0.004550976297503467 0.176573048309287 -0.984277017523779
vn 0.003957372611264803 0.1777682339584439 -0.9840644258366987
vn 0.0031656766275239894 0.059154845585967855 -0.9982437992470528
vn 0.004550976297503467 0.176573048309287 -0.984277017523779
vn 0.004550976297503467 0.176573048309287 -0.984277017523779
vn 0.0031656766275239894 0.059154845585967855 -0.9982437992470528
vn 0.003561410149402092 0.0781082281536941 -0.9969385242092104
vn 0.004550976297503467 0.176573048309287 -0.984277017523779
vn 0.003561410149402092 0.0781082281536941 -0.9969385242092104
vn 0.004550976297503467 0.176573048309287 -0.984277017523779
vn 0.004550976297503467 0.176573048309287 -0.984277017523779
vn 0.004550976297503467 0.176573048309287 -0.984277017523779
vn 0.004550976297503467 0.176573048309287 -0.984277017523779
vn 0.003561410149402092 0.0781082281536941 -0.9969385242092104
vn 0.004550976297503467 0.176573048309287 -0.984277017523779
vn 0.004550976297503467 0.176573048309287 -0.984277017523779
vn 0.004550976297503467 0.176573048309287 -0.984277017523779
vn 0.004550984110331179 0.17857550638108322 -0.9839156859530024
vn 0.003957372611264803 0.1777682339584439 -0.9840644258366987
vn 0.004550978819099924 0.17786402745377722 -0.984044549972058
vn 0.004550976297503467 0.176573048309287 -0.984277017523779
vn 0.004550976297503467 0.176573048309287 -0.984277017523779
vn 0.004550976297503467 0.176573048309287 -0.984277017523779
vn 0.004550976297503467 0.176573048309287 -0.984277017523779
vn 0.004550976297503467 0.176573048309287 -0.984277017523779
vn 0.004550976297503467 0.176573048309287 -0.984277017523779
vn 0.004550976297503467 0.176573048309287 -0.984277017523779
vn 0.004550976297503467 0.176573048309287 -0.984277017523779
vn 0.004550976297503467 0.176573048309287 -0.984277017523779
vn 0.004550976297503467 0.176573048309287 -0.984277017523779
vn 0.004550976297503467 0.176573048309287 -0.984277017523779
vn 0.004550976297503467 0.176573048309287 -0.984277017523779
vn 0.004550976297503467 0.176573048309287 -0.984277017523779
vn 0.004550976297503467 0.176573048309287 -0.984277017523779
vn 0.004550976297503467 0.176573048309287 -0.984277017523779
vn 0.004550976297503467 0.176573048309287 -0.984277017523779
vn 0.004550976297503467 0.176573048309287 -0.984277017523779
vn 0.004847576373269073 0.11970054588974574 -0.9927982072490876
vn 0.004550976297503467 0.176573048309287 -0.984277017523779
vn 0.005638824561007592 0.02374078637372604 -0.999702245030953
vn 0.004550978819099924 0.17786402745377722 -0.984044549972058
vn 0.005638824561007592 0.02374078637372604 -0.999702245030953
vn 0.004550976297503467 0.176573048309287 -0.984277017523779
vn 0.004847576373269073 0.11970054588974574 -0.9927982072490876
vn 0 -0.9999999999999999 0
vn 0 -0.9999999999999999 0
vn 0 -0.9999999999999999 0
vn 0 -0.9999999999999999 0
vn 0 -0.9999999999999999 0
vn 0 -0.9999999999999999 0
vn 0 -0.9999999999999999 0
vn 0 -0.9999999999999999 0
vn 0 -0.9999999999999999 0
vn 0 -0.9999999999999999 0
vn 0 -0.9999999999999999 0
vn 0 -0.9999999999999999 0
vn 0 -0.9999999999999999 0
vn 0 -0.9999999999999999 0
vn 0 -0.9999999999999999 0
vn 0 -0.9999999999999999 0
vn 0 -0.9999999999999999 0
vn 0 -0.9999999999999999 0
vn 0 -0.9999999999999999 0
vn 0 -0.9999999999999999 0
vn 0 -0.9999999999999999 0
vn 0 -0.9999999999999999 0
vn 0 -0.9999999999999999 0
vn 0 -0.9999999999999999 0
vn 0 -0.9999999999999999 0
vn 0 -0.9999999999999999 0
vn 0 -0.9999999999999999 0
vn 0 -0.9999999999999999 0
vn 0 -0.9999999999999999 0
vn 0 -0.9999999999999999 0
vn -0.6520487188311205 0.19423810936197228 0.7328738125640598
vn -0.9737820429078904 0.22748303873066103 0
vn -0.931623034416096 -0.3634260884214917 0
vn -0.6520487188311205 0.19423810936197228 -0.7328738125640598
vn -0.931623034416096 -0.3634260884214917 0
vn -0.9737820429078904 0.22748303873066103 0
vn -0.931623034416096 -0.3634260884214917 0
vn -0.5906158046594178 -0.33532814974233205 0.7339809284149641
vn -0.6520487188311205 0.19423810936197228 0.7328738125640598
vn -0.14131846196305867 -0.2358964379797485 0.9614478471850993
vn -0.6520487188311205 0.19423810936197228 0.7328738125640598
vn -0.5906158046594178 -0.33532814974233205 0.7339809284149641
vn -0.6520487188311205 0.19423810936197228 0.7328738125640598
vn -0.14131846196305867 -0.2358964379797485 0.9614478471850993
vn -0.14635092142706713 0.11035368375211027 0.9830582242572347
vn -0.49705019833028585 -0.7395704177427771 0.4538465572631325
vn -0.14131846196305867 -0.2358964379797485 0.9614478471850993
vn -0.5906158046594178 -0.33532814974233205 0.7339809284149641
vn -0.931623034416096 -0.3634260884214917 0
vn -0.49705019833028585 -0.7395704177427771 0.4538465572631325
vn -0.5906158046594178 -0.33532814974233205 0.7339809284149641
vn -0.49705019833028585 -0.7395704177427771 0.4538465572631325
vn -0.931623034416096 -0.3634260884214917 0
vn -0.685610452550853 -0.7279686170110733 0
vn -0.49705019833028585 -0.7395704177427771 0.4538465572631325
vn -0.12507244899507008 -0.5907308888996944 0.7971159886755205
vn -0.14131846196305867 -0.2358964379797485 0.9614478471850993
vn -0.49705019833028585 -0.7395704177427771 -0.4538465572631325
vn -0.685610452550853 -0.7279686170110733 0
vn -0.931623034416096 -0.3634260884214917 0
vn -0.931623034416096 -0.3634260884214917 0
vn -0.6520487188311205 0.19423810936197228 -0.7328738125640598
vn -0.5906158046594178 -0.33532814974233205 -0.7339809284149641
vn -0.931623034416096 -0.3634260884214917 0
vn -0.5906158046594178 -0.33532814974233205 -0.7339809284149641
vn -0.49705019833028585 -0.7395704177427771 -0.4538465572631325
vn -0.14131846196305867 -0.2358964379797485 -0.9614478471850993
vn -0.5906158046594178 -0.33532814974233205 -0.7339809284149641
vn -0.6520487188311205 0.19423810936197228 -0.7328738125640598
vn -0.14131846196305867 -0.2358964379797485 -0.9614478471850993
vn -0.49705019833028585 -0.7395704177427771 -0.4538465572631325
vn -0.5906158046594178 -0.33532814974233205 -0.7339809284149641
vn -0.6520487188311205 0.19423810936197228 -0.7328738125640598
vn -0.14635092142706713 0.11035368375211027 -0.9830582242572347
vn -0.14131846196305867 -0.2358964379797485 -0.9614478471850993
vn -0.49705019833028585 -0.7395704177427771 -0.4538465572631325
vn -0.14131846196305867 -0.2358964379797485 -0.9614478471850993
vn -0.12507244899507008 -0.5907308888996944 -0.7971159886755205
vn -0.14635092142706713 0.11035368375211027 -0.9830582242572347
vn 0 -0.23853754866111362 -0.9711332750342493
vn -0.14131846196305867 -0.2358964379797485 -0.9614478471850993
vn 0 -0.23853754866111362 -0.9711332750342493
vn -0.12507244899507008 -0.5907308888996944 -0.7971159886755205
vn -0.14131846196305867 -0.2358964379797485 -0.9614478471850993
vn -0.14635092142706713 0.11035368375211027 -0.9830582242572347
vn 0 0.09117530198126746 -0.9958348579501646
vn 0 -0.23853754866111362 -0.9711332750342493
vn -0.12507244899507008 -0.5907308888996944 -0.7971159886755205
vn 0 -0.23853754866111362 -0.9711332750342493
vn 0 -0.5498604404497667 -0.8352565450377438
vn 0.14635092142706713 0.11035368375211027 -0.9830582242572347
vn 0 -0.23853754866111362 -0.9711332750342493
vn 0 0.09117530198126746 -0.9958348579501646
vn 0 -0.23853754866111362 -0.9711332750342493
vn 0.12507244899507008 -0.5907308888996944 -0.7971159886755205
vn 0 -0.5498604404497667 -0.8352565450377438
vn 0 -0.23853754866111362 -0.9711332750342493
vn 0.14635092142706713 0.11035368375211027 -0.9830582242572347
vn 0.14131846196305867 -0.2358964379797485 -0.9614478471850993
vn 0 -0.23853754866111362 -0.9711332750342493
vn 0.14131846196305867 -0.2358964379797485 -0.9614478471850993
vn 0.12507244899507008 -0.5907308888996944 -0.7971159886755205
vn 0.6520487188311205 0.19423810936197228 -0.7328738125640598
vn 0.14131846196305867 -0.2358964379797485 -0.9614478471850993
vn 0.14635092142706713 0.11035368375211027 -0.9830582242572347
vn 0.49705019833028585 -0.7395704177427771 -0.4538465572631325
vn 0.12507244899507008 -0.5907308888996944 -0.7971159886755205
vn 0.14131846196305867 -0.2358964379797485 -0.9614478471850993
vn 0.14131846196305867 -0.2358964379797485 -0.9614478471850993
vn 0.6520487188311205 0.19423810936197228 -0.7328738125640598
vn 0.5906158046594178 -0.33532814974233205 -0.7339809284149641
vn 0.14131846196305867 -0.2358964379797485 -0.9614478471850993
vn 0.5906158046594178 -0.33532814974233205 -0.7339809284149641
vn 0.49705019833028585 -0.7395704177427771 -0.4538465572631325
vn 0.6520487188311205 0.19423810936197228 -0.7328738125640598
vn 0.931623034416096 -0.3634260884214917 0
vn 0.5906158046594178 -0.33532814974233205 -0.7339809284149641
vn 0.931623034416096 -0.3634260884214917 0
vn 0.49705019833028585 -0.7395704177427771 -0.4538465572631325
vn 0.5906158046594178 -0.33532814974233205 -0.7339809284149641
vn 0.931623034416096 -0.3634260884214917 0
vn 0.6520487188311205 0.19423810936197228 -0.7328738125640598
vn 0.9737820429078904 0.22748303873066103 0
vn 0.49705019833028585 -0.7395704177427771 -0.4538465572631325
vn 0.931623034416096 -0.3634260884214917 0
vn 0.685610452550853 -0.7279686170110733 0
vn 0.6520487188311205 0.19423810936197228 0.7328738125640598
vn 0.931623034416096 -0.3634260884214917 0
vn 0.9737820429078904 0.22748303873066103 0
vn 0.931623034416096 -0.3634260884214917 0
vn 0.49705019833028585 -0.7395704177427771 0.4538465572631325
vn 0.685610452550853 -0.7279686170110733 0
vn 0.931623034416096 -0.3634260884214917 0
vn 0.6520487188311205 0.19423810936197228 0.7328738125640598
vn 0.5906158046594178 -0.33532814974233205 0.7339809284149641
vn 0.931623034416096 -0.3634260884214917 0
vn 0.5906158046594178 -0.33532814974233205 0.7339809284149641
vn 0.49705019833028585 -0.7395704177427771 0.4538465572631325
vn 0.14131846196305867 -0.2358964379797485 0.9614478471850993
vn 0.5906158046594178 -0.33532814974233205 0.7339809284149641
vn 0.6520487188311205 0.19423810936197228 0.7328738125640598
vn 0.14131846196305867 -0.2358964379797485 0.9614478471850993
vn 0.49705019833028585 -0.7395704177427771 0.4538465572631325
vn 0.5906158046594178 -0.33532814974233205 0.7339809284149641
vn 0.14131846196305867 -0.2358964379797485 0.9614478471850993
vn 0.6520487188311205 0.19423810936197228 0.7328738125640598
vn 0.14635092142706713 0.11035368375211027 0.9830582242572347
vn 0.49705019833028585 -0.7395704177427771 0.4538465572631325
vn 0.14131846196305867 -0.2358964379797485 0.9614478471850993
vn 0.12507244899507008 -0.5907308888996944 0.7971159886755205
vn 0 -0.23853754866111362 0.9711332750342493
vn 0.14131846196305867 -0.2358964379797485 0.9614478471850993
vn 0.14635092142706713 0.11035368375211027 0.9830582242572347
vn 0 -0.23853754866111362 0.9711332750342493
vn 0.12507244899507008 -0.5907308888996944 0.7971159886755205
vn 0.14131846196305867 -0.2358964379797485 0.9614478471850993
vn 0 -0.23853754866111362 0.9711332750342493
vn 0.14635092142706713 0.11035368375211027 0.9830582242572347
vn 0 0.09117530198126746 0.9958348579501646
vn 0.12507244899507008 -0.5907308888996944 0.7971159886755205
vn 0 -0.23853754866111362 0.9711332750342493
vn 0 -0.5498604404497667 0.8352565450377438
vn -0.14635092142706713 0.11035368375211027 0.9830582242572347
vn 0 -0.23853754866111362 0.9711332750342493
vn 0 0.09117530198126746 0.9958348579501646
vn -0.12507244899507008 -0.5907308888996944 0.7971159886755205
vn 0 -0.5498604404497667 0.8352565450377438
vn 0 -0.23853754866111362 0.9711332750342493
vn 0 -0.23853754866111362 0.9711332750342493
vn -0.14635092142706713 0.11035368375211027 0.9830582242572347
vn -0.14131846196305867 -0.2358964379797485 0.9614478471850993
vn -0.12507244899507008 -0.5907308888996944 0.7971159886755205
vn 0 -0.23853754866111362 0.9711332750342493
vn -0.14131846196305867 -0.2358964379797485 0.9614478471850993
f 1651/1651/1651 1652/1652/1652 1653/1653/1653
f 1654/1654/1654 1655/1655/1655 1656/1656/1656
f 1657/1657/1657 1658/1658/1658 1659/1659/1659
f 1660/1660/1660 1661/1661/1661 1662/1662/1662
f 1663/1663/1663 1664/1664/1664 1665/1665/1665
f 1666/1666/1666 1667/1667/1667 1668/1668/1668
f 1669/1669/1669 1670/1670/1670 1671/1671/1671
f 1672/1672/1672 1673/1673/1673 1674/1674/1674
f 1675/1675/1675 1676/1676/1676 1677/1677/1677
f 1678/1678/1678 1679/1679/1679 1680/1680/1680
f 1681/1681/1681 1682/1682/1682 1683/1683/1683
f 1684/1684/1684 1685/1685/1685 1686/1686/1686
f 1687/1687/1687 1688/1688/1688 1689/1689/1689
f 1690/1690/1690 1691/1691/1691 1692/1692/1692
f 1693/1693/1693 1694/1694/1694 1695/1695/1695
f 1696/1696/1696 1697/1697/1697 1698/1698/1698
f 1699/1699/1699 1700/1700/1700 1701/1701/1701
f 1702/1702/1702 1703/1703/1703 1704/1704/1704
f 1705/1705/1705 1706/1706/1706 1707/1707/1707
f 1708/1708/1708 1709/1709/1709 1710/1710/1710
f 1711/1711/1711 1712/1712/1712 1713/1713/1713
f 1714/1714/1714 1715/1715/1715 1716/1716/1716
f 1717/1717/1717 1718/1718/1718 1719/1719/1719
f 1720/1720/1720 1721/1721/1721 1722/1722/1722
f 1723/1723/1723 1724/1724/1724 1725/1725/1725
f 1726/1726/1726 1727/1727/1727 1728/1728/1728
f 1729/1729/1729 1730/1730/1730 1731/1731/1731
f 1732/1732/1732 1733/1733/1733 1734/1734/1734
f 1735/1735/1735 1736/1736/1736 1737/1737/1737
f 1738/1738/1738 1739/1739/1739 1740/1740/1740
f 1741/1741/1741 1742/1742/1742 1743/1743/1743
f 1744/1744/1744 1745/1745/1745 1746/1746/1746
f 1747/1747/1747 1748/1748/1748 1749/1749/1749
f 1750/1750/1750 1751/1751/1751 1752/1752/1752
f 1753/1753/1753 1754/1754/1754 1755/1755/1755
f 1756/1756/1756 1757/1757/1757 1758/1758/1758
f 1759/1759/1759 1760/1760/1760 1761/1761/1761
f 1762/1762/1762 1763/1763/1763 1764/1764/1764
f 1765/1765/1765 1766/1766/1766 1767/1767/1767
f 1768/1768/1768 1769/1769/1769 1770/1770/1770
f 1771/1771/1771 1772/1772/1772 1773/1773/1773
f 1774/1774/1774 1775/1775/1775 1776/1776/1776
f 1777/1777/1777 1778/1778/1778 1779/1779/1779
f 1780/1780/1780 1781/1781/1781 1782/1782/1782
f 1783/1783/1783 1784/1784/1784 1785/1785/1785
f 1786/1786/1786 1787/1787/1787 1788/1788/1788
f 1789/1789/1789 1790/1790/1790 1791/1791/1791
f 1792/1792/1792 1793/1793/1793 1794/1794/1794
f 1795/1795/1795 1796/1796/1796 1797/1797/1797
f 1798/1798/1798 1799/1799/1799 1800/1800/1800
f 1801/1801/1801 1802/1802/1802 1803/1803/1803
f 1804/1804/1804 1805/1805/1805 1806/1806/1806
f 1807/1807/1807 1808/1808/1808 1809/1809/1809
f 1810/1810/1810 1811/1811/1811 1812/1812/1812
f 1813/1813/1813 1814/1814/1814 1815/1815/1815
f 1816/1816/1816 1817/1817/1817 1818/1818/1818
f 1819/1819/1819 1820/1820/1820 1821/1821/1821
f 1822/1822/1822 1823/1823/1823 1824/1824/1824
f 1825/1825/1825 1826/1826/1826 1827/1827/1827
f 1828/1828/1828 1829/1829/1829 1830/1830/1830
f 1831/1831/1831 1832/1832/1832 1833/1833/1833
f 1834/1834/1834 1835/1835/1835 1836/1836/1836
f 1837/1837/1837 1838/1838/1838 1839/1839/1839
f 1840/1840/1840 1841/1841/1841 1842/1842/1842
f 1843/1843/1843 1844/1844/1844 1845/1845/1845
f 1846/1846/1846 1847/1847/1847 1848/1848/1848
f 1849/1849/1849 1850/1850/1850 1851/1851/1851
f 1852/1852/1852 1853/1853/1853 1854/1854/1854
f 1855/1855/1855 1856/1856/1856 1857/1857/1857
f 1858/1858/1858 1859/1859/1859 1860/1860/1860
f 1861/1861/1861 1862/1862/1862 1863/1863/1863
f 1864/1864/1864 1865/1865/1865 1866/1866/1866
f 1867/1867/1867 1868/1868/1868 1869/1869/1869
f 1870/1870/1870 1871/1871/1871 1872/1872/1872
f 1873/1873/1873 1874/1874/1874 1875/1875/1875
f 1876/1876/1876 1877/1877/1877 1878/1878/1878
f 1879/1879/1879 1880/1880/1880 1881/1881/1881
f 1882/1882/1882 1883/1883/1883 1884/1884/1884
f 1885/1885/1885 1886/1886/1886 1887/1887/1887
f 1888/1888/1888 1889/1889/1889 1890/1890/1890
f 1891/1891/1891 1892/1892/1892 1893/1893/1893
f 1894/1894/1894 1895/1895/1895 1896/1896/1896
f 1897/1897/1897 1898/1898/1898 1899/1899/1899
f 1900/1900/1900 1901/1901/1901 1902/1902/1902
f 1903/1903/1903 1904/1904/1904 1905/1905/1905
f 1906/1906/1906 1907/1907/1907 1908/1908/1908
f 1909/1909/1909 1910/1910/1910 1911/1911/1911
f 1912/1912/1912 1913/1913/1913 1914/1914/1914
f 1915/1915/1915 1916/1916/1916 1917/1917/1917
f 1918/1918/1918 1919/1919/1919 1920/1920/1920
f 1921/1921/1921 1922/1922/1922 1923/1923/1923
f 1924/1924/1924 1925/1925/1925 1926/1926/1926
f 1927/1927/1927 1928/1928/1928 1929/1929/1929
f 1930/1930/1930 1931/1931/1931 1932/1932/1932
f 1933/1933/1933 1934/1934/1934 1935/1935/1935
f 1936/1936/1936 1937/1937/1937 1938/1938/1938
f 1939/1939/1939 1940/1940/1940 1941/1941/1941
f 1942/1942/1942 1943/1943/1943 1944/1944/1944
f 1945/1945/1945 1946/1946/1946 1947/1947/1947
f 1948/1948/1948 1949/1949/1949 1950/1950/1950
f 1951/1951/1951 1952/1952/1952 1953/1953/1953
f 1954/1954/1954 1955/1955/1955 1956/1956/1956
f 1957/1957/1957 1958/1958/1958 1959/1959/1959
f 1960/1960/1960 1961/1961/1961 1962/1962/1962
f 1963/1963/1963 1964/1964/1964 1965/1965/1965
f 1966/1966/1966 1967/1967/1967 1968/1968/1968
f 1969/1969/1969 1970/1970/1970 1971/1971/1971
f 1972/1972/1972 1973/1973/1973 1974/1974/1974
f 1975/1975/1975 1976/1976/1976 1977/1977/1977
f 1978/1978/1978 1979/1979/1979 1980/1980/1980
f 1981/1981/1981 1982/1982/1982 1983/1983/1983
f 1984/1984/1984 1985/1985/1985 1986/1986/1986
f 1987/1987/1987 1988/1988/1988 1989/1989/1989
f 1990/1990/1990 1991/1991/1991 1992/1992/1992
f 1993/1993/1993 1994/1994/1994 1995/1995/1995
f 1996/1996/1996 1997/1997/1997 1998/1998/1998
f 1999/1999/1999 2000/2000/2000 2001/2001/2001
f 2002/2002/2002 2003/2003/2003 2004/2004/2004
f 2005/2005/2005 2006/2006/2006 2007/2007/2007
f 2008/2008/2008 2009/2009/2009 2010/2010/2010
f 2011/2011/2011 2012/2012/2012 2013/2013/2013
f 2014/2014/2014 2015/2015/2015 2016/2016/2016
f 2017/2017/2017 2018/2018/2018 2019/2019/2019
f 2020/2020/2020 2021/2021/2021 2022/2022/2022
f 2023/2023/2023 2024/2024/2024 2025/2025/2025
f 2026/2026/2026 2027/2027/2027 2028/2028/2028
f 2029/2029/2029 2030/2030/2030 2031/2031/2031
f 2032/2032/2032 2033/2033/2033 2034/2034/2034
f 2035/2035/2035 2036/2036/2036 2037/2037/2037
f 2038/2038/2038 2039/2039/2039 2040/2040/2040
f 2041/2041/2041 2042/2042/2042 2043/2043/2043
f 2044/2044/2044 2045/2045/2045 2046/2046/2046
f 2047/2047/2047 2048/2048/2048 2049/2049/2049
f 2050/2050/2050 2051/2051/2051 2052/2052/2052
f 2053/2053/2053 2054/2054/2054 2055/2055/2055
f 2056/2056/2056 2057/2057/2057 2058/2058/2058
f 2059/2059/2059 2060/2060/2060 2061/2061/2061
f 2062/2062/2062 2063/2063/2063 2064/2064/2064
f 2065/2065/2065 2066/2066/2066 2067/2067/2067
f 2068/2068/2068 2069/2069/2069 2070/2070/2070
f 2071/2071/2071 2072/2072/2072 2073/2073/2073
f 2074/2074/2074 2075/2075/2075 2076/2076/2076
f 2077/2077/2077 2078/2078/2078 2079/2079/2079
f 2080/2080/2080 2081/2081/2081 2082/2082/2082
f 2083/2083/2083 2084/2084/2084 2085/2085/2085
f 2086/2086/2086 2087/2087/2087 2088/2088/2088
f 2089/2089/2089 2090/2090/2090 2091/2091/2091
f 2092/2092/2092 2093/2093/2093 2094/2094/2094
f 2095/2095/2095 2096/2096/2096 2097/2097/2097
f 2098/2098/2098 2099/2099/2099 2100/2100/2100
f 2101/2101/2101 2102/2102/2102 2103/2103/2103
f 2104/2104/2104 2105/2105/2105 2106/2106/2106
f 2107/2107/2107 2108/2108/2108 2109/2109/2109
f 2110/2110/2110 2111/2111/2111 2112/2112/2112
f 2113/2113/2113 2114/2114/2114 2115/2115/2115
f 2116/2116/2116 2117/2117/2117 2118/2118/2118
f 2119/2119/2119 2120/2120/2120 2121/2121/2121
f 2122/2122/2122 2123/2123/2123 2124/2124/2124
f 2125/2125/2125 2126/2126/2126 2127/2127/2127
f 2128/2128/2128 2129/2129/2129 2130/2130/2130
f 2131/2131/2131 2132/2132/2132 2133/2133/2133
f 2134/2134/2134 2135/2135/2135 2136/2136/2136
f 2137/2137/2137 2138/2138/2138 2139/2139/2139
f 2140/2140/2140 2141/2141/2141 2142/2142/2142
f 2143/2143/2143 2144/2144/2144 2145/2145/2145
f 2146/2146/2146 2147/2147/2147 2148/2148/2148
f 2149/2149/2149 2150/2150/2150 2151/2151/2151
f 2152/2152/2152 2153/2153/2153 2154/2154/2154
f 2155/2155/2155 2156/2156/2156 2157/2157/2157
f 2158/2158/2158 2159/2159/2159 2160/2160/2160
f 2161/2161/2161 2162/2162/2162 2163/2163/2163
f 2164/2164/2164 2165/2165/2165 2166/2166/2166
f 2167/2167/2167 2168/2168/2168 2169/2169/2169
f 2170/2170/2170 2171/2171/2171 2172/2172/2172
f 2173/2173/2173 2174/2174/2174 2175/2175/2175
f 2176/2176/2176 2177/2177/2177 2178/2178/2178
f 2179/2179/2179 2180/2180/2180 2181/2181/2181
f 2182/2182/2182 2183/2183/2183 2184/2184/2184
f 2185/2185/2185 2186/2186/2186 2187/2187/2187
f 2188/2188/2188 2189/2189/2189 2190/2190/2190
f 2191/2191/2191 2192/2192/2192 2193/2193/2193
f 2194/2194/2194 2195/2195/2195 2196/2196/2196
f 2197/2197/2197 2198/2198/2198 2199/2199/2199
f 2200/2200/2200 2201/2201/2201 2202/2202/2202
f 2203/2203/2203 2204/2204/2204 2205/2205/2205
f 2206/2206/2206 2207/2207/2207 2208/2208/2208
f 2209/2209/2209 2210/2210/2210 2211/2211/2211
f 2212/2212/2212 2213/2213/2213 2214/2214/2214
f 2215/2215/2215 2216/2216/2216 2217/2217/2217
f 2218/2218/2218 2219/2219/2219 2220/2220/2220
f 2221/2221/2221 2222/2222/2222 2223/2223/2223
f 2224/2224/2224 2225/2225/2225 2226/2226/2226
f 2227/2227/2227 2228/2228/2228 2229/2229/2229
f 2230/2230/2230 2231/2231/2231 2232/2232/2232
f 2233/2233/2233 2234/2234/2234 2235/2235/2235
f 2236/2236/2236 2237/2237/2237 2238/2238/2238
f 2239/2239/2239 2240/2240/2240 2241/2241/2241
f 2242/2242/2242 2243/2243/2243 2244/2244/2244
f 2245/2245/2245 2246/2246/2246 2247/2247/2247
f 2248/2248/2248 2249/2249/2249 2250/2250/2250
f 2251/2251/2251 2252/2252/2252 2253/2253/2253
f 2254/2254/2254 2255/2255/2255 2256/2256/2256
f 2257/2257/2257 2258/2258/2258 2259/2259/2259
f 2260/2260/2260 2261/2261/2261 2262/2262/2262
f 2263/2263/2263 2264/2264/2264 2265/2265/2265
f 2266/2266/2266 2267/2267/2267 2268/2268/2268
f 2269/2269/2269 2270/2270/2270 2271/2271/2271
f 2272/2272/2272 2273/2273/2273 2274/2274/2274
f 2275/2275/2275 2276/2276/2276 2277/2277/2277
f 2278/2278/2278 2279/2279/2279 2280/2280/2280
f 2281/2281/2281 2282/2282/2282 2283/2283/2283
f 2284/2284/2284 2285/2285/2285 2286/2286/2286
f 2287/2287/2287 2288/2288/2288 2289/2289/2289
f 2290/2290/2290 2291/2291/2291 2292/2292/2292
f 2293/2293/2293 2294/2294/2294 2295/2295/2295
f 2296/2296/2296 2297/2297/2297 2298/2298/2298
f 2299/2299/2299 2300/2300/2300 2301/2301/2301
f 2302/2302/2302 2303/2303/2303 2304/2304/2304
f 2305/2305/2305 2306/2306/2306 2307/2307/2307
f 2308/2308/2308 2309/2309/2309 2310/2310/2310
f 2311/2311/2311 2312/2312/2312 2313/2313/2313
f 2314/2314/2314 2315/2315/2315 2316/2316/2316
f 2317/2317/2317 2318/2318/2318 2319/2319/2319
f 2320/2320/2320 2321/2321/2321 2322/2322/2322
f 2323/2323/2323 2324/2324/2324 2325/2325/2325
f 2326/2326/2326 2327/2327/2327 2328/2328/2328
f 2329/2329/2329 2330/2330/2330 2331/2331/2331
f 2332/2332/2332 2333/2333/2333 2334/2334/2334
f 2335/2335/2335 2336/2336/2336 2337/2337/2337
f 2338/2338/2338 2339/2339/2339 2340/2340/2340
f 2341/2341/2341 2342/2342/2342 2343/2343/2343
f 2344/2344/2344 2345/2345/2345 2346/2346/2346
f 2347/2347/2347 2348/2348/2348 2349/2349/2349
f 2350/2350/2350 2351/2351/2351 2352/2352/2352
f 2353/2353/2353 2354/2354/2354 2355/2355/2355
f 2356/2356/2356 2357/2357/2357 2358/2358/2358
f 2359/2359/2359 2360/2360/2360 2361/2361/2361
f 2362/2362/2362 2363/2363/2363 2364/2364/2364
f 2365/2365/2365 2366/2366/2366 2367/2367/2367
f 2368/2368/2368 2369/2369/2369 2370/2370/2370
f 2371/2371/2371 2372/2372/2372 2373/2373/2373
f 2374/2374/2374 2375/2375/2375 2376/2376/2376
f 2377/2377/2377 2378/2378/2378 2379/2379/2379
f 2380/2380/2380 2381/2381/2381 2382/2382/2382
f 2383/2383/2383 2384/2384/2384 2385/2385/2385
f 2386/2386/2386 2387/2387/2387 2388/2388/2388
f 2389/2389/2389 2390/2390/2390 2391/2391/2391
f 2392/2392/2392 2393/2393/2393 2394/2394/2394
f 2395/2395/2395 2396/2396/2396 2397/2397/2397
f 2398/2398/2398 2399/2399/2399 2400/2400/2400
f 2401/2401/2401 2402/2402/2402 2403/2403/2403
f 2404/2404/2404 2405/2405/2405 2406/2406/2406
f 2407/2407/2407 2408/2408/2408 2409/2409/2409
f 2410/2410/2410 2411/2411/2411 2412/2412/2412
f 2413/2413/2413 2414/2414/2414 2415/2415/2415
f 2416/2416/2416 2417/2417/2417 2418/2418/2418
f 2419/2419/2419 2420/2420/2420 2421/2421/2421
f 2422/2422/2422 2423/2423/2423 2424/2424/2424
f 2425/2425/2425 2426/2426/2426 2427/2427/2427
f 2428/2428/2428 2429/2429/2429 2430/2430/2430
f 2431/2431/2431 2432/2432/2432 2433/2433/2433
f 2434/2434/2434 2435/2435/2435 2436/2436/2436
f 2437/2437/2437 2438/2438/2438 2439/2439/2439
f 2440/2440/2440 2441/2441/2441 2442/2442/2442
f 2443/2443/2443 2444/2444/2444 2445/2445/2445
f 2446/2446/2446 2447/2447/2447 2448/2448/2448
f 2449/2449/2449 2450/2450/2450 2451/2451/2451
f 2452/2452/2452 2453/2453/2453 2454/2454/2454
f 2455/2455/2455 2456/2456/2456 2457/2457/2457
f 2458/2458/2458 2459/2459/2459 2460/2460/2460
f 2461/2461/2461 2462/2462/2462 2463/2463/2463
f 2464/2464/2464 2465/2465/2465 2466/2466/2466
f 2467/2467/2467 2468/2468/2468 2469/2469/2469
f 2470/2470/2470 2471/2471/2471 2472/2472/2472
f 2473/2473/2473 2474/2474/2474 2475/2475/2475
f 2476/2476/2476 2477/2477/2477 2478/2478/2478
f 2479/2479/2479 2480/2480/2480 2481/2481/2481
f 2482/2482/2482 2483/2483/2483 2484/2484/2484
f 2485/2485/2485 2486/2486/2486 2487/2487/2487
f 2488/2488/2488 2489/2489/2489 2490/2490/2490
f 2491/2491/2491 2492/2492/2492 2493/2493/2493
f 2494/2494/2494 2495/2495/2495 2496/2496/2496
f 2497/2497/2497 2498/2498/2498 2499/2499/2499
f 2500/2500/2500 2501/2501/2501 2502/2502/2502
f 2503/2503/2503 2504/2504/2504 2505/2505/2505
f 2506/2506/2506 2507/2507/2507 2508/2508/2508
f 2509/2509/2509 2510/2510/2510 2511/2511/2511
f 2512/2512/2512 2513/2513/2513 2514/2514/2514
f 2515/2515/2515 2516/2516/2516 2517/2517/2517
f 2518/2518/2518 2519/2519/2519 2520/2520/2520
f 2521/2521/2521 2522/2522/2522 2523/2523/2523
f 2524/2524/2524 2525/2525/2525 2526/2526/2526
f 2527/2527/2527 2528/2528/2528 2529/2529/2529
f 2530/2530/2530 2531/2531/2531 2532/2532/2532
f 2533/2533/2533 2534/2534/2534 2535/2535/2535
f 2536/2536/2536 2537/2537/2537 2538/2538/2538
f 2539/2539/2539 2540/2540/2540 2541/2541/2541
f 2542/2542/2542 2543/2543/2543 2544/2544/2544
f 2545/2545/2545 2546/2546/2546 2547/2547/2547
f 2548/2548/2548 2549/2549/2549 2550/2550/2550
f 2551/2551/2551 2552/2552/2552 2553/2553/2553
f 2554/2554/2554 2555/2555/2555 2556/2556/2556
f 2557/2557/2557 2558/2558/2558 2559/2559/2559
f 2560/2560/2560 2561/2561/2561 2562/2562/2562
f 2563/2563/2563 2564/2564/2564 2565/2565/2565
f 2566/2566/2566 2567/2567/2567 2568/2568/2568
f 2569/2569/2569 2570/2570/2570 2571/2571/2571
f 2572/2572/2572 2573/2573/2573 2574/2574/2574
f 2575/2575/2575 2576/2576/2576 2577/2577/2577
f 2578/2578/2578 2579/2579/2579 2580/2580/2580
