# This file is brought to you by Roblox Corporation
# Generated by Roblox Studio

mtllib boneclaw volver.mtl

g Meshpart1

v -0.4581 0.43132 -0.0462064 
v -0.4581 0.43132 0.20441 
v -0.4581 0.519927 -0.00950442 
v -0.4581 0.342714 -0.00950442 
v -0.4581 0.519927 0.167708 
v -0.4581 0.556629 0.0791016 
v -0.4581 0.342714 0.167708 
v -0.4581 0.306012 0.0791016 
v -0.349641 0.192739 0.151423 
v -0.349641 0.192739 0.00678058 
v -0.345002 0.15245 0.00678058 
v -0.345002 0.15245 0.151423 
v -0.291201 0.112162 0.00678057 
v -0.291201 0.112162 0.151423 
v -0.283011 0.0529274 0.00678057 
v -0.283011 0.0529274 0.151423 
v -0.285204 -0.0118286 0.00678057 
v -0.285204 -0.0118286 0.151423 
v -0.29665 -0.0613286 0.00678057 
v -0.29665 -0.0613286 0.151423 
v -0.265301 -0.110829 0.00678057 
v -0.265301 -0.110829 0.151423 
v -0.164547 0.323775 0.151423 
v -0.164547 0.323775 0.00678057 
v -0.201881 0.360739 0.151423 
v -0.201881 0.360739 0.00678057 
v -0.166672 0.256811 0.00678057 
v -0.166672 0.256811 0.151423 
v -0.101522 0.222898 0.151423 
v -0.101522 0.222898 0.00678056 
v -0.0632285 0.161662 0.151423 
v -0.0632285 0.161662 0.00678056 
v -0.0106505 0.113171 0.151423 
v -0.0106505 0.113171 0.00678056 
v -0.42432 0.242239 0.151423 
v -0.201881 0.360739 0.151423 
v -0.201881 0.360739 0.00678057 
v -0.42432 0.242239 0.00678058 
v -0.388099 0.519397 -0.00897542 
v -0.4581 0.519927 -0.00950442 
v -0.4581 0.556629 0.0791016 
v -0.388099 0.55588 0.0791016 
v -0.388099 0.519397 0.167179 
v -0.4581 0.519927 0.167708 
v -0.265301 -0.110829 0.151423 
v -0.0420005 -0.110829 0.00678056 
v -0.4581 0.306012 0.0791016 
v -0.164547 0.323775 0.151423 
v -0.291201 0.112162 0.00678057 
v -0.164547 0.323775 0.00678057 
v -0.393574 0.212137 0.00678058 
v -0.201881 0.360739 0.00678057 
v -0.42432 0.242239 0.00678058 
v -0.349641 0.192739 0.00678058 
v -0.166672 0.256811 0.00678057 
v -0.345002 0.15245 0.00678058 
v -0.101522 0.222898 0.00678056 
v -0.291201 0.112162 0.00678057 
v -0.0632285 0.161662 0.00678056 
v -0.283011 0.0529274 0.00678057 
v -0.0106505 0.113171 0.00678056 
v -0.0326505 0.0306714 0.00678056 
v -0.285204 -0.0118286 0.00678057 
v -0.0106505 -0.0613286 0.00678056 
v -0.29665 -0.0613286 0.00678057 
v -0.0420005 -0.110829 0.00678056 
v -0.265301 -0.110829 0.00678057 
v -0.388099 0.343244 -0.00897542 
v -0.388099 0.306761 0.0791016 
v -0.388099 0.343244 -0.00897542 
v -0.4581 0.43132 -0.0462064 
v -0.388099 0.43132 -0.0454574 
v -0.388099 0.519397 -0.00897542 
v -0.4581 0.342714 -0.00950442 
v -0.4581 0.519927 -0.00950442 
v -0.4581 0.43132 -0.0462064 
v -0.4581 0.556629 0.0791016 
v -0.4581 0.306012 0.0791016 
v -0.164547 0.323775 0.151423 
v -0.164547 0.323775 0.00678057 
v -0.201881 0.360739 0.151423 
v -0.201881 0.360739 0.00678057 
v -0.166672 0.256811 0.00678057 
v -0.166672 0.256811 0.151423 
v -0.101522 0.222898 0.151423 
v -0.101522 0.222898 0.00678056 
v -0.0632285 0.161662 0.151423 
v -0.0632285 0.161662 0.00678056 
v -0.0106505 0.113171 0.151423 
v -0.0106505 0.113171 0.00678056 
v -0.0326505 0.0306714 0.151423 
v -0.0326505 0.0306714 0.00678056 
v -0.0106505 -0.0613286 0.151423 
v -0.0106505 -0.0613286 0.00678056 
v -0.0420005 -0.110829 0.151423 
v -0.0420005 -0.110829 0.00678056 
v -0.388099 0.343244 0.167179 
v -0.388099 0.343244 -0.00897542 
v -0.388099 0.43132 0.203661 
v -0.388099 0.306761 0.0791016 
v -0.388099 0.43132 -0.0454574 
v -0.388099 0.519397 -0.00897542 
v -0.388099 0.519397 0.167179 
v -0.388099 0.55588 0.0791016 
v -0.0420005 -0.110829 0.151423 
v -0.265301 -0.110829 0.151423 
v -0.265301 -0.110829 0.00678057 
v -0.0420005 -0.110829 0.00678056 
v -0.42432 0.242239 0.00678058 
v -0.393574 0.212137 0.151423 
v -0.42432 0.242239 0.151423 
v -0.393574 0.212137 0.00678058 
v -0.349641 0.192739 0.151423 
v -0.349641 0.192739 0.00678058 
v -0.345002 0.15245 0.00678058 
v -0.345002 0.15245 0.151423 
v -0.291201 0.112162 0.00678057 
v -0.291201 0.112162 0.151423 
v -0.388099 0.343244 -0.00897542 
v -0.4581 0.43132 -0.0462064 
v -0.4581 0.342714 -0.00950442 
v -0.4581 0.306012 0.0791016 
v -0.388099 0.306761 0.0791016 
v -0.388099 0.343244 0.167179 
v -0.4581 0.342714 0.167708 
v -0.265301 -0.110829 0.151423 
v -0.0420005 -0.110829 0.00678056 
v -0.4581 0.306012 0.0791016 
v -0.164547 0.323775 0.151423 
v -0.291201 0.112162 0.00678057 
v -0.393574 0.212137 0.151423 
v -0.201881 0.360739 0.151423 
v -0.42432 0.242239 0.151423 
v -0.164547 0.323775 0.151423 
v -0.349641 0.192739 0.151423 
v -0.166672 0.256811 0.151423 
v -0.345002 0.15245 0.151423 
v -0.101522 0.222898 0.151423 
v -0.291201 0.112162 0.151423 
v -0.0632285 0.161662 0.151423 
v -0.283011 0.0529274 0.151423 
v -0.0106505 0.113171 0.151423 
v -0.0326505 0.0306714 0.151423 
v -0.285204 -0.0118286 0.151423 
v -0.0106505 -0.0613286 0.151423 
v -0.29665 -0.0613286 0.151423 
v -0.265301 -0.110829 0.151423 
v -0.0420005 -0.110829 0.151423 
v -0.388099 0.343244 -0.00897542 
v -0.388099 0.306761 0.0791016 
v -0.4581 0.556629 0.0791016 
v -0.388099 0.55588 0.0791016 
v -0.388099 0.343244 0.167179 
v -0.388099 0.519397 0.167179 
v -0.4581 0.342714 0.167708 
v -0.4581 0.519927 0.167708 
v -0.4581 0.43132 0.20441 
v -0.388099 0.43132 0.203661 

vn -1 0 0 
vn -1 0 0 
vn -1 0 0 
vn -1 0 0 
vn -1 0 0 
vn -1 0 0 
vn -1 0 0 
vn -1 0 0 
vn -0.80315 -0.590551 0 
vn -0.80315 -0.590551 0 
vn -0.866142 -0.496063 0 
vn -0.866142 -0.496063 0 
vn -0.858268 -0.511811 0 
vn -0.858268 -0.511811 0 
vn -1 -0.0551181 0 
vn -1 -0.0551181 0 
vn -0.992126 0.133858 0 
vn -0.992126 0.133858 0 
vn -0.984252 -0.165354 0 
vn -0.984252 -0.165354 0 
vn -0.84252 -0.535433 0 
vn -0.84252 -0.535433 0 
vn 0.929134 0.370079 0 
vn 0.929134 0.370079 0 
vn 0.700787 0.708661 0 
vn 0.700787 0.708661 0 
vn 0.866142 0.503937 0 
vn 0.866142 0.503937 0 
vn 0.677165 0.732283 0 
vn 0.677165 0.732283 0 
vn 0.771654 0.637795 0 
vn 0.771654 0.637795 0 
vn 0.96063 0.275591 0 
vn 0.96063 0.275591 0 
vn -0.472441 0.88189 0 
vn -0.472441 0.88189 0 
vn -0.472441 0.88189 0 
vn -0.472441 0.88189 0 
vn 0.00787402 0.708661 -0.708661 
vn 0.00787402 0.708661 -0.708661 
vn 0.00787402 1 0 
vn 0.00787402 1 0 
vn 0.00787402 0.708661 0.708661 
vn 0.00787402 0.708661 0.708661 
vn 0 -1 0 
vn 0 -1 0 
vn -1 0 0 
vn 0.929134 0.370079 0 
vn -0.858268 -0.511811 0 
vn 0 0 -1 
vn 0 0 -1 
vn 0 0 -1 
vn 0 0 -1 
vn 0 0 -1 
vn 0 0 -1 
vn 0 0 -1 
vn 0 0 -1 
vn 0 0 -1 
vn 0 0 -1 
vn 0 0 -1 
vn 0 0 -1 
vn 0 0 -1 
vn 0 0 -1 
vn 0 0 -1 
vn 0 0 -1 
vn 0 0 -1 
vn 0 0 -1 
vn 1 0 0 
vn 1 0 0 
vn 0.00787402 -0.708661 -0.708661 
vn 0.00787402 0 -1 
vn 0.00787402 0 -1 
vn 0.00787402 0.708661 -0.708661 
vn 0.00787402 -0.708661 -0.708661 
vn 0.00787402 0.708661 -0.708661 
vn -1 0 0 
vn -1 0 0 
vn -1 0 0 
vn 0.929134 0.370079 0 
vn 0.929134 0.370079 0 
vn 0.700787 0.708661 0 
vn 0.700787 0.708661 0 
vn 0.866142 0.503937 0 
vn 0.866142 0.503937 0 
vn 0.677165 0.732283 0 
vn 0.677165 0.732283 0 
vn 0.771654 0.637795 0 
vn 0.771654 0.637795 0 
vn 0.96063 0.275591 0 
vn 0.96063 0.275591 0 
vn 1 -0.015748 0 
vn 1 -0.015748 0 
vn 0.984252 -0.165354 0 
vn 0.984252 -0.165354 0 
vn 0.84252 -0.535433 0 
vn 0.84252 -0.535433 0 
vn 1 0 0 
vn 1 0 0 
vn 1 0 0 
vn 1 0 0 
vn 1 0 0 
vn 1 0 0 
vn 1 0 0 
vn 1 0 0 
vn 0 -1 0 
vn 0 -1 0 
vn 0 -1 0 
vn 0 -1 0 
vn -0.700787 -0.716535 0 
vn -0.559055 -0.826772 0 
vn -0.700787 -0.716535 0 
vn -0.559055 -0.826772 0 
vn -0.80315 -0.590551 0 
vn -0.80315 -0.590551 0 
vn -0.866142 -0.496063 0 
vn -0.866142 -0.496063 0 
vn -0.858268 -0.511811 0 
vn -0.858268 -0.511811 0 
vn 0.00787402 -0.708661 -0.708661 
vn 0.00787402 0 -1 
vn 0.00787402 -0.708661 -0.708661 
vn 0.00787402 -1 0 
vn 0.00787402 -1 0 
vn 0.00787402 -0.708661 0.708661 
vn 0.00787402 -0.708661 0.708661 
vn 0 -1 0 
vn 0 -1 0 
vn -1 0 0 
vn 0.929134 0.370079 0 
vn -0.858268 -0.511811 0 
vn 0 0 1 
vn 0 0 1 
vn 0 0 1 
vn 0 0 1 
vn 0 0 1 
vn 0 0 1 
vn 0 0 1 
vn 0 0 1 
vn 0 0 1 
vn 0 0 1 
vn 0 0 1 
vn 0 0 1 
vn 0 0 1 
vn 0 0 1 
vn 0 0 1 
vn 0 0 1 
vn 0 0 1 
vn 0 0 1 
vn 1 0 0 
vn 1 0 0 
vn 0.00787402 1 0 
vn 0.00787402 1 0 
vn 0.00787402 -0.708661 0.708661 
vn 0.00787402 0.708661 0.708661 
vn 0.00787402 -0.708661 0.708661 
vn 0.00787402 0.708661 0.708661 
vn 0.00787402 0 1 
vn 0.00787402 0 1 

vt 51.8747 -44.7916 
vt 52.1253 -44.7916 
vt 51.9114 -44.703 
vt 51.9114 -44.8802 
vt 52.0886 -44.703 
vt 52 -44.6663 
vt 52.0886 -44.8802 
vt 52 -44.9169 
vt 52.0723 -45.0302 
vt 51.9277 -45.0302 
vt 51.9277 -45.0704 
vt 52.0723 -45.0704 
vt 51.9277 -45.1107 
vt 52.0723 -45.1107 
vt 51.9277 -45.17 
vt 52.0723 -45.17 
vt 51.9277 -45.2347 
vt 52.0723 -45.2347 
vt 51.9277 -45.2842 
vt 52.0723 -45.2842 
vt 51.9277 -45.3337 
vt 52.0723 -45.3337 
vt 52.0698 -45.0723 
vt 52.0698 -44.9277 
vt 52.0325 -45.0723 
vt 52.0325 -44.9277 
vt 52.0677 -44.9277 
vt 52.0677 -45.0723 
vt 52.1329 -45.0723 
vt 52.1329 -44.9277 
vt 52.1711 -45.0723 
vt 52.1711 -44.9277 
vt 52.2237 -45.0723 
vt 52.2237 -44.9277 
vt 51.8101 -45.0723 
vt 52.0325 -45.0723 
vt 52.0325 -44.9277 
vt 51.8101 -44.9277 
vt 51.8463 -44.9119 
vt 51.7763 -44.9114 
vt 51.7763 -45 
vt 51.8463 -45 
vt 51.8463 -45.0881 
vt 51.7763 -45.0886 
vt 52.0309 -45.3337 
vt 51.8076 -45.3337 
vt 52.2237 -44.9169 
vt 51.9302 -44.8991 
vt 52.0568 -45.1107 
vt 51.9302 -44.8991 
vt 52.1592 -45.0108 
vt 51.9675 -44.8622 
vt 52.1899 -44.9807 
vt 52.1153 -45.0302 
vt 51.9323 -44.9661 
vt 52.1106 -45.0704 
vt 51.8671 -45 
vt 52.0568 -45.1107 
vt 51.8289 -45.0612 
vt 52.0486 -45.17 
vt 51.7763 -45.1097 
vt 51.7983 -45.1922 
vt 52.0508 -45.2347 
vt 51.7763 -45.2842 
vt 52.0623 -45.2842 
vt 51.8076 -45.3337 
vt 52.0309 -45.3337 
vt 52.1537 -44.8797 
vt 52.1537 -44.9161 
vt 52.1537 -44.8797 
vt 52.2237 -44.7916 
vt 52.1537 -44.7916 
vt 52.1537 -44.7035 
vt 52.2237 -44.8802 
vt 52.2237 -44.703 
vt 52.1253 -44.7916 
vt 52 -44.6663 
vt 52 -44.9169 
vt 51.9277 -44.8991 
vt 52.0723 -44.8991 
vt 51.9277 -44.8622 
vt 52.0723 -44.8622 
vt 52.0723 -44.9661 
vt 51.9277 -44.9661 
vt 51.9277 -45 
vt 52.0723 -45 
vt 51.9277 -45.0612 
vt 52.0723 -45.0612 
vt 51.9277 -45.1097 
vt 52.0723 -45.1097 
vt 51.9277 -45.1922 
vt 52.0723 -45.1922 
vt 51.9277 -45.2842 
vt 52.0723 -45.2842 
vt 51.9277 -45.3337 
vt 52.0723 -45.3337 
vt 51.9119 -44.8797 
vt 52.0881 -44.8797 
vt 51.8754 -44.7916 
vt 52 -44.9161 
vt 52.1246 -44.7916 
vt 52.0881 -44.7035 
vt 51.9119 -44.7035 
vt 52 -44.667 
vt 51.8076 -45.0723 
vt 52.0309 -45.0723 
vt 52.0309 -44.9277 
vt 51.8076 -44.9277 
vt 52.1899 -44.9277 
vt 52.1592 -45.0723 
vt 52.1899 -45.0723 
vt 52.1592 -44.9277 
vt 52.1153 -45.0723 
vt 52.1153 -44.9277 
vt 52.1106 -44.9277 
vt 52.1106 -45.0723 
vt 52.0568 -44.9277 
vt 52.0568 -45.0723 
vt 52.1537 -44.9119 
vt 52.2237 -44.8747 
vt 52.2237 -44.9114 
vt 52.2237 -45 
vt 52.1537 -45 
vt 52.1537 -45.0881 
vt 52.2237 -45.0886 
vt 51.9691 -45.3337 
vt 52.1924 -45.3337 
vt 51.7763 -44.9169 
vt 52.0698 -44.8991 
vt 51.9432 -45.1107 
vt 51.8408 -45.0108 
vt 52.0325 -44.8622 
vt 51.8101 -44.9807 
vt 52.0698 -44.8991 
vt 51.8847 -45.0302 
vt 52.0677 -44.9661 
vt 51.8894 -45.0704 
vt 52.1329 -45 
vt 51.9432 -45.1107 
vt 52.1711 -45.0612 
vt 51.9514 -45.17 
vt 52.2237 -45.1097 
vt 52.2017 -45.1922 
vt 51.9492 -45.2347 
vt 52.2237 -45.2842 
vt 51.9377 -45.2842 
vt 51.9691 -45.3337 
vt 52.1924 -45.3337 
vt 51.8463 -44.8797 
vt 51.8463 -44.9161 
vt 51.7763 -44.6663 
vt 51.8463 -44.667 
vt 51.8463 -44.8797 
vt 51.8463 -44.7035 
vt 51.7763 -44.8802 
vt 51.7763 -44.703 
vt 51.7763 -44.7916 
vt 51.8463 -44.7916 

usemtl Meshpart1Mtl

f 1/1/1 2/2/2 3/3/3 
f 2/2/2 1/1/1 4/4/4 
f 3/3/3 2/2/2 5/5/5 
f 3/3/3 5/5/5 6/6/6 
f 2/2/2 4/4/4 7/7/7 
f 7/7/7 4/4/4 8/8/8 
f 9/9/9 10/10/10 11/11/11 
f 11/11/11 12/12/12 9/9/9 
f 14/14/14 13/13/13 15/15/15 
f 15/15/15 16/16/16 14/14/14 
f 16/16/16 15/15/15 17/17/17 
f 17/17/17 18/18/18 16/16/16 
f 18/18/18 17/17/17 19/19/19 
f 19/19/19 20/20/20 18/18/18 
f 20/20/20 19/19/19 21/21/21 
f 21/21/21 22/22/22 20/20/20 
f 23/23/23 24/24/24 25/25/25 
f 25/25/25 24/24/24 26/26/26 
f 29/29/29 27/27/27 28/28/28 
f 27/27/27 29/29/29 30/30/30 
f 33/33/33 32/32/32 31/31/31 
f 32/32/32 33/33/33 34/34/34 
f 35/35/35 36/36/36 37/37/37 
f 35/35/35 37/37/37 38/38/38 
f 41/41/41 39/39/39 40/40/40 
f 39/39/39 41/41/41 42/42/42 
f 41/41/41 43/43/43 42/42/42 
f 43/43/43 41/41/41 44/44/44 
f 50/50/50 51/51/51 52/52/52 
f 52/52/52 51/51/51 53/53/53 
f 54/54/54 51/51/51 50/50/50 
f 55/55/55 54/54/54 50/50/50 
f 55/55/55 56/56/56 54/54/54 
f 56/56/56 55/55/55 57/57/57 
f 57/57/57 58/58/58 56/56/56 
f 58/58/58 57/57/57 59/59/59 
f 59/59/59 60/60/60 58/58/58 
f 60/60/60 59/59/59 61/61/61 
f 60/60/60 61/61/61 62/62/62 
f 62/62/62 63/63/63 60/60/60 
f 64/64/64 63/63/63 62/62/62 
f 64/64/64 65/65/65 63/63/63 
f 65/65/65 64/64/64 66/66/66 
f 65/65/65 66/66/66 67/67/67 
f 70/70/70 71/71/71 72/72/72 
f 72/72/72 71/71/71 73/73/73 
f 71/71/71 70/70/70 74/74/74 
f 71/71/71 75/75/75 73/73/73 
f 79/79/79 83/83/83 80/80/80 
f 84/84/84 83/83/83 79/79/79 
f 87/87/87 86/86/86 85/85/85 
f 86/86/86 87/87/87 88/88/88 
f 91/91/91 90/90/90 89/89/89 
f 90/90/90 91/91/91 92/92/92 
f 93/93/93 92/92/92 91/91/91 
f 92/92/92 93/93/93 94/94/94 
f 95/95/95 94/94/94 93/93/93 
f 94/94/94 95/95/95 96/96/96 
f 97/97/97 98/98/98 99/99/99 
f 98/98/98 97/97/97 100/100/100 
f 101/101/101 99/99/99 98/98/98 
f 99/99/99 101/101/101 102/102/102 
f 102/102/102 103/103/103 99/99/99 
f 103/103/103 102/102/102 104/104/104 
f 105/105/105 106/106/106 107/107/107 
f 105/105/105 107/107/107 108/108/108 
f 109/109/109 110/110/110 111/111/111 
f 110/110/110 109/109/109 112/112/112 
f 110/110/110 112/112/112 113/113/113 
f 113/113/113 112/112/112 114/114/114 
f 116/116/116 115/115/115 117/117/117 
f 117/117/117 118/118/118 116/116/116 
f 122/122/122 121/121/121 119/119/119 
f 123/123/123 122/122/122 119/119/119 
f 124/124/124 122/122/122 123/123/123 
f 122/122/122 124/124/124 125/125/125 
f 131/131/131 132/132/132 133/133/133 
f 132/132/132 131/131/131 134/134/134 
f 135/135/135 134/134/134 131/131/131 
f 134/134/134 135/135/135 136/136/136 
f 137/137/137 136/136/136 135/135/135 
f 137/137/137 138/138/138 136/136/136 
f 139/139/139 138/138/138 137/137/137 
f 138/138/138 139/139/139 140/140/140 
f 141/141/141 140/140/140 139/139/139 
f 140/140/140 141/141/141 142/142/142 
f 141/141/141 143/143/143 142/142/142 
f 143/143/143 141/141/141 144/144/144 
f 144/144/144 145/145/145 143/143/143 
f 145/145/145 144/144/144 146/146/146 
f 145/145/145 146/146/146 147/147/147 
f 145/145/145 147/147/147 148/148/148 
f 157/157/157 155/155/155 153/153/153 
f 157/157/157 154/154/154 156/156/156 
f 158/158/158 157/157/157 153/153/153 
f 154/154/154 157/157/157 158/158/158 

g Meshpart2

v -0.014361 -0.0423012 0.0791016 
v -0.05097 -0.0312792 0.170288 
v -0.0886741 -0.0278602 0.16195 
v -0.05097 -0.0312792 -0.0120854 
v -0.025596 0.126269 0.00301757 
v -0.123068 0.121743 0.200408 
v -0.123068 0.121743 -0.0422054 
v -0.09861 0.0898068 -0.00617243 
v -1.22037 0.423213 0.0918556 
v -1.25075 0.404644 0.123349 
v -1.22036 0.426083 0.0967676 
v -1.22034 0.430064 0.0995396 
v -1.2473 0.432434 0.132056 
v -1.22014 0.468077 0.126629 
v -1.2595 0.384191 0.100447 
v -1.22039 0.419082 0.0791016 
v -1.25962 0.377318 0.0791016 
v -1.2595 0.384191 0.0577566 
v -1.22037 0.423213 0.0663476 
v -1.25075 0.404644 0.0348546 
v -1.22036 0.426083 0.0614356 
v -1.22034 0.430064 0.0586636 
v -1.2473 0.432434 0.0261476 
v -1.22014 0.468077 0.0315746 
v -0.232628 -0.0091722 0.124095 
v -0.295556 -0.0597312 0.00505257 
v -0.295556 -0.0597312 0.153151 
v -0.259521 -0.0515402 0.167226 
v -0.228591 -0.00922018 0.0271976 
v -0.228591 -0.00922018 0.131007 
v -0.220431 -0.0478172 -0.000374421 
v -0.223773 -0.00882119 0.0431276 
v -0.220431 -0.0478172 0.158578 
v -0.223773 -0.00882119 0.115076 
v -1.2595 0.384191 0.100447 
v -1.22079 0.341458 0.0791016 
v -1.22075 0.348286 0.103504 
v -1.22057 0.383981 0.141171 
v -1.25962 0.377318 0.0791016 
v -1.25075 0.404644 0.123349 
v -1.2595 0.384191 0.0577566 
v -1.2473 0.432434 0.132056 
v -1.22075 0.348286 0.0546996 
v -1.22057 0.383981 0.0170326 
v -1.25075 0.404644 0.0348546 
v -1.22033 0.431525 0.00378063 
v -1.2473 0.432434 0.0261476 
v -0.119974 0.23176 0.153888 
v -0.146729 0.263758 0.186512 
v -0.146729 0.263758 -0.0283084 
v -0.148197 0.222316 0.165374 
v -0.148197 0.222316 -0.00717143 
v -1.13882 0.411699 0.0888696 
v -1.16641 0.394476 0.114414 
v -1.13879 0.413626 0.0922656 
v -1.13876 0.416118 0.0940516 
v -1.16345 0.416922 0.121119 
v -1.13835 0.448957 0.1193 
v -1.17345 0.378289 0.0962146 
v -1.13885 0.408433 0.0791016 
v -1.17359 0.372629 0.0791016 
v -1.17345 0.378289 0.0619886 
v -1.13882 0.411699 0.0693336 
v -1.16641 0.394476 0.0437896 
v -1.13879 0.413626 0.0659376 
v -1.13876 0.416118 0.0641516 
v -1.16345 0.416922 0.0370846 
v -1.13835 0.448957 0.0389036 
v -1.17345 0.378289 0.0962146 
v -1.13971 0.33962 0.0791016 
v -1.13964 0.345578 0.10045 
v -1.13926 0.376036 0.13255 
v -1.16641 0.394476 0.114414 
v -1.17345 0.378289 0.0619886 
v -1.13875 0.417228 0.14376 
v -1.13964 0.345578 0.0577536 
v -1.13926 0.376036 0.0256536 
v -1.16641 0.394476 0.0437896 
v -1.13875 0.417228 0.0144436 
v -1.13835 0.448957 0.0389036 
v -1.09435 0.388949 0.117428 
v -1.08555 0.409893 0.133277 
v -1.05031 0.4325 0.100978 
v -1.05031 0.434981 0.0992976 
v -1.05031 0.428296 0.0791016 
v -1.08209 0.438828 0.133179 
v -1.05031 0.438188 0.0983426 
v -1.05031 0.480456 0.129528 
v -1.09443 0.381662 0.0791016 
v -1.09435 0.388949 0.0407756 
v -1.05031 0.4325 0.0572256 
v -1.08555 0.409893 0.0249266 
v -1.05031 0.434981 0.0589056 
v -1.08209 0.438828 0.0250246 
v -1.05031 0.438188 0.0598606 
v -1.05031 0.480456 0.0286756 
v -1.09435 0.388949 0.117428 
v -1.05031 0.347393 0.126912 
v -1.05031 0.386596 0.161102 
v -1.08555 0.409893 0.133277 
v -1.09435 0.388949 0.0407756 
v -1.08209 0.438828 0.133179 
v -1.05031 0.347393 0.0312916 
v -1.05031 0.386596 -0.00289839 
v -1.08555 0.409893 0.0249266 
v -1.05031 0.439616 -0.00411639 
v -1.05031 0.480456 0.0286756 
v -0.981989 0.392855 0.121635 
v -0.954678 0.408981 0.0927146 
v -0.990008 0.373982 0.0985386 
v -0.954678 0.412384 0.0993476 
v -0.954678 0.404702 0.0791016 
v -0.954678 0.417396 0.101834 
v -0.978989 0.418105 0.12794 
v -0.954678 0.45321 0.119843 
v -0.990073 0.367857 0.0791016 
v -0.990008 0.373982 0.0596646 
v -0.954678 0.408981 0.0654886 
v -0.981989 0.392855 0.0365686 
v -0.954678 0.412384 0.0588556 
v -0.954678 0.417396 0.0563696 
v -0.978989 0.418105 0.0302636 
v -0.954678 0.45321 0.0383606 
v -0.966373 0.58069 0.0791016 
v -0.960498 0.560605 0.0971096 
v -0.975784 0.541417 0.0791016 
v -0.965819 0.527639 0.0952146 
v -0.981871 0.527639 0.0791016 
v -0.966373 0.58069 0.0791016 
v -0.975784 0.541417 0.0791016 
v -0.965819 0.527639 0.0629886 
v -0.981871 0.527639 0.0791016 
v -0.990008 0.373982 0.0985386 
v -0.954678 0.333734 0.0791016 
v -0.954678 0.340114 0.101803 
v -0.954678 0.374278 0.140687 
v -0.990073 0.367857 0.0791016 
v -0.981989 0.392855 0.121635 
v -0.990008 0.373982 0.0596646 
v -0.978989 0.418105 0.12794 
v -0.954678 0.340114 0.0564006 
v -0.954678 0.374278 0.0175166 
v -0.981989 0.392855 0.0365686 
v -0.30665 0.111714 -0.0268804 
v -0.30665 0.111714 0.185084 
v -0.218566 0.177667 0.00428458 
v -0.218566 0.177667 0.153919 
v -0.923332 0.542002 0.0791016 
v -0.909902 0.542002 0.0656716 
v -0.928711 0.528662 0.0791016 
v -0.909902 0.528662 0.0602916 
v -0.909902 0.542002 0.0925316 
v -0.928711 0.528662 0.0791016 
v -0.909902 0.528662 0.0979116 
v -0.923332 0.542002 0.0791016 
v -0.860506 0.42447 0.0902346 
v -0.892921 0.40349 0.120309 
v -0.860508 0.426581 0.0939886 
v -0.86051 0.429253 0.0959246 
v -0.889799 0.429785 0.128084 
v -0.860539 0.467798 0.121568 
v -0.900864 0.384505 0.0991056 
v -0.860503 0.420716 0.0791016 
v -0.900939 0.377865 0.0791016 
v -0.900864 0.384505 0.0590976 
v -0.860506 0.42447 0.0679686 
v -0.892921 0.40349 0.0378946 
v -0.860508 0.426581 0.0642146 
v -0.86051 0.429253 0.0622786 
v -0.889799 0.429785 0.0301196 
v -0.860539 0.467798 0.0366356 
v -0.840536 0.54851 0.0513126 
v -0.825269 0.575755 0.0619436 
v -0.817413 0.590992 0.0791016 
v -0.840536 0.54851 0.106891 
v -0.825269 0.575755 0.0962596 
v -0.817413 0.590992 0.0791016 
v -0.115564 0.12859 0.134793 
v -0.115564 0.12859 0.0234106 
v -0.900864 0.384505 0.0991056 
v -0.860442 0.339477 0.0791016 
v -0.860448 0.346483 0.104222 
v -0.860474 0.382127 0.141781 
v -0.900939 0.377865 0.0791016 
v -0.892921 0.40349 0.120309 
v -0.900864 0.384505 0.0590976 
v -0.889799 0.429785 0.128084 
v -0.860448 0.346483 0.0539816 
v -0.860474 0.382127 0.0164226 
v -0.892921 0.40349 0.0378946 
v -0.831804 0.335452 0.0791016 
v -0.819077 0.279625 0.0074806 
v -0.817222 0.275172 0.0791016 
v -0.819077 0.279625 0.150723 
v -0.833548 0.339893 0.0124976 
v -0.833548 0.339893 0.145706 
v -0.789341 0.316546 -0.0162824 
v -0.789341 0.316546 0.174486 
v -0.783281 0.381553 0.0104616 
v -0.783281 0.381553 0.147742 
v -0.207356 0.392412 0.0415326 
v -0.297439 -0.0631432 0.0791016 
v -0.33803 -0.0079262 0.0177216 
v -0.295556 -0.0597312 0.00505257 
v -0.287817 -0.00852019 -0.0352694 
v -0.347636 -0.00781322 0.0791016 
v -0.33803 -0.0079262 0.140482 
v -0.295556 -0.0597312 0.153151 
v -0.287817 -0.00852019 0.193473 
v -0.226016 0.425019 0.0791016 
v -0.694498 0.240702 -0.000477411 
v -0.690008 0.237774 0.0791016 
v -0.694498 0.240702 0.158681 
v -0.745494 0.286985 0.0050966 
v -0.745494 0.286985 0.153107 
v -0.690295 0.293208 0.185084 
v -0.729918 0.319738 -0.0036464 
v -0.689685 0.356821 -0.0256654 
v -0.690632 0.403247 0.00428459 
v -0.689685 0.356821 0.183869 
v -0.690632 0.403247 0.153919 
v -0.761737 0.357511 0.0358136 
v -0.783281 0.381553 0.0104616 
v -0.75981 0.361051 0.0490996 
v -0.761737 0.357511 0.12239 
v -0.783281 0.381553 0.147742 
v -0.75981 0.361051 0.109104 
v -0.729918 0.319738 -0.0036464 
v -0.695005 0.33838 0.0207676 
v -0.745494 0.286985 0.0050966 
v -0.725405 0.356689 0.0028346 
v -0.691026 0.35255 0.0457666 
v -0.690632 0.403247 0.00428459 
v -0.741113 0.283999 0.0791016 
v -0.690533 0.338967 0.0791016 
v -0.695005 0.33838 0.137436 
v -0.745494 0.286985 0.153107 
v -0.729918 0.319738 0.16185 
v -0.725405 0.356689 0.155369 
v -0.691026 0.35255 0.112437 
v -0.690632 0.403247 0.153919 
v -0.024754 0.0631228 0.152937 
v -0.052361 0.0509428 -0.0132174 
v -0.227687 0.436136 0.0791016 
v -0.253385 0.448955 0.0501976 
v -0.252165 0.478228 0.0791016 
v -0.253385 0.448955 0.108006 
v -0.270083 0.472547 0.0791016 
v -0.272924 0.453844 0.0791016 
v -0.263029 0.443209 0.0936266 
v -0.253385 0.448955 0.0501976 
v -0.270083 0.472547 0.0791016 
v -0.272924 0.453844 0.0791016 
v -0.263029 0.443209 0.0645766 
v -0.016191 -0.0390192 0.156275 
v -0.0770841 0.00945079 0.141283 
v -0.071481 0.00954282 0.0791016 
v -0.0770841 0.00945079 0.0169196 
v -0.746398 0.316574 0.152596 
v -0.170103 0.301165 0.150881 
v -0.193184 0.233784 0.185455 
v -0.209667 0.26009 0.160687 
v -0.227734 0.212931 0.152624 
v -0.193184 0.233784 -0.0272524 
v -0.209667 0.26009 -0.00248443 
v -0.227734 0.212931 0.00557858 
v -0.267848 0.0337458 -0.0101964 
v -0.228591 -0.00922018 0.0271976 
v -0.296539 0.0462488 0.0220216 
v -0.22806 0.0281988 -0.00320242 
v -0.223773 -0.00882119 0.0431276 
v -0.228591 -0.00922018 0.131007 
v -0.22806 0.0281988 0.161406 
v -0.223773 -0.00882119 0.115076 
v -0.820088 0.384566 0.0590976 
v -0.262786 0.144704 0.0310046 
v -0.276677 0.177775 0.00283458 
v -0.259476 0.147722 0.0457666 
v -0.344591 0.152285 0.153107 
v -0.262786 0.144704 0.127199 
v -0.276677 0.177775 0.155369 
v -0.259476 0.147722 0.112437 
v -0.090747 0.219778 0.0791016 
v -0.09904 0.213545 0.00385757 
v -0.123068 0.121743 0.200408 
v -0.14756 0.155071 0.167409 
v -0.166918 0.0906318 0.156667 
v -0.123068 0.121743 -0.0422054 
v -0.14756 0.155071 -0.00920643 
v -0.166918 0.0906318 0.00153557 
v -0.215376 0.388671 0.0956516 
v -0.228013 0.399357 0.0791016 
v -0.226016 0.425019 0.0791016 
v -0.207356 0.392411 0.116671 
v -0.215376 0.388671 0.0625516 
v -0.228013 0.399357 0.0791016 
v -0.226016 0.425019 0.0791016 
v -0.207356 0.392412 0.0415326 
v -0.188695 0.359804 0.0791016 
v -0.215376 0.388671 0.0625516 
v -0.202738 0.377984 0.0791016 
v -0.188695 0.359804 0.0791016 
v -0.215376 0.388671 0.0956516 
v -0.202738 0.377984 0.0791016 
v -1.11165 0.393794 0.0437896 
v -0.344373 0.146988 0.0791016 
v -0.351285 0.0837438 -0.000477426 
v -0.350954 0.0783928 0.0791016 
v -0.351285 0.0837438 0.158681 
v -0.344591 0.152285 0.00509658 
v -0.344591 0.152285 0.153107 
v -0.187187 0.238493 0.136206 
v -0.184612 0.280556 0.16632 
v -0.170103 0.301165 0.150881 
v -0.209667 0.26009 0.160687 
v -0.190669 0.236751 0.123377 
v -0.227734 0.212931 0.152624 
v -0.163549 0.30537 0.0791016 
v -0.18443 0.240214 0.141147 
v -0.18046 0.242694 0.0791016 
v -0.18443 0.240215 0.0170556 
v -0.170103 0.301165 0.00732157 
v -0.184612 0.280556 -0.00811643 
v -0.209667 0.26009 -0.00248443 
v -0.190669 0.236751 0.0348266 
v -0.227734 0.212931 0.00557858 
v -0.347636 -0.00781322 0.0791016 
v -0.296539 0.0462488 0.0220216 
v -0.33803 -0.0079262 0.0177216 
v -0.287817 -0.00852019 -0.0352694 
v -0.306205 0.0464818 0.0791016 
v -0.267848 0.0337458 -0.0101964 
v -0.296539 0.0462488 0.136182 
v -0.33803 -0.0079262 0.140482 
v -0.287817 -0.00852019 0.193473 
v -0.115564 0.12859 0.134793 
v -0.116287 0.184733 0.174914 
v -0.09904 0.213545 0.154345 
v -0.14756 0.155071 0.167409 
v -0.120018 0.125934 0.1177 
v -0.166918 0.0906318 0.156667 
v -0.090747 0.219778 0.0791016 
v -0.11207 0.13115 0.141376 
v -0.107039 0.134835 0.0791016 
v -0.11207 0.13115 0.0168266 
v -0.09904 0.213545 0.00385757 
v -0.116287 0.184733 -0.0167104 
v -0.14756 0.155071 -0.00920643 
v -0.120018 0.125934 0.0405026 
v -0.166918 0.0906318 0.00153557 
v 0.024533 0.0111128 0.157082 
v 0.0337939 0.0112638 0.0791016 
v -0.090034 0.00826079 0.194329 
v -0.0886741 -0.0278602 0.16195 
v 0.024533 0.0111128 0.00112056 
v -0.023877 0.0103208 -0.0373914 
v -0.020833 0.197988 0.158958 
v -0.064298 0.166146 0.201816 
v -0.020834 0.197988 -0.000755429 
v -0.064298 0.166147 -0.0436124 
v -1.25075 0.404644 0.123349 
v -1.25962 0.377318 0.0791016 
v -1.25075 0.404644 0.0348546 
v -1.22036 0.426083 0.0614356 
v -1.2473 0.432434 0.0261476 
v -0.232628 -0.0091722 0.124095 
v -0.16908 -0.0101772 0.151394 
v -1.22033 0.431525 0.154423 
v -1.22033 0.431525 0.00378063 
v -0.119974 0.23176 0.153888 
v -0.146729 0.263758 0.186512 
v -0.146729 0.263758 -0.0283084 
v -0.148197 0.222316 -0.00717143 
v -1.16641 0.394476 0.114414 
v -1.16641 0.394476 0.0437896 
v -1.13879 0.413626 0.0659376 
v -1.13964 0.345578 0.10045 
v -1.13875 0.417228 0.0144436 
v -1.08555 0.409893 0.133277 
v -1.08209 0.438828 0.133179 
v -1.09435 0.388949 0.0407756 
v -1.05031 0.4325 0.0572256 
v -1.08555 0.409893 0.0249266 
v -1.05031 0.347393 0.0312916 
v -0.981989 0.392855 0.121635 
v -0.954678 0.412384 0.0993476 
v -0.978989 0.418105 0.12794 
v -0.990073 0.367857 0.0791016 
v -0.954678 0.408981 0.0654886 
v -0.981989 0.392855 0.0365686 
v -0.949118 0.589749 0.0791016 
v -0.942929 0.585961 0.0863576 
v -0.925382 0.590788 0.0791016 
v -0.953588 0.577318 0.0923236 
v -0.966373 0.58069 0.0791016 
v -0.960498 0.560605 0.0971096 
v -0.966373 0.58069 0.0791016 
v -0.953588 0.577318 0.0658796 
v -0.949118 0.589749 0.0791016 
v -0.942929 0.585961 0.0718456 
v -0.925382 0.590788 0.0791016 
v -0.954678 0.374278 0.140687 
v -0.87864 0.595327 0.0791016 
v -0.87108 0.5909 0.0878626 
v -0.850012 0.59714 0.0791016 
v -0.883743 0.580216 0.0950656 
v -0.899256 0.583986 0.0791016 
v -0.904423 0.547425 0.106589 
v -0.934297 0.548152 0.0791016 
v -0.899256 0.583986 0.0791016 
v -0.904423 0.547425 0.0516146 
v -0.934297 0.548152 0.0791016 
v -0.883743 0.580216 0.0631376 
v -0.87864 0.595327 0.0791016 
v -0.87108 0.5909 0.0703406 
v -0.850012 0.59714 0.0791016 
v -0.351285 0.0837438 0.158681 
v -0.30665 0.111714 -0.0268804 
v -0.30665 0.111714 0.185084 
v -0.234963 0.120992 0.00545458 
v -0.218566 0.177667 0.00428458 
v -0.255249 0.149195 0.183869 
v -0.218566 0.177667 0.153919 
v -0.892921 0.40349 0.120309 
v -0.860508 0.426581 0.0939886 
v -0.889799 0.429785 0.128084 
v -0.900939 0.377865 0.0791016 
v -0.892921 0.40349 0.0378946 
v -0.868424 0.549364 0.0791016 
v -0.840536 0.54851 0.0513126 
v -0.841147 0.582259 0.0791016 
v -0.825269 0.575755 0.0619436 
v -0.817413 0.590992 0.0791016 
v -0.810092 0.58507 0.0696856 
v -0.786699 0.588308 0.0791016 
v -0.840536 0.54851 0.106891 
v -0.868424 0.549364 0.0791016 
v -0.841147 0.582259 0.0791016 
v -0.825269 0.575755 0.0962596 
v -0.817413 0.590992 0.0791016 
v -0.810092 0.58507 0.0885176 
v -0.786699 0.588308 0.0791016 
v -0.262786 0.144704 0.127199 
v -0.833548 0.339893 0.145706 
v -0.789341 0.316546 -0.0162824 
v -0.789341 0.316546 0.174486 
v -0.783281 0.381553 0.0104616 
v -0.783281 0.381553 0.147742 
v -0.144013 0.403576 0.0918316 
v -0.167812 0.407209 0.0559046 
v -0.287817 -0.00852019 -0.0352694 
v -0.33803 -0.0079262 0.140482 
v -0.219191 -0.0103462 0.192162 
v -0.201543 0.429561 0.0791016 
v -0.207356 0.392412 0.0415326 
v -0.226016 0.425019 0.0791016 
v -0.190425 0.399989 0.0475086 
v -0.178525 0.427784 0.0791016 
v -0.167812 0.407209 0.0559046 
v -0.146401 0.41608 0.0791016 
v -0.144013 0.403576 0.0663716 
v -0.117037 0.386498 0.0791016 
v -0.201543 0.429561 0.0791016 
v -0.207356 0.392411 0.116671 
v -0.190425 0.399989 0.110695 
v -0.226016 0.425019 0.0791016 
v -0.178525 0.427784 0.0791016 
v -0.167812 0.407209 0.102299 
v -0.146401 0.41608 0.0791016 
v -0.144013 0.403576 0.0918316 
v -0.117037 0.386498 0.0791016 
v -0.690295 0.293208 -0.0268804 
v -0.690295 0.293208 0.185084 
v -0.729918 0.319738 -0.0036464 
v -0.690632 0.403247 0.153919 
v -0.805364 0.356358 0.0046286 
v -0.769951 0.352529 0.0266016 
v -0.833548 0.339893 0.0124976 
v -0.783281 0.381553 0.0104616 
v -0.75981 0.361051 0.0490996 
v -0.733823 0.398557 0.0032836 
v -0.831804 0.335452 0.0791016 
v -0.766327 0.350699 0.0791016 
v -0.769951 0.352529 0.131602 
v -0.833548 0.339893 0.145706 
v -0.805364 0.356358 0.153575 
v -0.783281 0.381553 0.147742 
v -0.75981 0.361051 0.109104 
v -0.733823 0.398557 0.15492 
v -0.695005 0.33838 0.0207676 
v -0.69058 0.348094 0.0310046 
v -0.690533 0.338967 0.0791016 
v -0.745494 0.286985 0.153107 
v -0.052361 0.0509428 -0.0132174 
v -0.200987 0.473703 0.0791016 
v -0.198805 0.464139 0.0889116 
v -0.177563 0.451726 0.0791016 
v -0.217233 0.466285 0.0969776 
v -0.226047 0.481836 0.0791016 
v -0.239926 0.457182 0.103448 
v -0.252165 0.478228 0.0791016 
v -0.253385 0.448955 0.108006 
v -0.270083 0.472547 0.0791016 
v -0.252165 0.478228 0.0791016 
v -0.226047 0.481836 0.0791016 
v -0.239926 0.457182 0.0547556 
v -0.217233 0.466285 0.0612256 
v -0.253385 0.448955 0.0501976 
v -0.200987 0.473703 0.0791016 
v -0.198805 0.464139 0.0692916 
v -0.177563 0.451726 0.0791016 
v -0.270083 0.472547 0.0791016 
v -0.016191 -0.0390192 0.156275 
v -0.0770841 0.00945079 0.141283 
v -0.080976 0.00938779 0.135367 
v -0.0770841 0.00945079 0.0169196 
v -0.0856221 0.00975078 0.120008 
v -0.016191 -0.0390192 0.00192856 
v -0.080976 0.00938779 0.0228356 
v -0.0856221 0.00975078 0.0381946 
v -0.644132 0.287971 0.00583059 
v -0.644132 0.287971 0.152373 
v -0.639535 0.285154 0.0791016 
v -0.695005 0.33838 0.0207676 
v -0.644132 0.287971 0.00583059 
v -0.695005 0.33838 0.137436 
v -0.644132 0.287971 0.152373 
v -0.746398 0.316574 0.152596 
v -0.170103 0.301165 0.150881 
v -0.112427 0.285179 0.154344 
v -0.163549 0.30537 0.0791016 
v -0.105865 0.289276 0.0791016 
v -0.146729 0.263758 0.186512 
v -0.112427 0.285179 0.00385957 
v -0.170103 0.301165 0.00732157 
v -0.209667 0.26009 0.160687 
v -0.146729 0.263758 -0.0283084 
v -0.267848 0.0337458 -0.0101964 
v -0.232628 -0.0091722 0.0341086 
v -0.228591 -0.00922018 0.0271976 
v -0.296539 0.0462488 0.0220216 
v -0.22806 0.0281988 -0.00320242 
v -0.223773 -0.00882119 0.0431276 
v -0.16908 -0.0101772 0.00680957 
v -0.238439 -0.00910318 0.0791016 
v -0.306205 0.0464818 0.0791016 
v -0.296539 0.0462488 0.136182 
v -0.232628 -0.0091722 0.124095 
v -0.267848 0.0337458 0.1684 
v -0.228591 -0.00922018 0.131007 
v -0.22806 0.0281988 0.161406 
v -0.223773 -0.00882119 0.115076 
v -0.16908 -0.0101772 0.151394 
v -0.820004 0.377925 0.0791016 
v -0.820088 0.384566 0.0590976 
v -0.860508 0.426581 0.0939886 
v -0.831222 0.429829 0.128084 
v -0.809392 0.569251 0.0791016 
v -0.309017 0.159339 -0.00364643 
v -0.27322 0.142456 0.0207676 
v -0.344591 0.152285 0.00509658 
v -0.276677 0.177775 0.00283458 
v -0.259476 0.147722 0.0457666 
v -0.218566 0.177667 0.00428458 
v -0.344373 0.146988 0.0791016 
v -0.27008 0.139218 0.0791016 
v -0.27322 0.142456 0.137436 
v -0.344591 0.152285 0.153107 
v -0.309017 0.159339 0.16185 
v -0.276677 0.177775 0.155369 
v -0.259476 0.147722 0.112437 
v -0.218566 0.177667 0.153919 
v -0.919282 0.367857 0.0791016 
v -0.954678 0.412384 0.0993476 
v -0.930366 0.418105 0.12794 
v -0.09904 0.213545 0.154345 
v -0.020833 0.197988 0.158958 
v -0.090747 0.219778 0.0791016 
v -0.012519 0.204079 0.0791016 
v -0.064298 0.166146 0.201816 
v -0.020834 0.197988 -0.000755429 
v -0.09904 0.213545 0.00385757 
v -0.064298 0.166147 -0.0436124 
v -0.873442 0.557919 0.0791016 
v -1.00627 0.388949 0.0407756 
v -1.05031 0.4325 0.0572256 
v -1.01852 0.438828 0.133179 
v -1.11165 0.393794 0.114414 
v -1.11165 0.393794 0.0437896 
v -1.13879 0.413626 0.0659376 
v -0.344591 0.152285 0.00509658 
v -0.344591 0.152285 0.153107 
v -0.255249 0.149195 -0.0256654 
v -0.276677 0.177775 0.00283458 
v -0.218566 0.177667 0.00428458 
v -0.255249 0.149195 0.183869 
v -0.276677 0.177775 0.155369 
v -0.218566 0.177667 0.153919 
v -1.1817 0.377402 0.0791016 
v -1.22036 0.426083 0.0614356 
v -1.19323 0.431599 0.0271466 
v -0.187187 0.238493 0.136206 
v -0.209667 0.26009 0.160687 
v -0.190669 0.236751 0.123377 
v -0.209667 0.26009 -0.00248443 
v -0.187187 0.238493 0.0219976 
v -0.190669 0.236751 0.0348266 
v -0.267848 0.0337458 -0.0101964 
v -0.33803 -0.0079262 0.140482 
v -0.287817 -0.00852019 0.193473 
v -0.267848 0.0337458 0.1684 
v -0.115564 0.12859 0.134793 
v -0.14756 0.155071 0.167409 
v -0.120018 0.125934 0.1177 
v -0.14756 0.155071 -0.00920643 
v -0.115564 0.12859 0.0234106 
v -0.120018 0.125934 0.0405026 
v -0.080976 0.00938779 0.135367 
v -0.052361 0.0509428 0.17142 
v -0.024754 0.0631228 0.152937 
v -0.090698 0.0454208 0.164677 
v -0.0856221 0.00975078 0.120008 
v -0.138348 0.00820482 0.155023 
v -0.0154361 0.0633888 0.0791016 
v -0.0770841 0.00945079 0.141283 
v -0.071481 0.00954282 0.0791016 
v -0.0770841 0.00945079 0.0169196 
v -0.024754 0.0631228 0.00526557 
v -0.052361 0.0509428 -0.0132174 
v -0.090698 0.0454208 -0.00647343 
v -0.0856221 0.00975078 0.0381946 
v -0.138348 0.00820482 0.00317957 
v -0.05097 -0.0312792 0.170288 
v -0.016191 -0.0390192 0.00192856 
v -0.0886741 -0.0278602 0.16195 
v 0.024533 0.0111128 0.00112056 
v -0.023877 0.0103208 -0.0373914 
v -0.05097 -0.0312792 -0.0120854 
v -0.090034 0.00826079 -0.0361264 
v -0.0886741 -0.0278602 -0.00374743 
v -0.138348 0.00820482 0.00317957 
v -0.025596 0.126269 0.00301757 
v -0.123068 0.121743 0.200408 
v -0.166918 0.0906318 0.156667 
v -0.020834 0.197988 -0.000755429 
v -0.064298 0.166147 -0.0436124 
v -0.0621641 0.11094 -0.0154514 
v -0.123068 0.121743 -0.0422054 
v -0.09861 0.0898068 -0.00617243 
v -1.25075 0.404644 0.123349 
v -1.22014 0.468077 0.126629 
v -1.25075 0.404644 0.0348546 
v -0.232628 -0.0091722 0.124095 
v -0.295556 -0.0597312 0.00505257 
v -0.295556 -0.0597312 0.153151 
v -0.259521 -0.0515402 0.167226 
v -0.228591 -0.00922018 0.131007 
v -0.220431 -0.0478172 -0.000374421 
v -0.16908 -0.0101772 0.00680957 
v -0.220431 -0.0478172 0.158578 
v -0.16908 -0.0101772 0.151394 
v -1.22079 0.341458 0.0791016 
v -1.22075 0.348286 0.0546996 
v -1.22057 0.383981 0.0170326 
v -1.25075 0.404644 0.0348546 
v -1.22033 0.431525 0.00378063 
v -1.2473 0.432434 0.0261476 
v -1.22014 0.468077 0.0315746 
v -0.119974 0.23176 0.153888 
v -0.119974 0.23176 0.00431457 
v -0.146729 0.263758 -0.0283084 
v -0.148197 0.222316 0.165374 
v -0.148197 0.222316 -0.00717143 
v -0.193184 0.233784 -0.0272524 
v -0.176651 0.208521 -0.000207432 
v -0.227734 0.212931 0.00557858 
v -1.16641 0.394476 0.114414 
v -1.13835 0.448957 0.1193 
v -1.16641 0.394476 0.0437896 
v -1.13835 0.448957 0.0389036 
v -1.13971 0.33962 0.0791016 
v -1.13964 0.345578 0.0577536 
v -1.13926 0.376036 0.0256536 
v -1.16641 0.394476 0.0437896 
v -1.13875 0.417228 0.0144436 
v -1.16345 0.416922 0.0370846 
v -1.13835 0.448957 0.0389036 
v -1.08555 0.409893 0.133277 
v -1.05031 0.4325 0.100978 
v -1.05031 0.434981 0.0992976 
v -1.05031 0.480456 0.129528 
v -1.08555 0.409893 0.0249266 
v -1.05031 0.480456 0.0286756 
v -1.09435 0.388949 0.0407756 
v -1.05031 0.347393 0.0312916 
v -1.05031 0.386596 -0.00289839 
v -1.08555 0.409893 0.0249266 
v -1.05031 0.439616 -0.00411639 
v -1.08209 0.438828 0.0250246 
v -1.05031 0.480456 0.0286756 
v -0.981989 0.392855 0.121635 
v -0.954678 0.45321 0.119843 
v -0.954678 0.408981 0.0654886 
v -0.981989 0.392855 0.0365686 
v -0.954678 0.45321 0.0383606 
v -0.215376 0.388671 0.0625516 
v -0.966373 0.58069 0.0791016 
v -0.960498 0.560605 0.0610936 
v -0.97796 0.565004 0.0791016 
v -0.963099 0.549231 0.0577226 
v -0.953588 0.577318 0.0658796 
v -0.987674 0.549392 0.0791016 
v -0.965043 0.541157 0.0683576 
v -0.975784 0.541417 0.0791016 
v -0.965819 0.527639 0.0629886 
v -0.954678 0.333734 0.0791016 
v -0.990073 0.367857 0.0791016 
v -0.954678 0.340114 0.0564006 
v -0.954678 0.374278 0.0175166 
v -0.981989 0.392855 0.0365686 
v -0.954678 0.419005 0.00757261 
v -0.978989 0.418105 0.0302636 
v -0.954678 0.45321 0.0383606 
v -0.899256 0.583986 0.0791016 
v -0.894307 0.564035 0.0573586 
v -0.919697 0.570151 0.0791016 
v -0.904423 0.547425 0.0516146 
v -0.934297 0.548152 0.0791016 
v -0.883743 0.580216 0.0631376 
v -0.87864 0.595327 0.0791016 
v -0.87108 0.5909 0.0703406 
v -0.283297 0.0715498 0.00583058 
v -0.351285 0.0837438 -0.000477426 
v -0.351285 0.0837438 0.158681 
v -0.30665 0.111714 -0.0268804 
v -0.261546 0.0961458 -0.00255843 
v -0.255249 0.149195 -0.0256654 
v -0.234963 0.120992 0.00545458 
v -0.218566 0.177667 0.00428458 
v -0.218566 0.177667 0.153919 
v -0.909902 0.528662 0.0979116 
v -0.892921 0.40349 0.120309 
v -0.892921 0.40349 0.0378946 
v -0.889799 0.429785 0.0301196 
v -0.860539 0.467798 0.0366356 
v -0.868424 0.549364 0.0791016 
v -0.854997 0.572269 0.0791016 
v -0.840536 0.54851 0.0513126 
v -0.834593 0.560876 0.0557326 
v -0.841147 0.582259 0.0791016 
v -0.825269 0.575755 0.0619436 
v -0.025596 0.126269 0.155186 
v -0.0621641 0.11094 0.173654 
v -0.115564 0.12859 0.134793 
v -0.09861 0.0898068 0.164375 
v -0.855521 0.542567 0.0791016 
v -0.843279 0.542567 0.0668596 
v -0.862407 0.530378 0.0791016 
v -0.843279 0.530378 0.0599736 
v -0.283297 0.0715498 0.152373 
v -0.27322 0.142456 0.137436 
v -0.261546 0.0961458 0.160763 
v -0.262786 0.144704 0.127199 
v -0.234963 0.120992 0.152749 
v -0.253135 0.432575 0.0791016 
v -0.280791 0.425592 0.0573186 
v -0.263029 0.443209 0.0645766 
v -0.26563 0.410067 0.0791016 
v -0.860442 0.339477 0.0791016 
v -0.900939 0.377865 0.0791016 
v -0.860448 0.346483 0.0539816 
v -0.860474 0.382127 0.0164226 
v -0.892921 0.40349 0.0378946 
v -0.860511 0.430499 0.0033186 
v -0.889799 0.429785 0.0301196 
v -0.860539 0.467798 0.0366356 
v -0.819077 0.279625 0.0074806 
v -0.819077 0.279625 0.150723 
v -0.833548 0.339893 0.0124976 
v -0.833548 0.339893 0.145706 
v -0.789341 0.316546 -0.0162824 
v -0.789341 0.316546 0.174486 
v -0.805364 0.356358 0.0046286 
v -0.756648 0.363548 -0.0151884 
v -0.783281 0.381553 0.0104616 
v -0.733823 0.398557 0.0032836 
v -0.783281 0.381553 0.147742 
v -0.157099 0.386634 0.0791016 
v -0.190425 0.399989 0.0475086 
v -0.167812 0.407209 0.0559046 
v -0.144013 0.403576 0.0663716 
v -0.141625 0.391071 0.0791016 
v -0.179307 0.370416 0.0791016 
v -0.207356 0.392412 0.0415326 
v -0.188695 0.359804 0.0791016 
v -0.295556 -0.0597312 0.00505257 
v -0.287817 -0.00852019 -0.0352694 
v -0.259521 -0.0515402 -0.00902242 
v -0.219191 -0.0103462 -0.0339584 
v -0.220431 -0.0478172 -0.000374421 
v -0.16908 -0.0101772 0.00680957 
v -0.226016 0.425019 0.0791016 
v -0.694498 0.240702 -0.000477411 
v -0.745494 0.286985 0.0050966 
v -0.690295 0.293208 -0.0268804 
v -0.690295 0.293208 0.185084 
v -0.729918 0.319738 -0.0036464 
v -0.689685 0.356821 -0.0256654 
v -0.725405 0.356689 0.0028346 
v -0.690632 0.403247 0.00428459 
v -0.690632 0.403247 0.153919 
v -0.119974 0.23176 0.153888 
v -0.148197 0.222316 0.165374 
v -0.187187 0.238493 0.136206 
v -0.176651 0.208521 0.15841 
v -0.769951 0.352529 0.131602 
v -0.805364 0.356358 0.153575 
v -0.761737 0.357511 0.12239 
v -0.783281 0.381553 0.147742 
v -0.695005 0.33838 0.137436 
v -0.729918 0.319738 0.16185 
v -0.69058 0.348094 0.127199 
v -0.725405 0.356689 0.155369 
v -0.024754 0.0631228 0.152937 
v -0.024754 0.0631228 0.00526557 
v 0.024533 0.0111128 0.00112056 
v -0.023877 0.0103208 -0.0373914 
v -0.052361 0.0509428 -0.0132174 
v -0.090034 0.00826079 -0.0361264 
v -0.090698 0.0454208 -0.00647343 
v -0.138348 0.00820482 0.00317957 
v -0.196624 0.454574 0.0791016 
v -0.198805 0.464139 0.0692916 
v -0.177563 0.451726 0.0791016 
v -0.208419 0.450733 0.0791016 
v -0.217233 0.466285 0.0612256 
v -0.227687 0.436136 0.0791016 
v -0.239926 0.457182 0.0547556 
v -0.253385 0.448955 0.0501976 
v -0.236687 0.425362 0.0791016 
v -0.253135 0.432575 0.0791016 
v -0.263029 0.443209 0.0645766 
v -0.252165 0.478228 0.0791016 
v -0.295953 0.441118 0.0791016 
v -0.252165 0.478228 0.0791016 
v -0.226047 0.481836 0.0791016 
v -0.239926 0.457182 0.0547556 
v -0.217233 0.466285 0.0612256 
v -0.253385 0.448955 0.0501976 
v -0.272924 0.453844 0.0791016 
v -0.263029 0.443209 0.0645766 
v -0.280791 0.425592 0.0573186 
v -0.295953 0.441118 0.0791016 
v -0.0770841 0.00945079 0.141283 
v -0.05097 -0.0312792 0.170288 
v -0.080976 0.00938779 0.135367 
v -0.0770841 0.00945079 0.0169196 
v -0.0886741 -0.0278602 0.16195 
v -0.644132 0.287971 0.00583059 
v -0.644132 0.287971 0.152373 
v -0.694498 0.240702 -0.000477411 
v -0.690295 0.293208 -0.0268804 
v -0.650883 0.320103 -0.00255841 
v -0.650883 0.320103 0.160762 
v -0.689685 0.356821 -0.0256654 
v -0.654948 0.356262 0.00545459 
v -0.690632 0.403247 0.00428459 
v -0.654949 0.356262 0.152749 
v -0.757662 0.289255 0.0131576 
v -0.819077 0.279625 0.0074806 
v -0.789341 0.316546 -0.0162824 
v -0.746398 0.316574 0.0056076 
v -0.746398 0.316574 0.152596 
v -0.756648 0.363548 -0.0151884 
v -0.731096 0.345527 0.0100276 
v -0.733823 0.398557 0.0032836 
v -0.170103 0.301165 0.00732157 
v -0.209667 0.26009 0.160687 
v -0.146729 0.263758 -0.0283084 
v -0.184612 0.280556 -0.00811643 
v -0.193184 0.233784 -0.0272524 
v -0.209667 0.26009 -0.00248443 
v -0.227734 0.212931 0.00557858 
v -0.824151 0.530378 0.0791016 
v -0.843279 0.542567 0.0668596 
v -0.831037 0.542567 0.0791016 
v -0.22806 0.0281988 -0.00320242 
v -0.267848 0.0337458 0.1684 
v -0.228591 -0.00922018 0.131007 
v -0.22806 0.0281988 0.161406 
v -0.69058 0.348094 0.127199 
v -0.650883 0.320103 0.160762 
v -0.695005 0.33838 0.137436 
v -0.644132 0.287971 0.152373 
v -0.654949 0.356262 0.152749 
v -0.891092 0.528662 0.0791016 
v -0.757662 0.289255 0.145046 
v -0.769951 0.352529 0.131602 
v -0.746398 0.316574 0.152596 
v -0.761737 0.357511 0.12239 
v -0.731096 0.345527 0.148176 
v -0.809392 0.569251 0.0791016 
v -0.834593 0.560876 0.0557326 
v -0.809392 0.569251 0.0791016 
v -0.825269 0.575755 0.0619436 
v -0.810092 0.58507 0.0696856 
v -0.802771 0.579147 0.0791016 
v -0.786699 0.588308 0.0791016 
v -0.27322 0.142456 0.137436 
v -0.344591 0.152285 0.153107 
v -0.309017 0.159339 0.16185 
v -0.262786 0.144704 0.127199 
v -0.276677 0.177775 0.155369 
v -0.020834 0.197988 -0.000755429 
v -0.09904 0.213545 0.00385757 
v -0.064298 0.166147 -0.0436124 
v -0.116287 0.184733 -0.0167104 
v -0.123068 0.121743 -0.0422054 
v -0.14756 0.155071 -0.00920643 
v -0.873442 0.557919 0.0791016 
v -0.86352 0.586473 0.0791016 
v -0.87108 0.5909 0.0703406 
v -0.850012 0.59714 0.0791016 
v -0.868231 0.576446 0.0791016 
v -0.883743 0.580216 0.0631376 
v -0.873442 0.557919 0.0791016 
v -0.894307 0.564035 0.0573586 
v -0.876946 0.54031 0.0791016 
v -0.904423 0.547425 0.0516146 
v -0.860442 0.339477 0.0791016 
v -0.820004 0.377925 0.0791016 
v -0.860474 0.382127 0.0164226 
v -0.82806 0.403539 0.0378946 
v -0.860511 0.430499 0.0033186 
v -0.831222 0.429829 0.0301196 
v -0.860539 0.467798 0.0366356 
v -0.93674 0.582173 0.0791016 
v -0.942929 0.585961 0.0718456 
v -0.925382 0.590788 0.0791016 
v -0.940803 0.573946 0.0791016 
v -0.953588 0.577318 0.0658796 
v -0.943035 0.556205 0.0791016 
v -0.960498 0.560605 0.0610936 
v -0.941985 0.542681 0.0791016 
v -0.954302 0.540898 0.0791016 
v -0.965043 0.541157 0.0683576 
v -0.215376 0.388671 0.0625516 
v -0.243931 0.389004 0.0791016 
v -0.228013 0.399357 0.0791016 
v -0.228099 0.368557 0.0532416 
v -1.05031 0.4325 0.100978 
v -1.01506 0.409893 0.133278 
v -1.05031 0.434981 0.0992976 
v -0.954678 0.333734 0.0791016 
v -0.919282 0.367857 0.0791016 
v -0.954678 0.374278 0.0175166 
v -0.927367 0.392855 0.0365686 
v -0.954678 0.419005 0.00757261 
v -0.930366 0.418105 0.0302636 
v -0.954678 0.45321 0.0383606 
v -1.11165 0.393794 0.0437896 
v -0.351285 0.0837438 -0.000477426 
v -0.344591 0.152285 0.00509658 
v -0.30665 0.111714 -0.0268804 
v -0.309017 0.159339 -0.00364643 
v -0.255249 0.149195 -0.0256654 
v -0.276677 0.177775 0.00283458 
v -1.00627 0.388949 0.0407756 
v -1.05031 0.347393 0.0312916 
v -1.05031 0.386596 -0.00289839 
v -1.01506 0.409893 0.0249266 
v -1.05031 0.439616 -0.00411639 
v -1.01852 0.438828 0.0250246 
v -1.05031 0.480456 0.0286756 
v -0.187187 0.238493 0.136206 
v -0.184612 0.280556 0.16632 
v -0.170103 0.301165 0.150881 
v -0.209667 0.26009 0.160687 
v -0.296539 0.0462488 0.0220216 
v -0.287817 -0.00852019 -0.0352694 
v -0.267848 0.0337458 -0.0101964 
v -0.219191 -0.0103462 -0.0339584 
v -0.22806 0.0281988 -0.00320242 
v -0.16908 -0.0101772 0.00680957 
v -1.13971 0.33962 0.0791016 
v -1.13926 0.376036 0.0256536 
v -1.11165 0.393794 0.0437896 
v -1.13875 0.417228 0.0144436 
v -1.11406 0.416307 0.0370846 
v -1.13835 0.448957 0.0389036 
v -1.22057 0.383981 0.0170326 
v -1.19013 0.404299 0.0356896 
v -1.22033 0.431525 0.00378063 
v -1.19323 0.431599 0.0271466 
v -1.22014 0.468077 0.0315746 
v -0.115564 0.12859 0.134793 
v -0.116287 0.184733 0.174914 
v -0.09904 0.213545 0.154345 
v -0.14756 0.155071 0.167409 
v -0.080976 0.00938779 0.135367 
v -0.052361 0.0509428 0.17142 
v -0.024754 0.0631228 0.152937 
v -0.090698 0.0454208 0.164677 
v 0.024533 0.0111128 0.157082 
v -0.016191 -0.0390192 0.156275 
v 0.0337939 0.0112638 0.0791016 
v -0.023877 0.0103208 0.195594 
v -0.014361 -0.0423012 0.0791016 
v -0.05097 -0.0312792 0.170288 
v -0.016191 -0.0390192 0.00192856 
v 0.024533 0.0111128 0.00112056 
v -0.05097 -0.0312792 -0.0120854 
v -0.020833 0.197988 0.158958 
v -0.025596 0.126269 0.155186 
v -0.012519 0.204079 0.0791016 
v -0.064298 0.166146 0.201816 
v -0.021824 0.124465 0.0791016 
v -0.0621641 0.11094 0.173654 
v -0.025596 0.126269 0.00301757 
v -0.020834 0.197988 -0.000755429 
v -0.064298 0.166147 -0.0436124 
v -0.0621641 0.11094 -0.0154514 
v -1.22014 0.468077 0.0315746 
v -0.232628 -0.0091722 0.124095 
v -0.295556 -0.0597312 0.00505257 
v -0.295556 -0.0597312 0.153151 
v -0.259521 -0.0515402 0.167226 
v -1.22033 0.431525 0.00378063 
v -0.112427 0.285179 0.154344 
v -0.117251 0.2302 0.0791016 
v -0.105865 0.289276 0.0791016 
v -0.112427 0.285179 0.00385957 
v -0.119974 0.23176 0.153888 
v -0.119974 0.23176 0.00431457 
v -0.146729 0.263758 0.186512 
v -0.146729 0.263758 -0.0283084 
v -0.148197 0.222316 0.165374 
v -0.148197 0.222316 -0.00717143 
v -1.16641 0.394476 0.0437896 
v -1.13971 0.33962 0.0791016 
v -1.13964 0.345578 0.10045 
v -1.13875 0.417228 0.14376 
v -1.13964 0.345578 0.0577536 
v -1.13875 0.417228 0.0144436 
v -1.08555 0.409893 0.133277 
v -1.08555 0.409893 0.0249266 
v -0.282812 0.0661798 0.0791016 
v -0.27322 0.142456 0.0207676 
v -0.27008 0.139218 0.0791016 
v -0.283297 0.0715498 0.00583058 
v -0.27322 0.142456 0.137436 
v -0.283297 0.0715498 0.152373 
v -0.954678 0.45321 0.119843 
v -0.954678 0.408981 0.0654886 
v -0.954678 0.45321 0.0383606 
v -0.212267 0.34811 0.0791016 
v -0.228099 0.368557 0.0532416 
v -0.202738 0.377984 0.0791016 
v -0.215376 0.388671 0.0625516 
v -0.228099 0.368557 0.104962 
v -0.202738 0.377984 0.0791016 
v -0.215376 0.388671 0.0956516 
v -0.212267 0.34811 0.0791016 
v -0.966373 0.58069 0.0791016 
v -0.960498 0.560605 0.0971096 
v -0.965043 0.541157 0.0898456 
v -0.965819 0.527639 0.0952146 
v -0.966373 0.58069 0.0791016 
v -0.965043 0.541157 0.0683576 
v -0.965819 0.527639 0.0629886 
v -0.954678 0.333734 0.0791016 
v -0.954678 0.374278 0.140687 
v -0.30665 0.111714 -0.0268804 
v -0.30665 0.111714 0.185084 
v -0.255249 0.149195 -0.0256654 
v -0.234963 0.120992 0.00545458 
v -0.218566 0.177667 0.00428458 
v -0.255249 0.149195 0.183869 
v -0.234963 0.120992 0.152749 
v -0.218566 0.177667 0.153919 
v -0.909902 0.528662 0.0979116 
v -0.892921 0.40349 0.120309 
v -0.892921 0.40349 0.0378946 
v -0.889799 0.429785 0.0301196 
v -0.115564 0.12859 0.134793 
v -0.09861 0.0898068 0.164375 
v -0.120018 0.125934 0.1177 
v -0.09861 0.0898068 -0.00617243 
v -0.115564 0.12859 0.0234106 
v -0.120018 0.125934 0.0405026 
v -0.234963 0.120992 0.00545458 
v -0.259476 0.147722 0.0457666 
v -0.218566 0.177667 0.00428458 
v -0.262786 0.144704 0.127199 
v -0.234963 0.120992 0.152749 
v -0.259476 0.147722 0.112437 
v -0.218566 0.177667 0.153919 
v -0.819077 0.279625 0.150723 
v -0.833548 0.339893 0.145706 
v -0.789341 0.316546 -0.0162824 
v -0.789341 0.316546 0.174486 
v -0.783281 0.381553 0.0104616 
v -0.783281 0.381553 0.147742 
v -0.207356 0.392412 0.0415326 
v -0.287817 -0.00852019 -0.0352694 
v -0.287817 -0.00852019 0.193473 
v -0.226016 0.425019 0.0791016 
v -0.146401 0.41608 0.0791016 
v -0.144013 0.403576 0.0663716 
v -0.117037 0.386498 0.0791016 
v -0.146401 0.41608 0.0791016 
v -0.144013 0.403576 0.0918316 
v -0.117037 0.386498 0.0791016 
v -0.690008 0.237774 0.0791016 
v -0.187187 0.238493 0.136206 
v -0.176651 0.208521 0.15841 
v -0.190669 0.236751 0.123377 
v -0.176651 0.208521 -0.000207432 
v -0.187187 0.238493 0.0219976 
v -0.190669 0.236751 0.0348266 
v -0.024754 0.0631228 0.152937 
v 0.0337939 0.0112638 0.0791016 
v -0.0154361 0.0633888 0.0791016 
v -0.024754 0.0631228 0.00526557 
v 0.024533 0.0111128 0.157082 
v 0.024533 0.0111128 0.00112056 
v -0.227687 0.436136 0.0791016 
v -0.253385 0.448955 0.0501976 
v -0.252165 0.478228 0.0791016 
v -0.0770841 0.00945079 0.141283 
v -0.05097 -0.0312792 0.170288 
v -0.080976 0.00938779 0.135367 
v -0.0770841 0.00945079 0.0169196 
v -0.0886741 -0.0278602 0.16195 
v -0.0856221 0.00975078 0.120008 
v -0.05097 -0.0312792 -0.0120854 
v -0.080976 0.00938779 0.0228356 
v -0.0886741 -0.0278602 -0.00374743 
v -0.0856221 0.00975078 0.0381946 
v -0.644132 0.287971 0.00583059 
v -0.644132 0.287971 0.152373 
v -0.639535 0.285154 0.0791016 
v -0.695005 0.33838 0.0207676 
v -0.690533 0.338967 0.0791016 
v -0.695005 0.33838 0.137436 
v -0.170103 0.301165 0.150881 
v -0.112427 0.285179 0.154344 
v -0.170103 0.301165 0.00732157 
v -0.146729 0.263758 -0.0283084 
v -0.824151 0.530378 0.0791016 
v -0.843279 0.542567 0.0668596 
v -0.843279 0.530378 0.0599736 
v -0.843279 0.542567 0.0913436 
v -0.843279 0.530378 0.0982296 
v -0.824151 0.530378 0.0791016 
v -0.267848 0.0337458 -0.0101964 
v -0.22806 0.0281988 -0.00320242 
v -0.654948 0.356262 0.00545459 
v -0.691026 0.35255 0.0457666 
v -0.690632 0.403247 0.00428459 
v -0.654949 0.356262 0.152749 
v -0.691026 0.35255 0.112437 
v -0.690632 0.403247 0.153919 
v -0.820088 0.384566 0.0991056 
v -0.860503 0.420716 0.0791016 
v -0.860506 0.42447 0.0902346 
v -0.820004 0.377925 0.0791016 
v -0.82806 0.403539 0.120309 
v -0.820088 0.384566 0.0590976 
v -0.860508 0.426581 0.0939886 
v -0.860506 0.42447 0.0679686 
v -0.86051 0.429253 0.0959246 
v -0.831222 0.429829 0.128084 
v -0.860539 0.467798 0.121568 
v -0.82806 0.403539 0.0378946 
v -0.860508 0.426581 0.0642146 
v -0.86051 0.429253 0.0622786 
v -0.831222 0.429829 0.0301196 
v -0.860539 0.467798 0.0366356 
v -0.891092 0.528662 0.0791016 
v -0.909902 0.528662 0.0602916 
v -0.896472 0.542002 0.0791016 
v -0.909902 0.542002 0.0656716 
v -0.909902 0.528662 0.0979116 
v -0.896472 0.542002 0.0791016 
v -0.909902 0.542002 0.0925316 
v -0.891092 0.528662 0.0791016 
v -0.731096 0.345527 0.0100276 
v -0.75981 0.361051 0.0490996 
v -0.733823 0.398557 0.0032836 
v -0.731096 0.345527 0.148176 
v -0.75981 0.361051 0.109104 
v -0.733823 0.398557 0.15492 
v -0.75567 0.28483 0.0791016 
v -0.769951 0.352529 0.0266016 
v -0.766327 0.350699 0.0791016 
v -0.757662 0.289255 0.0131576 
v -0.769951 0.352529 0.131602 
v -0.757662 0.289255 0.145046 
v -0.949768 0.527639 0.0791016 
v -0.965043 0.541157 0.0683576 
v -0.954302 0.540898 0.0791016 
v -0.965819 0.527639 0.0629886 
v -0.965043 0.541157 0.0898456 
v -0.965819 0.527639 0.0952146 
v -0.949768 0.527639 0.0791016 
v -0.954302 0.540898 0.0791016 
v -0.814189 0.549484 0.0791016 
v -0.834593 0.560876 0.102471 
v -0.840536 0.54851 0.106891 
v -0.814423 0.54433 0.0791016 
v -0.809392 0.569251 0.0791016 
v -0.825269 0.575755 0.0962596 
v -0.834593 0.560876 0.0557326 
v -0.809392 0.569251 0.0791016 
v -0.814189 0.549484 0.0791016 
v -0.840536 0.54851 0.0513126 
v -0.814423 0.54433 0.0791016 
v -0.825269 0.575755 0.0619436 
v -0.919348 0.373982 0.0985386 
v -0.954678 0.404702 0.0791016 
v -0.954678 0.408981 0.0927146 
v -0.919282 0.367857 0.0791016 
v -0.927367 0.392855 0.121635 
v -0.919348 0.373982 0.0596646 
v -0.954678 0.412384 0.0993476 
v -0.954678 0.408981 0.0654886 
v -0.954678 0.417396 0.101834 
v -0.930366 0.418105 0.12794 
v -0.954678 0.45321 0.119843 
v -0.927367 0.392855 0.0365686 
v -0.954678 0.412384 0.0588556 
v -0.954678 0.417396 0.0563696 
v -0.930366 0.418105 0.0302636 
v -0.954678 0.45321 0.0383606 
v -0.090747 0.219778 0.0791016 
v -0.09904 0.213545 0.00385757 
v -0.820088 0.384566 0.0991056 
v -0.860448 0.346483 0.104222 
v -0.860474 0.382127 0.141781 
v -0.820004 0.377925 0.0791016 
v -0.82806 0.403539 0.120309 
v -0.820088 0.384566 0.0590976 
v -0.831222 0.429829 0.128084 
v -0.860448 0.346483 0.0539816 
v -0.860474 0.382127 0.0164226 
v -0.82806 0.403539 0.0378946 
v -0.940803 0.573946 0.0791016 
v -0.953588 0.577318 0.0923236 
v -0.943035 0.556205 0.0791016 
v -0.960498 0.560605 0.0971096 
v -0.963099 0.549231 0.100481 
v -0.941985 0.542681 0.0791016 
v -0.940803 0.573946 0.0791016 
v -0.953588 0.577318 0.0658796 
v -0.943035 0.556205 0.0791016 
v -0.960498 0.560605 0.0610936 
v -0.963099 0.549231 0.0577226 
v -0.941985 0.542681 0.0791016 
v -1.00627 0.388949 0.117428 
v -1.05031 0.428296 0.0791016 
v -1.05031 0.4325 0.100978 
v -1.00618 0.381662 0.0791016 
v -1.01506 0.409893 0.133278 
v -1.00627 0.388949 0.0407756 
v -1.05031 0.434981 0.0992976 
v -1.05031 0.4325 0.0572256 
v -1.01852 0.438828 0.133179 
v -1.05031 0.438188 0.0983426 
v -1.05031 0.480456 0.129528 
v -1.01506 0.409893 0.0249266 
v -1.05031 0.434981 0.0589056 
v -1.01852 0.438828 0.0250246 
v -1.05031 0.438188 0.0598606 
v -1.05031 0.480456 0.0286756 
v -0.919348 0.373982 0.0985386 
v -0.954678 0.340114 0.101803 
v -0.954678 0.374278 0.140687 
v -0.919282 0.367857 0.0791016 
v -0.927367 0.392855 0.121635 
v -0.919348 0.373982 0.0596646 
v -0.930366 0.418105 0.12794 
v -0.954678 0.340114 0.0564006 
v -0.954678 0.374278 0.0175166 
v -0.927367 0.392855 0.0365686 
v -1.10502 0.377437 0.0962146 
v -1.13885 0.408433 0.0791016 
v -1.13882 0.411699 0.0888696 
v -1.10503 0.371775 0.0791016 
v -1.11165 0.393794 0.114414 
v -1.10502 0.377437 0.0619886 
v -1.13879 0.413626 0.0922656 
v -1.13882 0.411699 0.0693336 
v -1.13876 0.416118 0.0940516 
v -1.11406 0.416307 0.121119 
v -1.13835 0.448957 0.1193 
v -1.11165 0.393794 0.0437896 
v -1.13879 0.413626 0.0659376 
v -1.13876 0.416118 0.0641516 
v -1.11406 0.416307 0.0370846 
v -1.13835 0.448957 0.0389036 
v -1.05031 0.347393 0.126912 
v -1.00627 0.388949 0.117428 
v -1.05031 0.386596 0.161102 
v -1.01506 0.409893 0.133278 
v -1.00627 0.388949 0.0407756 
v -1.01852 0.438828 0.133179 
v -1.05031 0.347393 0.0312916 
v -1.05031 0.386596 -0.00289839 
v -1.01506 0.409893 0.0249266 
v -1.05031 0.439616 -0.00411639 
v -1.05031 0.480456 0.0286756 
v -1.18175 0.384145 0.100045 
v -1.22039 0.419082 0.0791016 
v -1.22037 0.423213 0.0918556 
v -1.1817 0.377402 0.0791016 
v -1.19013 0.404299 0.122514 
v -1.18175 0.384145 0.0581586 
v -1.22036 0.426083 0.0967676 
v -1.22037 0.423213 0.0663476 
v -1.22034 0.430064 0.0995396 
v -1.19323 0.431599 0.131057 
v -1.22014 0.468077 0.126629 
v -1.19013 0.404299 0.0356896 
v -1.22036 0.426083 0.0614356 
v -1.22034 0.430064 0.0586636 
v -1.19323 0.431599 0.0271466 
v -1.22014 0.468077 0.0315746 
v -1.10502 0.377437 0.0962146 
v -1.13964 0.345578 0.10045 
v -1.13971 0.33962 0.0791016 
v -1.13926 0.376036 0.13255 
v -1.11165 0.393794 0.114414 
v -1.10502 0.377437 0.0619886 
v -1.13964 0.345578 0.0577536 
v -1.13926 0.376036 0.0256536 
v -1.11165 0.393794 0.0437896 
v -1.13875 0.417228 0.0144436 
v -1.13835 0.448957 0.0389036 
v -1.18175 0.384145 0.100045 
v -1.22075 0.348286 0.103504 
v -1.22057 0.383981 0.141171 
v -1.1817 0.377402 0.0791016 
v -1.19013 0.404299 0.122514 
v -1.18175 0.384145 0.0581586 
v -1.19323 0.431599 0.131057 
v -1.22075 0.348286 0.0546996 
v -1.22057 0.383981 0.0170326 
v -1.19013 0.404299 0.0356896 
v -1.19323 0.431599 0.0271466 
v -0.080976 0.00938779 0.135367 
v -0.090698 0.0454208 0.164677 
v -0.0856221 0.00975078 0.120008 
v -0.090698 0.0454208 -0.00647343 
v -0.080976 0.00938779 0.0228356 
v -0.0856221 0.00975078 0.0381946 
v 0.024533 0.0111128 0.157082 
v -0.016191 -0.0390192 0.156275 
v 0.0337939 0.0112638 0.0791016 
v -0.023877 0.0103208 0.195594 
v -0.05097 -0.0312792 0.170288 
v -0.016191 -0.0390192 0.00192856 
v -0.090034 0.00826079 0.194329 
v -0.0886741 -0.0278602 0.16195 
v -0.138348 0.00820482 0.155023 
v 0.024533 0.0111128 0.00112056 
v -0.023877 0.0103208 -0.0373914 
v -0.05097 -0.0312792 -0.0120854 
v -0.090034 0.00826079 -0.0361264 
v -0.138348 0.00820482 0.00317957 
v -0.025596 0.126269 0.155186 
v -0.064298 0.166146 0.201816 
v -0.0621641 0.11094 0.173654 
v -0.025596 0.126269 0.00301757 
v -0.123068 0.121743 0.200408 
v -0.09861 0.0898068 0.164375 
v -0.166918 0.0906318 0.156667 
v -0.064298 0.166147 -0.0436124 
v -0.0621641 0.11094 -0.0154514 
v -0.123068 0.121743 -0.0422054 
v -0.09861 0.0898068 -0.00617243 
v -0.166918 0.0906318 0.00153557 
v -1.25075 0.404644 0.0348546 
v -0.297439 -0.0631432 0.0791016 
v -0.232628 -0.0091722 0.0341086 
v -0.238439 -0.00910318 0.0791016 
v -0.232628 -0.0091722 0.124095 
v -0.295556 -0.0597312 0.00505257 
v -0.295556 -0.0597312 0.153151 
v -0.259521 -0.0515402 -0.00902242 
v -0.259521 -0.0515402 0.167226 
v -0.228591 -0.00922018 0.0271976 
v -0.228591 -0.00922018 0.131007 
v -0.220431 -0.0478172 -0.000374421 
v -0.223773 -0.00882119 0.0431276 
v -0.16908 -0.0101772 0.00680957 
v -0.220431 -0.0478172 0.158578 
v -0.223773 -0.00882119 0.115076 
v -0.16908 -0.0101772 0.151394 
v -1.2595 0.384191 0.100447 
v -1.22079 0.341458 0.0791016 
v -1.22075 0.348286 0.103504 
v -1.22057 0.383981 0.141171 
v -1.25962 0.377318 0.0791016 
v -1.2595 0.384191 0.0577566 
v -1.22033 0.431525 0.154423 
v -1.22075 0.348286 0.0546996 
v -1.22057 0.383981 0.0170326 
v -0.119974 0.23176 0.153888 
v -0.148197 0.222316 0.165374 
v -0.193184 0.233784 0.185455 
v -0.176651 0.208521 0.15841 
v -0.227734 0.212931 0.152624 
v -0.193184 0.233784 -0.0272524 
v -0.176651 0.208521 -0.000207432 
v -0.227734 0.212931 0.00557858 
v -1.16641 0.394476 0.114414 
v -1.16641 0.394476 0.0437896 
v -1.17345 0.378289 0.0962146 
v -1.13971 0.33962 0.0791016 
v -1.13964 0.345578 0.10045 
v -1.17359 0.372629 0.0791016 
v -1.17345 0.378289 0.0619886 
v -1.13875 0.417228 0.0144436 
v -1.08555 0.409893 0.133277 
v -1.09435 0.388949 0.117428 
v -1.05031 0.339724 0.0791016 
v -1.05031 0.347393 0.126912 
v -1.09443 0.381662 0.0791016 
v -1.09435 0.388949 0.0407756 
v -1.05031 0.347393 0.0312916 
v -0.981989 0.392855 0.121635 
v -0.954678 0.408981 0.0654886 
v -0.981989 0.392855 0.0365686 
v -0.215376 0.388671 0.0625516 
v -0.960498 0.560605 0.0971096 
v -0.963099 0.549231 0.100481 
v -0.987674 0.549392 0.0791016 
v -0.965043 0.541157 0.0898456 
v -0.975784 0.541417 0.0791016 
v -0.963099 0.549231 0.0577226 
v -0.987674 0.549392 0.0791016 
v -0.965043 0.541157 0.0683576 
v -0.975784 0.541417 0.0791016 
v -0.990008 0.373982 0.0985386 
v -0.954678 0.333734 0.0791016 
v -0.954678 0.340114 0.101803 
v -0.954678 0.374278 0.140687 
v -0.990073 0.367857 0.0791016 
v -0.990008 0.373982 0.0596646 
v -0.954678 0.340114 0.0564006 
v -0.904423 0.547425 0.0516146 
v -0.350954 0.0783928 0.0791016 
v -0.283297 0.0715498 0.00583058 
v -0.282812 0.0661798 0.0791016 
v -0.283297 0.0715498 0.152373 
v -0.351285 0.0837438 -0.000477426 
v -0.351285 0.0837438 0.158681 
v -0.218566 0.177667 0.00428458 
v -0.255249 0.149195 0.183869 
v -0.218566 0.177667 0.153919 
v -0.892921 0.40349 0.0378946 
v -0.840536 0.54851 0.0513126 
v -0.025596 0.126269 0.155186 
v -0.11207 0.13115 0.141376 
v -0.021824 0.124465 0.0791016 
v -0.107039 0.134835 0.0791016 
v -0.11207 0.13115 0.0168266 
v -0.025596 0.126269 0.00301757 
v -0.0621641 0.11094 -0.0154514 
v -0.0621641 0.11094 0.173654 
v -0.115564 0.12859 0.134793 
v -0.09861 0.0898068 0.164375 
v -0.120018 0.125934 0.1177 
v -0.166918 0.0906318 0.156667 
v -0.09861 0.0898068 -0.00617243 
v -0.115564 0.12859 0.0234106 
v -0.120018 0.125934 0.0405026 
v -0.166918 0.0906318 0.00153557 
v -0.262786 0.144704 0.0310046 
v -0.27322 0.142456 0.0207676 
v -0.234963 0.120992 0.00545458 
v -0.259476 0.147722 0.0457666 
v -0.27322 0.142456 0.137436 
v -0.262786 0.144704 0.127199 
v -0.234963 0.120992 0.152749 
v -0.259476 0.147722 0.112437 
v -0.900864 0.384505 0.0991056 
v -0.860442 0.339477 0.0791016 
v -0.860448 0.346483 0.104222 
v -0.860474 0.382127 0.141781 
v -0.900939 0.377865 0.0791016 
v -0.900864 0.384505 0.0590976 
v -0.860448 0.346483 0.0539816 
v -0.819077 0.279625 0.150723 
v -0.833548 0.339893 0.145706 
v -0.789341 0.316546 -0.0162824 
v -0.789341 0.316546 0.174486 
v -0.783281 0.381553 0.0104616 
v -0.783281 0.381553 0.147742 
v -0.157099 0.386634 0.0791016 
v -0.167812 0.407209 0.102299 
v -0.144013 0.403576 0.0918316 
v -0.141625 0.391071 0.0791016 
v -0.117037 0.386498 0.0791016 
v -0.157099 0.386634 0.0791016 
v -0.167812 0.407209 0.0559046 
v -0.144013 0.403576 0.0663716 
v -0.141625 0.391071 0.0791016 
v -0.117037 0.386498 0.0791016 
v -0.287817 -0.00852019 -0.0352694 
v -0.33803 -0.0079262 0.140482 
v -0.741113 0.283999 0.0791016 
v -0.694498 0.240702 -0.000477411 
v -0.690008 0.237774 0.0791016 
v -0.694498 0.240702 0.158681 
v -0.745494 0.286985 0.0050966 
v -0.745494 0.286985 0.153107 
v -0.690295 0.293208 -0.0268804 
v -0.690295 0.293208 0.185084 
v -0.690632 0.403247 0.153919 
v -0.119974 0.23176 0.153888 
v -0.18443 0.240214 0.141147 
v -0.117251 0.2302 0.0791016 
v -0.18046 0.242694 0.0791016 
v -0.18443 0.240215 0.0170556 
v -0.119974 0.23176 0.00431457 
v -0.148197 0.222316 -0.00717143 
v -0.148197 0.222316 0.165374 
v -0.187187 0.238493 0.136206 
v -0.176651 0.208521 0.15841 
v -0.190669 0.236751 0.123377 
v -0.227734 0.212931 0.152624 
v -0.176651 0.208521 -0.000207432 
v -0.190669 0.236751 0.0348266 
v -0.227734 0.212931 0.00557858 
v -0.769951 0.352529 0.0266016 
v -0.833548 0.339893 0.0124976 
v -0.75981 0.361051 0.0490996 
v -0.769951 0.352529 0.131602 
v -0.833548 0.339893 0.145706 
v -0.75981 0.361051 0.109104 
v -0.695005 0.33838 0.0207676 
v -0.69058 0.348094 0.0310046 
v -0.745494 0.286985 0.0050966 
v -0.725405 0.356689 0.0028346 
v -0.691026 0.35255 0.0457666 
v -0.695005 0.33838 0.137436 
v -0.745494 0.286985 0.153107 
v -0.69058 0.348094 0.127199 
v -0.725405 0.356689 0.155369 
v -0.691026 0.35255 0.112437 
v -0.024754 0.0631228 0.152937 
v -0.198805 0.464139 0.0889116 
v -0.196624 0.454574 0.0791016 
v -0.177563 0.451726 0.0791016 
v -0.253385 0.448955 0.108006 
v -0.236687 0.425362 0.0791016 
v -0.253135 0.432575 0.0791016 
v -0.263029 0.443209 0.0936266 
v -0.196624 0.454574 0.0791016 
v -0.198805 0.464139 0.0692916 
v -0.177563 0.451726 0.0791016 
v -0.253385 0.448955 0.0501976 
v -0.236687 0.425362 0.0791016 
v -0.253135 0.432575 0.0791016 
v -0.263029 0.443209 0.0645766 
v -0.016191 -0.0390192 0.156275 
v -0.0770841 0.00945079 0.141283 
v -0.014361 -0.0423012 0.0791016 
v -0.05097 -0.0312792 0.170288 
v -0.071481 0.00954282 0.0791016 
v -0.0770841 0.00945079 0.0169196 
v -0.0886741 -0.0278602 0.16195 
v -0.0856221 0.00975078 0.120008 
v -0.138348 0.00820482 0.155023 
v -0.016191 -0.0390192 0.00192856 
v -0.05097 -0.0312792 -0.0120854 
v -0.0886741 -0.0278602 -0.00374743 
v -0.0856221 0.00975078 0.0381946 
v -0.138348 0.00820482 0.00317957 
v -0.690008 0.237774 0.0791016 
v -0.644132 0.287971 0.00583059 
v -0.639535 0.285154 0.0791016 
v -0.644132 0.287971 0.152373 
v -0.694498 0.240702 -0.000477411 
v -0.694498 0.240702 0.158681 
v -0.934297 0.548152 0.0791016 
v -0.904423 0.547425 0.0516146 
v -0.909902 0.542002 0.0656716 
v -0.923332 0.542002 0.0791016 
v -0.934297 0.548152 0.0791016 
v -0.909902 0.542002 0.0925316 
v -0.904423 0.547425 0.106589 
v -0.923332 0.542002 0.0791016 
v -0.817222 0.275172 0.0791016 
v -0.757662 0.289255 0.0131576 
v -0.75567 0.28483 0.0791016 
v -0.757662 0.289255 0.145046 
v -0.819077 0.279625 0.0074806 
v -0.819077 0.279625 0.150723 
v -0.746398 0.316574 0.152596 
v -0.296539 0.0462488 0.0220216 
v -0.22806 0.0281988 -0.00320242 
v -0.695005 0.33838 0.0207676 
v -0.650883 0.320103 -0.00255841 
v -0.69058 0.348094 0.0310046 
v -0.654948 0.356262 0.00545459 
v -0.691026 0.35255 0.0457666 
v -0.69058 0.348094 0.127199 
v -0.650883 0.320103 0.160762 
v -0.695005 0.33838 0.137436 
v -0.654949 0.356262 0.152749 
v -0.691026 0.35255 0.112437 
v -0.868424 0.549364 0.0791016 
v -0.843279 0.542567 0.0913436 
v -0.840536 0.54851 0.106891 
v -0.855521 0.542567 0.0791016 
v -0.868424 0.549364 0.0791016 
v -0.840536 0.54851 0.0513126 
v -0.843279 0.542567 0.0668596 
v -0.855521 0.542567 0.0791016 
v -0.820088 0.384566 0.0590976 
v -0.769951 0.352529 0.0266016 
v -0.761737 0.357511 0.0358136 
v -0.731096 0.345527 0.0100276 
v -0.75981 0.361051 0.0490996 
v -0.769951 0.352529 0.131602 
v -0.761737 0.357511 0.12239 
v -0.731096 0.345527 0.148176 
v -0.75981 0.361051 0.109104 
v -0.809392 0.569251 0.0791016 
v -0.27322 0.142456 0.0207676 
v -0.344591 0.152285 0.00509658 
v -0.259476 0.147722 0.0457666 
v -0.27322 0.142456 0.137436 
v -0.344591 0.152285 0.153107 
v -0.259476 0.147722 0.112437 
v -0.873442 0.557919 0.0791016 
v -0.904423 0.547425 0.0516146 
v -0.876946 0.54031 0.0791016 
v -0.896472 0.542002 0.0791016 
v -0.909902 0.542002 0.0656716 
v -0.896472 0.542002 0.0791016 
v -0.904423 0.547425 0.106589 
v -0.909902 0.542002 0.0925316 
v -0.876946 0.54031 0.0791016 
v -0.820088 0.384566 0.0991056 
v -0.860448 0.346483 0.104222 
v -0.860442 0.339477 0.0791016 
v -0.860474 0.382127 0.141781 
v -0.820004 0.377925 0.0791016 
v -0.820088 0.384566 0.0590976 
v -0.860448 0.346483 0.0539816 
v -0.840536 0.54851 0.0513126 
v -0.814423 0.54433 0.0791016 
v -0.831037 0.542567 0.0791016 
v -0.843279 0.542567 0.0668596 
v -0.831037 0.542567 0.0791016 
v -0.840536 0.54851 0.106891 
v -0.843279 0.542567 0.0913436 
v -0.814423 0.54433 0.0791016 
v -0.963099 0.549231 0.100481 
v -0.941985 0.542681 0.0791016 
v -0.954302 0.540898 0.0791016 
v -0.965043 0.541157 0.0898456 
v -0.963099 0.549231 0.0577226 
v -0.941985 0.542681 0.0791016 
v -0.954302 0.540898 0.0791016 
v -0.965043 0.541157 0.0683576 
v -0.919348 0.373982 0.0985386 
v -0.954678 0.340114 0.101803 
v -0.954678 0.333734 0.0791016 
v -0.954678 0.374278 0.140687 
v -0.919282 0.367857 0.0791016 
v -0.919348 0.373982 0.0596646 
v -0.954678 0.340114 0.0564006 
v -0.188695 0.359804 0.0791016 
v -0.215376 0.388671 0.0625516 
v -0.207356 0.392412 0.0415326 
v -0.188695 0.359804 0.0791016 
v -0.215376 0.388671 0.0956516 
v -0.207356 0.392411 0.116671 
v -1.11165 0.393794 0.0437896 
v -1.05031 0.347393 0.126912 
v -1.05031 0.339724 0.0791016 
v -1.00627 0.388949 0.117428 
v -1.00618 0.381662 0.0791016 
v -1.00627 0.388949 0.0407756 
v -1.05031 0.347393 0.0312916 
v -1.10502 0.377437 0.0962146 
v -1.13964 0.345578 0.10045 
v -1.13971 0.33962 0.0791016 
v -1.10503 0.371775 0.0791016 
v -1.10502 0.377437 0.0619886 
v -1.13964 0.345578 0.0577536 
v -1.18175 0.384145 0.100045 
v -1.22075 0.348286 0.103504 
v -1.22079 0.341458 0.0791016 
v -1.22057 0.383981 0.141171 
v -1.1817 0.377402 0.0791016 
v -1.18175 0.384145 0.0581586 
v -1.22075 0.348286 0.0546996 
v 0.024533 0.0111128 0.157082 
v -0.016191 -0.0390192 0.156275 
v -0.023877 0.0103208 0.195594 
v -0.05097 -0.0312792 0.170288 
v -0.090034 0.00826079 0.194329 
v -0.0886741 -0.0278602 0.16195 
v -0.138348 0.00820482 0.155023 
v -0.05097 -0.0312792 -0.0120854 
v -0.020833 0.197988 0.158958 
v -0.025596 0.126269 0.155186 
v -0.064298 0.166146 0.201816 
v -0.0621641 0.11094 0.173654 
v -0.025596 0.126269 0.00301757 
v -0.123068 0.121743 0.200408 
v -0.09861 0.0898068 0.164375 
v -0.166918 0.0906318 0.156667 
v -0.09861 0.0898068 -0.00617243 
v -1.25075 0.404644 0.123349 
v -1.22014 0.468077 0.126629 
v -1.25075 0.404644 0.0348546 
v -0.232628 -0.0091722 0.124095 
v -0.295556 -0.0597312 0.00505257 
v -0.295556 -0.0597312 0.153151 
v -0.259521 -0.0515402 -0.00902242 
v -0.259521 -0.0515402 0.167226 
v -0.228591 -0.00922018 0.0271976 
v -0.220431 -0.0478172 -0.000374421 
v -0.16908 -0.0101772 0.00680957 
v -0.220431 -0.0478172 0.158578 
v -0.16908 -0.0101772 0.151394 
v -1.22079 0.341458 0.0791016 
v -1.22057 0.383981 0.141171 
v -1.25075 0.404644 0.123349 
v -1.22033 0.431525 0.154423 
v -1.2473 0.432434 0.132056 
v -1.22014 0.468077 0.126629 
v -0.119974 0.23176 0.153888 
v -0.146729 0.263758 0.186512 
v -0.146729 0.263758 -0.0283084 
v -0.148197 0.222316 0.165374 
v -0.148197 0.222316 -0.00717143 
v -0.193184 0.233784 0.185455 
v -0.176651 0.208521 0.15841 
v -0.227734 0.212931 0.152624 
v -1.16641 0.394476 0.114414 
v -1.13835 0.448957 0.1193 
v -1.13835 0.448957 0.0389036 
v -1.13971 0.33962 0.0791016 
v -1.13926 0.376036 0.13255 
v -1.16641 0.394476 0.114414 
v -1.13875 0.417228 0.14376 
v -1.16345 0.416922 0.121119 
v -1.13835 0.448957 0.1193 
v -1.08555 0.409893 0.133277 
v -1.05031 0.480456 0.129528 
v -1.09435 0.388949 0.0407756 
v -1.05031 0.4325 0.0572256 
v -1.08555 0.409893 0.0249266 
v -1.05031 0.434981 0.0589056 
v -1.05031 0.480456 0.0286756 
v -1.05031 0.347393 0.126912 
v -1.05031 0.386596 0.161102 
v -1.08555 0.409893 0.133277 
v -1.05031 0.439616 0.16232 
v -1.08209 0.438828 0.133179 
v -1.05031 0.480456 0.129528 
v -0.981989 0.392855 0.121635 
v -0.954678 0.45321 0.119843 
v -0.981989 0.392855 0.0365686 
v -0.954678 0.45321 0.0383606 
v -0.215376 0.388671 0.0625516 
v -0.953588 0.577318 0.0923236 
v -0.966373 0.58069 0.0791016 
v -0.960498 0.560605 0.0971096 
v -0.97796 0.565004 0.0791016 
v -0.963099 0.549231 0.100481 
v -0.987674 0.549392 0.0791016 
v -0.965043 0.541157 0.0898456 
v -0.975784 0.541417 0.0791016 
v -0.965819 0.527639 0.0952146 
v -0.954678 0.333734 0.0791016 
v -0.954678 0.374278 0.140687 
v -0.981989 0.392855 0.121635 
v -0.954678 0.419005 0.150631 
v -0.978989 0.418105 0.12794 
v -0.954678 0.45321 0.119843 
v -0.87864 0.595327 0.0791016 
v -0.87108 0.5909 0.0878626 
v -0.883743 0.580216 0.0950656 
v -0.899256 0.583986 0.0791016 
v -0.894307 0.564035 0.100845 
v -0.919697 0.570151 0.0791016 
v -0.904423 0.547425 0.106589 
v -0.934297 0.548152 0.0791016 
v -0.283297 0.0715498 0.152373 
v -0.351285 0.0837438 0.158681 
v -0.30665 0.111714 -0.0268804 
v -0.30665 0.111714 0.185084 
v -0.261546 0.0961458 0.160763 
v -0.234963 0.120992 0.00545458 
v -0.218566 0.177667 0.00428458 
v -0.255249 0.149195 0.183869 
v -0.234963 0.120992 0.152749 
v -0.218566 0.177667 0.153919 
v -0.909902 0.528662 0.0979116 
v -0.892921 0.40349 0.120309 
v -0.892921 0.40349 0.0378946 
v -0.889799 0.429785 0.0301196 
v -0.860539 0.467798 0.0366356 
v -0.854997 0.572269 0.0791016 
v -0.840536 0.54851 0.106891 
v -0.834593 0.560876 0.102471 
v -0.868424 0.549364 0.0791016 
v -0.841147 0.582259 0.0791016 
v -0.825269 0.575755 0.0962596 
v -0.0621641 0.11094 -0.0154514 
v -0.09861 0.0898068 -0.00617243 
v -0.115564 0.12859 0.0234106 
v -0.843279 0.542567 0.0913436 
v -0.862407 0.530378 0.0791016 
v -0.843279 0.530378 0.0982296 
v -0.855521 0.542567 0.0791016 
v -0.261546 0.0961458 -0.00255843 
v -0.262786 0.144704 0.0310046 
v -0.27322 0.142456 0.0207676 
v -0.283297 0.0715498 0.00583058 
v -0.234963 0.120992 0.00545458 
v -0.262786 0.144704 0.127199 
v -0.253135 0.432575 0.0791016 
v -0.280791 0.425593 0.100885 
v -0.26563 0.410067 0.0791016 
v -0.263029 0.443209 0.0936266 
v -0.860442 0.339477 0.0791016 
v -0.860474 0.382127 0.141781 
v -0.892921 0.40349 0.120309 
v -0.860511 0.430499 0.154885 
v -0.889799 0.429785 0.128084 
v -0.860539 0.467798 0.121568 
v -0.819077 0.279625 0.150723 
v -0.833548 0.339893 0.145706 
v -0.789341 0.316546 -0.0162824 
v -0.789341 0.316546 0.174486 
v -0.805364 0.356358 0.153575 
v -0.783281 0.381553 0.0104616 
v -0.756648 0.363548 0.173392 
v -0.783281 0.381553 0.147742 
v -0.733823 0.398557 0.15492 
v -0.207356 0.392411 0.116671 
v -0.188695 0.359804 0.0791016 
v -0.179307 0.370416 0.0791016 
v -0.190425 0.399989 0.110695 
v -0.157099 0.386634 0.0791016 
v -0.167812 0.407209 0.102299 
v -0.144013 0.403576 0.0918316 
v -0.141625 0.391071 0.0791016 
v -0.287817 -0.00852019 -0.0352694 
v -0.33803 -0.0079262 0.140482 
v -0.295556 -0.0597312 0.153151 
v -0.287817 -0.00852019 0.193473 
v -0.259521 -0.0515402 0.167226 
v -0.219191 -0.0103462 0.192162 
v -0.220431 -0.0478172 0.158578 
v -0.16908 -0.0101772 0.151394 
v -0.226016 0.425019 0.0791016 
v -0.694498 0.240702 0.158681 
v -0.745494 0.286985 0.153107 
v -0.690295 0.293208 -0.0268804 
v -0.690295 0.293208 0.185084 
v -0.729918 0.319738 -0.0036464 
v -0.729918 0.319738 0.16185 
v -0.690632 0.403247 0.00428459 
v -0.689685 0.356821 0.183869 
v -0.725405 0.356689 0.155369 
v -0.690632 0.403247 0.153919 
v -0.148197 0.222316 -0.00717143 
v -0.176651 0.208521 -0.000207432 
v -0.187187 0.238493 0.0219976 
v -0.761737 0.357511 0.0358136 
v -0.805364 0.356358 0.0046286 
v -0.769951 0.352529 0.0266016 
v -0.783281 0.381553 0.0104616 
v -0.729918 0.319738 -0.0036464 
v -0.695005 0.33838 0.0207676 
v -0.69058 0.348094 0.0310046 
v -0.725405 0.356689 0.0028346 
v -0.024754 0.0631228 0.152937 
v 0.024533 0.0111128 0.157082 
v -0.023877 0.0103208 0.195594 
v -0.052361 0.0509428 0.17142 
v -0.052361 0.0509428 -0.0132174 
v -0.090034 0.00826079 0.194329 
v -0.090698 0.0454208 0.164677 
v -0.138348 0.00820482 0.155023 
v -0.208419 0.450733 0.0791016 
v -0.198805 0.464139 0.0889116 
v -0.217233 0.466285 0.0969776 
v -0.196624 0.454574 0.0791016 
v -0.177563 0.451726 0.0791016 
v -0.227687 0.436136 0.0791016 
v -0.239926 0.457182 0.103448 
v -0.253385 0.448955 0.108006 
v -0.236687 0.425362 0.0791016 
v -0.253135 0.432575 0.0791016 
v -0.263029 0.443209 0.0936266 
v -0.217233 0.466285 0.0969776 
v -0.226047 0.481836 0.0791016 
v -0.239926 0.457182 0.103448 
v -0.252165 0.478228 0.0791016 
v -0.253385 0.448955 0.108006 
v -0.272924 0.453844 0.0791016 
v -0.263029 0.443209 0.0936266 
v -0.280791 0.425593 0.100885 
v -0.295953 0.441118 0.0791016 
v -0.0770841 0.00945079 0.0169196 
v -0.05097 -0.0312792 -0.0120854 
v -0.080976 0.00938779 0.0228356 
v -0.0886741 -0.0278602 -0.00374743 
v -0.644132 0.287971 0.00583059 
v -0.644132 0.287971 0.152373 
v -0.694498 0.240702 0.158681 
v -0.690295 0.293208 0.185084 
v -0.650883 0.320103 0.160762 
v -0.654948 0.356262 0.00545459 
v -0.689685 0.356821 0.183869 
v -0.654949 0.356262 0.152749 
v -0.690632 0.403247 0.153919 
v -0.757662 0.289255 0.145046 
v -0.819077 0.279625 0.150723 
v -0.789341 0.316546 0.174486 
v -0.746398 0.316574 0.152596 
v -0.756648 0.363548 0.173392 
v -0.731096 0.345527 0.148176 
v -0.733823 0.398557 0.15492 
v -0.170103 0.301165 0.150881 
v -0.146729 0.263758 0.186512 
v -0.184612 0.280556 0.16632 
v -0.193184 0.233784 0.185455 
v -0.209667 0.26009 0.160687 
v -0.227734 0.212931 0.152624 
v -0.209667 0.26009 -0.00248443 
v -0.824151 0.530378 0.0791016 
v -0.843279 0.542567 0.0913436 
v -0.824151 0.530378 0.0791016 
v -0.831037 0.542567 0.0791016 
v -0.267848 0.0337458 -0.0101964 
v -0.228591 -0.00922018 0.0271976 
v -0.22806 0.0281988 -0.00320242 
v -0.695005 0.33838 0.0207676 
v -0.644132 0.287971 0.00583059 
v -0.650883 0.320103 -0.00255841 
v -0.69058 0.348094 0.0310046 
v -0.654948 0.356262 0.00545459 
v -0.891092 0.528662 0.0791016 
v -0.769951 0.352529 0.0266016 
v -0.757662 0.289255 0.0131576 
v -0.746398 0.316574 0.0056076 
v -0.761737 0.357511 0.0358136 
v -0.731096 0.345527 0.0100276 
v -0.834593 0.560876 0.102471 
v -0.809392 0.569251 0.0791016 
v -0.825269 0.575755 0.0962596 
v -0.810092 0.58507 0.0885176 
v -0.802771 0.579147 0.0791016 
v -0.786699 0.588308 0.0791016 
v -0.262786 0.144704 0.0310046 
v -0.309017 0.159339 -0.00364643 
v -0.27322 0.142456 0.0207676 
v -0.276677 0.177775 0.00283458 
v -0.344591 0.152285 0.153107 
v -0.09904 0.213545 0.154345 
v -0.020833 0.197988 0.158958 
v -0.090747 0.219778 0.0791016 
v -0.064298 0.166146 0.201816 
v -0.116287 0.184733 0.174914 
v -0.09904 0.213545 0.00385757 
v -0.123068 0.121743 0.200408 
v -0.14756 0.155071 0.167409 
v -0.87108 0.5909 0.0878626 
v -0.868231 0.576446 0.0791016 
v -0.86352 0.586473 0.0791016 
v -0.850012 0.59714 0.0791016 
v -0.883743 0.580216 0.0950656 
v -0.873442 0.557919 0.0791016 
v -0.894307 0.564035 0.100845 
v -0.876946 0.54031 0.0791016 
v -0.904423 0.547425 0.106589 
v -0.860474 0.382127 0.141781 
v -0.82806 0.403539 0.120309 
v -0.860511 0.430499 0.154885 
v -0.831222 0.429829 0.128084 
v -0.860539 0.467798 0.121568 
v -0.942929 0.585961 0.0863576 
v -0.940803 0.573946 0.0791016 
v -0.93674 0.582173 0.0791016 
v -0.925382 0.590788 0.0791016 
v -0.953588 0.577318 0.0923236 
v -0.943035 0.556205 0.0791016 
v -0.960498 0.560605 0.0971096 
v -0.941985 0.542681 0.0791016 
v -0.954302 0.540898 0.0791016 
v -0.965043 0.541157 0.0898456 
v -0.243931 0.389004 0.0791016 
v -0.215376 0.388671 0.0956516 
v -0.228013 0.399357 0.0791016 
v -0.228099 0.368557 0.104962 
v -1.00627 0.388949 0.0407756 
v -1.05031 0.4325 0.0572256 
v -1.01506 0.409893 0.0249266 
v -1.05031 0.434981 0.0589056 
v -1.05031 0.480456 0.0286756 
v -0.954678 0.374278 0.140687 
v -0.927367 0.392855 0.121635 
v -0.954678 0.419005 0.150631 
v -0.930366 0.418105 0.12794 
v -0.954678 0.45321 0.119843 
v -1.11165 0.393794 0.0437896 
v -0.351285 0.0837438 0.158681 
v -0.344591 0.152285 0.153107 
v -0.30665 0.111714 0.185084 
v -0.309017 0.159339 0.16185 
v -0.255249 0.149195 0.183869 
v -0.276677 0.177775 0.155369 
v -1.05031 0.347393 0.126912 
v -1.05031 0.386596 0.161102 
v -1.01506 0.409893 0.133278 
v -1.05031 0.439616 0.16232 
v -1.01852 0.438828 0.133179 
v -1.05031 0.480456 0.129528 
v -0.184612 0.280556 -0.00811643 
v -0.209667 0.26009 -0.00248443 
v -0.187187 0.238493 0.0219976 
v -0.296539 0.0462488 0.136182 
v -0.287817 -0.00852019 0.193473 
v -0.267848 0.0337458 0.1684 
v -0.219191 -0.0103462 0.192162 
v -0.22806 0.0281988 0.161406 
v -0.16908 -0.0101772 0.151394 
v -1.13926 0.376036 0.13255 
v -1.11165 0.393794 0.114414 
v -1.13875 0.417228 0.14376 
v -1.11406 0.416307 0.121119 
v -1.13835 0.448957 0.1193 
v -1.22057 0.383981 0.141171 
v -1.19013 0.404299 0.122514 
v -1.22033 0.431525 0.154423 
v -1.19323 0.431599 0.131057 
v -1.22014 0.468077 0.126629 
v -0.116287 0.184733 -0.0167104 
v -0.14756 0.155071 -0.00920643 
v -0.115564 0.12859 0.0234106 
v -0.052361 0.0509428 -0.0132174 
v -0.090698 0.0454208 -0.00647343 
v -0.080976 0.00938779 0.0228356 

vn 0.755906 -0.653543 0 
vn 0.125984 -0.574803 0.811024 
vn -0.275591 -0.598425 0.755906 
vn 0.125984 -0.574803 -0.811024 
vn 0.874016 -0.15748 -0.456693 
vn 0.125984 -0.645669 0.755906 
vn 0.125984 -0.645669 -0.755906 
vn 0.11811 -0.645669 -0.755906 
vn -0.708661 0.653543 -0.267717 
vn -0.740157 0.503937 -0.448819 
vn -0.740157 0.488189 -0.464567 
vn -0.716535 0.346457 -0.606299 
vn -0.708661 0.362205 -0.606299 
vn -0.677165 0.425197 -0.598425 
vn -0.708661 0.653543 -0.251969 
vn -0.732283 0.685039 0 
vn -0.732283 0.685039 0 
vn -0.708661 0.653543 0.251969 
vn -0.708661 0.653543 0.267717 
vn -0.740157 0.503937 0.448819 
vn -0.740157 0.488189 0.464567 
vn -0.716535 0.346457 0.606299 
vn -0.708661 0.362205 0.606299 
vn -0.677165 0.425197 0.598425 
vn 0.559055 -0.787402 -0.251969 
vn 0.574803 -0.787402 0.212598 
vn 0.574803 -0.787402 -0.212598 
vn 0.19685 -0.771654 -0.606299 
vn -0.015748 -0.732283 0.685039 
vn -0.015748 -0.732283 -0.685039 
vn -0.0629921 -0.669291 0.740157 
vn 0.0944882 -0.685039 0.724409 
vn -0.0629921 -0.669291 -0.740157 
vn 0.0944882 -0.685039 -0.724409 
vn -0.653543 -0.622047 0.425197 
vn -0.685039 -0.732283 0 
vn -0.661417 -0.653543 0.370079 
vn -0.622047 -0.393701 0.677165 
vn -0.685039 -0.732283 0 
vn -0.622047 -0.362205 0.692913 
vn -0.653543 -0.622047 -0.425197 
vn -0.622047 0.0944882 0.779528 
vn -0.661417 -0.653543 -0.370079 
vn -0.622047 -0.393701 -0.677165 
vn -0.622047 -0.362205 -0.692913 
vn -0.622047 0.133858 -0.771654 
vn -0.622047 0.0944882 -0.779528 
vn 0.850394 -0.220472 0.472441 
vn 0.496063 -0.354331 0.795276 
vn 0.496063 -0.354331 -0.795276 
vn 0.401575 -0.425197 0.811024 
vn 0.401575 -0.425197 -0.811024 
vn -0.700787 0.661417 -0.275591 
vn -0.716535 0.519685 -0.464567 
vn -0.724409 0.496063 -0.480315 
vn -0.685039 0.362205 -0.629921 
vn -0.685039 0.377953 -0.622047 
vn -0.645669 0.472441 -0.598425 
vn -0.700787 0.669291 -0.259843 
vn -0.716535 0.692913 0 
vn -0.716535 0.692913 0 
vn -0.700787 0.669291 0.259843 
vn -0.700787 0.661417 0.275591 
vn -0.716535 0.519685 0.464567 
vn -0.724409 0.496063 0.480315 
vn -0.685039 0.362205 0.629921 
vn -0.685039 0.377953 0.622047 
vn -0.645669 0.472441 0.598425 
vn -0.677165 -0.606299 0.417323 
vn -0.700787 -0.708661 0 
vn -0.685039 -0.629921 0.370079 
vn -0.653543 -0.370079 0.661417 
vn -0.653543 -0.346457 0.669291 
vn -0.677165 -0.606299 -0.417323 
vn -0.661417 0.141732 0.740157 
vn -0.685039 -0.629921 -0.370079 
vn -0.653543 -0.370079 -0.661417 
vn -0.653543 -0.346457 -0.669291 
vn -0.661417 0.141732 -0.740157 
vn -0.590551 0.496063 -0.637795 
vn -0.732283 0.629921 -0.251969 
vn -0.755906 0.370079 -0.543307 
vn -0.740157 0.606299 -0.307087 
vn -0.748031 0.181102 -0.637795 
vn -0.724409 0.685039 0 
vn -0.708661 0.220472 -0.669291 
vn -0.708661 0.23622 -0.661417 
vn -0.653543 0.448819 -0.606299 
vn -0.724409 0.685039 0 
vn -0.732283 0.629921 0.251969 
vn -0.740157 0.606299 0.307087 
vn -0.755906 0.370079 0.543307 
vn -0.748031 0.181102 0.637795 
vn -0.708661 0.220472 0.669291 
vn -0.708661 0.23622 0.661417 
vn -0.653543 0.448819 0.606299 
vn -0.700787 -0.590551 0.409449 
vn -0.700787 -0.614173 0.354331 
vn -0.661417 -0.251969 0.700787 
vn -0.661417 -0.19685 0.724409 
vn -0.700787 -0.590551 -0.409449 
vn -0.645669 0.220472 0.732283 
vn -0.700787 -0.614173 -0.354331 
vn -0.661417 -0.251969 -0.700787 
vn -0.661417 -0.19685 -0.724409 
vn -0.637795 0.23622 -0.732283 
vn -0.590551 0.503937 -0.629921 
vn -0.732283 0.503937 -0.464567 
vn -0.700787 0.661417 -0.259843 
vn -0.700787 0.669291 -0.244094 
vn -0.732283 0.480315 -0.488189 
vn -0.724409 0.692913 0 
vn -0.700787 0.283465 -0.653543 
vn -0.700787 0.291339 -0.653543 
vn -0.685039 0.322835 -0.645669 
vn -0.724409 0.692913 0 
vn -0.700787 0.669291 0.244094 
vn -0.700787 0.661417 0.259843 
vn -0.732283 0.503937 0.464567 
vn -0.732283 0.480315 0.488189 
vn -0.700787 0.283465 0.653543 
vn -0.700787 0.291339 0.653543 
vn -0.685039 0.322835 0.645669 
vn -0.511811 0.559055 0.653543 
vn -0.606299 0.401575 0.692913 
vn -0.669291 -0.267717 0.692913 
vn -0.677165 0.299213 0.677165 
vn -0.677165 0.299213 0.677165 
vn -0.511811 0.559055 -0.653543 
vn -0.669291 -0.267717 -0.692913 
vn -0.677165 0.299213 -0.677165 
vn -0.677165 0.299213 -0.677165 
vn -0.669291 -0.622047 0.401575 
vn -0.700787 -0.716535 0 
vn -0.677165 -0.645669 0.346457 
vn -0.661417 -0.370079 0.645669 
vn -0.700787 -0.716535 0 
vn -0.661417 -0.346457 0.661417 
vn -0.669291 -0.622047 -0.401575 
vn -0.661417 0.141732 0.732283 
vn -0.677165 -0.645669 -0.346457 
vn -0.661417 -0.370079 -0.645669 
vn -0.661417 -0.346457 -0.661417 
vn 0.19685 -0.543307 -0.818898 
vn 0.19685 -0.543307 0.818898 
vn 0.716535 -0.220472 -0.661417 
vn 0.716535 -0.220472 0.661417 
vn -0.677165 0.275591 -0.677165 
vn -0.677165 0.275591 -0.677165 
vn -0.677165 0.275591 -0.677165 
vn -0.677165 0.275591 -0.677165 
vn -0.677165 0.275591 0.677165 
vn -0.677165 0.275591 0.677165 
vn -0.677165 0.275591 0.677165 
vn -0.677165 0.275591 0.677165 
vn -0.708661 0.653543 -0.275591 
vn -0.724409 0.503937 -0.464567 
vn -0.732283 0.488189 -0.480315 
vn -0.700787 0.330709 -0.629921 
vn -0.692913 0.338583 -0.629921 
vn -0.669291 0.409449 -0.614173 
vn -0.708661 0.653543 -0.259843 
vn -0.724409 0.685039 0 
vn -0.724409 0.685039 0 
vn -0.708661 0.653543 0.259843 
vn -0.708661 0.653543 0.275591 
vn -0.724409 0.503937 0.464567 
vn -0.732283 0.488189 0.480315 
vn -0.700787 0.330709 0.629921 
vn -0.692913 0.338583 0.629921 
vn -0.669291 0.409449 0.614173 
vn -0.606299 0.417323 -0.677165 
vn -0.354331 0.692913 -0.629921 
vn -0.141732 0.818898 -0.559055 
vn -0.606299 0.417323 0.677165 
vn -0.354331 0.692913 0.629921 
vn -0.141732 0.818898 0.559055 
vn 0.535433 -0.401575 -0.740157 
vn 0.535433 -0.401575 0.740157 
vn -0.669291 -0.614173 0.417323 
vn -0.692913 -0.716535 0 
vn -0.669291 -0.645669 0.370079 
vn -0.645669 -0.377953 0.661417 
vn -0.692913 -0.716535 0 
vn -0.653543 -0.354331 0.669291 
vn -0.669291 -0.614173 -0.417323 
vn -0.661417 0.110236 0.740157 
vn -0.669291 -0.645669 -0.370079 
vn -0.645669 -0.377953 -0.661417 
vn -0.653543 -0.354331 -0.669291 
vn -0.968504 -0.23622 0 
vn -0.913386 -0.133858 -0.385827 
vn -0.968504 -0.23622 0 
vn -0.913386 -0.133858 0.385827 
vn -0.850394 -0.0866142 -0.527559 
vn -0.850394 -0.0866142 0.527559 
vn -0.480315 0.181102 -0.858268 
vn -0.480315 0.181102 0.858268 
vn -0.362205 0.464567 -0.80315 
vn -0.362205 0.464567 0.80315 
vn 0.511811 -0.519685 -0.685039 
vn -0.76378 -0.645669 0 
vn -0.716535 -0.622047 -0.314961 
vn -0.653543 -0.582677 -0.488189 
vn -0.291339 -0.543307 -0.787402 
vn -0.76378 -0.645669 0 
vn -0.716535 -0.622047 0.314961 
vn -0.653543 -0.582677 0.488189 
vn -0.291339 -0.543307 0.787402 
vn -0.110236 0.716535 -0.692913 
vn -0.677165 -0.622047 -0.385827 
vn -0.669291 -0.740157 0 
vn -0.677165 -0.622047 0.385827 
vn -0.653543 -0.551181 -0.527559 
vn -0.653543 -0.551181 0.527559 
vn -0.503937 -0.11811 0.858268 
vn -0.519685 -0.0551181 -0.858268 
vn -0.559055 0.244094 -0.787402 
vn -0.559055 0.440945 -0.700787 
vn -0.559055 0.244094 0.787402 
vn -0.559055 0.440945 0.700787 
vn -0.661417 0.19685 0.724409 
vn -0.527559 0.472441 0.708661 
vn -0.472441 0.543307 0.692913 
vn -0.661417 0.19685 -0.724409 
vn -0.527559 0.472441 -0.708661 
vn -0.472441 0.543307 -0.692913 
vn -0.669291 0.11811 0.732283 
vn -0.732283 0.488189 0.472441 
vn -0.748031 0.606299 0.267717 
vn -0.708661 0.0314961 0.708661 
vn -0.708661 0.141732 0.685039 
vn -0.661417 0.480315 0.574803 
vn -0.732283 0.685039 0 
vn -0.732283 0.685039 0 
vn -0.732283 0.488189 -0.472441 
vn -0.748031 0.606299 -0.267717 
vn -0.669291 0.11811 -0.732283 
vn -0.708661 0.0314961 -0.708661 
vn -0.708661 0.141732 -0.685039 
vn -0.661417 0.480315 -0.574803 
vn 0.598425 0.661417 0.448819 
vn 0.133858 0.574803 -0.80315 
vn 0.496063 -0.519685 0.700787 
vn 0.19685 -0.708661 -0.677165 
vn -0.15748 0.708661 0.685039 
vn -0.496063 0.496063 0.708661 
vn -0.519685 0.472441 0.708661 
vn -0.645669 0.362205 0.669291 
vn -0.653543 0.346457 0.669291 
vn -0.496063 0.496063 -0.708661 
vn -0.519685 0.472441 -0.708661 
vn -0.645669 0.362205 -0.669291 
vn -0.653543 0.346457 -0.669291 
vn -0.559055 -0.787402 -0.259843 
vn -0.472441 -0.771654 -0.425197 
vn -0.645669 -0.76378 0 
vn -0.472441 -0.771654 0.425197 
vn 0.409449 -0.377953 0.826772 
vn 0.173228 0.88189 0.440945 
vn -0.535433 0.314961 0.787402 
vn -0.535433 0.314961 0.779528 
vn -0.732283 0.165354 0.661417 
vn -0.535433 0.314961 -0.787402 
vn -0.535433 0.314961 -0.779528 
vn -0.732283 0.165354 -0.661417 
vn 0.370079 0.811024 0.456693 
vn 0.0944882 0.779528 0.614173 
vn 0.622047 0.76378 0.15748 
vn -0.0629921 0.692913 0.716535 
vn 0.133858 0.732283 0.661417 
vn 0.0944882 0.779528 -0.614173 
vn -0.0629921 0.692913 -0.716535 
vn 0.133858 0.732283 -0.661417 
vn 0.708661 0.661417 0.259843 
vn -0.566929 0.401575 0.724409 
vn -0.401575 0.582677 0.708661 
vn -0.307087 0.653543 0.685039 
vn 0.0314961 0.96063 -0.267717 
vn -0.566929 0.401575 -0.724409 
vn -0.401575 0.582677 -0.708661 
vn -0.307087 0.653543 -0.685039 
vn 0.19685 0.984252 0 
vn 0.102362 0.889764 -0.448819 
vn -0.559055 0.275591 0.787402 
vn -0.559055 0.267717 0.779528 
vn -0.740157 0.110236 0.661417 
vn -0.559055 0.275591 -0.787402 
vn -0.559055 0.267717 -0.779528 
vn -0.740157 0.110236 -0.661417 
vn -0.732283 0.259843 0.629921 
vn -0.716535 0.283465 0.637795 
vn -0.88189 -0.0393701 0.472441 
vn -0.88189 -0.0393701 0.472441 
vn -0.732283 0.259843 -0.629921 
vn -0.716535 0.283465 -0.637795 
vn -0.88189 -0.0393701 -0.472441 
vn -0.88189 -0.0393701 -0.472441 
vn -0.661417 -0.724409 -0.19685 
vn -0.661417 -0.724409 -0.19685 
vn -0.661417 -0.724409 -0.19685 
vn -0.661417 -0.724409 0.19685 
vn -0.661417 -0.724409 0.19685 
vn -0.661417 -0.724409 0.19685 
vn 0.732283 0.503937 0.464567 
vn -0.992126 0.0944882 0 
vn -0.905512 0.173228 -0.385827 
vn -0.992126 0.0944882 0 
vn -0.905512 0.173228 0.385827 
vn -0.826772 0.19685 -0.527559 
vn -0.826772 0.19685 0.527559 
vn -0.267717 0.653543 -0.708661 
vn -0.590551 0.488189 -0.637795 
vn -0.929134 0.291339 -0.23622 
vn -0.362205 0.614173 -0.708661 
vn -0.480315 0.551181 -0.685039 
vn -0.708661 0.377953 -0.598425 
vn -0.968504 0.251969 0 
vn -0.889764 0.307087 -0.346457 
vn -0.968504 0.251969 0 
vn -0.889764 0.307087 0.346457 
vn -0.929134 0.291339 0.23622 
vn -0.590551 0.488189 0.637795 
vn -0.362205 0.614173 0.708661 
vn -0.480315 0.551181 0.685039 
vn -0.708661 0.377953 0.598425 
vn -0.795276 0.614173 0 
vn -0.700787 0.598425 -0.393701 
vn -0.716535 0.606299 -0.346457 
vn -0.291339 0.590551 -0.755906 
vn -0.795276 0.614173 0 
vn -0.251969 0.590551 -0.771654 
vn -0.700787 0.598425 0.393701 
vn -0.716535 0.606299 0.346457 
vn -0.291339 0.590551 0.755906 
vn -0.314961 0.629921 -0.708661 
vn -0.629921 0.440945 -0.637795 
vn -0.944882 0.220472 -0.251969 
vn -0.401575 0.582677 -0.708661 
vn -0.519685 0.511811 -0.685039 
vn -0.740157 0.322835 -0.598425 
vn -0.984252 0.181102 0 
vn -0.905512 0.244094 -0.354331 
vn -0.984252 0.181102 0 
vn -0.905512 0.244094 0.354331 
vn -0.944882 0.220472 0.251969 
vn -0.629921 0.440945 0.637795 
vn -0.401575 0.582677 0.708661 
vn -0.519685 0.511811 0.685039 
vn -0.740157 0.322835 0.598425 
vn 0.677165 -0.645669 0.354331 
vn 0.755906 -0.653543 0 
vn -0.275591 -0.598425 0.755906 
vn -0.275591 -0.598425 0.755906 
vn 0.677165 -0.645669 -0.354331 
vn 0.23622 -0.559055 -0.795276 
vn 0.92126 -0.141732 0.362205 
vn 0.535433 -0.330709 0.779528 
vn 0.92126 -0.141732 -0.362205 
vn 0.535433 -0.330709 -0.779528 
vn -0.740157 0.503937 -0.448819 
vn -0.732283 0.685039 0 
vn -0.740157 0.503937 0.448819 
vn -0.740157 0.488189 0.464567 
vn -0.708661 0.362205 0.606299 
vn 0.559055 -0.787402 -0.251969 
vn 0.401575 -0.669291 -0.629921 
vn -0.622047 0.133858 0.771654 
vn -0.622047 0.133858 -0.771654 
vn 0.850394 -0.220472 0.472441 
vn 0.496063 -0.354331 0.795276 
vn 0.496063 -0.354331 -0.795276 
vn 0.401575 -0.425197 -0.811024 
vn -0.716535 0.519685 -0.464567 
vn -0.716535 0.519685 0.464567 
vn -0.724409 0.496063 0.480315 
vn -0.685039 -0.629921 0.370079 
vn -0.661417 0.141732 -0.740157 
vn -0.755906 0.370079 -0.543307 
vn -0.708661 0.220472 -0.669291 
vn -0.732283 0.629921 0.251969 
vn -0.740157 0.606299 0.307087 
vn -0.755906 0.370079 0.543307 
vn -0.700787 -0.614173 -0.354331 
vn -0.732283 0.503937 -0.464567 
vn -0.732283 0.480315 -0.488189 
vn -0.700787 0.291339 -0.653543 
vn -0.724409 0.692913 0 
vn -0.700787 0.661417 0.259843 
vn -0.732283 0.503937 0.464567 
vn -0.244094 0.795276 0.559055 
vn -0.188976 0.818898 0.543307 
vn -0.0393701 0.874016 0.488189 
vn -0.480315 0.598425 0.645669 
vn -0.511811 0.559055 0.653543 
vn -0.606299 0.401575 0.692913 
vn -0.511811 0.559055 -0.653543 
vn -0.480315 0.598425 -0.645669 
vn -0.244094 0.795276 -0.559055 
vn -0.188976 0.818898 -0.543307 
vn -0.0393701 0.874016 -0.488189 
vn -0.661417 -0.370079 0.645669 
vn -0.259843 0.787402 0.559055 
vn -0.204724 0.818898 0.543307 
vn -0.0551181 0.874016 0.488189 
vn -0.409449 0.669291 0.614173 
vn -0.425197 0.645669 0.629921 
vn -0.559055 0.456693 0.692913 
vn -0.559055 0.456693 0.692913 
vn -0.425197 0.645669 -0.629921 
vn -0.559055 0.456693 -0.692913 
vn -0.559055 0.456693 -0.692913 
vn -0.409449 0.669291 -0.614173 
vn -0.259843 0.787402 -0.559055 
vn -0.204724 0.818898 -0.543307 
vn -0.0551181 0.874016 -0.488189 
vn -0.0866142 -0.92126 0.377953 
vn 0.19685 -0.543307 -0.818898 
vn 0.19685 -0.543307 0.818898 
vn 0.551181 -0.330709 -0.76378 
vn 0.716535 -0.220472 -0.661417 
vn 0.559055 -0.330709 0.76378 
vn 0.716535 -0.220472 0.661417 
vn -0.724409 0.503937 -0.464567 
vn -0.732283 0.488189 -0.480315 
vn -0.692913 0.338583 -0.629921 
vn -0.724409 0.685039 0 
vn -0.724409 0.503937 0.464567 
vn -0.606299 0.417323 -0.677165 
vn -0.606299 0.417323 -0.677165 
vn -0.385827 0.661417 -0.645669 
vn -0.354331 0.692913 -0.629921 
vn -0.141732 0.818898 -0.559055 
vn -0.0787402 0.834646 -0.543307 
vn 0.0787402 0.866142 -0.488189 
vn -0.606299 0.417323 0.677165 
vn -0.606299 0.417323 0.677165 
vn -0.385827 0.661417 0.645669 
vn -0.354331 0.692913 0.629921 
vn -0.141732 0.818898 0.559055 
vn -0.0787402 0.834646 0.543307 
vn 0.0787402 0.866142 0.488189 
vn 0.141732 -0.598425 -0.787402 
vn -0.850394 -0.0866142 0.527559 
vn -0.480315 0.181102 -0.858268 
vn -0.480315 0.181102 0.858268 
vn -0.362205 0.464567 -0.80315 
vn -0.362205 0.464567 0.80315 
vn 0.110236 -0.700787 0.700787 
vn 0.362205 -0.614173 -0.700787 
vn -0.291339 -0.543307 -0.787402 
vn -0.716535 -0.622047 0.314961 
vn 0.275591 -0.590551 0.755906 
vn -0.0472441 0.732283 -0.685039 
vn -0.110236 0.716535 -0.692913 
vn -0.110236 0.716535 -0.692913 
vn -0.0472441 0.732283 -0.685039 
vn 0.133858 0.755906 -0.645669 
vn 0.173228 0.755906 -0.629921 
vn 0.417323 0.716535 -0.559055 
vn 0.480315 0.692913 -0.543307 
vn 0.622047 0.614173 -0.488189 
vn -0.0472441 0.732283 0.685039 
vn -0.110236 0.716535 0.692913 
vn -0.0472441 0.732283 0.685039 
vn -0.110236 0.716535 0.692913 
vn 0.133858 0.755906 0.645669 
vn 0.173228 0.755906 0.629921 
vn 0.417323 0.716535 0.559055 
vn 0.480315 0.692913 0.543307 
vn 0.622047 0.614173 0.488189 
vn -0.503937 -0.11811 -0.858268 
vn -0.503937 -0.11811 0.858268 
vn -0.519685 -0.0551181 -0.858268 
vn -0.559055 0.440945 0.700787 
vn -0.488189 0.472441 0.732283 
vn -0.330709 0.818898 0.472441 
vn -0.283465 0.92126 0.267717 
vn -0.527559 0.472441 0.708661 
vn -0.472441 0.543307 0.692913 
vn -0.19685 0.811024 0.551181 
vn -0.220472 0.976378 0 
vn -0.220472 0.976378 0 
vn -0.330709 0.818898 -0.472441 
vn -0.283465 0.92126 -0.267717 
vn -0.488189 0.472441 -0.732283 
vn -0.527559 0.472441 -0.708661 
vn -0.472441 0.543307 -0.692913 
vn -0.19685 0.811024 -0.551181 
vn -0.732283 0.488189 0.472441 
vn -0.661417 -0.212598 0.724409 
vn -0.732283 0.685039 0 
vn -0.748031 0.606299 -0.267717 
vn 0.133858 0.574803 -0.80315 
vn 0.393701 0.732283 0.559055 
vn 0.456693 0.708661 0.543307 
vn 0.598425 0.637795 0.488189 
vn 0.0944882 0.76378 0.645669 
vn 0.0393701 0.755906 0.653543 
vn -0.15748 0.708661 0.685039 
vn -0.15748 0.708661 0.685039 
vn -0.496063 0.496063 0.708661 
vn -0.519685 0.472441 0.708661 
vn -0.15748 0.708661 -0.685039 
vn 0.0393701 0.755906 -0.653543 
vn -0.15748 0.708661 -0.685039 
vn 0.0944882 0.76378 -0.645669 
vn -0.496063 0.496063 -0.708661 
vn 0.393701 0.732283 -0.559055 
vn 0.456693 0.708661 -0.543307 
vn 0.598425 0.637795 -0.488189 
vn -0.519685 0.472441 -0.708661 
vn -0.559055 -0.787402 -0.259843 
vn -0.472441 -0.771654 -0.425197 
vn 0.212598 -0.629921 -0.748031 
vn -0.472441 -0.771654 0.425197 
vn -0.0866142 -0.685039 -0.724409 
vn -0.559055 -0.787402 0.259843 
vn 0.212598 -0.629921 0.748031 
vn -0.0866142 -0.685039 0.724409 
vn 0.661417 -0.543307 -0.519685 
vn 0.661417 -0.543307 0.519685 
vn 0.708661 0.700787 0 
vn 0.708661 0.700787 -0.0393701 
vn 0.708661 0.700787 -0.0393701 
vn 0.708661 0.700787 0.0393701 
vn 0.708661 0.700787 0.0393701 
vn 0.409449 -0.377953 0.826772 
vn 0.173228 0.88189 0.440945 
vn 0.19685 0.913386 0.346457 
vn 0.267717 0.96063 0 
vn 0.267717 0.96063 0 
vn -0.102362 0.614173 0.779528 
vn 0.19685 0.913386 -0.346457 
vn 0.173228 0.88189 -0.440945 
vn -0.535433 0.314961 0.779528 
vn -0.102362 0.614173 -0.779528 
vn 0.370079 0.811024 0.456693 
vn 0.622047 0.76378 0.181102 
vn 0.0944882 0.779528 0.614173 
vn 0.622047 0.76378 0.15748 
vn -0.0629921 0.692913 0.716535 
vn 0.133858 0.732283 0.661417 
vn 0.385827 0.740157 0.551181 
vn 0.637795 0.771654 0 
vn 0.637795 0.771654 0 
vn 0.622047 0.76378 -0.15748 
vn 0.622047 0.76378 -0.181102 
vn 0.370079 0.811024 -0.456693 
vn 0.0944882 0.779528 -0.614173 
vn -0.0629921 0.692913 -0.716535 
vn 0.133858 0.732283 -0.661417 
vn 0.385827 0.740157 -0.551181 
vn 0.724409 0.685039 0 
vn 0.708661 0.661417 0.259843 
vn 0.724409 0.488189 -0.480315 
vn 0.692913 0.346457 -0.629921 
vn 0.653543 -0.275591 0.708661 
vn -0.307087 0.606299 0.732283 
vn -0.0472441 0.88189 0.472441 
vn 0.0314961 0.96063 0.267717 
vn -0.401575 0.582677 0.708661 
vn -0.307087 0.653543 0.685039 
vn -0.015748 0.818898 0.574803 
vn 0.110236 0.992126 0 
vn 0.110236 0.992126 0 
vn -0.0472441 0.88189 -0.472441 
vn 0.0314961 0.96063 -0.267717 
vn -0.307087 0.606299 -0.732283 
vn -0.401575 0.582677 -0.708661 
vn -0.307087 0.653543 -0.685039 
vn -0.015748 0.818898 -0.574803 
vn 0.724409 0.692913 0 
vn 0.732283 0.480315 -0.488189 
vn 0.700787 0.291339 -0.653543 
vn 0.102362 0.889764 0.448819 
vn 0.133858 0.92126 0.354331 
vn 0.19685 0.984252 0 
vn 0.19685 0.984252 0 
vn -0.141732 0.606299 0.779528 
vn 0.133858 0.92126 -0.354331 
vn 0.102362 0.889764 -0.448819 
vn -0.141732 0.606299 -0.779528 
vn 0.685039 -0.173228 0.708661 
vn 0.732283 0.629921 0.251969 
vn 0.740157 0.606299 0.307087 
vn 0.708661 0.220472 -0.669291 
vn 0.732283 0.503937 -0.464567 
vn 0.732283 0.503937 0.464567 
vn 0.732283 0.480315 0.480315 
vn -0.826772 0.19685 -0.527559 
vn -0.826772 0.19685 0.527559 
vn -0.133858 0.598425 -0.787402 
vn -0.141732 0.590551 -0.795276 
vn 0.015748 0.716535 -0.700787 
vn -0.133858 0.598425 0.787402 
vn -0.141732 0.590551 0.795276 
vn 0.015748 0.716535 0.700787 
vn 0.732283 0.677165 0 
vn 0.740157 0.488189 0.472441 
vn 0.708661 0.354331 0.614173 
vn -0.267717 0.653543 -0.708661 
vn -0.362205 0.614173 -0.708661 
vn -0.480315 0.551181 -0.685039 
vn -0.362205 0.614173 0.708661 
vn -0.267717 0.653543 0.708661 
vn -0.480315 0.551181 0.685039 
vn -0.251969 0.590551 -0.771654 
vn -0.716535 0.606299 0.346457 
vn -0.291339 0.590551 0.755906 
vn -0.251969 0.590551 0.771654 
vn -0.314961 0.629921 -0.708661 
vn -0.401575 0.582677 -0.708661 
vn -0.519685 0.511811 -0.685039 
vn -0.401575 0.582677 0.708661 
vn -0.314961 0.629921 0.708661 
vn -0.519685 0.511811 0.685039 
vn 0.102362 0.700787 -0.708661 
vn -0.259843 0.724409 -0.637795 
vn -0.645669 0.724409 -0.244094 
vn 0.00787402 0.708661 -0.708661 
vn -0.125984 0.716535 -0.685039 
vn -0.417323 0.685039 -0.598425 
vn -0.700787 0.716535 0 
vn -0.598425 0.724409 -0.346457 
vn -0.700787 0.716535 0 
vn -0.598425 0.724409 0.346457 
vn -0.645669 0.724409 0.244094 
vn -0.259843 0.724409 0.637795 
vn 0.00787402 0.708661 0.708661 
vn -0.125984 0.716535 0.685039 
vn -0.417323 0.685039 0.598425 
vn 0.125984 -0.574803 0.811024 
vn 0.614173 -0.629921 -0.472441 
vn -0.275591 -0.598425 0.755906 
vn 0.677165 -0.645669 -0.354331 
vn 0.23622 -0.559055 -0.795276 
vn 0.125984 -0.574803 -0.811024 
vn -0.275591 -0.598425 -0.755906 
vn -0.275591 -0.598425 -0.755906 
vn -0.511811 -0.582677 -0.629921 
vn 0.874016 -0.15748 -0.456693 
vn 0.125984 -0.645669 0.755906 
vn -0.0787402 -0.771654 0.629921 
vn 0.92126 -0.141732 -0.362205 
vn 0.535433 -0.330709 -0.779528 
vn 0.448819 -0.401575 -0.80315 
vn 0.125984 -0.645669 -0.755906 
vn 0.11811 -0.645669 -0.755906 
vn -0.740157 0.503937 -0.448819 
vn -0.677165 0.425197 -0.598425 
vn -0.740157 0.503937 0.448819 
vn 0.559055 -0.787402 -0.251969 
vn 0.574803 -0.787402 0.212598 
vn 0.574803 -0.787402 -0.212598 
vn 0.19685 -0.771654 -0.606299 
vn -0.015748 -0.732283 -0.685039 
vn -0.0629921 -0.669291 0.740157 
vn 0.401575 -0.669291 0.629921 
vn -0.0629921 -0.669291 -0.740157 
vn 0.401575 -0.669291 -0.629921 
vn -0.685039 -0.732283 0 
vn -0.661417 -0.653543 -0.370079 
vn -0.622047 -0.393701 -0.677165 
vn -0.622047 -0.362205 -0.692913 
vn -0.622047 0.133858 -0.771654 
vn -0.622047 0.0944882 -0.779528 
vn -0.535433 0.511811 -0.669291 
vn 0.850394 -0.220472 0.472441 
vn 0.850394 -0.220472 -0.472441 
vn 0.496063 -0.354331 -0.795276 
vn 0.401575 -0.425197 0.811024 
vn 0.401575 -0.425197 -0.811024 
vn 0.0708661 -0.653543 -0.755906 
vn 0.0708661 -0.653543 -0.755906 
vn -0.133858 -0.76378 -0.629921 
vn -0.716535 0.519685 -0.464567 
vn -0.645669 0.472441 -0.598425 
vn -0.716535 0.519685 0.464567 
vn -0.645669 0.472441 0.598425 
vn -0.700787 -0.708661 0 
vn -0.685039 -0.629921 -0.370079 
vn -0.653543 -0.370079 -0.661417 
vn -0.653543 -0.346457 -0.669291 
vn -0.661417 0.141732 -0.740157 
vn -0.661417 0.0866142 -0.748031 
vn -0.590551 0.496063 -0.637795 
vn -0.755906 0.370079 -0.543307 
vn -0.740157 0.606299 -0.307087 
vn -0.748031 0.181102 -0.637795 
vn -0.653543 0.448819 -0.606299 
vn -0.755906 0.370079 0.543307 
vn -0.653543 0.448819 0.606299 
vn -0.700787 -0.590551 -0.409449 
vn -0.700787 -0.614173 -0.354331 
vn -0.661417 -0.251969 -0.700787 
vn -0.661417 -0.19685 -0.724409 
vn -0.637795 0.23622 -0.732283 
vn -0.645669 0.220472 -0.732283 
vn -0.590551 0.503937 -0.629921 
vn -0.732283 0.503937 -0.464567 
vn -0.685039 0.322835 -0.645669 
vn -0.700787 0.661417 0.259843 
vn -0.732283 0.503937 0.464567 
vn -0.685039 0.322835 0.645669 
vn 0.732283 -0.204724 -0.645669 
vn -0.511811 0.559055 -0.653543 
vn -0.606299 0.401575 -0.692913 
vn -0.606299 0.393701 -0.692913 
vn -0.669291 -0.015748 -0.748031 
vn -0.480315 0.598425 -0.645669 
vn -0.661417 -0.0944882 -0.740157 
vn -0.669291 -0.275591 -0.692913 
vn -0.669291 -0.267717 -0.692913 
vn -0.677165 0.299213 -0.677165 
vn -0.700787 -0.716535 0 
vn -0.700787 -0.716535 0 
vn -0.677165 -0.645669 -0.346457 
vn -0.661417 -0.370079 -0.645669 
vn -0.661417 -0.346457 -0.661417 
vn -0.661417 0.173228 -0.724409 
vn -0.661417 0.141732 -0.732283 
vn -0.582677 0.543307 -0.606299 
vn -0.425197 0.645669 -0.629921 
vn -0.511811 0.535433 -0.677165 
vn -0.527559 0.511811 -0.677165 
vn -0.559055 0.456693 -0.692913 
vn -0.559055 0.456693 -0.692913 
vn -0.409449 0.669291 -0.614173 
vn -0.259843 0.787402 -0.559055 
vn -0.204724 0.818898 -0.543307 
vn -0.0472441 -0.858268 -0.519685 
vn -0.0866142 -0.92126 -0.377953 
vn -0.0866142 -0.92126 0.377953 
vn 0.19685 -0.543307 -0.818898 
vn 0.283465 -0.496063 -0.818898 
vn 0.559055 -0.330709 -0.76378 
vn 0.551181 -0.330709 -0.76378 
vn 0.716535 -0.220472 -0.661417 
vn 0.716535 -0.220472 0.661417 
vn -0.677165 0.275591 0.677165 
vn -0.724409 0.503937 -0.464567 
vn -0.724409 0.503937 0.464567 
vn -0.692913 0.338583 0.629921 
vn -0.669291 0.409449 0.614173 
vn -0.606299 0.417323 -0.677165 
vn -0.543307 0.496063 -0.677165 
vn -0.606299 0.417323 -0.677165 
vn -0.543307 0.496063 -0.677165 
vn -0.385827 0.661417 -0.645669 
vn -0.354331 0.692913 -0.629921 
vn -0.015748 -0.968504 -0.251969 
vn 0.299213 -0.622047 -0.716535 
vn 0.535433 -0.401575 -0.740157 
vn 0.440945 -0.511811 -0.740157 
vn -0.653543 0.370079 -0.653543 
vn -0.653543 0.370079 -0.653543 
vn -0.653543 0.370079 -0.653543 
vn -0.653543 0.370079 -0.653543 
vn 0.267717 -0.377953 -0.889764 
vn 0.267717 -0.377953 -0.889764 
vn 0.212598 -0.480315 -0.850394 
vn 0.141732 -0.598425 -0.787402 
vn 0.401575 -0.535433 -0.740157 
vn 0.629921 -0.354331 -0.692913 
vn 0.629921 -0.354331 -0.692913 
vn 0.629921 -0.354331 -0.692913 
vn 0.629921 -0.354331 -0.692913 
vn -0.692913 -0.716535 0 
vn -0.692913 -0.716535 0 
vn -0.669291 -0.645669 -0.370079 
vn -0.645669 -0.377953 -0.661417 
vn -0.653543 -0.354331 -0.669291 
vn -0.661417 0.15748 -0.740157 
vn -0.661417 0.110236 -0.740157 
vn -0.574803 0.543307 -0.614173 
vn -0.913386 -0.133858 -0.385827 
vn -0.913386 -0.133858 0.385827 
vn -0.850394 -0.0866142 -0.527559 
vn -0.850394 -0.0866142 0.527559 
vn -0.480315 0.181102 -0.858268 
vn -0.480315 0.181102 0.858268 
vn -0.456693 0.244094 -0.858268 
vn -0.362205 0.480315 -0.795276 
vn -0.362205 0.464567 -0.80315 
vn -0.314961 0.590551 -0.740157 
vn -0.362205 0.464567 0.80315 
vn 0.314961 -0.637795 -0.708661 
vn 0.480315 -0.543307 -0.692913 
vn 0.362205 -0.614173 -0.700787 
vn 0.110236 -0.700787 -0.700787 
vn 0.023622 -0.708661 -0.700787 
vn 0.480315 -0.543307 -0.692913 
vn 0.511811 -0.519685 -0.685039 
vn 0.511811 -0.519685 -0.685039 
vn -0.653543 -0.582677 -0.488189 
vn -0.291339 -0.543307 -0.787402 
vn -0.165354 -0.566929 -0.811024 
vn 0.275591 -0.590551 -0.755906 
vn 0.283465 -0.598425 -0.755906 
vn 0.511811 -0.582677 -0.629921 
vn -0.110236 0.716535 -0.692913 
vn -0.677165 -0.622047 -0.385827 
vn -0.653543 -0.551181 -0.527559 
vn -0.503937 -0.11811 -0.858268 
vn -0.503937 -0.11811 0.858268 
vn -0.519685 -0.0551181 -0.858268 
vn -0.559055 0.244094 -0.787402 
vn -0.559055 0.23622 -0.795276 
vn -0.559055 0.440945 -0.700787 
vn -0.559055 0.440945 0.700787 
vn -0.0708661 -0.96063 -0.259843 
vn 0.275591 -0.622047 -0.732283 
vn 0.503937 -0.433071 -0.748031 
vn 0.401575 -0.543307 -0.740157 
vn -0.330709 0.818898 -0.472441 
vn -0.488189 0.472441 -0.732283 
vn -0.661417 0.19685 -0.724409 
vn -0.527559 0.472441 -0.708661 
vn -0.732283 0.488189 -0.472441 
vn -0.669291 0.11811 -0.732283 
vn -0.661417 -0.212598 -0.724409 
vn -0.708661 0.0314961 -0.708661 
vn 0.598425 0.661417 0.448819 
vn 0.598425 0.661417 -0.448819 
vn 0.637795 0.677165 -0.354331 
vn 0.23622 0.582677 -0.779528 
vn 0.133858 0.574803 -0.80315 
vn -0.299213 0.543307 -0.787402 
vn -0.299213 0.543307 -0.779528 
vn -0.543307 0.519685 -0.661417 
vn 0.0472441 -0.708661 -0.700787 
vn 0.133858 -0.692913 -0.700787 
vn -0.110236 -0.724409 -0.685039 
vn 0.330709 -0.622047 -0.708661 
vn 0.370079 -0.606299 -0.708661 
vn 0.496063 -0.519685 -0.700787 
vn 0.496063 -0.511811 -0.700787 
vn 0.19685 -0.708661 -0.677165 
vn 0.228346 -0.692913 -0.677165 
vn -0.307087 -0.826772 -0.464567 
vn -0.307087 -0.826772 -0.464567 
vn -0.15748 0.708661 0.685039 
vn -0.346457 0.629921 0.692913 
vn -0.15748 0.708661 -0.685039 
vn 0.0393701 0.755906 -0.653543 
vn -0.15748 0.708661 -0.685039 
vn 0.0944882 0.76378 -0.645669 
vn -0.496063 0.496063 -0.708661 
vn -0.645669 0.362205 -0.669291 
vn -0.653543 0.346457 -0.669291 
vn -0.346457 0.629921 -0.692913 
vn -0.346457 0.629921 -0.692913 
vn -0.472441 -0.771654 -0.425197 
vn -0.0866142 -0.677165 -0.732283 
vn 0.212598 -0.629921 -0.748031 
vn -0.472441 -0.771654 0.425197 
vn 0.0629921 -0.669291 -0.740157 
vn 0.661417 -0.543307 -0.519685 
vn 0.661417 -0.543307 0.519685 
vn 0.685039 -0.622047 -0.377953 
vn 0.551181 -0.173228 -0.818898 
vn 0.566929 -0.0629921 -0.818898 
vn 0.566929 -0.0629921 0.818898 
vn 0.598425 0.251969 -0.76378 
vn 0.598425 0.244094 -0.76378 
vn 0.606299 0.440945 -0.661417 
vn 0.598425 0.244094 0.76378 
vn 0.23622 -0.826772 -0.519685 
vn 0.212598 -0.897638 -0.377953 
vn 0.354331 -0.456693 -0.818898 
vn 0.409449 -0.377953 -0.826772 
vn 0.409449 -0.377953 0.826772 
vn 0.590551 -0.165354 -0.787402 
vn 0.574803 -0.181102 -0.795276 
vn 0.677165 -0.0551181 -0.732283 
vn 0.173228 0.88189 -0.440945 
vn -0.535433 0.314961 0.779528 
vn -0.102362 0.614173 -0.779528 
vn -0.181102 0.566929 -0.80315 
vn -0.535433 0.314961 -0.787402 
vn -0.535433 0.314961 -0.779528 
vn -0.732283 0.165354 -0.661417 
vn 0.653543 0.370079 -0.653543 
vn 0.653543 0.370079 -0.653543 
vn 0.653543 0.370079 -0.653543 
vn -0.0629921 0.692913 0.716535 
vn 0.370079 0.811024 -0.456693 
vn 0.0944882 0.779528 -0.614173 
vn -0.0629921 0.692913 -0.716535 
vn 0.566929 -0.244094 -0.787402 
vn 0.511811 -0.110236 -0.850394 
vn 0.464567 -0.015748 -0.889764 
vn 0.464567 -0.015748 -0.889764 
vn 0.669291 0.00787402 -0.740157 
vn 0.677165 0.275591 -0.677165 
vn 0.377953 -0.275591 -0.889764 
vn 0.377953 -0.275591 -0.889764 
vn 0.377953 -0.377953 -0.84252 
vn 0.377953 -0.496063 -0.779528 
vn 0.629921 -0.307087 -0.716535 
vn 0.653543 -0.275591 0.708661 
vn 0.716535 -0.11811 -0.692913 
vn 0.653543 -0.275591 -0.708661 
vn 0.669291 -0.228346 -0.700787 
vn 0.535433 -0.464567 -0.700787 
vn 0.480315 -0.527559 -0.700787 
vn 0.362205 -0.637795 -0.685039 
vn -0.0472441 0.88189 -0.472441 
vn 0.0314961 0.96063 -0.267717 
vn -0.307087 0.606299 -0.732283 
vn -0.566929 0.401575 -0.724409 
vn -0.401575 0.582677 -0.708661 
vn 0.133858 0.92126 -0.354331 
vn 0.102362 0.889764 -0.448819 
vn -0.141732 0.606299 -0.779528 
vn -0.220472 0.551181 -0.80315 
vn -0.559055 0.275591 -0.787402 
vn -0.559055 0.267717 -0.779528 
vn 0.685039 -0.173228 0.708661 
vn 0.551181 -0.448819 -0.700787 
vn 0.598425 -0.377953 -0.700787 
vn 0.456693 -0.574803 -0.685039 
vn 0.661417 -0.244094 -0.708661 
vn 0.669291 -0.220472 -0.708661 
vn 0.685039 -0.173228 -0.708661 
vn 0.685039 -0.165354 -0.708661 
vn 0.685039 -0.149606 -0.716535 
vn 0.685039 -0.149606 -0.716535 
vn 0.692913 -0.716535 0 
vn 0.692913 -0.716535 0 
vn 0.653543 -0.377953 -0.661417 
vn 0.653543 -0.354331 -0.669291 
vn 0.661417 0.15748 -0.740157 
vn 0.661417 0.110236 -0.740157 
vn 0.574803 0.543307 -0.614173 
vn 0.543307 -0.464567 -0.700787 
vn 0.590551 -0.385827 -0.700787 
vn 0.440945 -0.582677 -0.685039 
vn 0.677165 -0.204724 -0.708661 
vn 0.685039 -0.15748 -0.708661 
vn 0.716535 -0.015748 -0.700787 
vn 0.716535 -0.00787402 -0.700787 
vn 0.622047 -0.362205 -0.692913 
vn 0.259843 -0.858268 -0.440945 
vn 0.259843 -0.858268 -0.440945 
vn -0.732283 0.259843 -0.629921 
vn -0.401575 0.590551 -0.700787 
vn -0.716535 0.283465 -0.637795 
vn -0.401575 0.590551 -0.700787 
vn 0.740157 0.606299 -0.307087 
vn 0.755906 0.370079 -0.543307 
vn 0.748031 0.181102 -0.637795 
vn 0.700787 -0.716535 0 
vn 0.700787 -0.716535 0 
vn 0.661417 -0.370079 -0.645669 
vn 0.661417 -0.346457 -0.661417 
vn 0.661417 0.173228 -0.724409 
vn 0.661417 0.141732 -0.732283 
vn 0.582677 0.543307 -0.606299 
vn 0.732283 0.503937 0.464567 
vn -0.905512 0.173228 -0.385827 
vn -0.826772 0.19685 -0.527559 
vn -0.393701 0.330709 -0.858268 
vn -0.346457 0.385827 -0.858268 
vn -0.133858 0.598425 -0.787402 
vn -0.141732 0.590551 -0.795276 
vn 0.700787 -0.590551 -0.409449 
vn 0.700787 -0.614173 -0.354331 
vn 0.661417 -0.251969 -0.700787 
vn 0.661417 -0.19685 -0.724409 
vn 0.637795 0.23622 -0.732283 
vn 0.645669 0.220472 -0.732283 
vn 0.590551 0.503937 -0.629921 
vn -0.267717 0.653543 -0.708661 
vn -0.590551 0.488189 -0.637795 
vn -0.929134 0.291339 -0.23622 
vn -0.362205 0.614173 -0.708661 
vn -0.700787 0.598425 -0.393701 
vn -0.291339 0.590551 -0.755906 
vn -0.251969 0.590551 -0.771654 
vn 0.307087 0.598425 -0.740157 
vn 0.259843 0.590551 -0.76378 
vn 0.503937 0.606299 -0.614173 
vn 0.685039 -0.724409 0 
vn 0.645669 -0.385827 -0.661417 
vn 0.645669 -0.370079 -0.669291 
vn 0.661417 0.125984 -0.740157 
vn 0.661417 0.0629921 -0.748031 
vn 0.598425 0.480315 -0.637795 
vn 0.629921 -0.393701 -0.669291 
vn 0.629921 -0.370079 -0.685039 
vn 0.637795 0.125984 -0.76378 
vn 0.637795 0.0787402 -0.76378 
vn 0.566929 0.496063 -0.661417 
vn -0.314961 0.629921 -0.708661 
vn -0.629921 0.440945 -0.637795 
vn -0.944882 0.220472 -0.251969 
vn -0.401575 0.582677 -0.708661 
vn 0.102362 0.700787 -0.708661 
vn -0.259843 0.724409 -0.637795 
vn -0.645669 0.724409 -0.244094 
vn 0.00787402 0.708661 -0.708661 
vn 0.677165 -0.645669 0.354331 
vn 0.614173 -0.629921 0.472441 
vn 0.755906 -0.653543 0 
vn 0.23622 -0.559055 0.795276 
vn 0.755906 -0.653543 0 
vn 0.125984 -0.574803 0.811024 
vn 0.614173 -0.629921 -0.472441 
vn 0.677165 -0.645669 -0.354331 
vn 0.125984 -0.574803 -0.811024 
vn 0.92126 -0.141732 0.362205 
vn 0.874016 -0.15748 0.456693 
vn 0.992126 -0.0944882 0 
vn 0.535433 -0.330709 0.779528 
vn 0.992126 -0.0944882 0 
vn 0.448819 -0.401575 0.80315 
vn 0.874016 -0.15748 -0.456693 
vn 0.92126 -0.141732 -0.362205 
vn 0.535433 -0.330709 -0.779528 
vn 0.448819 -0.401575 -0.80315 
vn -0.677165 0.425197 0.598425 
vn 0.559055 -0.787402 -0.251969 
vn 0.574803 -0.787402 0.212598 
vn 0.574803 -0.787402 -0.212598 
vn 0.19685 -0.771654 -0.606299 
vn -0.622047 0.133858 -0.771654 
vn 0.913386 -0.204724 0.354331 
vn 0.984252 -0.165354 0 
vn 0.984252 -0.165354 0 
vn 0.913386 -0.204724 -0.354331 
vn 0.850394 -0.220472 0.472441 
vn 0.850394 -0.220472 -0.472441 
vn 0.496063 -0.354331 0.795276 
vn 0.496063 -0.354331 -0.795276 
vn 0.401575 -0.425197 0.811024 
vn 0.401575 -0.425197 -0.811024 
vn -0.716535 0.519685 0.464567 
vn -0.700787 -0.708661 0 
vn -0.685039 -0.629921 0.370079 
vn -0.661417 0.141732 0.740157 
vn -0.685039 -0.629921 -0.370079 
vn -0.661417 0.141732 -0.740157 
vn -0.755906 0.370079 -0.543307 
vn -0.755906 0.370079 0.543307 
vn 0.992126 -0.149606 0 
vn 0.984252 -0.149606 -0.0393701 
vn 0.992126 -0.149606 0 
vn 0.984252 -0.149606 -0.0393701 
vn 0.984252 -0.149606 0.0393701 
vn 0.984252 -0.149606 0.0393701 
vn -0.685039 0.322835 -0.645669 
vn -0.700787 0.661417 0.259843 
vn -0.685039 0.322835 0.645669 
vn 0.732283 -0.204724 -0.645669 
vn 0.732283 -0.204724 -0.645669 
vn 0.732283 -0.204724 -0.645669 
vn 0.732283 -0.204724 -0.645669 
vn 0.732283 -0.204724 0.645669 
vn 0.732283 -0.204724 0.645669 
vn 0.732283 -0.204724 0.645669 
vn 0.732283 -0.204724 0.645669 
vn -0.511811 0.559055 0.653543 
vn -0.606299 0.401575 0.692913 
vn -0.669291 -0.275591 0.692913 
vn -0.677165 0.299213 0.677165 
vn -0.511811 0.559055 -0.653543 
vn -0.669291 -0.275591 -0.692913 
vn -0.677165 0.299213 -0.677165 
vn -0.700787 -0.716535 0 
vn -0.661417 -0.370079 0.645669 
vn 0.19685 -0.543307 -0.818898 
vn 0.19685 -0.543307 0.818898 
vn 0.559055 -0.330709 -0.76378 
vn 0.551181 -0.330709 -0.76378 
vn 0.716535 -0.220472 -0.661417 
vn 0.559055 -0.330709 0.76378 
vn 0.551181 -0.330709 0.76378 
vn 0.716535 -0.220472 0.661417 
vn -0.677165 0.275591 0.677165 
vn -0.724409 0.503937 -0.464567 
vn -0.724409 0.503937 0.464567 
vn -0.692913 0.338583 0.629921 
vn 0.535433 -0.401575 -0.740157 
vn 0.440945 -0.511811 -0.740157 
vn 0.322835 -0.614173 -0.724409 
vn 0.440945 -0.511811 0.740157 
vn 0.535433 -0.401575 0.740157 
vn 0.322835 -0.614173 0.724409 
vn 0.401575 -0.535433 0.740157 
vn 0.519685 -0.456693 0.724409 
vn 0.76378 -0.212598 0.606299 
vn 0.141732 -0.598425 -0.787402 
vn 0.401575 -0.535433 -0.740157 
vn 0.519685 -0.456693 -0.724409 
vn 0.76378 -0.212598 -0.606299 
vn -0.913386 -0.133858 0.385827 
vn -0.850394 -0.0866142 0.527559 
vn -0.480315 0.181102 -0.858268 
vn -0.480315 0.181102 0.858268 
vn -0.362205 0.464567 -0.80315 
vn -0.362205 0.464567 0.80315 
vn 0.511811 -0.519685 -0.685039 
vn -0.291339 -0.543307 -0.787402 
vn -0.291339 -0.543307 0.787402 
vn -0.110236 0.716535 -0.692913 
vn 0.417323 0.716535 -0.559055 
vn 0.480315 0.692913 -0.543307 
vn 0.622047 0.614173 -0.488189 
vn 0.417323 0.716535 0.559055 
vn 0.480315 0.692913 0.543307 
vn 0.622047 0.614173 0.488189 
vn -0.669291 -0.740157 0 
vn 0.503937 -0.433071 -0.748031 
vn 0.401575 -0.543307 -0.740157 
vn 0.275591 -0.629921 -0.724409 
vn 0.401575 -0.543307 0.740157 
vn 0.503937 -0.433071 0.748031 
vn 0.275591 -0.629921 0.724409 
vn 0.598425 0.661417 0.448819 
vn 0.724409 0.692913 0 
vn 0.724409 0.692913 0 
vn 0.598425 0.661417 -0.448819 
vn 0.637795 0.677165 0.354331 
vn 0.637795 0.677165 -0.354331 
vn 0.496063 -0.519685 0.700787 
vn 0.19685 -0.708661 -0.677165 
vn -0.15748 0.708661 0.685039 
vn -0.472441 -0.771654 -0.425197 
vn -0.0866142 -0.677165 -0.732283 
vn 0.212598 -0.629921 -0.748031 
vn -0.472441 -0.771654 0.425197 
vn 0.0629921 -0.669291 -0.740157 
vn -0.0866142 -0.685039 -0.724409 
vn -0.0866142 -0.677165 0.732283 
vn 0.212598 -0.629921 0.748031 
vn 0.0629921 -0.669291 0.740157 
vn -0.0866142 -0.685039 0.724409 
vn 0.661417 -0.543307 -0.519685 
vn 0.661417 -0.543307 0.519685 
vn 0.708661 0.700787 0 
vn 0.708661 0.700787 -0.0393701 
vn 0.708661 0.700787 0 
vn 0.708661 0.700787 0.0393701 
vn 0.173228 0.88189 0.440945 
vn 0.19685 0.913386 0.346457 
vn 0.173228 0.88189 -0.440945 
vn -0.102362 0.614173 -0.779528 
vn 0.653543 0.370079 -0.653543 
vn 0.653543 0.370079 -0.653543 
vn 0.653543 0.370079 -0.653543 
vn 0.653543 0.370079 0.653543 
vn 0.653543 0.370079 0.653543 
vn 0.653543 0.370079 0.653543 
vn 0.370079 0.811024 0.456693 
vn -0.0629921 0.692913 0.716535 
vn 0.669291 0.00787402 0.740157 
vn 0.677165 0.141732 0.724409 
vn 0.629921 0.488189 0.606299 
vn 0.669291 0.00787402 -0.740157 
vn 0.677165 0.141732 -0.724409 
vn 0.629921 0.488189 -0.606299 
vn 0.708661 0.661417 -0.259843 
vn 0.724409 0.685039 0 
vn 0.708661 0.653543 -0.275591 
vn 0.724409 0.685039 0 
vn 0.724409 0.511811 -0.464567 
vn 0.708661 0.661417 0.259843 
vn 0.724409 0.488189 -0.480315 
vn 0.708661 0.653543 0.275591 
vn 0.700787 0.338583 -0.629921 
vn 0.692913 0.346457 -0.629921 
vn 0.669291 0.409449 -0.614173 
vn 0.724409 0.511811 0.464567 
vn 0.724409 0.488189 0.480315 
vn 0.700787 0.338583 0.629921 
vn 0.692913 0.346457 0.629921 
vn 0.669291 0.409449 0.614173 
vn 0.677165 0.275591 -0.677165 
vn 0.677165 0.275591 -0.677165 
vn 0.677165 0.275591 -0.677165 
vn 0.677165 0.275591 -0.677165 
vn 0.677165 0.275591 0.677165 
vn 0.677165 0.275591 0.677165 
vn 0.677165 0.275591 0.677165 
vn 0.677165 0.275591 0.677165 
vn 0.629921 -0.307087 0.716535 
vn 0.685039 -0.220472 0.692913 
vn 0.818898 0.110236 0.559055 
vn 0.629921 -0.307087 -0.716535 
vn 0.685039 -0.220472 -0.692913 
vn 0.818898 0.110236 -0.559055 
vn 0.984252 0.181102 0 
vn 0.984252 0.181102 -0.0393701 
vn 0.984252 0.181102 0 
vn 0.984252 0.181102 -0.0393701 
vn 0.984252 0.181102 0.0393701 
vn 0.984252 0.181102 0.0393701 
vn 0.692913 0.23622 -0.685039 
vn 0.692913 0.23622 -0.685039 
vn 0.692913 0.23622 -0.685039 
vn 0.692913 0.23622 -0.685039 
vn 0.692913 0.23622 0.685039 
vn 0.692913 0.23622 0.685039 
vn 0.692913 0.23622 0.685039 
vn 0.692913 0.23622 0.685039 
vn 0.716535 -0.11811 0.692913 
vn 0.716535 -0.11811 0.692913 
vn 0.724409 -0.0866142 0.685039 
vn 0.724409 -0.0866142 0.685039 
vn 0.653543 -0.275591 0.708661 
vn 0.669291 -0.228346 0.700787 
vn 0.716535 -0.11811 -0.692913 
vn 0.653543 -0.275591 -0.708661 
vn 0.716535 -0.11811 -0.692913 
vn 0.724409 -0.0866142 -0.685039 
vn 0.724409 -0.0866142 -0.685039 
vn 0.669291 -0.228346 -0.700787 
vn 0.700787 0.669291 -0.244094 
vn 0.724409 0.692913 0 
vn 0.700787 0.661417 -0.259843 
vn 0.724409 0.692913 0 
vn 0.732283 0.503937 -0.464567 
vn 0.700787 0.669291 0.244094 
vn 0.732283 0.480315 -0.488189 
vn 0.700787 0.661417 0.259843 
vn 0.700787 0.283465 -0.653543 
vn 0.700787 0.291339 -0.653543 
vn 0.685039 0.322835 -0.645669 
vn 0.732283 0.503937 0.464567 
vn 0.732283 0.480315 0.488189 
vn 0.700787 0.283465 0.653543 
vn 0.700787 0.291339 0.653543 
vn 0.685039 0.322835 0.645669 
vn 0.19685 0.984252 0 
vn 0.102362 0.889764 -0.448819 
vn 0.669291 -0.614173 0.417323 
vn 0.677165 -0.637795 0.370079 
vn 0.653543 -0.377953 0.661417 
vn 0.692913 -0.716535 0 
vn 0.653543 -0.354331 0.669291 
vn 0.669291 -0.614173 -0.417323 
vn 0.661417 0.110236 0.740157 
vn 0.677165 -0.637795 -0.370079 
vn 0.653543 -0.377953 -0.661417 
vn 0.653543 -0.354331 -0.669291 
vn 0.677165 -0.204724 0.708661 
vn 0.685039 -0.15748 0.708661 
vn 0.716535 -0.015748 0.700787 
vn 0.716535 -0.00787402 0.700787 
vn 0.622047 -0.370079 0.692913 
vn 0.622047 -0.362205 0.692913 
vn 0.677165 -0.204724 -0.708661 
vn 0.685039 -0.15748 -0.708661 
vn 0.716535 -0.015748 -0.700787 
vn 0.716535 -0.00787402 -0.700787 
vn 0.622047 -0.370079 -0.692913 
vn 0.622047 -0.362205 -0.692913 
vn 0.732283 0.629921 -0.251969 
vn 0.724409 0.685039 0 
vn 0.740157 0.606299 -0.307087 
vn 0.724409 0.685039 0 
vn 0.755906 0.370079 -0.543307 
vn 0.732283 0.629921 0.251969 
vn 0.748031 0.181102 -0.637795 
vn 0.740157 0.606299 0.307087 
vn 0.708661 0.220472 -0.669291 
vn 0.708661 0.23622 -0.661417 
vn 0.653543 0.448819 -0.606299 
vn 0.755906 0.370079 0.543307 
vn 0.748031 0.181102 0.637795 
vn 0.708661 0.220472 0.669291 
vn 0.708661 0.23622 0.661417 
vn 0.653543 0.448819 0.606299 
vn 0.669291 -0.622047 0.401575 
vn 0.677165 -0.645669 0.346457 
vn 0.661417 -0.370079 0.645669 
vn 0.700787 -0.716535 0 
vn 0.661417 -0.346457 0.661417 
vn 0.669291 -0.622047 -0.401575 
vn 0.661417 0.141732 0.732283 
vn 0.677165 -0.645669 -0.346457 
vn 0.661417 -0.370079 -0.645669 
vn 0.661417 -0.346457 -0.661417 
vn 0.716535 0.645669 -0.259843 
vn 0.732283 0.677165 0 
vn 0.716535 0.645669 -0.275591 
vn 0.732283 0.677165 0 
vn 0.732283 0.503937 -0.464567 
vn 0.716535 0.645669 0.259843 
vn 0.732283 0.480315 -0.480315 
vn 0.716535 0.645669 0.275591 
vn 0.692913 0.346457 -0.629921 
vn 0.692913 0.362205 -0.622047 
vn 0.653543 0.456693 -0.598425 
vn 0.732283 0.503937 0.464567 
vn 0.732283 0.480315 0.480315 
vn 0.692913 0.346457 0.629921 
vn 0.692913 0.362205 0.622047 
vn 0.653543 0.456693 0.598425 
vn 0.700787 -0.614173 0.354331 
vn 0.700787 -0.590551 0.409449 
vn 0.661417 -0.251969 0.700787 
vn 0.661417 -0.19685 0.724409 
vn 0.700787 -0.590551 -0.409449 
vn 0.645669 0.220472 0.732283 
vn 0.700787 -0.614173 -0.354331 
vn 0.661417 -0.251969 -0.700787 
vn 0.661417 -0.19685 -0.724409 
vn 0.637795 0.23622 -0.732283 
vn 0.590551 0.503937 -0.629921 
vn 0.716535 0.653543 -0.251969 
vn 0.732283 0.677165 0 
vn 0.716535 0.645669 -0.267717 
vn 0.732283 0.677165 0 
vn 0.732283 0.503937 -0.456693 
vn 0.716535 0.653543 0.251969 
vn 0.740157 0.488189 -0.472441 
vn 0.716535 0.645669 0.267717 
vn 0.708661 0.338583 -0.614173 
vn 0.708661 0.354331 -0.614173 
vn 0.677165 0.425197 -0.598425 
vn 0.732283 0.503937 0.456693 
vn 0.740157 0.488189 0.472441 
vn 0.708661 0.338583 0.614173 
vn 0.708661 0.354331 0.614173 
vn 0.677165 0.425197 0.598425 
vn 0.661417 -0.622047 0.417323 
vn 0.669291 -0.653543 0.370079 
vn 0.685039 -0.724409 0 
vn 0.645669 -0.385827 0.661417 
vn 0.645669 -0.370079 0.669291 
vn 0.661417 -0.622047 -0.417323 
vn 0.669291 -0.653543 -0.370079 
vn 0.645669 -0.385827 -0.661417 
vn 0.645669 -0.370079 -0.669291 
vn 0.661417 0.125984 -0.740157 
vn 0.598425 0.480315 -0.637795 
vn 0.653543 -0.629921 0.425197 
vn 0.661417 -0.653543 0.370079 
vn 0.629921 -0.393701 0.669291 
vn 0.685039 -0.732283 0 
vn 0.629921 -0.370079 0.685039 
vn 0.653543 -0.629921 -0.425197 
vn 0.637795 0.0787402 0.76378 
vn 0.661417 -0.653543 -0.370079 
vn 0.629921 -0.393701 -0.669291 
vn 0.629921 -0.370079 -0.685039 
vn 0.637795 0.0787402 -0.76378 
vn 0.102362 0.700787 -0.708661 
vn 0.00787402 0.708661 -0.708661 
vn -0.125984 0.716535 -0.685039 
vn 0.00787402 0.708661 0.708661 
vn 0.102362 0.700787 0.708661 
vn -0.125984 0.716535 0.685039 
vn 0.677165 -0.645669 0.354331 
vn 0.614173 -0.629921 0.472441 
vn 0.755906 -0.653543 0 
vn 0.23622 -0.559055 0.795276 
vn 0.125984 -0.574803 0.811024 
vn 0.614173 -0.629921 -0.472441 
vn -0.275591 -0.598425 0.755906 
vn -0.275591 -0.598425 0.755906 
vn -0.511811 -0.582677 0.629921 
vn 0.677165 -0.645669 -0.354331 
vn 0.23622 -0.559055 -0.795276 
vn 0.125984 -0.574803 -0.811024 
vn -0.275591 -0.598425 -0.755906 
vn -0.511811 -0.582677 -0.629921 
vn 0.874016 -0.15748 0.456693 
vn 0.535433 -0.330709 0.779528 
vn 0.448819 -0.401575 0.80315 
vn 0.874016 -0.15748 -0.456693 
vn 0.125984 -0.645669 0.755906 
vn 0.11811 -0.645669 0.755906 
vn -0.0787402 -0.771654 0.629921 
vn 0.535433 -0.330709 -0.779528 
vn 0.448819 -0.401575 -0.80315 
vn 0.125984 -0.645669 -0.755906 
vn 0.11811 -0.645669 -0.755906 
vn -0.0787402 -0.771654 -0.629921 
vn -0.740157 0.503937 0.448819 
vn 0.645669 -0.76378 0 
vn 0.559055 -0.787402 0.251969 
vn 0.645669 -0.76378 0 
vn 0.559055 -0.787402 -0.251969 
vn 0.574803 -0.787402 0.212598 
vn 0.574803 -0.787402 -0.212598 
vn 0.19685 -0.771654 0.606299 
vn 0.19685 -0.771654 -0.606299 
vn -0.015748 -0.732283 0.685039 
vn -0.015748 -0.732283 -0.685039 
vn -0.0629921 -0.669291 0.740157 
vn 0.0944882 -0.685039 0.724409 
vn 0.401575 -0.669291 0.629921 
vn -0.0629921 -0.669291 -0.740157 
vn 0.0944882 -0.685039 -0.724409 
vn 0.401575 -0.669291 -0.629921 
vn -0.653543 -0.622047 0.425197 
vn -0.685039 -0.732283 0 
vn -0.661417 -0.653543 0.370079 
vn -0.622047 -0.393701 0.677165 
vn -0.685039 -0.732283 0 
vn -0.653543 -0.622047 -0.425197 
vn -0.622047 0.133858 0.771654 
vn -0.661417 -0.653543 -0.370079 
vn -0.622047 -0.393701 -0.677165 
vn 0.850394 -0.220472 0.472441 
vn 0.401575 -0.425197 0.811024 
vn 0.0708661 -0.653543 0.755906 
vn 0.0708661 -0.653543 0.755906 
vn -0.133858 -0.76378 0.629921 
vn 0.0708661 -0.653543 -0.755906 
vn 0.0708661 -0.653543 -0.755906 
vn -0.133858 -0.76378 -0.629921 
vn -0.716535 0.519685 -0.464567 
vn -0.716535 0.519685 0.464567 
vn -0.677165 -0.606299 0.417323 
vn -0.700787 -0.708661 0 
vn -0.685039 -0.629921 0.370079 
vn -0.700787 -0.708661 0 
vn -0.677165 -0.606299 -0.417323 
vn -0.661417 0.141732 -0.740157 
vn -0.755906 0.370079 -0.543307 
vn -0.700787 -0.590551 0.409449 
vn -0.692913 -0.716535 0 
vn -0.700787 -0.614173 0.354331 
vn -0.692913 -0.716535 0 
vn -0.700787 -0.590551 -0.409449 
vn -0.700787 -0.614173 -0.354331 
vn -0.732283 0.503937 -0.464567 
vn -0.700787 0.661417 0.259843 
vn -0.732283 0.503937 0.464567 
vn 0.732283 -0.204724 -0.645669 
vn -0.606299 0.401575 0.692913 
vn -0.669291 -0.015748 0.748031 
vn -0.661417 -0.0944882 0.740157 
vn -0.669291 -0.275591 0.692913 
vn -0.669291 -0.267717 0.692913 
vn -0.669291 -0.015748 -0.748031 
vn -0.661417 -0.0944882 -0.740157 
vn -0.669291 -0.275591 -0.692913 
vn -0.669291 -0.267717 -0.692913 
vn -0.669291 -0.622047 0.401575 
vn -0.700787 -0.716535 0 
vn -0.677165 -0.645669 0.346457 
vn -0.661417 -0.370079 0.645669 
vn -0.700787 -0.716535 0 
vn -0.669291 -0.622047 -0.401575 
vn -0.677165 -0.645669 -0.346457 
vn -0.559055 0.456693 -0.692913 
vn -0.173228 -0.984252 0 
vn -0.0472441 -0.858268 -0.519685 
vn -0.173228 -0.984252 0 
vn -0.0472441 -0.858268 0.519685 
vn -0.0866142 -0.92126 -0.377953 
vn -0.0866142 -0.92126 0.377953 
vn 0.716535 -0.220472 -0.661417 
vn 0.559055 -0.330709 0.76378 
vn 0.716535 -0.220472 0.661417 
vn -0.724409 0.503937 0.464567 
vn -0.606299 0.417323 -0.677165 
vn -0.015748 -0.968504 -0.251969 
vn 0.0393701 -0.913386 -0.409449 
vn -0.0866142 -1 0 
vn -0.0866142 -1 0 
vn 0.0393701 -0.913386 0.409449 
vn -0.015748 -0.968504 0.251969 
vn 0.299213 -0.622047 0.716535 
vn 0.299213 -0.622047 -0.716535 
vn 0.535433 -0.401575 -0.740157 
vn 0.440945 -0.511811 -0.740157 
vn 0.322835 -0.614173 -0.724409 
vn 0.0629921 -0.771654 -0.629921 
vn 0.440945 -0.511811 0.740157 
vn 0.535433 -0.401575 0.740157 
vn 0.322835 -0.614173 0.724409 
vn 0.0629921 -0.771654 0.629921 
vn 0.141732 -0.598425 0.787402 
vn 0.267717 -0.377953 0.889764 
vn 0.401575 -0.535433 0.740157 
vn 0.519685 -0.456693 0.724409 
vn 0.267717 -0.377953 -0.889764 
vn 0.141732 -0.598425 -0.787402 
vn 0.401575 -0.535433 -0.740157 
vn 0.519685 -0.456693 -0.724409 
vn -0.669291 -0.614173 0.417323 
vn -0.692913 -0.716535 0 
vn -0.669291 -0.645669 0.370079 
vn -0.645669 -0.377953 0.661417 
vn -0.692913 -0.716535 0 
vn -0.669291 -0.614173 -0.417323 
vn -0.669291 -0.645669 -0.370079 
vn -0.913386 -0.133858 0.385827 
vn -0.850394 -0.0866142 0.527559 
vn -0.480315 0.181102 -0.858268 
vn -0.480315 0.181102 0.858268 
vn -0.362205 0.464567 -0.80315 
vn -0.362205 0.464567 0.80315 
vn 0.314961 -0.637795 0.708661 
vn 0.362205 -0.614173 0.700787 
vn 0.110236 -0.700787 0.700787 
vn 0.023622 -0.708661 0.700787 
vn -0.133858 -0.716535 0.685039 
vn 0.314961 -0.637795 -0.708661 
vn 0.362205 -0.614173 -0.700787 
vn 0.110236 -0.700787 -0.700787 
vn 0.023622 -0.708661 -0.700787 
vn -0.133858 -0.716535 -0.685039 
vn -0.291339 -0.543307 -0.787402 
vn -0.716535 -0.622047 0.314961 
vn -0.669291 -0.740157 0 
vn -0.677165 -0.622047 -0.385827 
vn -0.669291 -0.740157 0 
vn -0.677165 -0.622047 0.385827 
vn -0.653543 -0.551181 -0.527559 
vn -0.653543 -0.551181 0.527559 
vn -0.503937 -0.11811 -0.858268 
vn -0.503937 -0.11811 0.858268 
vn -0.559055 0.440945 0.700787 
vn -0.0708661 -0.96063 -0.259843 
vn -0.00787402 -0.905512 -0.425197 
vn -0.15748 -0.984252 0 
vn -0.15748 -0.984252 0 
vn -0.00787402 -0.905512 0.425197 
vn -0.0708661 -0.96063 0.259843 
vn 0.275591 -0.622047 0.732283 
vn 0.275591 -0.622047 -0.732283 
vn 0.503937 -0.433071 -0.748031 
vn 0.401575 -0.543307 -0.740157 
vn 0.275591 -0.629921 -0.724409 
vn 0.00787402 -0.779528 -0.629921 
vn 0.401575 -0.543307 0.740157 
vn 0.275591 -0.629921 0.724409 
vn 0.00787402 -0.779528 0.629921 
vn -0.330709 0.818898 0.472441 
vn -0.283465 0.92126 0.267717 
vn -0.472441 0.543307 0.692913 
vn -0.330709 0.818898 -0.472441 
vn -0.283465 0.92126 -0.267717 
vn -0.472441 0.543307 -0.692913 
vn -0.732283 0.488189 0.472441 
vn -0.661417 -0.212598 0.724409 
vn -0.748031 0.606299 0.267717 
vn -0.708661 0.0314961 0.708661 
vn -0.708661 0.141732 0.685039 
vn -0.732283 0.488189 -0.472441 
vn -0.748031 0.606299 -0.267717 
vn -0.661417 -0.212598 -0.724409 
vn -0.708661 0.0314961 -0.708661 
vn -0.708661 0.141732 -0.685039 
vn 0.598425 0.661417 0.448819 
vn 0.133858 -0.692913 0.700787 
vn 0.0472441 -0.708661 0.700787 
vn -0.110236 -0.724409 0.685039 
vn 0.19685 -0.708661 0.677165 
vn 0.228346 -0.692913 0.677165 
vn -0.307087 -0.826772 0.464567 
vn -0.307087 -0.826772 0.464567 
vn 0.0472441 -0.708661 -0.700787 
vn 0.133858 -0.692913 -0.700787 
vn -0.110236 -0.724409 -0.685039 
vn 0.19685 -0.708661 -0.677165 
vn 0.228346 -0.692913 -0.677165 
vn -0.307087 -0.826772 -0.464567 
vn -0.307087 -0.826772 -0.464567 
vn -0.559055 -0.787402 -0.259843 
vn -0.472441 -0.771654 -0.425197 
vn -0.645669 -0.76378 0 
vn -0.0866142 -0.677165 -0.732283 
vn -0.645669 -0.76378 0 
vn -0.472441 -0.771654 0.425197 
vn 0.0629921 -0.669291 -0.740157 
vn -0.0866142 -0.685039 -0.724409 
vn -0.401575 -0.669291 -0.629921 
vn -0.559055 -0.787402 0.259843 
vn -0.0866142 -0.677165 0.732283 
vn 0.0629921 -0.669291 0.740157 
vn -0.0866142 -0.685039 0.724409 
vn -0.401575 -0.669291 0.629921 
vn 0.685039 -0.724409 0 
vn 0.661417 -0.543307 -0.519685 
vn 0.685039 -0.724409 0 
vn 0.661417 -0.543307 0.519685 
vn 0.685039 -0.622047 -0.377953 
vn 0.685039 -0.622047 0.377953 
vn -0.448819 -0.771654 -0.456693 
vn -0.448819 -0.771654 -0.456693 
vn -0.448819 -0.771654 -0.456693 
vn -0.448819 -0.771654 -0.456693 
vn -0.448819 -0.771654 0.456693 
vn -0.448819 -0.771654 0.456693 
vn -0.448819 -0.771654 0.456693 
vn -0.448819 -0.771654 0.456693 
vn 0.15748 -0.984252 0 
vn 0.23622 -0.826772 -0.519685 
vn 0.15748 -0.984252 0 
vn 0.23622 -0.826772 0.519685 
vn 0.212598 -0.897638 -0.377953 
vn 0.212598 -0.897638 0.377953 
vn 0.409449 -0.377953 0.826772 
vn 0.622047 0.76378 0.15748 
vn -0.0629921 0.692913 0.716535 
vn 0.464567 -0.015748 0.889764 
vn 0.511811 -0.110236 0.850394 
vn 0.566929 -0.244094 0.787402 
vn 0.669291 0.00787402 0.740157 
vn 0.677165 0.141732 0.724409 
vn 0.566929 -0.244094 -0.787402 
vn 0.511811 -0.110236 -0.850394 
vn 0.464567 -0.015748 -0.889764 
vn 0.669291 0.00787402 -0.740157 
vn 0.677165 0.141732 -0.724409 
vn -0.417323 -0.818898 0.401575 
vn -0.417323 -0.818898 0.401575 
vn -0.417323 -0.818898 0.401575 
vn -0.417323 -0.818898 0.401575 
vn -0.417323 -0.818898 -0.401575 
vn -0.417323 -0.818898 -0.401575 
vn -0.417323 -0.818898 -0.401575 
vn -0.417323 -0.818898 -0.401575 
vn 0.708661 0.661417 0.259843 
vn 0.377953 -0.275591 0.889764 
vn 0.377953 -0.496063 0.779528 
vn 0.629921 -0.307087 0.716535 
vn 0.685039 -0.220472 0.692913 
vn 0.377953 -0.275591 -0.889764 
vn 0.377953 -0.496063 -0.779528 
vn 0.629921 -0.307087 -0.716535 
vn 0.685039 -0.220472 -0.692913 
vn 0.653543 -0.275591 0.708661 
vn -0.0472441 0.88189 0.472441 
vn 0.0314961 0.96063 0.267717 
vn -0.307087 0.653543 0.685039 
vn -0.0472441 0.88189 -0.472441 
vn 0.0314961 0.96063 -0.267717 
vn -0.307087 0.653543 -0.685039 
vn 0.685039 -0.173228 0.708661 
vn 0.0314961 -0.976378 -0.204724 
vn 0.0314961 -0.976378 -0.204724 
vn 0.0314961 -0.976378 -0.204724 
vn 0.0314961 -0.976378 -0.204724 
vn 0.0314961 -0.976378 0.204724 
vn 0.0314961 -0.976378 0.204724 
vn 0.0314961 -0.976378 0.204724 
vn 0.0314961 -0.976378 0.204724 
vn 0.669291 -0.614173 0.417323 
vn 0.677165 -0.637795 0.370079 
vn 0.692913 -0.716535 0 
vn 0.653543 -0.377953 0.661417 
vn 0.692913 -0.716535 0 
vn 0.669291 -0.614173 -0.417323 
vn 0.677165 -0.637795 -0.370079 
vn 0.165354 -0.952756 -0.259843 
vn 0.165354 -0.952756 -0.259843 
vn 0.165354 -0.952756 -0.259843 
vn 0.165354 -0.952756 -0.259843 
vn 0.165354 -0.952756 0.259843 
vn 0.165354 -0.952756 0.259843 
vn 0.165354 -0.952756 0.259843 
vn 0.165354 -0.952756 0.259843 
vn 0.622047 -0.370079 0.692913 
vn 0.622047 -0.362205 0.692913 
vn 0.259843 -0.858268 0.440945 
vn 0.259843 -0.858268 0.440945 
vn 0.622047 -0.370079 -0.692913 
vn 0.622047 -0.362205 -0.692913 
vn 0.259843 -0.858268 -0.440945 
vn 0.259843 -0.858268 -0.440945 
vn 0.669291 -0.622047 0.401575 
vn 0.677165 -0.645669 0.346457 
vn 0.700787 -0.716535 0 
vn 0.661417 -0.370079 0.645669 
vn 0.700787 -0.716535 0 
vn 0.669291 -0.622047 -0.401575 
vn 0.677165 -0.645669 -0.346457 
vn -0.661417 -0.724409 -0.19685 
vn -0.661417 -0.724409 -0.19685 
vn -0.661417 -0.724409 -0.19685 
vn -0.661417 -0.724409 0.19685 
vn -0.661417 -0.724409 0.19685 
vn -0.661417 -0.724409 0.19685 
vn 0.732283 0.503937 0.464567 
vn 0.700787 -0.614173 0.354331 
vn 0.692913 -0.716535 0 
vn 0.700787 -0.590551 0.409449 
vn 0.692913 -0.716535 0 
vn 0.700787 -0.590551 -0.409449 
vn 0.700787 -0.614173 -0.354331 
vn 0.661417 -0.622047 0.417323 
vn 0.669291 -0.653543 0.370079 
vn 0.685039 -0.724409 0 
vn 0.685039 -0.724409 0 
vn 0.661417 -0.622047 -0.417323 
vn 0.669291 -0.653543 -0.370079 
vn 0.653543 -0.629921 0.425197 
vn 0.661417 -0.653543 0.370079 
vn 0.685039 -0.732283 0 
vn 0.629921 -0.393701 0.669291 
vn 0.685039 -0.732283 0 
vn 0.653543 -0.629921 -0.425197 
vn 0.661417 -0.653543 -0.370079 
vn 0.677165 -0.645669 0.354331 
vn 0.614173 -0.629921 0.472441 
vn 0.23622 -0.559055 0.795276 
vn 0.125984 -0.574803 0.811024 
vn -0.275591 -0.598425 0.755906 
vn -0.275591 -0.598425 0.755906 
vn -0.511811 -0.582677 0.629921 
vn 0.125984 -0.574803 -0.811024 
vn 0.92126 -0.141732 0.362205 
vn 0.874016 -0.15748 0.456693 
vn 0.535433 -0.330709 0.779528 
vn 0.448819 -0.401575 0.80315 
vn 0.874016 -0.15748 -0.456693 
vn 0.125984 -0.645669 0.755906 
vn 0.11811 -0.645669 0.755906 
vn -0.0787402 -0.771654 0.629921 
vn 0.11811 -0.645669 -0.755906 
vn -0.740157 0.503937 -0.448819 
vn -0.677165 0.425197 -0.598425 
vn -0.740157 0.503937 0.448819 
vn 0.559055 -0.787402 -0.251969 
vn 0.574803 -0.787402 0.212598 
vn 0.574803 -0.787402 -0.212598 
vn 0.19685 -0.771654 0.606299 
vn 0.19685 -0.771654 -0.606299 
vn -0.015748 -0.732283 0.685039 
vn -0.0629921 -0.669291 0.740157 
vn 0.401575 -0.669291 0.629921 
vn -0.0629921 -0.669291 -0.740157 
vn 0.401575 -0.669291 -0.629921 
vn -0.685039 -0.732283 0 
vn -0.622047 -0.393701 0.677165 
vn -0.622047 -0.362205 0.692913 
vn -0.622047 0.133858 0.771654 
vn -0.622047 0.0944882 0.779528 
vn -0.535433 0.511811 0.669291 
vn 0.850394 -0.220472 0.472441 
vn 0.496063 -0.354331 0.795276 
vn 0.496063 -0.354331 -0.795276 
vn 0.401575 -0.425197 0.811024 
vn 0.401575 -0.425197 -0.811024 
vn 0.0708661 -0.653543 0.755906 
vn 0.0708661 -0.653543 0.755906 
vn -0.133858 -0.76378 0.629921 
vn -0.716535 0.519685 -0.464567 
vn -0.645669 0.472441 -0.598425 
vn -0.645669 0.472441 0.598425 
vn -0.700787 -0.708661 0 
vn -0.653543 -0.370079 0.661417 
vn -0.653543 -0.346457 0.669291 
vn -0.661417 0.141732 0.740157 
vn -0.661417 0.0866142 0.748031 
vn -0.590551 0.496063 0.637795 
vn -0.755906 0.370079 -0.543307 
vn -0.653543 0.448819 -0.606299 
vn -0.732283 0.629921 0.251969 
vn -0.740157 0.606299 0.307087 
vn -0.755906 0.370079 0.543307 
vn -0.748031 0.181102 0.637795 
vn -0.653543 0.448819 0.606299 
vn -0.700787 -0.614173 0.354331 
vn -0.661417 -0.251969 0.700787 
vn -0.661417 -0.19685 0.724409 
vn -0.637795 0.23622 0.732283 
vn -0.645669 0.220472 0.732283 
vn -0.590551 0.503937 0.629921 
vn -0.732283 0.503937 -0.464567 
vn -0.685039 0.322835 -0.645669 
vn -0.732283 0.503937 0.464567 
vn -0.685039 0.322835 0.645669 
vn 0.732283 -0.204724 -0.645669 
vn -0.480315 0.598425 0.645669 
vn -0.511811 0.559055 0.653543 
vn -0.606299 0.401575 0.692913 
vn -0.606299 0.393701 0.692913 
vn -0.669291 -0.015748 0.748031 
vn -0.661417 -0.0944882 0.740157 
vn -0.669291 -0.275591 0.692913 
vn -0.669291 -0.267717 0.692913 
vn -0.677165 0.299213 0.677165 
vn -0.700787 -0.716535 0 
vn -0.661417 -0.370079 0.645669 
vn -0.661417 -0.346457 0.661417 
vn -0.661417 0.173228 0.724409 
vn -0.661417 0.141732 0.732283 
vn -0.582677 0.543307 0.606299 
vn -0.259843 0.787402 0.559055 
vn -0.204724 0.818898 0.543307 
vn -0.409449 0.669291 0.614173 
vn -0.425197 0.645669 0.629921 
vn -0.511811 0.535433 0.677165 
vn -0.527559 0.511811 0.677165 
vn -0.559055 0.456693 0.692913 
vn -0.559055 0.456693 0.692913 
vn -0.0472441 -0.858268 0.519685 
vn -0.0866142 -0.92126 0.377953 
vn 0.19685 -0.543307 -0.818898 
vn 0.19685 -0.543307 0.818898 
vn 0.283465 -0.496063 0.818898 
vn 0.551181 -0.330709 -0.76378 
vn 0.716535 -0.220472 -0.661417 
vn 0.559055 -0.330709 0.76378 
vn 0.551181 -0.330709 0.76378 
vn 0.716535 -0.220472 0.661417 
vn -0.677165 0.275591 0.677165 
vn -0.724409 0.503937 -0.464567 
vn -0.724409 0.503937 0.464567 
vn -0.692913 0.338583 0.629921 
vn -0.669291 0.409449 0.614173 
vn -0.543307 0.496063 0.677165 
vn -0.606299 0.417323 0.677165 
vn -0.543307 0.496063 0.677165 
vn -0.606299 0.417323 0.677165 
vn -0.385827 0.661417 0.645669 
vn -0.354331 0.692913 0.629921 
vn 0.299213 -0.622047 0.716535 
vn 0.440945 -0.511811 0.740157 
vn 0.535433 -0.401575 0.740157 
vn -0.653543 0.370079 0.653543 
vn -0.653543 0.370079 0.653543 
vn -0.653543 0.370079 0.653543 
vn -0.653543 0.370079 0.653543 
vn 0.212598 -0.480315 0.850394 
vn 0.141732 -0.598425 0.787402 
vn 0.267717 -0.377953 0.889764 
vn 0.267717 -0.377953 0.889764 
vn 0.401575 -0.535433 0.740157 
vn 0.141732 -0.598425 -0.787402 
vn 0.629921 -0.354331 0.692913 
vn 0.629921 -0.354331 0.692913 
vn 0.629921 -0.354331 0.692913 
vn 0.629921 -0.354331 0.692913 
vn -0.692913 -0.716535 0 
vn -0.645669 -0.377953 0.661417 
vn -0.653543 -0.354331 0.669291 
vn -0.661417 0.15748 0.740157 
vn -0.661417 0.110236 0.740157 
vn -0.574803 0.543307 0.614173 
vn -0.913386 -0.133858 0.385827 
vn -0.850394 -0.0866142 0.527559 
vn -0.480315 0.181102 -0.858268 
vn -0.480315 0.181102 0.858268 
vn -0.456693 0.244094 0.858268 
vn -0.362205 0.464567 -0.80315 
vn -0.362205 0.480315 0.795276 
vn -0.362205 0.464567 0.80315 
vn -0.314961 0.590551 0.740157 
vn 0.511811 -0.519685 0.685039 
vn 0.511811 -0.519685 0.685039 
vn 0.480315 -0.543307 0.692913 
vn 0.480315 -0.543307 0.692913 
vn 0.314961 -0.637795 0.708661 
vn 0.362205 -0.614173 0.700787 
vn 0.110236 -0.700787 0.700787 
vn 0.023622 -0.708661 0.700787 
vn -0.291339 -0.543307 -0.787402 
vn -0.716535 -0.622047 0.314961 
vn -0.653543 -0.582677 0.488189 
vn -0.291339 -0.543307 0.787402 
vn -0.165354 -0.566929 0.811024 
vn 0.275591 -0.590551 0.755906 
vn 0.283465 -0.598425 0.755906 
vn 0.511811 -0.582677 0.629921 
vn -0.110236 0.716535 -0.692913 
vn -0.677165 -0.622047 0.385827 
vn -0.653543 -0.551181 0.527559 
vn -0.503937 -0.11811 -0.858268 
vn -0.503937 -0.11811 0.858268 
vn -0.519685 -0.0551181 -0.858268 
vn -0.519685 -0.0551181 0.858268 
vn -0.559055 0.440945 -0.700787 
vn -0.559055 0.244094 0.787402 
vn -0.559055 0.23622 0.795276 
vn -0.559055 0.440945 0.700787 
vn 0.275591 -0.622047 0.732283 
vn 0.401575 -0.543307 0.740157 
vn 0.503937 -0.433071 0.748031 
vn -0.661417 0.19685 0.724409 
vn -0.488189 0.472441 0.732283 
vn -0.330709 0.818898 0.472441 
vn -0.527559 0.472441 0.708661 
vn -0.669291 0.11811 0.732283 
vn -0.732283 0.488189 0.472441 
vn -0.661417 -0.212598 0.724409 
vn -0.708661 0.0314961 0.708661 
vn 0.598425 0.661417 0.448819 
vn 0.637795 0.677165 0.354331 
vn 0.23622 0.582677 0.779528 
vn 0.133858 0.574803 0.80315 
vn 0.133858 0.574803 -0.80315 
vn -0.299213 0.543307 0.787402 
vn -0.299213 0.543307 0.779528 
vn -0.543307 0.519685 0.661417 
vn 0.330709 -0.622047 0.708661 
vn 0.133858 -0.692913 0.700787 
vn 0.370079 -0.606299 0.708661 
vn 0.0472441 -0.708661 0.700787 
vn -0.110236 -0.724409 0.685039 
vn 0.496063 -0.519685 0.700787 
vn 0.496063 -0.511811 0.700787 
vn 0.19685 -0.708661 0.677165 
vn 0.228346 -0.692913 0.677165 
vn -0.307087 -0.826772 0.464567 
vn -0.307087 -0.826772 0.464567 
vn 0.0944882 0.76378 0.645669 
vn 0.0393701 0.755906 0.653543 
vn -0.15748 0.708661 0.685039 
vn -0.15748 0.708661 0.685039 
vn -0.496063 0.496063 0.708661 
vn -0.645669 0.362205 0.669291 
vn -0.653543 0.346457 0.669291 
vn -0.346457 0.629921 0.692913 
vn -0.346457 0.629921 0.692913 
vn -0.472441 -0.771654 0.425197 
vn -0.0866142 -0.677165 0.732283 
vn 0.212598 -0.629921 0.748031 
vn 0.0629921 -0.669291 0.740157 
vn 0.661417 -0.543307 -0.519685 
vn 0.661417 -0.543307 0.519685 
vn 0.685039 -0.622047 0.377953 
vn 0.551181 -0.173228 0.818898 
vn 0.566929 -0.0629921 0.818898 
vn 0.598425 0.244094 -0.76378 
vn 0.598425 0.251969 0.76378 
vn 0.598425 0.244094 0.76378 
vn 0.606299 0.440945 0.661417 
vn 0.23622 -0.826772 0.519685 
vn 0.212598 -0.897638 0.377953 
vn 0.354331 -0.456693 0.818898 
vn 0.409449 -0.377953 0.826772 
vn 0.590551 -0.165354 0.787402 
vn 0.574803 -0.181102 0.795276 
vn 0.677165 -0.0551181 0.732283 
vn 0.173228 0.88189 0.440945 
vn -0.102362 0.614173 0.779528 
vn -0.181102 0.566929 0.80315 
vn -0.535433 0.314961 0.787402 
vn -0.535433 0.314961 0.779528 
vn -0.732283 0.165354 0.661417 
vn -0.535433 0.314961 -0.779528 
vn 0.653543 0.370079 -0.653543 
vn 0.653543 0.370079 0.653543 
vn 0.653543 0.370079 0.653543 
vn 0.653543 0.370079 0.653543 
vn 0.370079 0.811024 0.456693 
vn 0.0944882 0.779528 0.614173 
vn -0.0629921 0.692913 0.716535 
vn 0.464567 -0.015748 0.889764 
vn 0.464567 -0.015748 0.889764 
vn 0.511811 -0.110236 0.850394 
vn 0.566929 -0.244094 0.787402 
vn 0.669291 0.00787402 0.740157 
vn 0.677165 0.275591 -0.677165 
vn 0.377953 -0.275591 0.889764 
vn 0.377953 -0.275591 0.889764 
vn 0.377953 -0.377953 0.84252 
vn 0.377953 -0.496063 0.779528 
vn 0.629921 -0.307087 0.716535 
vn 0.716535 -0.11811 0.692913 
vn 0.653543 -0.275591 0.708661 
vn 0.669291 -0.228346 0.700787 
vn 0.535433 -0.464567 0.700787 
vn 0.480315 -0.527559 0.700787 
vn 0.362205 -0.637795 0.685039 
vn -0.566929 0.401575 0.724409 
vn -0.307087 0.606299 0.732283 
vn -0.0472441 0.88189 0.472441 
vn -0.401575 0.582677 0.708661 
vn 0.0314961 0.96063 -0.267717 
vn 0.102362 0.889764 0.448819 
vn 0.133858 0.92126 0.354331 
vn 0.19685 0.984252 0 
vn -0.141732 0.606299 0.779528 
vn -0.220472 0.551181 0.80315 
vn 0.102362 0.889764 -0.448819 
vn -0.559055 0.275591 0.787402 
vn -0.559055 0.267717 0.779528 
vn 0.598425 -0.377953 0.700787 
vn 0.661417 -0.244094 0.708661 
vn 0.551181 -0.448819 0.700787 
vn 0.456693 -0.574803 0.685039 
vn 0.669291 -0.220472 0.708661 
vn 0.685039 -0.173228 0.708661 
vn 0.685039 -0.165354 0.708661 
vn 0.685039 -0.149606 0.716535 
vn 0.685039 -0.149606 0.716535 
vn 0.653543 -0.377953 0.661417 
vn 0.653543 -0.354331 0.669291 
vn 0.661417 0.15748 0.740157 
vn 0.661417 0.110236 0.740157 
vn 0.574803 0.543307 0.614173 
vn 0.590551 -0.385827 0.700787 
vn 0.677165 -0.204724 0.708661 
vn 0.543307 -0.464567 0.700787 
vn 0.440945 -0.582677 0.685039 
vn 0.685039 -0.15748 0.708661 
vn 0.716535 -0.015748 0.700787 
vn 0.716535 -0.00787402 0.700787 
vn 0.622047 -0.362205 0.692913 
vn 0.259843 -0.858268 0.440945 
vn 0.259843 -0.858268 0.440945 
vn -0.401575 0.590551 0.700787 
vn -0.732283 0.259843 0.629921 
vn -0.716535 0.283465 0.637795 
vn -0.401575 0.590551 0.700787 
vn 0.732283 0.629921 0.251969 
vn 0.740157 0.606299 0.307087 
vn 0.755906 0.370079 0.543307 
vn 0.748031 0.181102 0.637795 
vn 0.653543 0.448819 0.606299 
vn 0.661417 -0.370079 0.645669 
vn 0.661417 -0.346457 0.661417 
vn 0.661417 0.173228 0.724409 
vn 0.661417 0.141732 0.732283 
vn 0.582677 0.543307 0.606299 
vn 0.732283 0.503937 0.464567 
vn -0.905512 0.173228 0.385827 
vn -0.826772 0.19685 0.527559 
vn -0.393701 0.330709 0.858268 
vn -0.346457 0.385827 0.858268 
vn -0.133858 0.598425 0.787402 
vn -0.141732 0.590551 0.795276 
vn 0.700787 -0.614173 0.354331 
vn 0.661417 -0.251969 0.700787 
vn 0.661417 -0.19685 0.724409 
vn 0.637795 0.23622 0.732283 
vn 0.645669 0.220472 0.732283 
vn 0.590551 0.503937 0.629921 
vn -0.590551 0.488189 0.637795 
vn -0.362205 0.614173 0.708661 
vn -0.267717 0.653543 0.708661 
vn -0.700787 0.598425 0.393701 
vn -0.291339 0.590551 0.755906 
vn -0.251969 0.590551 0.771654 
vn 0.307087 0.598425 0.740157 
vn 0.259843 0.590551 0.76378 
vn 0.503937 0.606299 0.614173 
vn 0.645669 -0.385827 0.661417 
vn 0.645669 -0.370079 0.669291 
vn 0.661417 0.125984 0.740157 
vn 0.661417 0.0629921 0.748031 
vn 0.598425 0.480315 0.637795 
vn 0.629921 -0.393701 0.669291 
vn 0.629921 -0.370079 0.685039 
vn 0.637795 0.125984 0.76378 
vn 0.637795 0.0787402 0.76378 
vn 0.566929 0.496063 0.661417 
vn -0.629921 0.440945 0.637795 
vn -0.401575 0.582677 0.708661 
vn -0.314961 0.629921 0.708661 
vn -0.259843 0.724409 0.637795 
vn 0.00787402 0.708661 0.708661 
vn 0.102362 0.700787 0.708661 

vt 40 -51.3093 
vt 40.0912 -51.2983 
vt 40.0828 -51.2949 
vt 39.9088 -51.2983 
vt 39.9239 -51.1407 
vt 40.1213 -51.1453 
vt 39.8787 -51.1453 
vt 39.9147 -51.1772 
vt 40.0128 -50.8438 
vt 40.0442 -50.8624 
vt 40.0177 -50.8409 
vt 40.0204 -50.8369 
vt 40.053 -50.8346 
vt 40.0475 -50.7989 
vt 40.0213 -50.8828 
vt 40 -50.8479 
vt 40 -50.8897 
vt 39.9787 -50.8828 
vt 39.9872 -50.8438 
vt 39.9558 -50.8624 
vt 39.9823 -50.8409 
vt 39.9796 -50.8369 
vt 39.947 -50.8346 
vt 39.9525 -50.7989 
vt 40.045 -51.2762 
vt 39.9259 -51.3267 
vt 40.0741 -51.3267 
vt 40.0881 -51.3185 
vt 39.9481 -51.2762 
vt 40.0519 -51.2762 
vt 39.9205 -51.3148 
vt 39.964 -51.2758 
vt 40.0795 -51.3148 
vt 40.036 -51.2758 
vt 40.0213 -50.8828 
vt 40 -50.9255 
vt 40.0244 -50.9187 
vt 40.0621 -50.883 
vt 40 -50.8897 
vt 40.0442 -50.8624 
vt 39.9787 -50.8828 
vt 40.053 -50.8346 
vt 39.9756 -50.9187 
vt 39.9379 -50.883 
vt 39.9558 -50.8624 
vt 39.9247 -50.8355 
vt 39.947 -50.8346 
vt 40.0748 -51.0352 
vt 40.1074 -51.0032 
vt 39.8926 -51.0032 
vt 40.0863 -51.0447 
vt 39.9137 -51.0447 
vt 40.0098 -50.8553 
vt 40.0353 -50.8725 
vt 40.0132 -50.8534 
vt 40.0149 -50.8509 
vt 40.042 -50.8501 
vt 40.0402 -50.818 
vt 40.0171 -50.8887 
vt 40 -50.8586 
vt 40 -50.8944 
vt 39.9829 -50.8887 
vt 39.9902 -50.8553 
vt 39.9647 -50.8725 
vt 39.9868 -50.8534 
vt 39.9851 -50.8509 
vt 39.958 -50.8501 
vt 39.9598 -50.818 
vt 40.0171 -50.8887 
vt 40 -50.9274 
vt 40.0213 -50.9214 
vt 40.0534 -50.891 
vt 40.0353 -50.8725 
vt 39.9829 -50.8887 
vt 40.0647 -50.8498 
vt 39.9787 -50.9214 
vt 39.9466 -50.891 
vt 39.9647 -50.8725 
vt 39.9353 -50.8498 
vt 39.9598 -50.818 
vt 40.0383 -50.878 
vt 40.0542 -50.8571 
vt 40.0219 -50.8345 
vt 40.0202 -50.832 
vt 40 -50.8387 
vt 40.0541 -50.8282 
vt 40.0192 -50.8288 
vt 40.0504 -50.7865 
vt 40 -50.8853 
vt 39.9617 -50.878 
vt 39.9781 -50.8345 
vt 39.9458 -50.8571 
vt 39.9798 -50.832 
vt 39.9459 -50.8282 
vt 39.9808 -50.8288 
vt 39.9496 -50.7865 
vt 40.0383 -50.878 
vt 40.0478 -50.9196 
vt 40.082 -50.8804 
vt 40.0542 -50.8571 
vt 39.9617 -50.878 
vt 40.0541 -50.8282 
vt 39.9522 -50.9196 
vt 39.918 -50.8804 
vt 39.9458 -50.8571 
vt 39.9168 -50.8274 
vt 39.9496 -50.7865 
vt 40.0425 -50.8741 
vt 40.0136 -50.858 
vt 40.0194 -50.893 
vt 40.0202 -50.8546 
vt 40 -50.8623 
vt 40.0227 -50.8496 
vt 40.0488 -50.8489 
vt 40.0407 -50.8138 
vt 40 -50.8991 
vt 39.9806 -50.893 
vt 39.9864 -50.858 
vt 39.9575 -50.8741 
vt 39.9798 -50.8546 
vt 39.9773 -50.8496 
vt 39.9512 -50.8489 
vt 39.9593 -50.8138 
vt 40 -50.6863 
vt 40.018 -50.7064 
vt 40 -50.7256 
vt 40.0161 -50.7394 
vt 40 -50.7394 
vt 40 -50.6863 
vt 40 -50.7256 
vt 39.9839 -50.7394 
vt 40 -50.7394 
vt 40.0194 -50.893 
vt 40 -50.9333 
vt 40.0227 -50.9269 
vt 40.0616 -50.8927 
vt 40 -50.8991 
vt 40.0425 -50.8741 
vt 39.9806 -50.893 
vt 40.0488 -50.8489 
vt 39.9773 -50.9269 
vt 39.9384 -50.8927 
vt 39.9575 -50.8741 
vt 39.894 -51.1553 
vt 40.106 -51.1553 
vt 39.9252 -51.0893 
vt 40.0748 -51.0893 
vt 40 -50.725 
vt 39.9866 -50.725 
vt 40 -50.7383 
vt 39.9812 -50.7383 
vt 40.0134 -50.725 
vt 40 -50.7383 
vt 40.0188 -50.7383 
vt 40 -50.725 
vt 40.0111 -50.8425 
vt 40.0412 -50.8635 
vt 40.0149 -50.8404 
vt 40.0168 -50.8377 
vt 40.049 -50.8372 
vt 40.0425 -50.7992 
vt 40.02 -50.8825 
vt 40 -50.8463 
vt 40 -50.8891 
vt 39.98 -50.8825 
vt 39.9889 -50.8425 
vt 39.9588 -50.8635 
vt 39.9851 -50.8404 
vt 39.9832 -50.8377 
vt 39.951 -50.8372 
vt 39.9575 -50.7992 
vt 39.9722 -50.7185 
vt 39.9828 -50.6912 
vt 40 -50.676 
vt 40.0278 -50.7185 
vt 40.0172 -50.6912 
vt 40 -50.676 
vt 40.0557 -51.1384 
vt 39.9443 -51.1384 
vt 40.02 -50.8825 
vt 40 -50.9275 
vt 40.0251 -50.9205 
vt 40.0627 -50.8849 
vt 40 -50.8891 
vt 40.0412 -50.8635 
vt 39.98 -50.8825 
vt 40.049 -50.8372 
vt 39.9749 -50.9205 
vt 39.9373 -50.8849 
vt 39.9588 -50.8635 
vt 40 -50.9315 
vt 39.9284 -50.9874 
vt 40 -50.9918 
vt 40.0716 -50.9874 
vt 39.9334 -50.9271 
vt 40.0666 -50.9271 
vt 39.9046 -50.9505 
vt 40.0954 -50.9505 
vt 39.9314 -50.8854 
vt 40.0686 -50.8854 
vt 39.9624 -50.8746 
vt 40 -51.3301 
vt 39.9386 -51.2749 
vt 39.9259 -51.3267 
vt 39.8856 -51.2755 
vt 40 -51.2748 
vt 40.0614 -51.2749 
vt 40.0741 -51.3267 
vt 40.1144 -51.2755 
vt 40 -50.842 
vt 39.9204 -51.0263 
vt 40 -51.0292 
vt 40.0796 -51.0263 
vt 39.926 -50.98 
vt 40.074 -50.98 
vt 40.106 -50.9738 
vt 39.9173 -50.9473 
vt 39.8952 -50.9102 
vt 39.9252 -50.8638 
vt 40.1048 -50.9102 
vt 40.0748 -50.8638 
vt 39.9567 -50.9095 
vt 39.9314 -50.8854 
vt 39.97 -50.9059 
vt 40.0433 -50.9095 
vt 40.0686 -50.8854 
vt 40.03 -50.9059 
vt 39.9173 -50.9473 
vt 39.9417 -50.9286 
vt 39.926 -50.98 
vt 39.9237 -50.9103 
vt 39.9667 -50.9144 
vt 39.9252 -50.8638 
vt 40 -50.983 
vt 40 -50.928 
vt 40.0583 -50.9286 
vt 40.074 -50.98 
vt 40.0827 -50.9473 
vt 40.0763 -50.9103 
vt 40.0333 -50.9144 
vt 40.0748 -50.8638 
vt 40.0738 -51.2039 
vt 39.9077 -51.2161 
vt 40 -50.8309 
vt 39.9711 -50.818 
vt 40 -50.7888 
vt 40.0289 -50.818 
vt 40 -50.7945 
vt 40 -50.8132 
vt 40.0145 -50.8238 
vt 39.9711 -50.818 
vt 40 -50.7945 
vt 40 -50.8132 
vt 39.9855 -50.8238 
vt 40.0772 -51.306 
vt 40.0622 -51.2575 
vt 40 -51.2575 
vt 39.9378 -51.2575 
vt 40.0735 -50.9504 
vt 40.0718 -50.9658 
vt 40.1064 -51.0332 
vt 40.0816 -51.0069 
vt 40.0735 -51.0541 
vt 39.8936 -51.0332 
vt 39.9184 -51.0069 
vt 39.9265 -51.0541 
vt 39.9107 -51.2333 
vt 39.9481 -51.2762 
vt 39.9429 -51.2207 
vt 39.9177 -51.2388 
vt 39.964 -51.2758 
vt 40.0519 -51.2762 
vt 40.0823 -51.2388 
vt 40.036 -51.2758 
vt 39.98 -50.8824 
vt 39.9519 -51.1223 
vt 39.9237 -51.0892 
vt 39.9667 -51.1193 
vt 40.074 -51.1147 
vt 40.0481 -51.1223 
vt 40.0763 -51.0892 
vt 40.0333 -51.1193 
vt 40 -51.0472 
vt 39.9248 -51.0535 
vt 40.1213 -51.1453 
vt 40.0883 -51.1119 
vt 40.0776 -51.1764 
vt 39.8787 -51.1453 
vt 39.9117 -51.1119 
vt 39.9224 -51.1764 
vt 40.0165 -50.8783 
vt 40 -50.8676 
vt 40 -50.842 
vt 40.0376 -50.8746 
vt 39.9835 -50.8783 
vt 40 -50.8676 
vt 40 -50.842 
vt 39.9624 -50.8746 
vt 40 -50.9072 
vt 39.9835 -50.8783 
vt 40 -50.889 
vt 40 -50.9072 
vt 40.0165 -50.8783 
vt 40 -50.889 
vt 39.9647 -50.8732 
vt 40 -51.12 
vt 39.9204 -51.1833 
vt 40 -51.1886 
vt 40.0796 -51.1833 
vt 39.926 -51.1147 
vt 40.074 -51.1147 
vt 40.0571 -51.0285 
vt 40.0872 -50.9864 
vt 40.0718 -50.9658 
vt 40.0816 -51.0069 
vt 40.0443 -51.0302 
vt 40.0735 -51.0541 
vt 40 -50.9616 
vt 40.062 -51.0268 
vt 40 -51.0243 
vt 39.938 -51.0268 
vt 39.9282 -50.9658 
vt 39.9128 -50.9864 
vt 39.9184 -51.0069 
vt 39.9557 -51.0302 
vt 39.9265 -51.0541 
vt 40 -51.2748 
vt 39.9429 -51.2207 
vt 39.9386 -51.2749 
vt 39.8856 -51.2755 
vt 40 -51.2205 
vt 39.9107 -51.2333 
vt 40.0571 -51.2207 
vt 40.0614 -51.2749 
vt 40.1144 -51.2755 
vt 40.0557 -51.1384 
vt 40.0958 -51.0823 
vt 40.0752 -51.0535 
vt 40.0883 -51.1119 
vt 40.0386 -51.1411 
vt 40.0776 -51.1764 
vt 40 -51.0472 
vt 40.0623 -51.1358 
vt 40 -51.1322 
vt 39.9377 -51.1358 
vt 39.9248 -51.0535 
vt 39.9042 -51.0823 
vt 39.9117 -51.1119 
vt 39.9614 -51.1411 
vt 39.9224 -51.1764 
vt 40.6374 -51.078 
vt 40.6467 -51 
vt 40.5229 -51.1152 
vt 40.5242 -51.0828 
vt 40.6374 -50.922 
vt 40.589 -50.8835 
vt 40.5921 -51.0799 
vt 40.5486 -51.1227 
vt 40.5921 -50.9201 
vt 40.5486 -50.8773 
vt 39.3622 -51.0442 
vt 39.3533 -51 
vt 39.3622 -50.9558 
vt 39.3926 -50.9823 
vt 39.3656 -50.947 
vt 40.3803 -51.045 
vt 40.4438 -51.0723 
vt 39.3926 -51.0753 
vt 39.3926 -50.9247 
vt 40.4929 -51.0748 
vt 40.4662 -51.1074 
vt 40.4662 -50.8926 
vt 40.4647 -50.9137 
vt 39.4465 -51.0353 
vt 39.4465 -50.9647 
vt 39.4741 -50.9868 
vt 39.4733 -51.0213 
vt 39.4742 -50.9353 
vt 39.5274 -51.0542 
vt 39.5308 -51.0541 
vt 39.5186 -50.9617 
vt 39.5626 -50.9781 
vt 39.5274 -50.9458 
vt 39.5626 -50.9522 
vt 39.6309 -51.0425 
vt 39.6582 -51.0202 
vt 39.6339 -51.0488 
vt 39.6228 -51 
vt 39.6582 -50.9864 
vt 39.6309 -50.9575 
vt 39.6638 -51 
vt 39.67 -51.0073 
vt 39.6875 -51 
vt 39.6593 -51.0132 
vt 39.6465 -51 
vt 39.6524 -51.018 
vt 39.6465 -51 
vt 39.6593 -50.9868 
vt 39.6638 -51 
vt 39.67 -50.9927 
vt 39.6875 -51 
vt 39.6582 -51.0616 
vt 39.7343 -51 
vt 39.7418 -51.0088 
vt 39.7629 -51 
vt 39.7292 -51.016 
vt 39.7137 -51 
vt 39.7085 -51.0275 
vt 39.6786 -51 
vt 39.7137 -51 
vt 39.7085 -50.9725 
vt 39.6786 -51 
vt 39.7292 -50.984 
vt 39.7343 -51 
vt 39.7418 -50.9912 
vt 39.7629 -51 
vt 40.2616 -51.0796 
vt 40.3063 -50.894 
vt 40.3063 -51.106 
vt 40.378 -50.9264 
vt 40.3943 -50.9252 
vt 40.3577 -51.1048 
vt 40.3943 -51.0748 
vt 39.72 -51.0412 
vt 39.7524 -51.0149 
vt 39.7231 -51.049 
vt 39.712 -51 
vt 39.72 -50.9588 
vt 39.7445 -51 
vt 39.7724 -50.9722 
vt 39.7718 -51 
vt 39.7876 -50.9828 
vt 39.7955 -51 
vt 39.8028 -50.9906 
vt 39.8262 -51 
vt 39.7724 -51.0278 
vt 39.7445 -51 
vt 39.7718 -51 
vt 39.7876 -51.0172 
vt 39.7955 -51 
vt 39.8028 -51.0094 
vt 39.8262 -51 
vt 40.3501 -51.0481 
vt 39.7794 -51.0666 
vt 39.8236 -50.9046 
vt 39.8236 -51.0954 
vt 39.8296 -50.9314 
vt 39.8296 -51.0686 
vt 40.4689 -51.0127 
vt 40.4451 -50.9768 
vt 40.3251 -50.8856 
vt 40.2749 -51.0614 
vt 40.3937 -51.1131 
vt 40.4114 -51 
vt 40.4056 -50.9624 
vt 40.3869 -51 
vt 40.4225 -50.9684 
vt 40.4344 -51 
vt 40.4451 -50.9768 
vt 40.4665 -51 
vt 40.4689 -50.9873 
vt 40.4959 -51 
vt 40.4114 -51 
vt 40.4056 -51.0376 
vt 40.4225 -51.0316 
vt 40.3869 -51 
vt 40.4344 -51 
vt 40.4451 -51.0232 
vt 40.4665 -51 
vt 40.4689 -51.0127 
vt 40.4959 -51 
vt 39.9226 -50.894 
vt 39.9226 -51.106 
vt 39.883 -50.9173 
vt 39.9223 -51.0748 
vt 39.8076 -50.9255 
vt 39.843 -50.9475 
vt 39.7794 -50.9334 
vt 39.8296 -50.9314 
vt 39.8531 -50.97 
vt 39.8791 -50.9242 
vt 39.7811 -51 
vt 39.8466 -51 
vt 39.843 -51.0525 
vt 39.7794 -51.0666 
vt 39.8076 -51.0745 
vt 39.8296 -51.0686 
vt 39.8531 -51.03 
vt 39.8791 -51.0758 
vt 39.9179 -50.9417 
vt 39.9223 -50.9519 
vt 39.9224 -51 
vt 39.8674 -51.074 
vt 40.5606 -50.9077 
vt 40.4119 -51 
vt 40.4141 -51.0098 
vt 40.4354 -51 
vt 40.3957 -51.0179 
vt 40.3869 -51 
vt 40.373 -51.0243 
vt 40.3607 -51 
vt 40.3595 -51.0289 
vt 40.3428 -51 
vt 40.3607 -51 
vt 40.3869 -51 
vt 40.373 -50.9757 
vt 40.3957 -50.9821 
vt 40.3595 -50.9711 
vt 40.4119 -51 
vt 40.4141 -50.9902 
vt 40.4354 -51 
vt 40.3428 -51 
vt 40.5967 -51.0772 
vt 40.5358 -51.0622 
vt 40.5319 -51.0563 
vt 40.5358 -50.9378 
vt 40.5273 -51.0409 
vt 40.5967 -50.9228 
vt 40.5319 -50.9437 
vt 40.5273 -50.9591 
vt 39.9688 -50.9267 
vt 39.9688 -51.0733 
vt 39.9734 -51 
vt 39.9179 -50.9417 
vt 39.9688 -50.9267 
vt 39.9179 -51.0583 
vt 39.9688 -51.0733 
vt 39.8665 -51.0735 
vt 40.4428 -51.0718 
vt 40.5005 -51.0752 
vt 40.4494 -51 
vt 40.507 -51 
vt 40.4662 -51.1074 
vt 40.5005 -50.9248 
vt 40.4428 -50.9282 
vt 40.4032 -51.0816 
vt 40.4662 -50.8926 
vt 40.3451 -50.9107 
vt 40.3803 -50.955 
vt 40.3843 -50.9481 
vt 40.3164 -50.9429 
vt 40.3849 -50.9177 
vt 40.3891 -50.964 
vt 40.4438 -50.9277 
vt 40.3745 -51 
vt 40.3067 -51 
vt 40.3164 -51.0571 
vt 40.3803 -51.045 
vt 40.3451 -51.0893 
vt 40.3843 -51.0519 
vt 40.3849 -51.0823 
vt 40.3891 -51.036 
vt 40.4438 -51.0723 
vt 39.7929 -51 
vt 39.7928 -50.98 
vt 39.7524 -51.0149 
vt 39.7817 -51.049 
vt 39.8035 -51 
vt 40.3039 -50.9173 
vt 40.3397 -50.9417 
vt 40.2683 -50.926 
vt 40.3362 -50.9237 
vt 40.3534 -50.9667 
vt 40.3943 -50.9252 
vt 40.2685 -51 
vt 40.3428 -51 
vt 40.3397 -51.0583 
vt 40.2683 -51.074 
vt 40.3039 -51.0827 
vt 40.3362 -51.0763 
vt 40.3534 -51.0333 
vt 40.3943 -51.0748 
vt 39.6936 -51 
vt 39.6582 -51.0202 
vt 39.6825 -51.0488 
vt 40.5139 -51.0752 
vt 40.5921 -51.0799 
vt 40.5222 -51 
vt 40.6004 -51 
vt 40.5486 -51.1227 
vt 40.5921 -50.9201 
vt 40.5139 -50.9248 
vt 40.5486 -50.8773 
vt 39.7395 -51 
vt 39.6066 -50.9617 
vt 39.5626 -50.9781 
vt 39.5944 -51.0541 
vt 39.5013 -51.0353 
vt 39.5013 -50.9647 
vt 39.4741 -50.9868 
vt 40.2683 -50.926 
vt 40.2683 -51.074 
vt 40.3577 -50.8952 
vt 40.3362 -50.9237 
vt 40.3943 -50.9252 
vt 40.3577 -51.1048 
vt 40.3362 -51.0763 
vt 40.3943 -51.0748 
vt 39.4312 -51 
vt 39.3926 -50.9823 
vt 39.4197 -50.948 
vt 40.4257 -51.0571 
vt 40.4032 -51.0816 
vt 40.4222 -51.0443 
vt 40.4032 -50.9184 
vt 40.4257 -50.9429 
vt 40.4222 -50.9557 
vt 40.3451 -50.9107 
vt 40.2749 -51.0614 
vt 40.3251 -51.1144 
vt 40.3451 -51.0893 
vt 40.4974 -51.0557 
vt 40.4654 -51.0883 
vt 40.4929 -51.0386 
vt 40.4654 -50.9117 
vt 40.4974 -50.9443 
vt 40.4929 -50.9614 
vt 40.5319 -51.0563 
vt 40.5606 -51.0923 
vt 40.5882 -51.0738 
vt 40.5222 -51.0856 
vt 40.5273 -51.0409 
vt 40.4746 -51.0759 
vt 40.5975 -51 
vt 40.5358 -51.0622 
vt 40.5414 -51 
vt 40.5358 -50.9378 
vt 40.5882 -50.9262 
vt 40.5606 -50.9077 
vt 40.5222 -50.9144 
vt 40.5273 -50.9591 
vt 40.4746 -50.9241 
vt 39.4381 -51.2983 
vt 39.4033 -51.306 
vt 39.4758 -51.2949 
vt 39.3626 -51.2559 
vt 39.411 -51.2567 
vt 39.4381 -51.2983 
vt 39.4771 -51.2587 
vt 39.4758 -51.2949 
vt 39.5254 -51.2588 
vt 39.4127 -51.1407 
vt 39.5102 -51.1453 
vt 39.554 -51.1764 
vt 39.4079 -51.069 
vt 39.4514 -51.1009 
vt 39.4492 -51.1561 
vt 39.5102 -51.1453 
vt 39.4857 -51.1772 
vt 40.6378 -50.8624 
vt 40.6072 -50.7989 
vt 40.6378 -50.8624 
vt 39.6197 -51.2762 
vt 39.6826 -51.3267 
vt 39.6826 -51.3267 
vt 39.6466 -51.3185 
vt 39.6157 -51.2762 
vt 39.6075 -51.3148 
vt 39.5562 -51.2772 
vt 39.6075 -51.3148 
vt 39.5562 -51.2772 
vt 40.6079 -50.9255 
vt 40.6078 -50.9187 
vt 40.6077 -50.883 
vt 40.6378 -50.8624 
vt 40.6074 -50.8355 
vt 40.6344 -50.8346 
vt 40.6072 -50.7989 
vt 39.5071 -51.0352 
vt 39.5071 -51.0352 
vt 39.5338 -51.0032 
vt 39.5353 -51.0447 
vt 39.5353 -51.0447 
vt 39.5803 -51.0332 
vt 39.5637 -51.0585 
vt 39.6148 -51.0541 
vt 40.5535 -50.8725 
vt 40.5254 -50.818 
vt 40.5535 -50.8725 
vt 40.5254 -50.818 
vt 40.5268 -50.9274 
vt 40.5267 -50.9214 
vt 40.5263 -50.891 
vt 40.5535 -50.8725 
vt 40.5258 -50.8498 
vt 40.5505 -50.8501 
vt 40.5254 -50.818 
vt 40.4726 -50.8571 
vt 40.4374 -50.8345 
vt 40.4374 -50.832 
vt 40.4374 -50.7865 
vt 40.4726 -50.8571 
vt 40.4374 -50.7865 
vt 40.4814 -50.878 
vt 40.4374 -50.9196 
vt 40.4374 -50.8804 
vt 40.4726 -50.8571 
vt 40.4374 -50.8274 
vt 40.4692 -50.8282 
vt 40.4374 -50.7865 
vt 40.3691 -50.8741 
vt 40.3418 -50.8138 
vt 40.3418 -50.858 
vt 40.3691 -50.8741 
vt 40.3418 -50.8138 
vt 39.6025 -50.8783 
vt 40.3535 -50.6863 
vt 40.3476 -50.7064 
vt 40.365 -50.702 
vt 40.3502 -50.7178 
vt 40.3407 -50.6897 
vt 40.3748 -50.7176 
vt 40.3521 -50.7258 
vt 40.3629 -50.7256 
vt 40.3529 -50.7394 
vt 40.3418 -50.9333 
vt 40.3772 -50.8991 
vt 40.3418 -50.9269 
vt 40.3418 -50.8927 
vt 40.3691 -50.8741 
vt 40.3418 -50.848 
vt 40.3661 -50.8489 
vt 40.3418 -50.8138 
vt 40.2863 -50.683 
vt 40.2814 -50.703 
vt 40.3068 -50.6968 
vt 40.2915 -50.7196 
vt 40.3214 -50.7188 
vt 40.2708 -50.6868 
vt 40.2657 -50.6717 
vt 40.2582 -50.6761 
vt 39.6704 -51.1954 
vt 39.7384 -51.1833 
vt 39.7384 -51.1833 
vt 39.6937 -51.1553 
vt 39.6486 -51.1709 
vt 39.6423 -51.1178 
vt 39.622 -51.146 
vt 39.6057 -51.0893 
vt 39.6057 -51.0893 
vt 40.297 -50.7383 
vt 40.28 -50.8635 
vt 40.28 -50.8635 
vt 40.2769 -50.8372 
vt 40.2476 -50.7992 
vt 40.2555 -50.7176 
vt 40.2421 -50.6947 
vt 40.2276 -50.7185 
vt 40.2217 -50.7061 
vt 40.2282 -50.6847 
vt 40.2124 -50.6912 
vt 39.4127 -51.1407 
vt 39.4492 -51.1561 
vt 39.5026 -51.1384 
vt 39.4857 -51.1772 
vt 40.2426 -50.7244 
vt 40.2304 -50.7244 
vt 40.2495 -50.7366 
vt 40.2304 -50.7366 
vt 39.6704 -51.1954 
vt 39.6603 -51.1245 
vt 39.6486 -51.1709 
vt 39.6499 -51.1223 
vt 39.622 -51.146 
vt 39.6402 -50.8344 
vt 39.6679 -50.8414 
vt 39.6501 -50.8238 
vt 39.6527 -50.8569 
vt 40.2475 -50.9275 
vt 40.288 -50.8891 
vt 40.2475 -50.9205 
vt 40.2476 -50.8849 
vt 40.28 -50.8635 
vt 40.2476 -50.8365 
vt 40.2769 -50.8372 
vt 40.2476 -50.7992 
vt 40.2062 -50.9874 
vt 40.2062 -50.9874 
vt 40.2206 -50.9271 
vt 40.2206 -50.9271 
vt 40.1764 -50.9505 
vt 40.1764 -50.9505 
vt 40.1924 -50.9106 
vt 40.1437 -50.9035 
vt 40.1704 -50.8854 
vt 40.1209 -50.8684 
vt 40.1704 -50.8854 
vt 39.5442 -50.8804 
vt 39.5775 -50.867 
vt 39.5549 -50.8598 
vt 39.5311 -50.8634 
vt 39.5287 -50.8759 
vt 39.5664 -50.8966 
vt 39.5944 -50.8746 
vt 39.5758 -50.9072 
vt 39.6826 -51.3267 
vt 39.6749 -51.2755 
vt 39.6466 -51.3185 
vt 39.6063 -51.2773 
vt 39.6075 -51.3148 
vt 39.5562 -51.2772 
vt 39.6131 -50.842 
vt 40.0816 -51.0263 
vt 40.1326 -50.98 
vt 40.0774 -50.9738 
vt 40.0774 -50.9738 
vt 40.117 -50.9473 
vt 40.0768 -50.9102 
vt 40.1125 -50.9103 
vt 40.0777 -50.8638 
vt 40.0777 -50.8638 
vt 39.5071 -51.0352 
vt 39.5353 -51.0447 
vt 39.5743 -51.0285 
vt 39.5637 -51.0585 
vt 40.157 -50.9145 
vt 40.1924 -50.9106 
vt 40.1488 -50.9095 
vt 40.1704 -50.8854 
vt 40.0821 -50.9286 
vt 40.117 -50.9473 
vt 40.0777 -50.9189 
vt 40.1125 -50.9103 
vt 39.4118 -51.2039 
vt 39.4118 -51.2039 
vt 39.3626 -51.2559 
vt 39.411 -51.2567 
vt 39.4394 -51.2161 
vt 39.4771 -51.2587 
vt 39.4778 -51.2216 
vt 39.5254 -51.2588 
vt 39.5837 -50.8124 
vt 39.5859 -50.8029 
vt 39.5646 -50.8153 
vt 39.5955 -50.8163 
vt 39.6043 -50.8007 
vt 39.6148 -50.8309 
vt 39.627 -50.8098 
vt 39.6405 -50.818 
vt 39.6238 -50.8416 
vt 39.6402 -50.8344 
vt 39.6501 -50.8238 
vt 39.6393 -50.7888 
vt 39.683 -50.8259 
vt 39.6393 -50.7888 
vt 39.6131 -50.7852 
vt 39.627 -50.8098 
vt 39.6043 -50.8007 
vt 39.6405 -50.818 
vt 39.66 -50.8132 
vt 39.6501 -50.8238 
vt 39.6679 -50.8414 
vt 39.683 -50.8259 
vt 39.4642 -51.2575 
vt 39.4381 -51.2983 
vt 39.4681 -51.2576 
vt 39.4642 -51.2575 
vt 39.4758 -51.2949 
vt 40.0312 -50.979 
vt 40.0312 -50.979 
vt 40.0816 -51.0263 
vt 40.0774 -50.9738 
vt 40.038 -50.9469 
vt 40.038 -50.9469 
vt 40.0768 -50.9102 
vt 40.042 -50.9107 
vt 40.0777 -50.8638 
vt 40.042 -50.9107 
vt 40.1447 -50.9777 
vt 40.2062 -50.9874 
vt 40.1764 -50.9505 
vt 40.1335 -50.9504 
vt 40.1335 -50.9504 
vt 40.1437 -50.9035 
vt 40.1182 -50.9215 
vt 40.1209 -50.8684 
vt 39.5572 -50.9658 
vt 39.5968 -51.0069 
vt 39.5338 -51.0032 
vt 39.5717 -50.9864 
vt 39.5803 -51.0332 
vt 39.5968 -51.0069 
vt 39.6148 -51.0541 
vt 40.2112 -50.7366 
vt 40.2304 -50.7244 
vt 40.2181 -50.7244 
vt 39.6151 -51.2388 
vt 39.6549 -51.2333 
vt 39.6157 -51.2762 
vt 39.6151 -51.2388 
vt 40.0777 -50.9189 
vt 40.038 -50.9469 
vt 40.0821 -50.9286 
vt 40.0312 -50.979 
vt 40.042 -50.9107 
vt 40.2782 -50.7383 
vt 40.1447 -50.9777 
vt 40.157 -50.9145 
vt 40.1335 -50.9504 
vt 40.1488 -50.9095 
vt 40.1182 -50.9215 
vt 40.1965 -50.6977 
vt 40.2217 -50.7061 
vt 40.1965 -50.6977 
vt 40.2124 -50.6912 
vt 40.1972 -50.6819 
vt 40.1899 -50.6879 
vt 40.1738 -50.6787 
vt 39.6603 -51.1245 
vt 39.7317 -51.1147 
vt 39.6961 -51.1077 
vt 39.6499 -51.1223 
vt 39.6638 -51.0892 
vt 39.4079 -51.069 
vt 39.4861 -51.0535 
vt 39.4514 -51.1009 
vt 39.5034 -51.0823 
vt 39.5102 -51.1453 
vt 39.5346 -51.1119 
vt 40.2605 -50.7091 
vt 40.2506 -50.6805 
vt 40.2582 -50.6761 
vt 40.2371 -50.6699 
vt 40.2553 -50.6906 
vt 40.2708 -50.6868 
vt 40.2605 -50.7091 
vt 40.2814 -50.703 
vt 40.264 -50.7267 
vt 40.2915 -50.7196 
vt 40.2475 -50.9275 
vt 40.2071 -50.8891 
vt 40.2476 -50.8849 
vt 40.2151 -50.8635 
vt 40.2476 -50.8365 
vt 40.2183 -50.8372 
vt 40.2476 -50.7992 
vt 40.3238 -50.6848 
vt 40.33 -50.681 
vt 40.3125 -50.6762 
vt 40.3279 -50.6931 
vt 40.3407 -50.6897 
vt 40.3301 -50.7108 
vt 40.3476 -50.7064 
vt 40.3291 -50.7243 
vt 40.3414 -50.7261 
vt 40.3521 -50.7258 
vt 39.6025 -50.8783 
vt 39.631 -50.878 
vt 39.6151 -50.8676 
vt 39.6152 -50.8984 
vt 40.4374 -50.8345 
vt 40.4021 -50.8571 
vt 40.4374 -50.832 
vt 40.3418 -50.9333 
vt 40.3064 -50.8991 
vt 40.3418 -50.8927 
vt 40.3145 -50.8741 
vt 40.3418 -50.848 
vt 40.3175 -50.8489 
vt 40.3418 -50.8138 
vt 40.4987 -50.8732 
vt 39.7384 -51.1833 
vt 39.7317 -51.1147 
vt 39.6937 -51.1553 
vt 39.6961 -51.1077 
vt 39.6423 -51.1178 
vt 39.6638 -51.0892 
vt 40.3934 -50.878 
vt 40.4374 -50.9196 
vt 40.4374 -50.8804 
vt 40.4021 -50.8571 
vt 40.4374 -50.8274 
vt 40.4056 -50.8282 
vt 40.4374 -50.7865 
vt 39.5743 -51.0285 
vt 39.5717 -50.9864 
vt 39.5572 -50.9658 
vt 39.5968 -51.0069 
vt 39.6836 -51.2207 
vt 39.6749 -51.2755 
vt 39.6549 -51.2333 
vt 39.6063 -51.2773 
vt 39.6151 -51.2388 
vt 39.5562 -51.2772 
vt 40.5268 -50.9274 
vt 40.5263 -50.891 
vt 40.4987 -50.8732 
vt 40.5258 -50.8498 
vt 40.5011 -50.8507 
vt 40.5254 -50.818 
vt 40.6077 -50.883 
vt 40.5772 -50.8627 
vt 40.6074 -50.8355 
vt 40.5803 -50.8354 
vt 40.6072 -50.7989 
vt 39.5026 -51.1384 
vt 39.5034 -51.0823 
vt 39.4861 -51.0535 
vt 39.5346 -51.1119 
vt 39.4681 -51.2576 
vt 39.4394 -51.2161 
vt 39.4118 -51.2039 
vt 39.4778 -51.2216 
vt 39.922 -51.2559 
vt 39.9228 -51.306 
vt 40 -51.2557 
vt 39.8835 -51.2567 
vt 40 -51.3093 
vt 39.9088 -51.2983 
vt 40.0772 -51.306 
vt 40.078 -51.2559 
vt 40.0912 -51.2983 
vt 39.9201 -51.069 
vt 39.9239 -51.1407 
vt 40 -51.0629 
vt 39.8773 -51.1009 
vt 40 -51.1425 
vt 39.9054 -51.1561 
vt 40.0761 -51.1407 
vt 40.0799 -51.069 
vt 40.1227 -51.1009 
vt 40.0946 -51.1561 
vt 40.0475 -50.7989 
vt 39.955 -51.2762 
vt 40.0741 -51.3267 
vt 39.9259 -51.3267 
vt 39.9119 -51.3185 
vt 40.0753 -50.8355 
vt 39.9248 -50.9818 
vt 40 -51.0368 
vt 40 -50.9777 
vt 40.0752 -50.9818 
vt 39.9252 -51.0352 
vt 40.0748 -51.0352 
vt 39.8926 -51.0032 
vt 40.1074 -51.0032 
vt 39.9137 -51.0447 
vt 40.0863 -51.0447 
vt 40.0353 -50.8725 
vt 40 -50.9274 
vt 39.9787 -50.9214 
vt 39.9353 -50.8498 
vt 40.0213 -50.9214 
vt 40.0647 -50.8498 
vt 39.9458 -50.8571 
vt 40.0542 -50.8571 
vt 40 -51.2008 
vt 40.0583 -51.1245 
vt 40 -51.1278 
vt 40.0733 -51.1954 
vt 39.9417 -51.1245 
vt 39.9267 -51.1954 
vt 39.9593 -50.8138 
vt 40.0136 -50.858 
vt 40.0407 -50.8138 
vt 40 -50.9189 
vt 40.0259 -50.8984 
vt 40 -50.889 
vt 40.0165 -50.8783 
vt 39.9741 -50.8984 
vt 40 -50.889 
vt 39.9835 -50.8783 
vt 40 -50.9189 
vt 40 -50.6863 
vt 39.982 -50.7064 
vt 39.9893 -50.7258 
vt 39.9839 -50.7394 
vt 40 -50.6863 
vt 40.0107 -50.7258 
vt 40.0161 -50.7394 
vt 40 -50.9333 
vt 39.9384 -50.8927 
vt 40.106 -51.1553 
vt 39.894 -51.1553 
vt 40.1048 -51.1178 
vt 40.0736 -51.146 
vt 40.0748 -51.0893 
vt 39.8952 -51.1178 
vt 39.9264 -51.146 
vt 39.9252 -51.0893 
vt 39.9812 -50.7383 
vt 39.9588 -50.8635 
vt 40.0412 -50.8635 
vt 40.049 -50.8372 
vt 39.9443 -51.1384 
vt 39.9147 -51.1772 
vt 39.9614 -51.1411 
vt 40.0853 -51.1772 
vt 40.0557 -51.1384 
vt 40.0386 -51.1411 
vt 40.0736 -51.146 
vt 40.0333 -51.1193 
vt 40.0748 -51.0893 
vt 39.9519 -51.1223 
vt 39.9264 -51.146 
vt 39.9667 -51.1193 
vt 39.9252 -51.0893 
vt 39.9284 -50.9874 
vt 39.9334 -50.9271 
vt 40.0954 -50.9505 
vt 39.9046 -50.9505 
vt 40.0686 -50.8854 
vt 39.9314 -50.8854 
vt 40.0376 -50.8746 
vt 40.1144 -51.2755 
vt 39.8856 -51.2755 
vt 40 -50.842 
vt 40 -50.8509 
vt 40.0127 -50.8634 
vt 40 -50.8805 
vt 40 -50.8509 
vt 39.9873 -50.8634 
vt 40 -50.8805 
vt 40 -51.0292 
vt 39.9429 -51.0285 
vt 39.9207 -51.0585 
vt 39.9557 -51.0302 
vt 40.0793 -51.0585 
vt 40.0571 -51.0285 
vt 40.0443 -51.0302 
vt 39.9262 -51.2039 
vt 40 -51.2557 
vt 40 -51.2036 
vt 40.0738 -51.2039 
vt 39.922 -51.2559 
vt 40.078 -51.2559 
vt 40 -50.8309 
vt 40.0289 -50.818 
vt 40 -50.7888 
vt 39.9378 -51.2575 
vt 39.9088 -51.2983 
vt 39.9437 -51.2576 
vt 40.0622 -51.2575 
vt 39.9172 -51.2949 
vt 39.9591 -51.2572 
vt 40.0912 -51.2983 
vt 40.0563 -51.2576 
vt 40.0828 -51.2949 
vt 40.0409 -51.2572 
vt 40.0733 -50.979 
vt 39.9267 -50.979 
vt 40 -50.9818 
vt 40.0583 -50.9286 
vt 40 -50.928 
vt 39.9417 -50.9286 
vt 39.9282 -50.9658 
vt 39.9248 -50.9818 
vt 40.0718 -50.9658 
vt 40.1074 -51.0032 
vt 40 -50.7366 
vt 40.0122 -50.7244 
vt 40.0191 -50.7366 
vt 39.9878 -50.7244 
vt 39.9809 -50.7366 
vt 40 -50.7366 
vt 40.0893 -51.2333 
vt 40.0823 -51.2388 
vt 40.0736 -50.9107 
vt 40.0333 -50.9144 
vt 40.0748 -50.8638 
vt 39.9264 -50.9107 
vt 39.9667 -50.9144 
vt 39.9252 -50.8638 
vt 39.98 -50.8824 
vt 40 -50.8463 
vt 39.9889 -50.8425 
vt 40 -50.8891 
vt 39.9588 -50.8635 
vt 40.02 -50.8824 
vt 39.9851 -50.8404 
vt 40.0111 -50.8425 
vt 39.9832 -50.8377 
vt 39.951 -50.8372 
vt 39.9575 -50.7992 
vt 40.0412 -50.8635 
vt 40.0149 -50.8404 
vt 40.0168 -50.8377 
vt 40.049 -50.8372 
vt 40.0425 -50.7992 
vt 40 -50.7383 
vt 40.0188 -50.7383 
vt 40 -50.725 
vt 40.0134 -50.725 
vt 39.9812 -50.7383 
vt 40 -50.725 
vt 39.9866 -50.725 
vt 40 -50.7383 
vt 40.0691 -50.9215 
vt 40.03 -50.9059 
vt 40.0758 -50.8684 
vt 39.9309 -50.9215 
vt 39.97 -50.9059 
vt 39.9242 -50.8684 
vt 40 -50.9822 
vt 40.0525 -50.9145 
vt 40 -50.9163 
vt 40.0659 -50.9777 
vt 39.9475 -50.9145 
vt 39.9341 -50.9777 
vt 40 -50.7394 
vt 40.0107 -50.7258 
vt 40 -50.7261 
vt 40.0161 -50.7394 
vt 39.9893 -50.7258 
vt 39.9839 -50.7394 
vt 40 -50.7394 
vt 40 -50.7261 
vt 40 -50.7175 
vt 39.9766 -50.7061 
vt 39.9722 -50.7185 
vt 40 -50.7227 
vt 40 -50.6977 
vt 39.9828 -50.6912 
vt 40.0234 -50.7061 
vt 40 -50.6977 
vt 40 -50.7175 
vt 40.0278 -50.7185 
vt 40 -50.7227 
vt 40.0172 -50.6912 
vt 39.9806 -50.893 
vt 40 -50.8623 
vt 39.9864 -50.858 
vt 40 -50.8991 
vt 39.9575 -50.8741 
vt 40.0194 -50.893 
vt 39.9798 -50.8546 
vt 40.0136 -50.858 
vt 39.9773 -50.8496 
vt 39.9512 -50.8489 
vt 39.9593 -50.8138 
vt 40.0425 -50.8741 
vt 40.0202 -50.8546 
vt 40.0227 -50.8496 
vt 40.0488 -50.8489 
vt 40.0407 -50.8138 
vt 40 -51.0472 
vt 40.0752 -51.0535 
vt 39.98 -50.8824 
vt 39.9749 -50.9205 
vt 39.9373 -50.8849 
vt 40 -50.8891 
vt 39.9588 -50.8635 
vt 40.02 -50.8824 
vt 39.951 -50.8372 
vt 40.0251 -50.9205 
vt 40.0627 -50.8849 
vt 40.0412 -50.8635 
vt 40 -50.6931 
vt 39.9868 -50.6897 
vt 40 -50.7108 
vt 39.982 -50.7064 
vt 39.9786 -50.7178 
vt 40 -50.7243 
vt 40 -50.6931 
vt 40.0132 -50.6897 
vt 40 -50.7108 
vt 40.018 -50.7064 
vt 40.0214 -50.7178 
vt 40 -50.7243 
vt 39.9617 -50.878 
vt 40 -50.8387 
vt 39.9781 -50.8345 
vt 40 -50.8853 
vt 39.9458 -50.8571 
vt 40.0383 -50.878 
vt 39.9798 -50.832 
vt 40.0219 -50.8345 
vt 39.9459 -50.8282 
vt 39.9808 -50.8288 
vt 39.9496 -50.7865 
vt 40.0542 -50.8571 
vt 40.0202 -50.832 
vt 40.0541 -50.8282 
vt 40.0192 -50.8288 
vt 40.0504 -50.7865 
vt 39.9806 -50.893 
vt 39.9773 -50.9269 
vt 39.9384 -50.8927 
vt 40 -50.8991 
vt 39.9575 -50.8741 
vt 40.0194 -50.893 
vt 39.9512 -50.8489 
vt 40.0227 -50.9269 
vt 40.0616 -50.8927 
vt 40.0425 -50.8741 
vt 39.9829 -50.8896 
vt 40 -50.8586 
vt 39.9902 -50.8553 
vt 40 -50.8952 
vt 39.9647 -50.8732 
vt 40.0171 -50.8896 
vt 39.9868 -50.8534 
vt 40.0098 -50.8553 
vt 39.9851 -50.8509 
vt 39.958 -50.8507 
vt 39.9598 -50.818 
vt 40.0353 -50.8732 
vt 40.0132 -50.8534 
vt 40.0149 -50.8509 
vt 40.042 -50.8507 
vt 40.0402 -50.818 
vt 39.9522 -50.9196 
vt 39.9617 -50.878 
vt 39.918 -50.8804 
vt 39.9458 -50.8571 
vt 40.0383 -50.878 
vt 39.9459 -50.8282 
vt 40.0478 -50.9196 
vt 40.082 -50.8804 
vt 40.0542 -50.8571 
vt 40.0832 -50.8274 
vt 40.0504 -50.7865 
vt 39.9791 -50.8829 
vt 40 -50.8479 
vt 39.9872 -50.8438 
vt 40 -50.8896 
vt 39.9566 -50.8627 
vt 40.0209 -50.8829 
vt 39.9823 -50.8409 
vt 40.0128 -50.8438 
vt 39.9796 -50.8369 
vt 39.948 -50.8354 
vt 39.9525 -50.7989 
vt 40.0434 -50.8627 
vt 40.0177 -50.8409 
vt 40.0204 -50.8369 
vt 40.052 -50.8354 
vt 40.0475 -50.7989 
vt 39.9829 -50.8896 
vt 39.9787 -50.9214 
vt 40 -50.9274 
vt 39.9466 -50.891 
vt 39.9647 -50.8732 
vt 40.0171 -50.8896 
vt 40.0213 -50.9214 
vt 40.0534 -50.891 
vt 40.0353 -50.8732 
vt 40.0647 -50.8498 
vt 40.0402 -50.818 
vt 39.9791 -50.8829 
vt 39.9756 -50.9187 
vt 39.9379 -50.883 
vt 40 -50.8896 
vt 39.9566 -50.8627 
vt 40.0209 -50.8829 
vt 39.948 -50.8354 
vt 40.0244 -50.9187 
vt 40.0621 -50.883 
vt 40.0434 -50.8627 
vt 40.052 -50.8354 
vt 39.9437 -51.2576 
vt 39.9144 -51.2216 
vt 39.9591 -51.2572 
vt 40.0856 -51.2216 
vt 40.0563 -51.2576 
vt 40.0409 -51.2572 
vt 39.3626 -51.078 
vt 39.4033 -51.0772 
vt 39.3533 -51 
vt 39.411 -51.1165 
vt 39.4381 -51.0912 
vt 39.4033 -50.9228 
vt 39.4771 -51.1152 
vt 39.4758 -51.0828 
vt 39.5254 -51.0759 
vt 39.3626 -50.922 
vt 39.411 -50.8835 
vt 39.4381 -50.9088 
vt 39.4771 -50.8848 
vt 39.5254 -50.9241 
vt 39.4127 -51.0761 
vt 39.4514 -51.1227 
vt 39.4492 -51.0946 
vt 39.4127 -50.9239 
vt 39.5102 -51.1213 
vt 39.4857 -51.0853 
vt 39.554 -51.0776 
vt 39.4514 -50.8773 
vt 39.4492 -50.9054 
vt 39.5102 -50.8787 
vt 39.4857 -50.9147 
vt 39.554 -50.9224 
vt 40.6378 -50.9558 
vt 39.6845 -51 
vt 39.6197 -50.955 
vt 39.6255 -51 
vt 39.6197 -51.045 
vt 39.6826 -50.9259 
vt 39.6826 -51.0741 
vt 39.6466 -50.9119 
vt 39.6466 -51.0881 
vt 39.6157 -50.9481 
vt 39.6157 -51.0519 
vt 39.6075 -50.9205 
vt 39.6109 -50.964 
vt 39.5562 -50.9277 
vt 39.6075 -51.0795 
vt 39.6109 -51.036 
vt 39.5562 -51.0723 
vt 40.6466 -51.0213 
vt 40.6079 -51 
vt 40.6078 -51.0244 
vt 40.6077 -51.0621 
vt 40.6467 -51 
vt 40.6466 -50.9787 
vt 40.6074 -51.0753 
vt 40.6078 -50.9756 
vt 40.6077 -50.9379 
vt 39.5071 -51.0748 
vt 39.5353 -51.0863 
vt 39.5803 -51.1064 
vt 39.5637 -51.0793 
vt 39.6148 -51.0735 
vt 39.5803 -50.8936 
vt 39.5637 -50.9207 
vt 39.6148 -50.9265 
vt 40.5535 -51.0353 
vt 40.5535 -50.9647 
vt 40.5605 -51.0171 
vt 40.5268 -51 
vt 40.5267 -51.0213 
vt 40.5607 -51 
vt 40.5605 -50.9829 
vt 40.5258 -50.9353 
vt 40.4726 -51.0542 
vt 40.4814 -51.0383 
vt 40.4374 -51 
vt 40.4374 -51.0478 
vt 40.4815 -51 
vt 40.4814 -50.9617 
vt 40.4374 -50.9522 
vt 40.3691 -51.0425 
vt 40.3418 -50.9864 
vt 40.3691 -50.9575 
vt 39.6025 -50.9835 
vt 40.3476 -51.018 
vt 40.3502 -51.0214 
vt 40.3748 -51 
vt 40.3521 -51.0107 
vt 40.3629 -51 
vt 40.3502 -50.9786 
vt 40.3748 -51 
vt 40.3521 -50.9893 
vt 40.3629 -51 
vt 40.3771 -51.0194 
vt 40.3418 -51 
vt 40.3418 -51.0227 
vt 40.3418 -51.0616 
vt 40.3772 -51 
vt 40.3771 -50.9806 
vt 40.3418 -50.9773 
vt 40.2915 -50.9725 
vt 39.738 -51 
vt 39.6704 -50.9267 
vt 39.6699 -51 
vt 39.6704 -51.0733 
vt 39.7384 -50.9204 
vt 39.7384 -51.0796 
vt 39.6057 -50.9252 
vt 39.6423 -51.1048 
vt 39.6057 -51.0748 
vt 40.28 -50.9588 
vt 40.2276 -50.9722 
vt 39.4127 -51.0761 
vt 39.4992 -51.0623 
vt 39.4089 -51 
vt 39.4941 -51 
vt 39.4992 -50.9377 
vt 39.4127 -50.9239 
vt 39.4492 -50.9054 
vt 39.4492 -51.0946 
vt 39.5026 -51.0557 
vt 39.4857 -51.0853 
vt 39.5071 -51.0386 
vt 39.554 -51.0776 
vt 39.4857 -50.9147 
vt 39.5026 -50.9443 
vt 39.5071 -50.9614 
vt 39.554 -50.9224 
vt 39.6499 -50.9519 
vt 39.6603 -50.9417 
vt 39.622 -50.9264 
vt 39.6466 -50.9667 
vt 39.6603 -51.0583 
vt 39.6499 -51.0481 
vt 39.622 -51.0736 
vt 39.6466 -51.0333 
vt 40.2879 -51.02 
vt 40.2475 -51 
vt 40.2475 -51.0251 
vt 40.2476 -51.0627 
vt 40.288 -51 
vt 40.2879 -50.98 
vt 40.2475 -50.9749 
vt 40.2062 -51.0716 
vt 40.2206 -51.0666 
vt 40.1764 -50.9046 
vt 40.1764 -51.0954 
vt 40.1704 -50.9314 
vt 40.1704 -51.0686 
vt 39.5442 -51 
vt 39.5549 -51.0232 
vt 39.5311 -51.0127 
vt 39.5287 -51 
vt 39.5041 -51 
vt 39.5442 -51 
vt 39.5549 -50.9768 
vt 39.5311 -50.9873 
vt 39.5287 -51 
vt 39.5041 -51 
vt 39.6749 -50.8856 
vt 39.7251 -51.0614 
vt 40.1282 -51 
vt 40.0816 -50.9204 
vt 40.0771 -51 
vt 40.0816 -51.0796 
vt 40.1326 -50.926 
vt 40.1326 -51.074 
vt 40.0774 -50.894 
vt 40.0774 -51.106 
vt 40.0777 -51.0748 
vt 39.5071 -51.0748 
vt 39.5715 -51.062 
vt 39.5043 -51 
vt 39.5675 -51 
vt 39.5715 -50.938 
vt 39.5071 -50.9252 
vt 39.5353 -50.9137 
vt 39.5353 -51.0863 
vt 39.5743 -51.0571 
vt 39.5637 -51.0793 
vt 39.5778 -51.0443 
vt 39.6148 -51.0735 
vt 39.5637 -50.9207 
vt 39.5778 -50.9557 
vt 39.6148 -50.9265 
vt 40.157 -50.9475 
vt 40.2206 -50.9334 
vt 40.1469 -50.97 
vt 40.157 -51.0525 
vt 40.2206 -51.0666 
vt 40.1469 -51.03 
vt 40.0821 -50.9417 
vt 40.0777 -50.9519 
vt 40.1326 -50.926 
vt 40.1125 -50.9237 
vt 40.0781 -50.9667 
vt 40.0821 -51.0583 
vt 40.1326 -51.074 
vt 40.0777 -51.0481 
vt 40.1125 -51.0763 
vt 40.0781 -51.0333 
vt 39.4118 -51.0738 
vt 39.5859 -51.0098 
vt 39.5837 -51 
vt 39.5646 -51 
vt 39.6405 -51.0289 
vt 39.6238 -51 
vt 39.6402 -51 
vt 39.6501 -51.0145 
vt 39.5837 -51 
vt 39.5859 -50.9902 
vt 39.5646 -51 
vt 39.6405 -50.9711 
vt 39.6238 -51 
vt 39.6402 -51 
vt 39.6501 -50.9855 
vt 39.4033 -51.0772 
vt 39.4642 -51.0622 
vt 39.4014 -51 
vt 39.4381 -51.0912 
vt 39.4586 -51 
vt 39.4642 -50.9378 
vt 39.4758 -51.0828 
vt 39.4727 -51.0409 
vt 39.5254 -51.0759 
vt 39.4033 -50.9228 
vt 39.4381 -50.9088 
vt 39.4758 -50.9172 
vt 39.4727 -50.9591 
vt 39.5254 -50.9241 
vt 40.0771 -51 
vt 40.0312 -50.9267 
vt 40.0266 -51 
vt 40.0312 -51.0733 
vt 40.0816 -50.9204 
vt 40.0816 -51.0796 
vt 40.3214 -51 
vt 40.2915 -50.9725 
vt 40.297 -50.9866 
vt 40.3104 -51 
vt 40.3214 -51 
vt 40.297 -51.0134 
vt 40.2915 -51.0275 
vt 40.3104 -51 
vt 40.2043 -51 
vt 40.1447 -50.9341 
vt 40.1428 -51 
vt 40.1447 -51.0659 
vt 40.2062 -50.9284 
vt 40.2062 -51.0716 
vt 40.1335 -51.0735 
vt 39.6836 -50.9429 
vt 39.6151 -50.9177 
vt 40.0821 -50.9417 
vt 40.038 -50.9183 
vt 40.0777 -50.9519 
vt 40.042 -50.9264 
vt 40.0781 -50.9667 
vt 40.0777 -51.0481 
vt 40.038 -51.0817 
vt 40.0821 -51.0583 
vt 40.042 -51.0736 
vt 40.0781 -51.0333 
vt 40.2555 -51 
vt 40.2304 -51.0122 
vt 40.2276 -51.0278 
vt 40.2426 -51 
vt 40.2555 -51 
vt 40.2276 -50.9722 
vt 40.2304 -50.9878 
vt 40.2426 -51 
vt 40.2072 -50.98 
vt 40.157 -50.9475 
vt 40.1488 -50.9567 
vt 40.1182 -50.9309 
vt 40.1469 -50.97 
vt 40.157 -51.0525 
vt 40.1488 -51.0433 
vt 40.1182 -51.0691 
vt 40.1469 -51.03 
vt 40.1965 -51 
vt 39.6603 -50.9417 
vt 39.7317 -50.926 
vt 39.6466 -50.9667 
vt 39.6603 -51.0583 
vt 39.7317 -51.074 
vt 39.6466 -51.0333 
vt 40.2605 -51 
vt 40.2915 -50.9725 
vt 40.264 -51 
vt 40.2836 -51 
vt 40.297 -50.9866 
vt 40.2836 -51 
vt 40.2915 -51.0275 
vt 40.297 -51.0134 
vt 40.264 -51 
vt 40.2072 -51.02 
vt 40.2475 -51.0251 
vt 40.2475 -51 
vt 40.2476 -51.0627 
vt 40.2071 -51 
vt 40.2072 -50.98 
vt 40.2475 -50.9749 
vt 40.2276 -50.9722 
vt 40.2015 -51 
vt 40.2181 -51 
vt 40.2304 -50.9878 
vt 40.2181 -51 
vt 40.2276 -51.0278 
vt 40.2304 -51.0122 
vt 40.2015 -51 
vt 40.3502 -51.0214 
vt 40.3291 -51 
vt 40.3414 -51 
vt 40.3521 -51.0107 
vt 40.3502 -50.9786 
vt 40.3291 -51 
vt 40.3414 -51 
vt 40.3521 -50.9893 
vt 40.3064 -51.0194 
vt 40.3418 -51.0227 
vt 40.3418 -51 
vt 40.3418 -51.0616 
vt 40.3064 -51 
vt 40.3064 -50.9806 
vt 40.3418 -50.9773 
vt 39.5758 -51 
vt 39.6025 -50.9835 
vt 39.5944 -50.9624 
vt 39.5758 -51 
vt 39.6025 -51.0165 
vt 39.5944 -51.0376 
vt 40.4987 -50.9647 
vt 40.4374 -51.0478 
vt 40.4374 -51 
vt 40.3934 -51.0383 
vt 40.3933 -51 
vt 40.3934 -50.9617 
vt 40.4374 -50.9522 
vt 40.4921 -51.0171 
vt 40.5267 -51.0213 
vt 40.5268 -51 
vt 40.4921 -51 
vt 40.4921 -50.9829 
vt 40.5267 -50.9787 
vt 40.5688 -51.0209 
vt 40.6078 -51.0244 
vt 40.6079 -51 
vt 40.6077 -51.0621 
vt 40.5688 -51 
vt 40.5688 -50.9791 
vt 40.6078 -50.9756 
vt 40.6374 -51.2559 
vt 40.5967 -51.306 
vt 40.589 -51.2567 
vt 40.5619 -51.2983 
vt 40.5229 -51.2587 
vt 40.5242 -51.2949 
vt 40.4746 -51.2588 
vt 40.5619 -51.2983 
vt 40.5921 -51.069 
vt 40.5873 -51.1407 
vt 40.5486 -51.1009 
vt 40.5508 -51.1561 
vt 40.5873 -51.1407 
vt 40.4898 -51.1453 
vt 40.5143 -51.1772 
vt 40.446 -51.1764 
vt 40.5143 -51.1772 
vt 39.3622 -50.8624 
vt 39.3928 -50.7989 
vt 39.3622 -50.8624 
vt 40.3803 -51.2762 
vt 40.3174 -51.3267 
vt 40.3174 -51.3267 
vt 40.3534 -51.3185 
vt 40.3534 -51.3185 
vt 40.3843 -51.2762 
vt 40.3925 -51.3148 
vt 40.4438 -51.2772 
vt 40.3925 -51.3148 
vt 40.4438 -51.2772 
vt 39.3921 -50.9255 
vt 39.3923 -50.883 
vt 39.3622 -50.8624 
vt 39.3926 -50.8355 
vt 39.3656 -50.8346 
vt 39.3928 -50.7989 
vt 40.4929 -51.0352 
vt 40.4662 -51.0032 
vt 40.4662 -51.0032 
vt 40.4647 -51.0447 
vt 40.4647 -51.0447 
vt 40.4197 -51.0332 
vt 40.4363 -51.0585 
vt 40.3852 -51.0541 
vt 39.4465 -50.8725 
vt 39.4746 -50.818 
vt 39.4746 -50.818 
vt 39.4732 -50.9274 
vt 39.4737 -50.891 
vt 39.4465 -50.8725 
vt 39.4742 -50.8498 
vt 39.4495 -50.8501 
vt 39.4746 -50.818 
vt 39.5274 -50.8571 
vt 39.5626 -50.7865 
vt 39.5186 -50.878 
vt 39.5626 -50.8345 
vt 39.5274 -50.8571 
vt 39.5626 -50.832 
vt 39.5626 -50.7865 
vt 39.5626 -50.9196 
vt 39.5626 -50.8804 
vt 39.5274 -50.8571 
vt 39.5626 -50.8274 
vt 39.5308 -50.8282 
vt 39.5626 -50.7865 
vt 39.6309 -50.8741 
vt 39.6582 -50.8138 
vt 39.6309 -50.8741 
vt 39.6582 -50.8138 
vt 40.3975 -50.8783 
vt 39.6593 -50.6897 
vt 39.6465 -50.6863 
vt 39.6524 -50.7064 
vt 39.635 -50.702 
vt 39.6498 -50.7178 
vt 39.6252 -50.7176 
vt 39.6479 -50.7258 
vt 39.6371 -50.7256 
vt 39.6471 -50.7394 
vt 39.6582 -50.9333 
vt 39.6582 -50.8927 
vt 39.6309 -50.8741 
vt 39.6582 -50.848 
vt 39.6339 -50.8489 
vt 39.6582 -50.8138 
vt 39.7343 -50.6717 
vt 39.7418 -50.6761 
vt 39.7292 -50.6868 
vt 39.7137 -50.683 
vt 39.7186 -50.703 
vt 39.6932 -50.6968 
vt 39.7085 -50.7196 
vt 39.6786 -50.7188 
vt 40.3296 -51.1954 
vt 40.2616 -51.1833 
vt 40.3063 -51.1553 
vt 40.3063 -51.1553 
vt 40.3514 -51.1709 
vt 40.378 -51.146 
vt 40.3943 -51.0893 
vt 40.3577 -51.1178 
vt 40.378 -51.146 
vt 40.3943 -51.0893 
vt 39.703 -50.7383 
vt 39.72 -50.8635 
vt 39.72 -50.8635 
vt 39.7231 -50.8372 
vt 39.7524 -50.7992 
vt 39.7579 -50.6947 
vt 39.7724 -50.7185 
vt 39.7783 -50.7061 
vt 39.7445 -50.7176 
vt 39.7718 -50.6847 
vt 39.7876 -50.6912 
vt 40.5508 -51.1561 
vt 40.5143 -51.1772 
vt 40.4974 -51.1384 
vt 39.7696 -50.7244 
vt 39.7505 -50.7366 
vt 39.7696 -50.7366 
vt 39.7574 -50.7244 
vt 40.3514 -51.1709 
vt 40.3501 -51.1223 
vt 40.3397 -51.1245 
vt 40.3296 -51.1954 
vt 40.378 -51.146 
vt 40.3501 -51.1223 
vt 40.3598 -50.8344 
vt 40.3321 -50.8414 
vt 40.3473 -50.8569 
vt 40.3499 -50.8238 
vt 39.7525 -50.9275 
vt 39.7524 -50.8849 
vt 39.72 -50.8635 
vt 39.7524 -50.8365 
vt 39.7231 -50.8372 
vt 39.7524 -50.7992 
vt 39.7938 -50.9874 
vt 39.7794 -50.9271 
vt 39.8236 -50.9505 
vt 39.8236 -50.9505 
vt 39.8076 -50.9106 
vt 39.8296 -50.8854 
vt 39.8563 -50.9035 
vt 39.8296 -50.8854 
vt 39.8791 -50.8684 
vt 40.4056 -50.8746 
vt 40.4242 -50.9072 
vt 40.4336 -50.8966 
vt 40.4225 -50.867 
vt 40.4558 -50.8804 
vt 40.4451 -50.8598 
vt 40.4689 -50.8634 
vt 40.4713 -50.8759 
vt 40.3251 -51.2755 
vt 40.2749 -51.2749 
vt 40.3174 -51.3267 
vt 40.3251 -51.2755 
vt 40.3534 -51.3185 
vt 40.3937 -51.2773 
vt 40.3925 -51.3148 
vt 40.4438 -51.2772 
vt 40.3869 -50.842 
vt 39.9184 -51.0263 
vt 39.8674 -50.98 
vt 39.9226 -50.9738 
vt 39.9226 -50.9738 
vt 39.883 -50.9473 
vt 39.883 -50.9473 
vt 39.9223 -50.8638 
vt 39.9232 -50.9102 
vt 39.8875 -50.9103 
vt 39.9223 -50.8638 
vt 40.4647 -51.0447 
vt 40.4363 -51.0585 
vt 40.4257 -51.0285 
vt 39.8512 -50.9095 
vt 39.8076 -50.9106 
vt 39.843 -50.9145 
vt 39.8296 -50.8854 
vt 39.883 -50.9473 
vt 39.9179 -50.9286 
vt 39.9223 -50.9189 
vt 39.8875 -50.9103 
vt 40.5882 -51.2039 
vt 40.6374 -51.2559 
vt 40.589 -51.2567 
vt 40.5606 -51.2161 
vt 40.5606 -51.2161 
vt 40.5229 -51.2587 
vt 40.5222 -51.2216 
vt 40.4746 -51.2588 
vt 40.4045 -50.8163 
vt 40.4141 -50.8029 
vt 40.3957 -50.8007 
vt 40.4163 -50.8124 
vt 40.4354 -50.8153 
vt 40.3852 -50.8309 
vt 40.373 -50.8098 
vt 40.3595 -50.818 
vt 40.3762 -50.8416 
vt 40.3598 -50.8344 
vt 40.3499 -50.8238 
vt 40.3957 -50.8007 
vt 40.3869 -50.7852 
vt 40.373 -50.8098 
vt 40.3607 -50.7888 
vt 40.3595 -50.818 
vt 40.34 -50.8132 
vt 40.3499 -50.8238 
vt 40.3321 -50.8414 
vt 40.317 -50.8259 
vt 40.5358 -51.2575 
vt 40.5619 -51.2983 
vt 40.5319 -51.2576 
vt 40.5242 -51.2949 
vt 39.9688 -50.979 
vt 39.9688 -50.979 
vt 39.9184 -51.0263 
vt 39.9226 -50.9738 
vt 39.962 -50.9469 
vt 39.958 -50.9107 
vt 39.9232 -50.9102 
vt 39.958 -50.9107 
vt 39.9223 -50.8638 
vt 39.8553 -50.9777 
vt 39.7938 -50.9874 
vt 39.8236 -50.9505 
vt 39.8665 -50.9504 
vt 39.8563 -50.9035 
vt 39.8818 -50.9215 
vt 39.8791 -50.8684 
vt 40.4428 -50.9658 
vt 40.4662 -51.0032 
vt 40.4283 -50.9864 
vt 40.4197 -51.0332 
vt 40.4032 -51.0069 
vt 40.3852 -51.0541 
vt 40.4032 -51.0069 
vt 39.7888 -50.7366 
vt 39.7696 -50.7244 
vt 39.7888 -50.7366 
vt 39.7819 -50.7244 
vt 40.3451 -51.2333 
vt 40.3843 -51.2762 
vt 40.3849 -51.2388 
vt 39.9179 -50.9286 
vt 39.9688 -50.979 
vt 39.962 -50.9469 
vt 39.9223 -50.9189 
vt 39.958 -50.9107 
vt 39.7218 -50.7383 
vt 39.843 -50.9145 
vt 39.8553 -50.9777 
vt 39.8665 -50.9504 
vt 39.8512 -50.9095 
vt 39.8818 -50.9215 
vt 39.7783 -50.7061 
vt 39.8035 -50.6977 
vt 39.7876 -50.6912 
vt 39.8028 -50.6819 
vt 39.8101 -50.6879 
vt 39.8262 -50.6787 
vt 40.3501 -51.1223 
vt 40.3039 -51.1077 
vt 40.3397 -51.1245 
vt 40.3362 -51.0892 
vt 40.2683 -51.1147 
vt 40.5139 -51.0535 
vt 40.5921 -51.069 
vt 40.5222 -51.0472 
vt 40.5486 -51.1009 
vt 40.4966 -51.0823 
vt 40.5139 -51.0535 
vt 40.4898 -51.1453 
vt 40.4654 -51.1119 
vt 39.7418 -50.6761 
vt 39.7447 -50.6906 
vt 39.7494 -50.6805 
vt 39.7629 -50.6699 
vt 39.7292 -50.6868 
vt 39.7395 -50.7091 
vt 39.7186 -50.703 
vt 39.736 -50.7267 
vt 39.7085 -50.7196 
vt 39.7524 -50.8849 
vt 39.7849 -50.8635 
vt 39.7524 -50.8365 
vt 39.7817 -50.8372 
vt 39.7524 -50.7992 
vt 39.67 -50.681 
vt 39.6721 -50.6931 
vt 39.6762 -50.6848 
vt 39.6875 -50.6762 
vt 39.6593 -50.6897 
vt 39.6699 -50.7108 
vt 39.6524 -50.7064 
vt 39.6709 -50.7243 
vt 39.6586 -50.7261 
vt 39.6479 -50.7258 
vt 40.369 -50.878 
vt 40.3975 -50.8783 
vt 40.3849 -50.8676 
vt 40.3848 -50.8984 
vt 39.6066 -50.878 
vt 39.5626 -50.8345 
vt 39.5979 -50.8571 
vt 39.5626 -50.832 
vt 39.5626 -50.7865 
vt 39.6582 -50.8927 
vt 39.6855 -50.8741 
vt 39.6582 -50.848 
vt 39.6825 -50.8489 
vt 39.6582 -50.8138 
vt 39.5013 -50.8732 
vt 40.2616 -51.1833 
vt 40.2683 -51.1147 
vt 40.3063 -51.1553 
vt 40.3039 -51.1077 
vt 40.3577 -51.1178 
vt 40.3362 -51.0892 
vt 39.5626 -50.9196 
vt 39.5626 -50.8804 
vt 39.5979 -50.8571 
vt 39.5626 -50.8274 
vt 39.5944 -50.8282 
vt 39.5626 -50.7865 
vt 40.4283 -50.9864 
vt 40.4032 -51.0069 
vt 40.4257 -51.0285 
vt 40.3164 -51.2207 
vt 40.3251 -51.2755 
vt 40.3451 -51.2333 
vt 40.3937 -51.2773 
vt 40.3849 -51.2388 
vt 40.4438 -51.2772 
vt 39.4737 -50.891 
vt 39.5013 -50.8732 
vt 39.4742 -50.8498 
vt 39.4989 -50.8507 
vt 39.4746 -50.818 
vt 39.3923 -50.883 
vt 39.4228 -50.8627 
vt 39.3926 -50.8355 
vt 39.4197 -50.8354 
vt 39.3928 -50.7989 
vt 40.4966 -51.0823 
vt 40.4654 -51.1119 
vt 40.4974 -51.1384 
vt 40.5606 -51.2161 
vt 40.5222 -51.2216 
vt 40.5319 -51.2576 

usemtl Meshpart2Mtl

f 167/167/167 168/168/168 169/169/169 
f 169/169/169 168/168/168 170/170/170 
f 171/171/171 170/170/170 168/168/168 
f 171/171/171 172/172/172 170/170/170 
f 168/168/168 167/167/167 173/173/173 
f 174/174/174 173/173/173 167/167/167 
f 173/173/173 174/174/174 175/175/175 
f 174/174/174 176/176/176 175/175/175 
f 176/176/176 174/174/174 177/177/177 
f 177/177/177 178/178/178 176/176/176 
f 178/178/178 177/177/177 179/179/179 
f 180/180/180 178/178/178 179/179/179 
f 178/178/178 180/180/180 181/181/181 
f 181/181/181 180/180/180 182/182/182 
f 189/189/189 190/190/190 187/187/187 
f 191/191/191 188/188/188 192/192/192 
f 196/196/196 193/193/193 195/195/195 
f 193/193/193 196/196/196 198/198/198 
f 199/199/199 202/202/202 201/201/201 
f 202/202/202 199/199/199 203/203/203 
f 211/211/211 212/212/212 213/213/213 
f 213/213/213 212/212/212 214/214/214 
f 215/215/215 214/214/214 212/212/212 
f 215/215/215 216/216/216 214/214/214 
f 212/212/212 211/211/211 217/217/217 
f 218/218/218 217/217/217 211/211/211 
f 217/217/217 218/218/218 219/219/219 
f 218/218/218 220/220/220 219/219/219 
f 220/220/220 218/218/218 221/221/221 
f 221/221/221 222/222/222 220/220/220 
f 222/222/222 221/221/221 223/223/223 
f 224/224/224 222/222/222 223/223/223 
f 222/222/222 224/224/224 225/225/225 
f 225/225/225 224/224/224 226/226/226 
f 227/227/227 228/228/228 229/229/229 
f 230/230/230 227/227/227 229/229/229 
f 227/227/227 230/230/230 231/231/231 
f 228/228/228 232/232/232 234/234/234 
f 232/232/232 235/235/235 234/234/234 
f 235/235/235 232/232/232 236/236/236 
f 239/239/239 240/240/240 241/241/241 
f 243/243/243 239/239/239 241/241/241 
f 244/244/244 242/242/242 240/240/240 
f 242/242/242 244/244/244 245/245/245 
f 244/244/244 246/246/246 245/245/245 
f 239/239/239 243/243/243 247/247/247 
f 243/243/243 248/248/248 247/247/247 
f 248/248/248 243/243/243 249/249/249 
f 249/249/249 250/250/250 248/248/248 
f 251/251/251 252/252/252 250/250/250 
f 252/252/252 251/251/251 253/253/253 
f 252/252/252 253/253/253 254/254/254 
f 257/257/257 255/255/255 256/256/256 
f 255/255/255 257/257/257 258/258/258 
f 259/259/259 262/262/262 261/261/261 
f 262/262/262 259/259/259 263/263/263 
f 266/266/266 267/267/267 268/268/268 
f 267/267/267 266/266/266 269/269/269 
f 270/270/270 268/268/268 267/267/267 
f 269/269/269 266/266/266 271/271/271 
f 272/272/272 271/271/271 266/266/266 
f 272/272/272 273/273/273 271/271/271 
f 268/268/268 270/270/270 274/274/274 
f 270/270/270 275/275/275 274/274/274 
f 275/275/275 270/270/270 276/276/276 
f 276/276/276 277/277/277 275/275/275 
f 277/277/277 276/276/276 278/278/278 
f 279/279/279 277/277/277 278/278/278 
f 277/277/277 279/279/279 280/280/280 
f 280/280/280 279/279/279 281/281/281 
f 285/285/285 284/284/284 286/286/286 
f 288/288/288 289/289/289 290/290/290 
f 294/294/294 291/291/291 293/293/293 
f 291/291/291 294/294/294 296/296/296 
f 297/297/297 300/300/300 299/299/299 
f 300/300/300 297/297/297 301/301/301 
f 306/306/306 307/307/307 308/308/308 
f 308/308/308 307/307/307 309/309/309 
f 310/310/310 311/311/311 312/312/312 
f 311/311/311 310/310/310 313/313/313 
f 314/314/314 315/315/315 316/316/316 
f 316/316/316 315/315/315 317/317/317 
f 318/318/318 317/317/317 315/315/315 
f 318/318/318 319/319/319 317/317/317 
f 315/315/315 314/314/314 320/320/320 
f 321/321/321 320/320/320 314/314/314 
f 320/320/320 321/321/321 322/322/322 
f 321/321/321 323/323/323 322/322/322 
f 323/323/323 321/321/321 324/324/324 
f 324/324/324 325/325/325 323/323/323 
f 325/325/325 324/324/324 326/326/326 
f 327/327/327 325/325/325 326/326/326 
f 325/325/325 327/327/327 328/328/328 
f 328/328/328 327/327/327 329/329/329 
f 341/341/341 338/338/338 340/340/340 
f 338/338/338 341/341/341 343/343/343 
f 344/344/344 347/347/347 346/346/346 
f 347/347/347 344/344/344 348/348/348 
f 349/349/349 350/350/350 351/351/351 
f 352/352/352 349/349/349 351/351/351 
f 350/350/350 349/349/349 353/353/353 
f 349/349/349 352/352/352 354/354/354 
f 360/360/360 361/361/361 362/362/362 
f 362/362/362 361/361/361 363/363/363 
f 361/361/361 360/360/360 364/364/364 
f 360/360/360 365/365/365 364/364/364 
f 365/365/365 360/360/360 366/366/366 
f 365/365/365 366/366/366 367/367/367 
f 381/381/381 380/380/380 382/382/382 
f 383/383/383 384/384/384 385/385/385 
f 387/387/387 386/386/386 388/388/388 
f 389/389/389 390/390/390 391/391/391 
f 392/392/392 387/387/387 388/388/388 
f 387/387/387 392/392/392 393/393/393 
f 392/392/392 394/394/394 393/393/393 
f 394/394/394 392/392/392 395/395/395 
f 396/396/396 394/394/394 395/395/395 
f 397/397/397 399/399/399 398/398/398 
f 407/407/407 405/405/405 406/406/406 
f 407/407/407 408/408/408 405/405/405 
f 409/409/409 411/411/411 410/410/410 
f 411/411/411 409/409/409 412/412/412 
f 419/419/419 420/420/420 421/421/421 
f 422/422/422 424/424/424 423/423/423 
f 428/428/428 426/426/426 429/429/429 
f 430/430/430 431/431/431 432/432/432 
f 435/435/435 434/434/434 436/436/436 
f 438/438/438 439/439/439 440/440/440 
f 443/443/443 444/444/444 445/445/445 
f 446/446/446 448/448/448 447/447/447 
f 449/449/449 451/451/451 450/450/450 
f 451/451/451 449/449/449 452/452/452 
f 455/455/455 453/453/453 454/454/454 
f 455/455/455 456/456/456 453/453/453 
f 458/458/458 457/457/457 459/459/459 
f 460/460/460 461/461/461 462/462/462 
f 464/464/464 465/465/465 466/466/466 
f 467/467/467 464/464/464 466/466/466 
f 465/465/465 464/464/464 468/468/468 
f 464/464/464 467/467/467 469/469/469 
f 470/470/470 471/471/471 472/472/472 
f 473/473/473 474/474/474 475/475/475 
f 476/476/476 477/477/477 472/472/472 
f 477/477/477 476/476/476 478/478/478 
f 476/476/476 479/479/479 478/478/478 
f 479/479/479 476/476/476 480/480/480 
f 479/479/479 480/480/480 481/481/481 
f 482/482/482 484/484/484 483/483/483 
f 485/485/485 486/486/486 487/487/487 
f 486/486/486 488/488/488 487/487/487 
f 486/486/486 485/485/485 489/489/489 
f 485/485/485 491/491/491 489/489/489 
f 491/491/491 485/485/485 492/492/492 
f 493/493/493 491/491/491 492/492/492 
f 494/494/494 495/495/495 496/496/496 
f 497/497/497 498/498/498 499/499/499 
f 500/500/500 501/501/501 496/496/496 
f 501/501/501 500/500/500 502/502/502 
f 500/500/500 503/503/503 502/502/502 
f 503/503/503 500/500/500 504/504/504 
f 503/503/503 504/504/504 505/505/505 
f 506/506/506 508/508/508 507/507/507 
f 549/549/549 550/550/550 551/551/551 
f 549/549/549 552/552/552 550/550/550 
f 552/552/552 549/549/549 553/553/553 
f 555/555/555 557/557/557 556/556/556 
f 556/556/556 557/557/557 558/558/558 
f 558/558/558 557/557/557 559/559/559 
f 561/561/561 562/562/562 563/563/563 
f 561/561/561 564/564/564 562/562/562 
f 564/564/564 561/561/561 565/565/565 
f 568/568/568 572/572/572 571/571/571 
f 571/571/571 572/572/572 573/573/573 
f 573/573/573 572/572/572 574/574/574 
f 589/589/589 591/591/591 590/590/590 
f 590/590/590 591/591/591 592/592/592 
f 592/592/592 591/591/591 593/593/593 
f 597/597/597 598/598/598 596/596/596 
f 598/598/598 597/597/597 599/599/599 
f 598/598/598 599/599/599 600/600/600 
f 612/612/612 613/613/613 614/614/614 
f 613/613/613 612/612/612 615/615/615 
f 616/616/616 615/615/615 612/612/612 
f 615/615/615 616/616/616 617/617/617 
f 618/618/618 617/617/617 616/616/616 
f 617/617/617 618/618/618 619/619/619 
f 621/621/621 622/622/622 623/623/623 
f 622/622/622 621/621/621 624/624/624 
f 623/623/623 625/625/625 621/621/621 
f 625/625/625 623/623/623 626/626/626 
f 626/626/626 627/627/627 625/625/625 
f 627/627/627 626/626/626 628/628/628 
f 636/636/636 635/635/635 634/634/634 
f 637/637/637 638/638/638 639/639/639 
f 640/640/640 635/635/635 636/636/636 
f 635/635/635 640/640/640 641/641/641 
f 640/640/640 642/642/642 641/641/641 
f 642/642/642 640/640/640 643/643/643 
f 644/644/644 642/642/642 643/643/643 
f 645/645/645 647/647/647 646/646/646 
f 653/653/653 654/654/654 655/655/655 
f 653/653/653 656/656/656 654/654/654 
f 656/656/656 653/653/653 657/657/657 
f 657/657/657 658/658/658 656/656/656 
f 658/658/658 657/657/657 659/659/659 
f 660/660/660 659/659/659 661/661/661 
f 662/662/662 663/663/663 664/664/664 
f 664/664/664 663/663/663 665/665/665 
f 663/663/663 667/667/667 665/665/665 
f 665/665/665 667/667/667 668/668/668 
f 668/668/668 667/667/667 669/669/669 
f 666/666/666 670/670/670 662/662/662 
f 682/682/682 681/681/681 683/683/683 
f 685/685/685 681/681/681 684/684/684 
f 687/687/687 688/688/688 689/689/689 
f 688/688/688 690/690/690 689/689/689 
f 687/687/687 691/691/691 688/688/688 
f 689/689/689 690/690/690 692/692/692 
f 689/689/689 692/692/692 693/693/693 
f 695/695/695 693/693/693 692/692/692 
f 696/696/696 697/697/697 698/698/698 
f 697/697/697 696/696/696 699/699/699 
f 700/700/700 701/701/701 702/702/702 
f 699/699/699 703/703/703 697/697/697 
f 703/703/703 699/699/699 704/704/704 
f 705/705/705 703/703/703 704/704/704 
f 703/703/703 705/705/705 706/706/706 
f 707/707/707 706/706/706 705/705/705 
f 706/706/706 707/707/707 708/708/708 
f 709/709/709 711/711/711 710/710/710 
f 719/719/719 718/718/718 717/717/717 
f 720/720/720 721/721/721 722/722/722 
f 723/723/723 718/718/718 719/719/719 
f 718/718/718 723/723/723 724/724/724 
f 723/723/723 725/725/725 724/724/724 
f 725/725/725 723/723/723 726/726/726 
f 727/727/727 725/725/725 726/726/726 
f 728/728/728 730/730/730 729/729/729 
f 734/734/734 735/735/735 736/736/736 
f 735/735/735 737/737/737 736/736/736 
f 734/734/734 738/738/738 735/735/735 
f 736/736/736 737/737/737 739/739/739 
f 736/736/736 739/739/739 740/740/740 
f 741/741/741 740/740/740 739/739/739 
f 751/751/751 752/752/752 753/753/753 
f 754/754/754 756/756/756 755/755/755 
f 761/761/761 760/760/760 762/762/762 
f 764/764/764 763/763/763 765/765/765 
f 771/771/771 770/770/770 772/772/772 
f 774/774/774 773/773/773 775/775/775 
f 776/776/776 777/777/777 778/778/778 
f 779/779/779 780/780/780 781/781/781 
f 782/782/782 783/783/783 778/778/778 
f 783/783/783 782/782/782 784/784/784 
f 782/782/782 785/785/785 784/784/784 
f 785/785/785 782/782/782 786/786/786 
f 785/785/785 786/786/786 787/787/787 
f 788/788/788 790/790/790 789/789/789 
f 792/792/792 795/795/795 794/794/794 
f 795/795/795 792/792/792 796/796/796 
f 796/796/796 797/797/797 795/795/795 
f 798/798/798 797/797/797 796/796/796 
f 798/798/798 799/799/799 797/797/797 
f 805/805/805 804/804/804 800/800/800 
f 804/804/804 805/805/805 806/806/806 
f 805/805/805 807/807/807 806/806/806 
f 814/814/814 815/815/815 818/818/818 
f 823/823/823 824/824/824 822/822/822 
f 824/824/824 823/823/823 825/825/825 
f 824/824/824 825/825/825 826/826/826 
f 831/831/831 829/829/829 828/828/828 
f 829/829/829 831/831/831 832/832/832 
f 831/831/831 833/833/833 832/832/832 
f 842/842/842 843/843/843 841/841/841 
f 843/843/843 842/842/842 844/844/844 
f 843/843/843 844/844/844 845/845/845 
f 846/846/846 848/848/848 847/847/847 
f 855/855/855 856/856/856 854/854/854 
f 856/856/856 855/855/855 857/857/857 
f 856/856/856 857/857/857 858/858/858 
f 865/865/865 866/866/866 867/867/867 
f 868/868/868 867/867/867 866/866/866 
f 866/866/866 865/865/865 869/869/869 
f 870/870/870 867/867/867 868/868/868 
f 873/873/873 872/872/872 871/871/871 
f 878/878/878 879/879/879 877/877/877 
f 879/879/879 878/878/878 880/880/880 
f 879/879/879 880/880/880 881/881/881 
f 882/882/882 883/883/883 884/884/884 
f 885/885/885 884/884/884 883/883/883 
f 886/886/886 884/884/884 885/885/885 
f 883/883/883 882/882/882 887/887/887 
f 893/893/893 890/890/890 891/891/891 
f 890/890/890 893/893/893 894/894/894 
f 895/895/895 894/894/894 893/893/893 
f 894/894/894 895/895/895 896/896/896 
f 904/904/904 905/905/905 906/906/906 
f 906/906/906 905/905/905 907/907/907 
f 908/908/908 907/907/907 905/905/905 
f 907/907/907 908/908/908 909/909/909 
f 912/912/912 911/911/911 913/913/913 
f 914/914/914 915/915/915 916/916/916 
f 917/917/917 916/916/916 915/915/915 
f 918/918/918 919/919/919 920/920/920 
f 920/920/920 919/919/919 921/921/921 
f 922/922/922 920/920/920 921/921/921 
f 923/923/923 924/924/924 925/925/925 
f 924/924/924 923/923/923 926/926/926 
f 931/931/931 932/932/932 930/930/930 
f 932/932/932 931/931/931 933/933/933 
f 932/932/932 933/933/933 934/934/934 
f 937/937/937 939/939/939 935/935/935 
f 939/939/939 937/937/937 941/941/941 
f 941/941/941 942/942/942 939/939/939 
f 942/942/942 941/941/941 943/943/943 
f 942/942/942 943/943/943 944/944/944 
f 946/946/946 947/947/947 948/948/948 
f 946/946/946 948/948/948 949/949/949 
f 950/950/950 946/946/946 949/949/949 
f 947/947/947 946/946/946 951/951/951 
f 951/951/951 952/952/952 947/947/947 
f 952/952/952 951/951/951 953/953/953 
f 955/955/955 956/956/956 954/954/954 
f 956/956/956 955/955/955 957/957/957 
f 958/958/958 956/956/956 957/957/957 
f 958/958/958 957/957/957 959/959/959 
f 962/962/962 963/963/963 961/961/961 
f 963/963/963 962/962/962 965/965/965 
f 965/965/965 966/966/966 963/963/963 
f 966/966/966 965/965/965 967/967/967 
f 966/966/966 967/967/967 968/968/968 
f 972/972/972 971/971/971 973/973/973 
f 974/974/974 975/975/975 976/976/976 
f 977/977/977 976/976/976 975/975/975 
f 978/978/978 979/979/979 980/980/980 
f 981/981/981 980/980/980 979/979/979 
f 985/985/985 983/983/983 984/984/984 
f 983/983/983 985/985/985 986/986/986 
f 987/987/987 986/986/986 985/985/985 
f 986/986/986 987/987/987 988/988/988 
f 987/987/987 989/989/989 988/988/988 
f 990/990/990 993/993/993 991/991/991 
f 993/993/993 994/994/994 991/991/991 
f 995/995/995 994/994/994 993/993/993 
f 995/995/995 996/996/996 994/994/994 
f 995/995/995 997/997/997 996/996/996 
f 997/997/997 995/995/995 998/998/998 
f 1003/1003/1003 1005/1005/1005 1007/1007/1007 
f 1010/1010/1010 1008/1008/1008 1009/1009/1009 
f 1008/1008/1008 1010/1010/1010 1011/1011/1011 
f 1013/1013/1013 1016/1016/1016 1014/1014/1014 
f 1017/1017/1017 1019/1019/1019 1020/1020/1020 
f 1021/1021/1021 1017/1017/1017 1020/1020/1020 
f 1020/1020/1020 1023/1023/1023 1021/1021/1021 
f 1021/1021/1021 1023/1023/1023 1024/1024/1024 
f 1024/1024/1024 1023/1023/1023 1025/1025/1025 
f 1028/1028/1028 1029/1029/1029 1027/1027/1027 
f 1027/1027/1027 1029/1029/1029 1030/1030/1030 
f 1029/1029/1029 1032/1032/1032 1030/1030/1030 
f 1030/1030/1030 1032/1032/1032 1033/1033/1033 
f 1033/1033/1033 1032/1032/1032 1034/1034/1034 
f 1035/1035/1035 1037/1037/1037 1038/1038/1038 
f 1039/1039/1039 1038/1038/1038 1037/1037/1037 
f 1038/1038/1038 1039/1039/1039 1040/1040/1040 
f 1042/1042/1042 1043/1043/1043 1044/1044/1044 
f 1048/1048/1048 1047/1047/1047 1046/1046/1046 
f 1052/1052/1052 1051/1051/1051 1050/1050/1050 
f 1050/1050/1050 1049/1049/1049 1053/1053/1053 
f 1055/1055/1055 1056/1056/1056 1057/1057/1057 
f 1057/1057/1057 1056/1056/1056 1058/1058/1058 
f 1058/1058/1058 1059/1059/1059 1057/1057/1057 
f 1062/1062/1062 1061/1061/1061 1063/1063/1063 
f 1064/1064/1064 1062/1062/1062 1063/1063/1063 
f 1062/1062/1062 1064/1064/1064 1065/1065/1065 
f 1065/1065/1065 1064/1064/1064 1066/1066/1066 
f 1067/1067/1067 1069/1069/1069 1070/1070/1070 
f 1071/1071/1071 1070/1070/1070 1069/1069/1069 
f 1073/1073/1073 1074/1074/1074 1075/1075/1075 
f 1076/1076/1076 1075/1075/1075 1074/1074/1074 
f 1075/1075/1075 1076/1076/1076 1077/1077/1077 
f 1079/1079/1079 1080/1080/1080 1081/1081/1081 
f 1082/1082/1082 1080/1080/1080 1079/1079/1079 
f 1080/1080/1080 1082/1082/1082 1083/1083/1083 
f 1084/1084/1084 1083/1083/1083 1082/1082/1082 
f 1083/1083/1083 1084/1084/1084 1085/1085/1085 
f 1086/1086/1086 1085/1085/1085 1084/1084/1084 
f 1085/1085/1085 1086/1086/1086 1087/1087/1087 
f 1090/1090/1090 1092/1092/1092 1091/1091/1091 
f 1091/1091/1091 1092/1092/1092 1093/1093/1093 
f 1093/1093/1093 1092/1092/1092 1094/1094/1094 
f 1095/1095/1095 1096/1096/1096 1097/1097/1097 
f 1098/1098/1098 1096/1096/1096 1095/1095/1095 
f 1096/1096/1096 1098/1098/1098 1099/1099/1099 
f 1099/1099/1099 1100/1100/1100 1101/1101/1101 
f 1105/1105/1105 1106/1106/1106 1107/1107/1107 
f 1106/1106/1106 1105/1105/1105 1108/1108/1108 
f 1111/1111/1111 1110/1110/1110 1109/1109/1109 
f 1114/1114/1114 1116/1116/1116 1115/1115/1115 
f 1115/1115/1115 1116/1116/1116 1117/1117/1117 
f 1117/1117/1117 1116/1116/1116 1118/1118/1118 
f 1121/1121/1121 1122/1122/1122 1120/1120/1120 
f 1122/1122/1122 1121/1121/1121 1123/1123/1123 
f 1123/1123/1123 1124/1124/1124 1122/1122/1122 
f 1124/1124/1124 1123/1123/1123 1125/1125/1125 
f 1128/1128/1128 1130/1130/1130 1129/1129/1129 
f 1129/1129/1129 1130/1130/1130 1131/1131/1131 
f 1131/1131/1131 1130/1130/1130 1132/1132/1132 
f 1133/1133/1133 1136/1136/1136 1134/1134/1134 
f 1138/1138/1138 1137/1137/1137 1139/1139/1139 
f 1139/1139/1139 1140/1140/1140 1138/1138/1138 
f 1140/1140/1140 1139/1139/1139 1141/1141/1141 
f 1140/1140/1140 1141/1141/1141 1142/1142/1142 
f 1144/1144/1144 1146/1146/1146 1145/1145/1145 
f 1145/1145/1145 1146/1146/1146 1147/1147/1147 
f 1147/1147/1147 1146/1146/1146 1148/1148/1148 
f 1149/1149/1149 1151/1151/1151 1150/1150/1150 
f 1150/1150/1150 1151/1151/1151 1152/1152/1152 
f 1152/1152/1152 1151/1151/1151 1153/1153/1153 
f 1154/1154/1154 1157/1157/1157 1155/1155/1155 
f 1158/1158/1158 1161/1161/1161 1159/1159/1159 
f 1162/1162/1162 1163/1163/1163 1164/1164/1164 
f 1163/1163/1163 1166/1166/1166 1164/1164/1164 
f 1164/1164/1164 1166/1166/1166 1168/1168/1168 
f 1164/1164/1164 1168/1168/1168 1169/1169/1169 
f 1171/1171/1171 1172/1172/1172 1173/1173/1173 
f 1174/1174/1174 1172/1172/1172 1171/1171/1171 
f 1172/1172/1172 1175/1175/1175 1173/1173/1173 
f 1173/1173/1173 1175/1175/1175 1177/1177/1177 
f 1173/1173/1173 1177/1177/1177 1178/1178/1178 
f 1178/1178/1178 1177/1177/1177 1179/1179/1179 
f 1187/1187/1187 1188/1188/1188 1189/1189/1189 
f 1188/1188/1188 1190/1190/1190 1189/1189/1189 
f 1188/1188/1188 1187/1187/1187 1191/1191/1191 
f 1190/1190/1190 1188/1188/1188 1192/1192/1192 
f 1193/1193/1193 1191/1191/1191 1187/1187/1187 
f 1190/1190/1190 1192/1192/1192 1194/1194/1194 
f 1205/1205/1205 1206/1206/1206 1207/1207/1207 
f 1206/1206/1206 1205/1205/1205 1208/1208/1208 
f 1209/1209/1209 1205/1205/1205 1207/1207/1207 
f 1210/1210/1210 1205/1205/1205 1209/1209/1209 
f 1214/1214/1214 1215/1215/1215 1216/1216/1216 
f 1215/1215/1215 1217/1217/1217 1216/1216/1216 
f 1218/1218/1218 1219/1219/1219 1220/1220/1220 
f 1219/1219/1219 1218/1218/1218 1221/1221/1221 
f 1234/1234/1234 1233/1233/1233 1235/1235/1235 
f 1237/1237/1237 1238/1238/1238 1236/1236/1236 
f 1243/1243/1243 1244/1244/1244 1245/1245/1245 
f 1246/1246/1246 1247/1247/1247 1248/1248/1248 
f 1250/1250/1250 1249/1249/1249 1251/1251/1251 
f 1254/1254/1254 1255/1255/1255 1253/1253/1253 
f 1267/1267/1267 1266/1266/1266 1268/1268/1268 
f 1269/1269/1269 1270/1270/1270 1271/1271/1271 
f 1273/1273/1273 1274/1274/1274 1275/1275/1275 
f 1276/1276/1276 1277/1277/1277 1278/1278/1278 
f 1279/1279/1279 1280/1280/1280 1281/1281/1281 
f 1280/1280/1280 1282/1282/1282 1281/1281/1281 
f 1280/1280/1280 1279/1279/1279 1283/1283/1283 
f 1282/1282/1282 1280/1280/1280 1284/1284/1284 
f 1288/1288/1288 1289/1289/1289 1290/1290/1290 
f 1290/1290/1290 1292/1292/1292 1293/1293/1293 
f 1295/1295/1295 1294/1294/1294 1291/1291/1291 
f 1297/1297/1297 1296/1296/1296 1295/1295/1295 
f 1300/1300/1300 1301/1301/1301 1302/1302/1302 
f 1303/1303/1303 1300/1300/1300 1302/1302/1302 
f 1309/1309/1309 1308/1308/1308 1310/1310/1310 
f 1311/1311/1311 1312/1312/1312 1313/1313/1313 
f 1317/1317/1317 1316/1316/1316 1318/1318/1318 
f 1320/1320/1320 1321/1321/1321 1319/1319/1319 
f 1322/1322/1322 1323/1323/1323 1324/1324/1324 
f 1323/1323/1323 1322/1322/1322 1325/1325/1325 
f 1324/1324/1324 1326/1326/1326 1322/1322/1322 
f 1327/1327/1327 1323/1323/1323 1325/1325/1325 
f 1326/1326/1326 1324/1324/1324 1328/1328/1328 
f 1323/1323/1323 1327/1327/1327 1329/1329/1329 
f 1330/1330/1330 1326/1326/1326 1328/1328/1328 
f 1326/1326/1326 1330/1330/1330 1331/1331/1331 
f 1330/1330/1330 1332/1332/1332 1331/1331/1331 
f 1333/1333/1333 1329/1329/1329 1327/1327/1327 
f 1329/1329/1329 1333/1333/1333 1334/1334/1334 
f 1333/1333/1333 1335/1335/1335 1334/1334/1334 
f 1335/1335/1335 1333/1333/1333 1336/1336/1336 
f 1335/1335/1335 1336/1336/1336 1337/1337/1337 
f 1338/1338/1338 1339/1339/1339 1340/1340/1340 
f 1339/1339/1339 1341/1341/1341 1340/1340/1340 
f 1342/1342/1342 1343/1343/1343 1344/1344/1344 
f 1343/1343/1343 1342/1342/1342 1345/1345/1345 
f 1347/1347/1347 1346/1346/1346 1348/1348/1348 
f 1350/1350/1350 1351/1351/1351 1349/1349/1349 
f 1352/1352/1352 1353/1353/1353 1354/1354/1354 
f 1353/1353/1353 1352/1352/1352 1355/1355/1355 
f 1356/1356/1356 1352/1352/1352 1354/1354/1354 
f 1357/1357/1357 1352/1352/1352 1356/1356/1356 
f 1358/1358/1358 1359/1359/1359 1360/1360/1360 
f 1359/1359/1359 1358/1358/1358 1361/1361/1361 
f 1362/1362/1362 1363/1363/1363 1364/1364/1364 
f 1362/1362/1362 1364/1364/1364 1365/1365/1365 
f 1366/1366/1366 1367/1367/1367 1368/1368/1368 
f 1368/1368/1368 1369/1369/1369 1366/1366/1366 
f 1367/1367/1367 1366/1366/1366 1370/1370/1370 
f 1372/1372/1372 1373/1373/1373 1374/1374/1374 
f 1374/1374/1374 1375/1375/1375 1372/1372/1372 
f 1375/1375/1375 1374/1374/1374 1376/1376/1376 
f 1378/1378/1378 1379/1379/1379 1380/1380/1380 
f 1379/1379/1379 1378/1378/1378 1381/1381/1381 
f 1380/1380/1380 1382/1382/1382 1378/1378/1378 
f 1383/1383/1383 1379/1379/1379 1381/1381/1381 
f 1382/1382/1382 1380/1380/1380 1384/1384/1384 
f 1379/1379/1379 1383/1383/1383 1385/1385/1385 
f 1386/1386/1386 1382/1382/1382 1384/1384/1384 
f 1382/1382/1382 1386/1386/1386 1387/1387/1387 
f 1386/1386/1386 1388/1388/1388 1387/1387/1387 
f 1389/1389/1389 1385/1385/1385 1383/1383/1383 
f 1385/1385/1385 1389/1389/1389 1390/1390/1390 
f 1389/1389/1389 1391/1391/1391 1390/1390/1390 
f 1391/1391/1391 1389/1389/1389 1392/1392/1392 
f 1391/1391/1391 1392/1392/1392 1393/1393/1393 
f 1396/1396/1396 1398/1398/1398 1397/1397/1397 
f 1396/1396/1396 1400/1400/1400 1398/1398/1398 
f 1404/1404/1404 1401/1401/1401 1403/1403/1403 
f 1401/1401/1401 1404/1404/1404 1405/1405/1405 
f 1407/1407/1407 1408/1408/1408 1406/1406/1406 
f 1408/1408/1408 1409/1409/1409 1410/1410/1410 
f 1410/1410/1410 1411/1411/1411 1408/1408/1408 
f 1414/1414/1414 1413/1413/1413 1412/1412/1412 
f 1414/1414/1414 1416/1416/1416 1415/1415/1415 
f 1416/1416/1416 1414/1414/1414 1417/1417/1417 
f 1418/1418/1418 1419/1419/1419 1420/1420/1420 
f 1419/1419/1419 1418/1418/1418 1421/1421/1421 
f 1418/1418/1418 1420/1420/1420 1422/1422/1422 
f 1423/1423/1423 1419/1419/1419 1421/1421/1421 
f 1419/1419/1419 1423/1423/1423 1425/1425/1425 
f 1422/1422/1422 1424/1424/1424 1426/1426/1426 
f 1426/1426/1426 1424/1424/1424 1427/1427/1427 
f 1427/1427/1427 1428/1428/1428 1426/1426/1426 
f 1429/1429/1429 1425/1425/1425 1423/1423/1423 
f 1430/1430/1430 1429/1429/1429 1431/1431/1431 
f 1431/1431/1431 1432/1432/1432 1430/1430/1430 
f 1432/1432/1432 1431/1431/1431 1433/1433/1433 
f 1434/1434/1434 1436/1436/1436 1435/1435/1435 
f 1434/1434/1434 1438/1438/1438 1436/1436/1436 
f 1442/1442/1442 1439/1439/1439 1441/1441/1441 
f 1439/1439/1439 1442/1442/1442 1443/1443/1443 
f 1444/1444/1444 1445/1445/1445 1446/1446/1446 
f 1445/1445/1445 1444/1444/1444 1447/1447/1447 
f 1446/1446/1446 1448/1448/1448 1444/1444/1444 
f 1449/1449/1449 1445/1445/1445 1447/1447/1447 
f 1448/1448/1448 1446/1446/1446 1450/1450/1450 
f 1445/1445/1445 1449/1449/1449 1451/1451/1451 
f 1452/1452/1452 1448/1448/1448 1450/1450/1450 
f 1448/1448/1448 1452/1452/1452 1453/1453/1453 
f 1452/1452/1452 1454/1454/1454 1453/1453/1453 
f 1455/1455/1455 1451/1451/1451 1449/1449/1449 
f 1451/1451/1451 1455/1455/1455 1456/1456/1456 
f 1455/1455/1455 1457/1457/1457 1456/1456/1456 
f 1457/1457/1457 1455/1455/1455 1458/1458/1458 
f 1457/1457/1457 1458/1458/1458 1459/1459/1459 
f 1461/1461/1461 1462/1462/1462 1460/1460/1460 
f 1461/1461/1461 1463/1463/1463 1462/1462/1462 
f 1467/1467/1467 1464/1464/1464 1466/1466/1466 
f 1467/1467/1467 1468/1468/1468 1464/1464/1464 
f 1471/1471/1471 1472/1472/1472 1473/1473/1473 
f 1472/1472/1472 1471/1471/1471 1474/1474/1474 
f 1473/1473/1473 1475/1475/1475 1471/1471/1471 
f 1476/1476/1476 1472/1472/1472 1474/1474/1474 
f 1475/1475/1475 1473/1473/1473 1477/1477/1477 
f 1472/1472/1472 1476/1476/1476 1478/1478/1478 
f 1479/1479/1479 1475/1475/1475 1477/1477/1477 
f 1475/1475/1475 1479/1479/1479 1480/1480/1480 
f 1479/1479/1479 1481/1481/1481 1480/1480/1480 
f 1482/1482/1482 1478/1478/1478 1476/1476/1476 
f 1478/1478/1478 1482/1482/1482 1483/1483/1483 
f 1482/1482/1482 1484/1484/1484 1483/1483/1483 
f 1484/1484/1484 1482/1482/1482 1485/1485/1485 
f 1484/1484/1484 1485/1485/1485 1486/1486/1486 
f 1487/1487/1487 1490/1490/1490 1488/1488/1488 
f 1487/1487/1487 1491/1491/1491 1490/1490/1490 
f 1494/1494/1494 1492/1492/1492 1493/1493/1493 
f 1492/1492/1492 1494/1494/1494 1495/1495/1495 
f 1498/1498/1498 1500/1500/1500 1499/1499/1499 
f 1498/1498/1498 1502/1502/1502 1500/1500/1500 
f 1506/1506/1506 1503/1503/1503 1505/1505/1505 
f 1503/1503/1503 1506/1506/1506 1507/1507/1507 
f 1510/1510/1510 1509/1509/1509 1511/1511/1511 
f 1513/1513/1513 1512/1512/1512 1514/1514/1514 
f 1534/1534/1534 1533/1533/1533 1535/1535/1535 
f 1539/1539/1539 1540/1540/1540 1538/1538/1538 
f 1542/1542/1542 1543/1543/1543 1544/1544/1544 
f 1545/1545/1545 1542/1542/1542 1544/1544/1544 
f 1542/1542/1542 1546/1546/1546 1543/1543/1543 
f 1547/1547/1547 1542/1542/1542 1545/1545/1545 
f 1543/1543/1543 1546/1546/1546 1548/1548/1548 
f 1547/1547/1547 1545/1545/1545 1549/1549/1549 
f 1543/1543/1543 1548/1548/1548 1550/1550/1550 
f 1551/1551/1551 1549/1549/1549 1545/1545/1545 
f 1553/1553/1553 1552/1552/1552 1554/1554/1554 
f 1556/1556/1556 1557/1557/1557 1555/1555/1555 
f 1558/1558/1558 1559/1559/1559 1560/1560/1560 
f 1559/1559/1559 1558/1558/1558 1562/1562/1562 
f 1563/1563/1563 1559/1559/1559 1562/1562/1562 
f 1559/1559/1559 1563/1563/1563 1565/1565/1565 
f 1570/1570/1570 1569/1569/1569 1571/1571/1571 
f 1573/1573/1573 1574/1574/1574 1572/1572/1572 
f 1578/1578/1578 1577/1577/1577 1580/1580/1580 
f 1581/1581/1581 1578/1578/1578 1580/1580/1580 
f 1584/1584/1584 1585/1585/1585 1586/1586/1586 
f 1585/1585/1585 1584/1584/1584 1587/1587/1587 
f 1588/1588/1588 1585/1585/1585 1587/1587/1587 
f 1585/1585/1585 1588/1588/1588 1589/1589/1589 
f 1596/1596/1596 1597/1597/1597 1595/1595/1595 
f 1597/1597/1597 1596/1596/1596 1598/1598/1598 
f 1600/1600/1600 1599/1599/1599 1601/1601/1601 
f 1600/1600/1600 1601/1601/1601 1602/1602/1602 
f 1603/1603/1603 1604/1604/1604 1605/1605/1605 
f 1604/1604/1604 1603/1603/1603 1607/1607/1607 
f 1608/1608/1608 1604/1604/1604 1607/1607/1607 
f 1604/1604/1604 1608/1608/1608 1609/1609/1609 
f 1611/1611/1611 1612/1612/1612 1613/1613/1613 
f 1614/1614/1614 1611/1611/1611 1613/1613/1613 
f 1612/1612/1612 1611/1611/1611 1615/1615/1615 
f 1616/1616/1616 1611/1611/1611 1614/1614/1614 
f 1622/1622/1622 1623/1623/1623 1624/1624/1624 
f 1623/1623/1623 1625/1625/1625 1624/1624/1624 
f 1624/1624/1624 1625/1625/1625 1626/1626/1626 
f 1624/1624/1624 1626/1626/1626 1627/1627/1627 
f 1627/1627/1627 1626/1626/1626 1628/1628/1628 
f 1629/1629/1629 1630/1630/1630 1622/1622/1622 
f 1632/1632/1632 1631/1631/1631 1633/1633/1633 
f 1636/1636/1636 1637/1637/1637 1634/1634/1634 
f 1638/1638/1638 1640/1640/1640 1641/1641/1641 
f 1644/1644/1644 1643/1643/1643 1645/1645/1645 
f 1646/1646/1646 1647/1647/1647 1648/1648/1648 
f 1647/1647/1647 1646/1646/1646 1650/1650/1650 
f 1651/1651/1651 1647/1647/1647 1650/1650/1650 
f 1647/1647/1647 1651/1651/1651 1652/1652/1652 
f 1661/1661/1661 1662/1662/1662 1663/1663/1663 
f 1667/1667/1667 1666/1666/1666 1668/1668/1668 
f 1671/1671/1671 1672/1672/1672 1673/1673/1673 
f 1674/1674/1674 1671/1671/1671 1673/1673/1673 
f 1672/1672/1672 1671/1671/1671 1675/1675/1675 
f 1671/1671/1671 1674/1674/1674 1676/1676/1676 
f 1680/1680/1680 1681/1681/1681 1682/1682/1682 
f 1681/1681/1681 1683/1683/1683 1682/1682/1682 
f 1682/1682/1682 1683/1683/1683 1684/1684/1684 
f 1682/1682/1682 1684/1684/1684 1685/1685/1685 
f 1685/1685/1685 1684/1684/1684 1686/1686/1686 
f 1687/1687/1687 1688/1688/1688 1680/1680/1680 
f 1690/1690/1690 1689/1689/1689 1691/1691/1691 
f 1693/1693/1693 1694/1694/1694 1692/1692/1692 
f 1704/1704/1704 1702/1702/1702 1705/1705/1705 
f 1708/1708/1708 1709/1709/1709 1710/1710/1710 
f 1712/1712/1712 1713/1713/1713 1714/1714/1714 
f 1715/1715/1715 1717/1717/1717 1716/1716/1716 
f 1717/1717/1717 1715/1715/1715 1718/1718/1718 
f 1719/1719/1719 1720/1720/1720 1721/1721/1721 
f 1722/1722/1722 1723/1723/1723 1724/1724/1724 
f 1722/1722/1722 1724/1724/1724 1725/1725/1725 
f 1726/1726/1726 1727/1727/1727 1728/1728/1728 
f 1727/1727/1727 1726/1726/1726 1729/1729/1729 
f 1727/1727/1727 1730/1730/1730 1728/1728/1728 
f 1728/1728/1728 1730/1730/1730 1731/1731/1731 
f 1733/1733/1733 1732/1732/1732 1734/1734/1734 
f 1728/1728/1728 1731/1731/1731 1735/1735/1735 
f 1735/1735/1735 1731/1731/1731 1736/1736/1736 
f 1738/1738/1738 1739/1739/1739 1737/1737/1737 
f 1740/1740/1740 1741/1741/1741 1742/1742/1742 
f 1743/1743/1743 1740/1740/1740 1742/1742/1742 
f 1741/1741/1741 1740/1740/1740 1744/1744/1744 
f 1745/1745/1745 1740/1740/1740 1743/1743/1743 
f 1746/1746/1746 1747/1747/1747 1748/1748/1748 
f 1746/1746/1746 1748/1748/1748 1749/1749/1749 
f 1750/1750/1750 1751/1751/1751 1752/1752/1752 
f 1751/1751/1751 1750/1750/1750 1753/1753/1753 
f 1754/1754/1754 1755/1755/1755 1756/1756/1756 
f 1757/1757/1757 1754/1754/1754 1756/1756/1756 
f 1755/1755/1755 1754/1754/1754 1758/1758/1758 
f 1759/1759/1759 1754/1754/1754 1757/1757/1757 
f 1763/1763/1763 1764/1764/1764 1765/1765/1765 
f 1766/1766/1766 1767/1767/1767 1765/1765/1765 
f 1768/1768/1768 1769/1769/1769 1770/1770/1770 
f 1772/1772/1772 1771/1771/1771 1768/1768/1768 
f 1773/1773/1773 1774/1774/1774 1775/1775/1775 
f 1774/1774/1774 1773/1773/1773 1776/1776/1776 
f 1777/1777/1777 1778/1778/1778 1779/1779/1779 
f 1777/1777/1777 1779/1779/1779 1780/1780/1780 
f 1783/1783/1783 1784/1784/1784 1785/1785/1785 
f 1789/1789/1789 1788/1788/1788 1787/1787/1787 
f 1798/1798/1798 1799/1799/1799 1800/1800/1800 
f 1798/1798/1798 1800/1800/1800 1801/1801/1801 
f 1802/1802/1802 1803/1803/1803 1804/1804/1804 
f 1803/1803/1803 1802/1802/1802 1805/1805/1805 
f 1806/1806/1806 1807/1807/1807 1808/1808/1808 
f 1806/1806/1806 1808/1808/1808 1810/1810/1810 
f 1808/1808/1808 1811/1811/1811 1810/1810/1810 
f 1811/1811/1811 1808/1808/1808 1812/1812/1812 
f 1813/1813/1813 1814/1814/1814 1815/1815/1815 
f 1813/1813/1813 1815/1815/1815 1816/1816/1816 
f 1817/1817/1817 1818/1818/1818 1819/1819/1819 
f 1818/1818/1818 1817/1817/1817 1820/1820/1820 
f 1821/1821/1821 1823/1823/1823 1822/1822/1822 
f 1823/1823/1823 1821/1821/1821 1824/1824/1824 
f 1825/1825/1825 1826/1826/1826 1827/1827/1827 
f 1825/1825/1825 1827/1827/1827 1828/1828/1828 
f 1829/1829/1829 1830/1830/1830 1831/1831/1831 
f 1829/1829/1829 1831/1831/1831 1833/1833/1833 
f 1831/1831/1831 1834/1834/1834 1833/1833/1833 
f 1834/1834/1834 1831/1831/1831 1835/1835/1835 
f 1836/1836/1836 1837/1837/1837 1838/1838/1838 
f 1840/1840/1840 1839/1839/1839 1841/1841/1841 
f 1843/1843/1843 1844/1844/1844 1845/1845/1845 
f 1845/1845/1845 1844/1844/1844 1846/1846/1846 
f 1844/1844/1844 1847/1847/1847 1846/1846/1846 
f 1847/1847/1847 1844/1844/1844 1848/1848/1848 
f 1849/1849/1849 1850/1850/1850 1851/1851/1851 
f 1849/1849/1849 1851/1851/1851 1852/1852/1852 
f 1851/1851/1851 1853/1853/1853 1852/1852/1852 
f 1853/1853/1853 1851/1851/1851 1854/1854/1854 
f 1855/1855/1855 1856/1856/1856 1857/1857/1857 
f 1855/1855/1855 1857/1857/1857 1859/1859/1859 
f 1857/1857/1857 1860/1860/1860 1859/1859/1859 
f 1860/1860/1860 1857/1857/1857 1861/1861/1861 
f 1862/1862/1862 1864/1864/1864 1863/1863/1863 
f 1863/1863/1863 1864/1864/1864 1865/1865/1865 
f 1864/1864/1864 1866/1866/1866 1865/1865/1865 
f 1865/1865/1865 1866/1866/1866 1867/1867/1867 
f 1867/1867/1867 1866/1866/1866 1868/1868/1868 
f 1872/1872/1872 1873/1873/1873 1871/1871/1871 
f 1873/1873/1873 1872/1872/1872 1875/1875/1875 
f 1875/1875/1875 1876/1876/1876 1873/1873/1873 
f 1887/1887/1887 1885/1885/1885 1888/1888/1888 
f 1895/1895/1895 1894/1894/1894 1893/1893/1893 
f 1894/1894/1894 1895/1895/1895 1896/1896/1896 
f 1895/1895/1895 1897/1897/1897 1896/1896/1896 
f 1898/1898/1898 1899/1899/1899 1901/1901/1901 
f 1903/1903/1903 1901/1901/1901 1899/1899/1899 
f 1903/1903/1903 1904/1904/1904 1901/1901/1901 
f 1912/1912/1912 1911/1911/1911 1910/1910/1910 
f 1911/1911/1911 1912/1912/1912 1913/1913/1913 
f 1912/1912/1912 1914/1914/1914 1913/1913/1913 
f 1920/1920/1920 1919/1919/1919 1918/1918/1918 
f 1925/1925/1925 1924/1924/1924 1923/1923/1923 
f 1924/1924/1924 1925/1925/1925 1926/1926/1926 
f 1925/1925/1925 1927/1927/1927 1926/1926/1926 
f 1934/1934/1934 1935/1935/1935 1933/1933/1933 
f 1935/1935/1935 1934/1934/1934 1936/1936/1936 
f 1936/1936/1936 1937/1937/1937 1935/1935/1935 
f 1937/1937/1937 1936/1936/1936 1938/1938/1938 
f 1940/1940/1940 1941/1941/1941 1939/1939/1939 
f 1945/1945/1945 1944/1944/1944 1943/1943/1943 
f 1944/1944/1944 1945/1945/1945 1946/1946/1946 
f 1945/1945/1945 1947/1947/1947 1946/1946/1946 
f 1951/1951/1951 1952/1952/1952 1950/1950/1950 
f 1952/1952/1952 1951/1951/1951 1953/1953/1953 
f 1953/1953/1953 1954/1954/1954 1952/1952/1952 
f 1954/1954/1954 1953/1953/1953 1955/1955/1955 
f 1957/1957/1957 1956/1956/1956 1959/1959/1959 
f 1960/1960/1960 1959/1959/1959 1956/1956/1956 
f 1960/1960/1960 1963/1963/1963 1959/1959/1959 
f 1960/1960/1960 1964/1964/1964 1963/1963/1963 
f 1971/1971/1971 1972/1972/1972 1973/1973/1973 
f 1972/1972/1972 1971/1971/1971 1974/1974/1974 
f 1973/1973/1973 1975/1975/1975 1971/1971/1971 
f 1975/1975/1975 1973/1973/1973 1976/1976/1976 
f 1978/1978/1978 1977/1977/1977 1979/1979/1979 
f 1980/1980/1980 1981/1981/1981 1982/1982/1982 
f 1981/1981/1981 1980/1980/1980 1983/1983/1983 
f 1984/1984/1984 1985/1985/1985 1986/1986/1986 
f 1986/1986/1986 1987/1987/1987 1984/1984/1984 
f 1985/1985/1985 1984/1984/1984 1988/1988/1988 
f 1990/1990/1990 1991/1991/1991 1992/1992/1992 
f 1991/1991/1991 1990/1990/1990 1993/1993/1993 
f 1997/1997/1997 1996/1996/1996 1995/1995/1995 
f 1996/1996/1996 1997/1997/1997 1998/1998/1998 
f 1997/1997/1997 1999/1999/1999 1998/1998/1998 
f 2003/2003/2003 2001/2001/2001 2000/2000/2000 
f 2001/2001/2001 2003/2003/2003 2004/2004/2004 
f 2006/2006/2006 2004/2004/2004 2003/2003/2003 
f 2004/2004/2004 2006/2006/2006 2007/2007/2007 
f 2006/2006/2006 2008/2008/2008 2007/2007/2007 
f 2009/2009/2009 2010/2010/2010 2011/2011/2011 
f 2009/2009/2009 2011/2011/2011 2012/2012/2012 
f 2011/2011/2011 2013/2013/2013 2012/2012/2012 
f 2012/2012/2012 2013/2013/2013 2014/2014/2014 
f 2013/2013/2013 2015/2015/2015 2014/2014/2014 
f 2015/2015/2015 2013/2013/2013 2016/2016/2016 
f 2019/2019/2019 2021/2021/2021 2020/2020/2020 
f 2022/2022/2022 2020/2020/2020 2021/2021/2021 
f 2022/2022/2022 2021/2021/2021 2023/2023/2023 
f 2023/2023/2023 2024/2024/2024 2022/2022/2022 
f 2029/2029/2029 2027/2027/2027 2026/2026/2026 
f 2027/2027/2027 2029/2029/2029 2031/2031/2031 
f 2033/2033/2033 2031/2031/2031 2029/2029/2029 
f 2031/2031/2031 2033/2033/2033 2034/2034/2034 
f 2033/2033/2033 2035/2035/2035 2034/2034/2034 
f 2037/2037/2037 2036/2036/2036 2038/2038/2038 
f 2039/2039/2039 2040/2040/2040 2041/2041/2041 
f 2039/2039/2039 2042/2042/2042 2040/2040/2040 
f 2043/2043/2043 2044/2044/2044 2045/2045/2045 
f 2045/2045/2045 2046/2046/2046 2043/2043/2043 
f 2047/2047/2047 2049/2049/2049 2048/2048/2048 
f 2049/2049/2049 2047/2047/2047 2050/2050/2050 
f 2050/2050/2050 2052/2052/2052 2049/2049/2049 
f 2052/2052/2052 2050/2050/2050 2053/2053/2053 
f 2052/2052/2052 2053/2053/2053 2054/2054/2054 
f 2055/2055/2055 2056/2056/2056 2057/2057/2057 
f 2056/2056/2056 2055/2055/2055 2058/2058/2058 
f 2057/2057/2057 2060/2060/2060 2055/2055/2055 
f 2060/2060/2060 2057/2057/2057 2061/2061/2061 
f 2062/2062/2062 2060/2060/2060 2061/2061/2061 
f 2060/2060/2060 2062/2062/2062 2063/2063/2063 
f 2069/2069/2069 2070/2070/2070 2068/2068/2068 
f 2073/2073/2073 2072/2072/2072 2071/2071/2071 
f 2074/2074/2074 2073/2073/2073 2071/2071/2071 
f 2077/2077/2077 2078/2078/2078 2076/2076/2076 
f 2082/2082/2082 2081/2081/2081 2080/2080/2080 
f 2082/2082/2082 2080/2080/2080 2083/2083/2083 
f 2085/2085/2085 2082/2082/2082 2083/2083/2083 
f 2085/2085/2085 2083/2083/2083 2086/2086/2086 
f 2086/2086/2086 2087/2087/2087 2085/2085/2085 
f 2088/2088/2088 2090/2090/2090 2089/2089/2089 
f 2091/2091/2091 2090/2090/2090 2088/2088/2088 
f 2091/2091/2091 2092/2092/2092 2090/2090/2090 
f 2092/2092/2092 2091/2091/2091 2093/2093/2093 
f 2093/2093/2093 2094/2094/2094 2092/2092/2092 
f 2096/2096/2096 2095/2095/2095 2097/2097/2097 
f 2097/2097/2097 2098/2098/2098 2096/2096/2096 
f 2098/2098/2098 2097/2097/2097 2099/2099/2099 
f 2103/2103/2103 2104/2104/2104 2105/2105/2105 
f 2107/2107/2107 2108/2108/2108 2106/2106/2106 
f 2109/2109/2109 2110/2110/2110 2111/2111/2111 
f 2113/2113/2113 2112/2112/2112 2111/2111/2111 
f 2115/2115/2115 2116/2116/2116 2117/2117/2117 
f 2115/2115/2115 2117/2117/2117 2118/2118/2118 
f 2117/2117/2117 2119/2119/2119 2118/2118/2118 
f 2121/2121/2121 2122/2122/2122 2120/2120/2120 
f 2121/2121/2121 2123/2123/2123 2122/2122/2122 
f 2123/2123/2123 2121/2121/2121 2124/2124/2124 
f 2123/2123/2123 2124/2124/2124 2125/2125/2125 
f 2126/2126/2126 2127/2127/2127 2128/2128/2128 
f 2126/2126/2126 2129/2129/2129 2127/2127/2127 
f 2134/2134/2134 2131/2131/2131 2135/2135/2135 
f 2135/2135/2135 2137/2137/2137 2134/2134/2134 
f 2137/2137/2137 2135/2135/2135 2138/2138/2138 
f 2139/2139/2139 2140/2140/2140 2141/2141/2141 
f 2139/2139/2139 2141/2141/2141 2142/2142/2142 
f 2140/2140/2140 2139/2139/2139 2143/2143/2143 
f 2143/2143/2143 2144/2144/2144 2140/2140/2140 
f 2144/2144/2144 2143/2143/2143 2145/2145/2145 
f 2145/2145/2145 2146/2146/2146 2144/2144/2144 
f 2146/2146/2146 2145/2145/2145 2147/2147/2147 
f 2150/2150/2150 2148/2148/2148 2149/2149/2149 
f 2150/2150/2150 2149/2149/2149 2151/2151/2151 
f 2151/2151/2151 2152/2152/2152 2150/2150/2150 
f 2153/2153/2153 2154/2154/2154 2155/2155/2155 
f 2153/2153/2153 2155/2155/2155 2156/2156/2156 
f 2154/2154/2154 2153/2153/2153 2157/2157/2157 
f 2158/2158/2158 2157/2157/2157 2159/2159/2159 
f 2163/2163/2163 2164/2164/2164 2165/2165/2165 
f 2164/2164/2164 2163/2163/2163 2166/2166/2166 
f 2169/2169/2169 2170/2170/2170 2168/2168/2168 
f 2174/2174/2174 2172/2172/2172 2173/2173/2173 
f 2174/2174/2174 2173/2173/2173 2175/2175/2175 
f 2175/2175/2175 2176/2176/2176 2174/2174/2174 
f 2180/2180/2180 2179/2179/2179 2178/2178/2178 
f 2179/2179/2179 2180/2180/2180 2181/2181/2181 
f 2182/2182/2182 2181/2181/2181 2180/2180/2180 
f 2181/2181/2181 2182/2182/2182 2183/2183/2183 
f 2187/2187/2187 2185/2185/2185 2186/2186/2186 
f 2187/2187/2187 2186/2186/2186 2188/2188/2188 
f 2188/2188/2188 2189/2189/2189 2187/2187/2187 
f 2191/2191/2191 2192/2192/2192 2190/2190/2190 
f 2193/2193/2193 2194/2194/2194 2195/2195/2195 
f 2196/2196/2196 2195/2195/2195 2194/2194/2194 
f 2195/2195/2195 2196/2196/2196 2197/2197/2197 
f 2196/2196/2196 2198/2198/2198 2197/2197/2197 
f 2201/2201/2201 2199/2199/2199 2200/2200/2200 
f 2201/2201/2201 2200/2200/2200 2202/2202/2202 
f 2202/2202/2202 2203/2203/2203 2201/2201/2201 
f 2206/2206/2206 2204/2204/2204 2205/2205/2205 
f 2206/2206/2206 2205/2205/2205 2207/2207/2207 
f 2207/2207/2207 2208/2208/2208 2206/2206/2206 
f 2210/2210/2210 2211/2211/2211 2209/2209/2209 
f 2213/2213/2213 2214/2214/2214 2212/2212/2212 

g Meshpart3

v -1.31916 0.457903 0.111102 
v -1.31916 0.463296 0.0778606 
v -1.31916 0.444134 0.0778606 
v -1.31916 0.457903 0.0446196 
v -1.31916 0.471453 0.0975516 
v -1.31916 0.491144 0.105709 
v -1.31916 0.491144 0.124871 
v -1.31916 0.471453 0.0581696 
v -1.31916 0.491144 0.0500126 
v -1.31916 0.491144 0.0308506 
v -1.31916 0.524385 0.0446196 
v -1.31916 0.510835 0.0581696 
v -1.31916 0.537078 0.0778606 
v -1.31916 0.518992 0.0778606 
v -1.31916 0.510835 0.0975516 
v -1.31916 0.524385 0.111102 
v -1.31916 0.491144 0.105709 
v -1.31916 0.491144 0.124871 
v -1.28283 0.446564 0.0778606 
v -1.28283 0.389873 0.0522906 
v -1.28283 0.379282 0.0778606 
v -1.28283 0.415443 0.0416996 
v -1.28283 0.441013 0.0522906 
v -1.28283 0.389873 0.103431 
v -1.28283 0.415443 0.114022 
v -1.28283 0.441013 0.103431 
v -1.24511 0.607609 0.0798486 
v -1.2725 0.52529 0.0636586 
v -1.2725 0.52529 0.0920626 
v -1.24511 0.607609 0.0758726 
v -1.26398 0.510835 0.0581696 
v -1.26398 0.471453 0.0975516 
v -1.26398 0.510835 0.0975516 
v -1.26398 0.491144 0.105709 
v -1.26398 0.518992 0.0778606 
v -1.26398 0.471453 0.0581696 
v -1.26398 0.463296 0.0778606 
v -1.26398 0.491144 0.0500126 
v -0.384292 0.596015 0.108524 
v -0.451681 0.264789 0.0104626 
v -0.451681 0.264789 0.147741 
v -0.721177 0.277413 0.0104626 
v -0.772052 0.299572 0.147741 
v -0.817052 0.289555 0.0104626 
v -0.817052 0.289555 0.147741 
v -0.738846 0.603169 0.0496796 
v -0.388143 0.525163 0.00417558 
v -0.388143 0.495545 -0.00740942 
v -0.806408 0.529326 0.00164159 
v -0.800511 0.495545 -0.00740941 
v -0.806408 0.540376 0.142244 
v -0.388143 0.525163 0.15435 
v -0.800511 0.495545 0.165613 
v -0.388143 0.499266 0.16397 
v -0.738846 0.603169 0.0496796 
v -0.806408 0.540376 0.142244 
v -0.806408 0.529326 0.00164159 
v -0.388143 0.39334 0.000505574 
v -0.388143 0.336661 0.00502358 
v -0.811177 0.385251 0.0104626 
v -0.811177 0.462559 0.0015076 
v -0.388143 0.336661 0.151791 
v -0.388143 0.421335 0.15245 
v -0.796177 0.337636 0.147741 
v -0.801177 0.421227 0.147741 
v -0.800511 0.495545 0.165613 
v -0.800511 0.495545 -0.00740941 
v -0.811177 0.462559 0.156696 
v -0.811177 0.462559 0.0015076 
v -0.806408 0.540376 0.142244 
v -0.806408 0.529326 0.00164159 
v -0.800511 0.495545 0.165613 
v -0.801177 0.421227 0.0104626 
v -0.811177 0.462559 0.0015076 
v -0.801177 0.421227 0.147741 
v -0.801177 0.421227 0.147741 
v -0.811177 0.385251 0.147741 
v -0.811177 0.385251 0.0104626 
v -0.796177 0.337636 0.147741 
v -0.796177 0.337636 0.0104626 
v -0.817052 0.289555 0.0104626 
v -0.817052 0.289555 0.147741 
v -0.777655 0.491144 0.124871 
v -0.388143 0.487442 -0.00546142 
v -0.388143 0.525163 0.00417558 
v -0.388143 0.499266 -0.00576642 
v -0.388143 0.495545 -0.00740942 
v -0.388143 0.47645 0.158351 
v -0.388143 0.525163 0.15435 
v -0.388143 0.501072 0.163809 
v -0.388143 0.499266 0.16397 
v -0.388143 0.495545 0.165613 
v -0.388143 0.445208 0.151726 
v -0.388143 0.39334 0.000505574 
v -0.388143 0.421335 0.15245 
v -0.388143 0.336661 0.151791 
v -0.388143 0.336661 0.00502358 
v -1.31916 0.457903 0.111102 
v -1.31916 0.491144 0.124871 
v -1.31916 0.491144 0.0308506 
v -1.31916 0.524385 0.0446196 
v -1.31916 0.537078 0.0778606 
v -1.28283 0.415443 0.0416996 
v -1.28283 0.441013 0.0522906 
v -1.28283 0.441013 0.103431 
v -0.364421 0.545145 0.142244 
v -0.364421 0.545145 0.0172646 
v -0.384292 0.596015 0.108524 
v -0.384292 0.596015 0.0496796 
v -0.334281 0.495545 0.165613 
v -0.334281 0.495545 -0.00740942 
v -0.294141 0.472097 0.00150757 
v -0.334281 0.495545 -0.00740942 
v -0.294141 0.472097 0.156696 
v -0.241681 0.394789 0.0104626 
v -0.241681 0.394789 0.147741 
v -0.184993 0.340751 0.0104626 
v -0.184993 0.340751 0.147741 
v -0.451681 0.264789 0.0104626 
v -0.451681 0.264789 0.147741 
v -0.721177 0.277413 0.0104626 
v -0.772052 0.299572 0.147741 
v -0.773982 0.415443 0.0416996 
v -1.28283 0.441013 0.0522906 
v -0.773982 0.441013 0.0522906 
v -1.28283 0.446564 0.0778606 
v -0.773982 0.446564 0.0778606 
v -1.28283 0.441013 0.103431 
v -0.773982 0.441013 0.103431 
v -0.649029 0.575349 0.0496796 
v -0.738846 0.603169 0.108524 
v -0.649029 0.575349 0.108524 
v -0.738846 0.603169 0.0496796 
v -0.555237 0.571936 0.0496796 
v -0.555237 0.571936 0.108524 
v -0.469764 0.58203 0.0496796 
v -0.469764 0.58203 0.108524 
v -0.384292 0.596015 0.0496796 
v -0.384292 0.596015 0.108524 
v -0.648086 0.446316 0.00442859 
v -0.648086 0.435838 0.16078 
v -0.648086 0.336661 0.148139 
v -0.648086 0.336661 0.0104626 
v -0.388143 0.525163 0.00417558 
v -0.364421 0.545145 0.0172646 
v -0.555237 0.571936 0.0496796 
v -0.806408 0.529326 0.00164159 
v -0.800511 0.495545 -0.00740941 
v -0.555237 0.571936 0.108524 
v -0.364421 0.545145 0.142244 
v -0.806408 0.540376 0.142244 
v -0.738846 0.603169 0.0496796 
v -0.806408 0.540376 0.142244 
v -0.738846 0.603169 0.108524 
v -0.388143 0.487442 -0.00546142 
v -0.388143 0.336661 0.00502358 
v -0.618143 0.336661 0.0104626 
v -0.811177 0.462559 0.0015076 
v -0.574957 0.336661 0.151797 
v -0.388143 0.336661 0.151791 
v -0.388143 0.445208 0.151726 
v -0.801177 0.421227 0.147741 
v -0.777655 0.491144 0.124871 
v -1.31916 0.524385 0.0446196 
v -0.777655 0.524385 0.0446196 
v -1.31916 0.537078 0.0778606 
v -0.777655 0.537078 0.0778606 
v -1.31916 0.524385 0.111102 
v -0.777655 0.524385 0.111102 
v -1.31916 0.471453 0.0975516 
v -1.26398 0.471453 0.0975516 
v -1.31916 0.463296 0.0778606 
v -1.26398 0.463296 0.0778606 
v -1.31916 0.471453 0.0581696 
v -1.26398 0.471453 0.0581696 
v -0.388143 0.336661 0.151791 
v -0.416979 0.336661 0.00489558 
v -0.418957 0.336661 0.15275 
v -0.388143 0.336661 0.00502358 
v -0.574957 0.336661 0.151797 
v -0.618143 0.336661 0.0104626 
v -0.648086 0.336661 0.148139 
v -0.648086 0.336661 0.0104626 
v -1.31916 0.457903 0.111102 
v -1.31916 0.457903 0.0446196 
v -1.31916 0.524385 0.0446196 
v -1.31916 0.537078 0.0778606 
v -1.28283 0.446564 0.0778606 
v -1.28283 0.415443 0.0416996 
v -1.24511 0.607609 0.0758726 
v -1.26398 0.518992 0.0778606 
v -1.26398 0.463296 0.0778606 
v -0.364421 0.545145 0.0172646 
v -0.384292 0.596015 0.0496796 
v -0.334281 0.495545 -0.00740942 
v -0.294141 0.472097 0.00150757 
v -0.241681 0.394789 0.0104626 
v -0.241681 0.394789 0.147741 
v -0.184993 0.340751 0.0104626 
v -0.271681 0.274789 0.0104626 
v -0.391681 0.224789 0.0104626 
v -0.451681 0.264789 0.0104626 
v -0.511681 0.274317 0.0104626 
v -0.772052 0.299572 0.0104626 
v -0.817052 0.289555 0.0104626 
v -0.773982 0.379281 0.0778606 
v -1.28283 0.389873 0.0522906 
v -0.773982 0.389873 0.0522906 
v -1.28283 0.415443 0.0416996 
v -0.773982 0.415443 0.0416996 
v -1.28283 0.441013 0.0522906 
v -0.773982 0.441013 0.0522906 
v -0.649029 0.575349 0.0496796 
v -0.738846 0.603169 0.0496796 
v -0.555237 0.571936 0.0496796 
v -0.469764 0.58203 0.0496796 
v -0.648086 0.525163 0.00526858 
v -0.648086 0.446316 0.00442859 
v -0.648086 0.495545 -0.00740942 
v -0.648086 0.350697 0.0104626 
v -0.648086 0.336661 0.0104626 
v -0.334281 0.495545 -0.00740942 
v -0.388143 0.525163 0.00417558 
v -0.364421 0.545145 0.0172646 
v -0.388143 0.499266 -0.00576642 
v -0.388143 0.495545 -0.00740942 
v -0.648086 0.525163 0.00526858 
v -0.384292 0.596015 0.0496796 
v -0.469764 0.58203 0.0496796 
v -0.555237 0.571936 0.0496796 
v -0.806408 0.529326 0.00164159 
v -0.649029 0.575349 0.0496796 
v -0.738846 0.603169 0.0496796 
v -0.800511 0.495545 -0.00740941 
v -0.648086 0.518148 0.00257558 
v -0.648086 0.495545 -0.00740942 
v -0.241681 0.394789 0.0104626 
v -0.388143 0.39334 0.000505574 
v -0.270296 0.430765 0.0104626 
v -0.294141 0.472097 0.00150757 
v -0.334281 0.495545 -0.00740942 
v -0.388143 0.487442 -0.00546142 
v -0.388143 0.495545 -0.00740942 
v -0.388143 0.336661 0.00502358 
v -0.271681 0.274789 0.0104626 
v -0.184993 0.340751 0.0104626 
v -0.391681 0.224789 0.0104626 
v -0.451681 0.264789 0.0104626 
v -0.416979 0.336661 0.00489558 
v -0.511681 0.274317 0.0104626 
v -0.618143 0.336661 0.0104626 
v -0.721177 0.277413 0.0104626 
v -0.648086 0.336661 0.0104626 
v -0.648086 0.350697 0.0104626 
v -0.796177 0.337636 0.0104626 
v -0.772052 0.299572 0.0104626 
v -0.817052 0.289555 0.0104626 
v -0.801177 0.421227 0.0104626 
v -0.811177 0.385251 0.0104626 
v -0.648086 0.446316 0.00442859 
v -0.800511 0.495545 -0.00740941 
v -0.648086 0.495545 -0.00740942 
v -0.811177 0.462559 0.0015076 
v -1.31916 0.457903 0.0446196 
v -0.777655 0.457903 0.0446196 
v -1.31916 0.491144 0.0308506 
v -0.777655 0.491144 0.0308506 
v -1.31916 0.524385 0.0446196 
v -0.777655 0.524385 0.0446196 
v -1.2725 0.52529 0.0636586 
v -1.24511 0.607609 0.0758726 
v -1.18959 0.52529 0.0636576 
v -1.18959 0.52529 0.0920626 
v -1.31916 0.491144 0.105709 
v -1.26398 0.491144 0.105709 
v -1.31916 0.471453 0.0975516 
v -1.26398 0.471453 0.0975516 
v -1.31916 0.510835 0.0975516 
v -1.26398 0.510835 0.0975516 
v -1.31916 0.491144 0.105709 
v -1.26398 0.491144 0.105709 
v -1.31916 0.491144 0.124871 
v -1.31916 0.491144 0.0308506 
v -1.28283 0.441013 0.0522906 
v -1.28283 0.441013 0.103431 
v -1.24511 0.607609 0.0758726 
v -0.364421 0.545145 0.142244 
v -0.364421 0.545145 0.0172646 
v -0.384292 0.596015 0.108524 
v -0.384292 0.596015 0.0496796 
v -0.334281 0.495545 0.165613 
v -0.334281 0.495545 -0.00740942 
v -0.294141 0.472097 0.00150757 
v -0.294141 0.472097 0.156696 
v -0.270296 0.430765 0.147741 
v -0.270296 0.430765 0.0104626 
v -0.241681 0.394789 0.0104626 
v -0.270296 0.430765 0.0104626 
v -0.241681 0.394789 0.147741 
v -0.184993 0.340751 0.0104626 
v -0.184993 0.340751 0.147741 
v -0.721177 0.277413 0.0104626 
v -0.772052 0.299572 0.147741 
v -0.648086 0.525163 0.00526858 
v -0.648086 0.518148 0.155628 
v -0.648086 0.518148 0.00257558 
v -0.648086 0.525163 0.155002 
v -0.648086 0.478071 0.160793 
v -0.648086 0.488916 0.163092 
v -0.648086 0.495545 0.165613 
v -0.648086 0.446316 0.00442859 
v -0.648086 0.495545 -0.00740942 
v -0.648086 0.469784 0.161044 
v -0.648086 0.435838 0.16078 
v -0.648086 0.39211 0.156619 
v -0.648086 0.350697 0.0104626 
v -0.648086 0.336661 0.148139 
v -0.648086 0.336661 0.0104626 
v -0.800511 0.495545 -0.00740941 
v -0.388143 0.487442 -0.00546142 
v -0.388143 0.445208 0.151726 
v -0.777655 0.491144 0.124871 
v -1.18959 0.52529 0.0920626 
v -1.24511 0.607609 0.0758726 
v -1.24511 0.607609 0.0798486 
v -1.18959 0.52529 0.0636576 
v -1.31916 0.457903 0.111102 
v -1.31916 0.457903 0.0446196 
v -1.31916 0.491144 0.124871 
v -1.31916 0.491144 0.0308506 
v -1.28283 0.415443 0.0416996 
v -1.28283 0.441013 0.0522906 
v -1.28283 0.389873 0.103431 
v -1.28283 0.441013 0.103431 
v -0.384292 0.596015 0.108524 
v -0.184993 0.340751 0.0104626 
v -0.184993 0.340751 0.147741 
v -0.271681 0.274789 0.0104626 
v -0.271681 0.274789 0.147741 
v -0.391681 0.224789 0.0104626 
v -0.391681 0.224789 0.147741 
v -0.451681 0.264789 0.0104626 
v -0.451681 0.264789 0.147741 
v -0.511681 0.274317 0.0104626 
v -0.511681 0.274317 0.147741 
v -0.721177 0.277413 0.147741 
v -0.721177 0.277413 0.0104626 
v -0.772052 0.299572 0.147741 
v -0.772052 0.299572 0.0104626 
v -0.817052 0.289555 0.0104626 
v -0.817052 0.289555 0.147741 
v -1.28283 0.389873 0.103431 
v -0.773982 0.389873 0.103431 
v -1.28283 0.379282 0.0778606 
v -0.773982 0.379281 0.0778606 
v -1.28283 0.389873 0.0522906 
v -0.773982 0.389873 0.0522906 
v -0.773982 0.441013 0.103431 
v -0.648086 0.525163 0.00526858 
v -0.648086 0.525163 0.155002 
v -0.648086 0.446316 0.00442859 
v -0.648086 0.435838 0.16078 
v -0.388143 0.525163 0.00417558 
v -0.800511 0.495545 -0.00740941 
v -0.612937 0.525163 0.155942 
v -0.388143 0.525163 0.15435 
v -0.388143 0.487442 -0.00546142 
v -0.811177 0.462559 0.0015076 
v -0.388143 0.445208 0.151726 
v -0.801177 0.421227 0.147741 
v -0.777655 0.491144 0.124871 
v -1.31916 0.457903 0.111102 
v -0.777655 0.457903 0.111102 
v -1.31916 0.444134 0.0778606 
v -0.777655 0.444134 0.0778606 
v -1.31916 0.457903 0.0446196 
v -0.777655 0.457903 0.0446196 
v -0.777655 0.491144 0.0308506 
v -1.31916 0.510835 0.0581696 
v -1.26398 0.510835 0.0581696 
v -1.31916 0.518992 0.0778606 
v -1.26398 0.518992 0.0778606 
v -1.31916 0.510835 0.0975516 
v -1.26398 0.510835 0.0975516 
v -0.612937 0.525163 0.155942 
v -0.388143 0.525163 0.00417558 
v -0.388143 0.525163 0.15435 
v -0.648086 0.525163 0.00526858 
v -0.648086 0.525163 0.155002 
v -1.31916 0.457903 0.111102 
v -1.31916 0.491144 0.124871 
v -1.31916 0.537078 0.0778606 
v -1.28283 0.446564 0.0778606 
v -1.28283 0.389873 0.103431 
v -1.24511 0.607609 0.0758726 
v -1.26398 0.518992 0.0778606 
v -1.26398 0.463296 0.0778606 
v -0.364421 0.545145 0.142244 
v -0.384292 0.596015 0.108524 
v -0.384292 0.596015 0.0496796 
v -0.334281 0.495545 0.165613 
v -0.294141 0.472097 0.156696 
v -0.241681 0.394789 0.147741 
v -0.184993 0.340751 0.147741 
v -0.271681 0.274789 0.147741 
v -0.391681 0.224789 0.147741 
v -0.451681 0.264789 0.147741 
v -0.511681 0.274317 0.147741 
v -0.772052 0.299572 0.147741 
v -0.817052 0.289555 0.147741 
v -1.28283 0.389873 0.103431 
v -0.773982 0.415443 0.114022 
v -1.28283 0.415443 0.114022 
v -0.773982 0.389873 0.103431 
v -0.773982 0.379281 0.0778606 
v -1.28283 0.441013 0.103431 
v -0.773982 0.441013 0.103431 
v -1.28283 0.415443 0.114022 
v -0.773982 0.415443 0.114022 
v -0.738846 0.603169 0.0496796 
v -0.648086 0.525163 0.155002 
v -0.648086 0.488916 0.163092 
v -0.648086 0.435838 0.16078 
v -0.648086 0.39211 0.156619 
v -0.648086 0.336661 0.148139 
v -0.469764 0.58203 0.108524 
v -0.555237 0.571936 0.108524 
v -0.364421 0.545145 0.142244 
v -0.384292 0.596015 0.108524 
v -0.806408 0.540376 0.142244 
v -0.649029 0.575349 0.108524 
v -0.738846 0.603169 0.108524 
v -0.612937 0.525163 0.155942 
v -0.388143 0.525163 0.15435 
v -0.648086 0.525163 0.155002 
v -0.334281 0.495545 0.165613 
v -0.800511 0.495545 0.165613 
v -0.648086 0.518148 0.155628 
v -0.648086 0.495545 0.165613 
v -0.388143 0.501072 0.163809 
v -0.388143 0.499266 0.16397 
v -0.388143 0.495545 0.165613 
v -0.418957 0.336661 0.15275 
v -0.574957 0.336661 0.151797 
v -0.511681 0.274317 0.147741 
v -0.648086 0.336661 0.148139 
v -0.451681 0.264789 0.147741 
v -0.721177 0.277413 0.147741 
v -0.388143 0.336661 0.151791 
v -0.391681 0.224789 0.147741 
v -0.271681 0.274789 0.147741 
v -0.241681 0.394789 0.147741 
v -0.184993 0.340751 0.147741 
v -0.270296 0.430765 0.147741 
v -0.388143 0.421335 0.15245 
v -0.294141 0.472097 0.156696 
v -0.388143 0.445208 0.151726 
v -0.334281 0.495545 0.165613 
v -0.388143 0.47645 0.158351 
v -0.388143 0.495545 0.165613 
v -0.796177 0.337636 0.147741 
v -0.772052 0.299572 0.147741 
v -0.817052 0.289555 0.147741 
v -0.648086 0.39211 0.156619 
v -0.801177 0.421227 0.147741 
v -0.811177 0.385251 0.147741 
v -0.648086 0.435838 0.16078 
v -0.648086 0.469784 0.161044 
v -0.800511 0.495545 0.165613 
v -0.811177 0.462559 0.156696 
v -0.648086 0.478071 0.160793 
v -0.648086 0.488916 0.163092 
v -0.648086 0.495545 0.165613 
v -0.777655 0.491144 0.124871 
v -1.31916 0.491144 0.124871 
v -1.31916 0.457903 0.111102 
v -0.777655 0.457903 0.111102 
v -1.31916 0.524385 0.111102 
v -0.777655 0.524385 0.111102 
v -1.31916 0.491144 0.124871 
v -0.777655 0.491144 0.124871 
v -1.18959 0.52529 0.0920626 
v -1.24511 0.607609 0.0798486 
v -1.2725 0.52529 0.0920626 
v -1.31916 0.471453 0.0581696 
v -1.26398 0.471453 0.0581696 
v -1.31916 0.491144 0.0500126 
v -1.26398 0.491144 0.0500126 
v -1.31916 0.510835 0.0581696 
v -1.26398 0.510835 0.0581696 

vn -1 0 0 
vn -1 0 0 
vn -1 0 0 
vn -1 0 0 
vn -1 0 0 
vn -1 0 0 
vn -1 0 0 
vn -1 0 0 
vn -1 0 0 
vn -1 0 0 
vn -1 0 0 
vn -1 0 0 
vn -1 0 0 
vn -1 0 0 
vn -1 0 0 
vn -1 0 0 
vn -1 0 0 
vn -1 0 0 
vn -1 0 0 
vn -1 0 0 
vn -1 0 0 
vn -1 0 0 
vn -1 0 0 
vn -1 0 0 
vn -1 0 0 
vn -1 0 0 
vn -0.952756 0.314961 0 
vn -0.952756 0.314961 0 
vn -0.952756 0.314961 0 
vn -0.952756 0.314961 0 
vn -0.629921 -0.551181 0.551181 
vn -0.629921 0.551181 -0.551181 
vn -0.629921 -0.551181 -0.551181 
vn -0.629921 0 -0.779528 
vn -0.629921 -0.779528 0 
vn -0.629921 0.551181 0.551181 
vn -0.629921 0.779528 0 
vn -0.629921 0 0.779528 
vn 0.929134 0.362205 0 
vn -0.362205 -0.929134 0 
vn -0.362205 -0.929134 0 
vn -0.212598 -0.976378 0 
vn -0.0944882 -0.992126 0 
vn 0.220472 -0.976378 0 
vn 0.220472 -0.976378 0 
vn 0.299213 0.952756 0 
vn 0.015748 0.377953 -0.929134 
vn 0.015748 0.377953 -0.929134 
vn 0.015748 0.488189 -0.874016 
vn 0.015748 0.377953 -0.929134 
vn 0 0.543307 0.834646 
vn 0 0.496063 0.866142 
vn 0 0.496063 0.866142 
vn 0 0.496063 0.866142 
vn -0.708661 0.700787 -0.0393701 
vn -0.976378 0.204724 -0.015748 
vn -0.984252 0.173228 -0.00787402 
vn 0.015748 -0.0629921 -1 
vn 0.015748 -0.0629921 -1 
vn 0.015748 -0.0629921 -1 
vn 0.015748 -0.0629921 -1 
vn -0.00787402 -0.0629921 1 
vn -0.00787402 -0.0629921 1 
vn 0 -0.0393701 1 
vn -0.00787402 -0.0629921 1 
vn -0.992126 0.102362 0 
vn -1 0.0866142 0 
vn -1 0.0787402 0 
vn -1 0.0787402 0 
vn -0.976378 0.204724 -0.015748 
vn -0.984252 0.173228 -0.00787402 
vn -0.992126 0.102362 0 
vn -1 0 0 
vn -1 0.0787402 0 
vn -1 0 0 
vn -1 0 0 
vn -1 -0.015748 0 
vn -1 -0.015748 0 
vn -1 0.0551181 0 
vn -1 0.0551181 0 
vn -0.913386 0.401575 0 
vn -0.913386 0.401575 0 
vn 0 0 1 
vn -1 0 0 
vn -1 0 0 
vn -1 0 0 
vn -1 0 0 
vn -1 0 0 
vn -1 0 0 
vn -1 0 0 
vn -1 0 0 
vn -1 0 0 
vn -1 0 0 
vn -1 0 0 
vn -1 0 0 
vn -1 0 0 
vn -1 0 0 
vn -1 0 0 
vn -1 0 0 
vn -1 0 0 
vn -1 0 0 
vn -1 0 0 
vn -1 0 0 
vn -1 0 0 
vn -1 0 0 
vn 0.88189 0.464567 0 
vn 0.88189 0.464567 0 
vn 0.929134 0.362205 0 
vn 0.929134 0.362205 0 
vn 0.685039 0.724409 0 
vn 0.685039 0.724409 0 
vn 0.685039 0.724409 0 
vn 0.685039 0.724409 0 
vn 0.685039 0.724409 0 
vn 0.740157 0.677165 0 
vn 0.740157 0.677165 0 
vn 1 -0.0551181 0 
vn 1 -0.0551181 0 
vn -0.362205 -0.929134 0 
vn -0.362205 -0.929134 0 
vn -0.212598 -0.976378 0 
vn -0.0944882 -0.992126 0 
vn 0 0 -1 
vn 0 0.76378 -0.637795 
vn 0 0.76378 -0.637795 
vn 0 1 0 
vn 0 1 0 
vn 0 0.76378 0.637795 
vn 0 0.76378 0.637795 
vn 0.165354 0.984252 0 
vn 0.299213 0.952756 0 
vn 0.165354 0.984252 0 
vn 0.299213 0.952756 0 
vn -0.0393701 1 0 
vn -0.0393701 1 0 
vn -0.141732 0.992126 0 
vn -0.141732 0.992126 0 
vn -0.165354 0.984252 0 
vn -0.165354 0.984252 0 
vn 1 0 0 
vn 1 0 0 
vn 1 0 0 
vn 1 0 0 
vn 0.015748 0.377953 -0.929134 
vn 0.015748 0.488189 -0.874016 
vn 0.015748 0.645669 -0.76378 
vn 0.015748 0.488189 -0.874016 
vn 0.015748 0.377953 -0.929134 
vn 0 0.629921 0.771654 
vn 0 0.551181 0.834646 
vn 0 0.543307 0.834646 
vn -0.708661 0.700787 -0.0393701 
vn -0.976378 0.204724 -0.015748 
vn -0.708661 0.700787 -0.0393701 
vn 0.015748 -0.0629921 -1 
vn 0.015748 -0.0629921 -1 
vn 0.015748 -0.0629921 -1 
vn 0.015748 -0.0629921 -1 
vn -0.00787402 -0.0629921 1 
vn -0.00787402 -0.0629921 1 
vn -0.00787402 -0.0629921 1 
vn -0.00787402 -0.0629921 1 
vn 0 0 1 
vn 0 0.716535 -0.700787 
vn 0 0.716535 -0.700787 
vn 0 1 0 
vn 0 1 0 
vn 0 0.716535 0.700787 
vn 0 0.716535 0.700787 
vn 0 0.708661 -0.708661 
vn -0.629921 0.551181 -0.551181 
vn 0 1 0 
vn -0.629921 0.779528 0 
vn 0 0.708661 0.708661 
vn -0.629921 0.551181 0.551181 
vn 0 1 0 
vn 0 1 0 
vn 0 1 0 
vn 0 1 0 
vn 0 1 0 
vn 0 1 0 
vn 0 1 0 
vn 0 1 0 
vn -1 0 0 
vn -1 0 0 
vn -1 0 0 
vn -1 0 0 
vn -1 0 0 
vn -1 0 0 
vn -0.952756 0.314961 0 
vn -0.629921 -0.779528 0 
vn -0.629921 0.779528 0 
vn 0.88189 0.464567 0 
vn 0.929134 0.362205 0 
vn 0.685039 0.724409 0 
vn 0.685039 0.724409 0 
vn 0.740157 0.677165 0 
vn 0.740157 0.677165 0 
vn 1 -0.0551181 0 
vn 0.496063 -0.866142 0 
vn -0.0944882 -0.992126 0 
vn -0.362205 -0.929134 0 
vn -0.0866142 -1 0 
vn -0.0944882 -0.992126 0 
vn 0.220472 -0.976378 0 
vn 0 -1 0 
vn 0 -0.708661 -0.708661 
vn 0 -0.708661 -0.708661 
vn 0 0 -1 
vn 0 0 -1 
vn 0 0.76378 -0.637795 
vn 0 0.76378 -0.637795 
vn 0.165354 0.984252 0 
vn 0.299213 0.952756 0 
vn -0.0393701 1 0 
vn -0.141732 0.992126 0 
vn 1 0 0 
vn 1 0 0 
vn 1 0 0 
vn 1 0 0 
vn 1 0 0 
vn 0.015748 0.377953 -0.929134 
vn 0.015748 0.377953 -0.929134 
vn 0.015748 0.488189 -0.874016 
vn 0.015748 0.377953 -0.929134 
vn 0.015748 0.377953 -0.929134 
vn 0.015748 0.377953 -0.929134 
vn 0.015748 0.645669 -0.76378 
vn 0.015748 0.645669 -0.76378 
vn 0.015748 0.645669 -0.76378 
vn 0.015748 0.488189 -0.874016 
vn 0.015748 0.645669 -0.76378 
vn 0.015748 0.645669 -0.76378 
vn 0.015748 0.377953 -0.929134 
vn 0.015748 0.377953 -0.929134 
vn 0.015748 0.377953 -0.929134 
vn 0.015748 -0.0629921 -1 
vn 0.015748 -0.0629921 -1 
vn 0.015748 -0.0629921 -1 
vn 0.015748 -0.0629921 -1 
vn 0.015748 -0.0629921 -1 
vn 0.015748 -0.0629921 -1 
vn 0.015748 -0.0629921 -1 
vn 0.015748 -0.0629921 -1 
vn 0.015748 -0.0629921 -1 
vn 0.015748 -0.0629921 -1 
vn 0.015748 -0.0629921 -1 
vn 0.015748 -0.0629921 -1 
vn 0.015748 -0.0629921 -1 
vn 0.015748 -0.0629921 -1 
vn 0.015748 -0.0629921 -1 
vn 0.00787402 -0.0551181 -1 
vn 0.015748 -0.0629921 -1 
vn 0.015748 -0.0629921 -1 
vn 0.00787402 -0.0393701 -1 
vn 0 0 -1 
vn 0 0 -1 
vn 0.015748 -0.0629921 -1 
vn 0.015748 -0.0629921 -1 
vn 0.015748 -0.0629921 -1 
vn 0.015748 -0.0629921 -1 
vn 0.015748 -0.0629921 -1 
vn 0.015748 -0.0629921 -1 
vn 0 -0.708661 -0.708661 
vn 0 -0.708661 -0.708661 
vn 0 0 -1 
vn 0 0 -1 
vn 0 0.716535 -0.700787 
vn 0 0.716535 -0.700787 
vn 0 0.149606 -0.992126 
vn 0 0.149606 -0.992126 
vn 0 0.149606 -0.992126 
vn 0 0.149606 0.992126 
vn 0 0 -1 
vn -0.629921 0 -0.779528 
vn 0 0.708661 -0.708661 
vn -0.629921 0.551181 -0.551181 
vn 0 -0.708661 -0.708661 
vn -0.629921 -0.551181 -0.551181 
vn 0 0 -1 
vn -0.629921 0 -0.779528 
vn -1 0 0 
vn -1 0 0 
vn -1 0 0 
vn -1 0 0 
vn -0.952756 0.314961 0 
vn 0.88189 0.464567 0 
vn 0.88189 0.464567 0 
vn 0.929134 0.362205 0 
vn 0.929134 0.362205 0 
vn 0.685039 0.724409 0 
vn 0.685039 0.724409 0 
vn 0.685039 0.724409 0 
vn 0.685039 0.724409 0 
vn 0.826772 0.559055 0 
vn 0.826772 0.559055 0 
vn 0.740157 0.677165 0 
vn 0.826772 0.559055 0 
vn 0.740157 0.677165 0 
vn 1 -0.0551181 0 
vn 1 -0.0551181 0 
vn -0.212598 -0.976378 0 
vn -0.0944882 -0.992126 0 
vn 1 0 0 
vn 1 0 0 
vn 1 0 0 
vn 1 0 0 
vn 1 0 0 
vn 1 0 0 
vn 1 0 0 
vn 1 0 0 
vn 1 0 0 
vn 1 0 0 
vn 1 0 0 
vn 1 0 0 
vn 1 0 0 
vn 1 0 0 
vn 1 0 0 
vn 0.015748 0.377953 -0.929134 
vn 0.015748 -0.0629921 -1 
vn -0.00787402 -0.0629921 1 
vn 0 0 1 
vn 0.826772 0.559055 0 
vn 0.826772 0.559055 0 
vn 0.826772 0.559055 0 
vn 0.826772 0.559055 0 
vn -1 0 0 
vn -1 0 0 
vn -1 0 0 
vn -1 0 0 
vn -1 0 0 
vn -1 0 0 
vn -1 0 0 
vn -1 0 0 
vn 0.929134 0.362205 0 
vn 1 -0.0551181 0 
vn 1 -0.0551181 0 
vn 0.496063 -0.866142 0 
vn 0.496063 -0.866142 0 
vn -0.0944882 -0.992126 0 
vn -0.0944882 -0.992126 0 
vn -0.362205 -0.929134 0 
vn -0.362205 -0.929134 0 
vn -0.0866142 -1 0 
vn -0.0866142 -1 0 
vn -0.212598 -0.976378 0 
vn -0.212598 -0.976378 0 
vn -0.0944882 -0.992126 0 
vn -0.0944882 -0.992126 0 
vn 0.220472 -0.976378 0 
vn 0.220472 -0.976378 0 
vn 0 -0.708661 0.708661 
vn 0 -0.708661 0.708661 
vn 0 -1 0 
vn 0 -1 0 
vn 0 -0.708661 -0.708661 
vn 0 -0.708661 -0.708661 
vn 0 0.76378 0.637795 
vn 1 0 0 
vn 1 0 0 
vn 1 0 0 
vn 1 0 0 
vn 0.015748 0.377953 -0.929134 
vn 0.015748 0.377953 -0.929134 
vn 0 0.496063 0.866142 
vn 0 0.496063 0.866142 
vn 0.015748 -0.0629921 -1 
vn 0.015748 -0.0629921 -1 
vn -0.00787402 -0.0629921 1 
vn -0.00787402 -0.0629921 1 
vn 0 0 1 
vn 0 -0.708661 0.708661 
vn 0 -0.708661 0.708661 
vn 0 -1 0 
vn 0 -1 0 
vn 0 -0.708661 -0.708661 
vn 0 -0.708661 -0.708661 
vn 0 0 -1 
vn 0 -0.708661 0.708661 
vn -0.629921 -0.551181 0.551181 
vn 0 -1 0 
vn -0.629921 -0.779528 0 
vn 0 -0.708661 -0.708661 
vn -0.629921 -0.551181 -0.551181 
vn 0 -1 0 
vn 0 -1 0 
vn 0 -1 0 
vn 0 -1 0 
vn 0 -1 0 
vn -1 0 0 
vn -1 0 0 
vn -1 0 0 
vn -1 0 0 
vn -1 0 0 
vn -0.952756 0.314961 0 
vn -0.629921 -0.779528 0 
vn -0.629921 0.779528 0 
vn 0.88189 0.464567 0 
vn 0.929134 0.362205 0 
vn 0.929134 0.362205 0 
vn 0.685039 0.724409 0 
vn 0.685039 0.724409 0 
vn 0.740157 0.677165 0 
vn 1 -0.0551181 0 
vn 0.496063 -0.866142 0 
vn -0.0944882 -0.992126 0 
vn -0.362205 -0.929134 0 
vn -0.0866142 -1 0 
vn -0.0944882 -0.992126 0 
vn 0.220472 -0.976378 0 
vn 0 -0.708661 0.708661 
vn 0 0 1 
vn 0 0 1 
vn 0 -0.708661 0.708661 
vn 0 -1 0 
vn 0 0.76378 0.637795 
vn 0 0.76378 0.637795 
vn 0 0 1 
vn 0 0 1 
vn 0.299213 0.952756 0 
vn 1 0 0 
vn 1 0 0 
vn 1 0 0 
vn 1 0 0 
vn 1 0 0 
vn 0 0.629921 0.771654 
vn 0 0.629921 0.771654 
vn 0 0.551181 0.834646 
vn 0 0.629921 0.771654 
vn 0 0.543307 0.834646 
vn 0 0.629921 0.771654 
vn 0 0.629921 0.771654 
vn 0 0.496063 0.866142 
vn 0 0.496063 0.866142 
vn 0 0.496063 0.866142 
vn 0 0.496063 0.866142 
vn 0 0.496063 0.866142 
vn 0 0.496063 0.866142 
vn 0 0.496063 0.866142 
vn 0 0.496063 0.866142 
vn 0 0.496063 0.866142 
vn 0 0.496063 0.866142 
vn -0.00787402 -0.0629921 1 
vn -0.00787402 -0.0629921 1 
vn -0.00787402 -0.0629921 1 
vn -0.00787402 -0.0629921 1 
vn -0.00787402 -0.0629921 1 
vn -0.00787402 -0.0551181 1 
vn -0.00787402 -0.0629921 1 
vn -0.00787402 -0.0629921 1 
vn -0.00787402 -0.0629921 1 
vn -0.00787402 -0.0629921 1 
vn -0.00787402 -0.0629921 1 
vn -0.00787402 -0.0629921 1 
vn -0.00787402 -0.0629921 1 
vn -0.00787402 -0.0629921 1 
vn -0.00787402 -0.0629921 1 
vn -0.00787402 -0.0629921 1 
vn -0.00787402 -0.0629921 1 
vn -0.00787402 -0.0629921 1 
vn 0 -0.0393701 1 
vn 0 0 1 
vn 0 0 1 
vn -0.00787402 -0.0629921 1 
vn -0.00787402 -0.0629921 1 
vn -0.00787402 -0.0629921 1 
vn -0.00787402 -0.0629921 1 
vn -0.00787402 -0.0629921 1 
vn -0.00787402 -0.0629921 1 
vn -0.00787402 -0.0629921 1 
vn -0.00787402 -0.0629921 1 
vn -0.00787402 -0.0629921 1 
vn -0.00787402 -0.0629921 1 
vn 0 0 1 
vn 0 0 1 
vn 0 -0.708661 0.708661 
vn 0 -0.708661 0.708661 
vn 0 0.716535 0.700787 
vn 0 0.716535 0.700787 
vn 0 0 1 
vn 0 0 1 
vn 0 0.149606 0.992126 
vn 0 0.149606 0.992126 
vn 0 0.149606 0.992126 
vn 0 0.708661 0.708661 
vn -0.629921 0.551181 0.551181 
vn 0 0 1 
vn -0.629921 0 0.779528 
vn 0 -0.708661 0.708661 
vn -0.629921 -0.551181 0.551181 

vt 18.032 -40.9583 
vt 17.9988 -40.9529 
vt 17.9988 -40.9721 
vt 17.9655 -40.9583 
vt 18.0184 -40.9447 
vt 18.0266 -40.9251 
vt 18.0458 -40.9251 
vt 17.9791 -40.9447 
vt 17.9709 -40.9251 
vt 17.9517 -40.9251 
vt 17.9655 -40.8918 
vt 17.9791 -40.9054 
vt 17.9988 -40.8791 
vt 17.9988 -40.8972 
vt 18.0184 -40.9054 
vt 18.032 -40.8918 
vt 18.0266 -40.9251 
vt 18.0458 -40.9251 
vt 17.9988 -40.9696 
vt 17.9732 -41.0263 
vt 17.9988 -41.0369 
vt 17.9626 -41.0008 
vt 17.9732 -40.9752 
vt 18.0243 -41.0263 
vt 18.0349 -41.0008 
vt 18.0243 -40.9752 
vt 18.0007 -40.8086 
vt 17.9846 -40.8909 
vt 18.013 -40.8909 
vt 17.9968 -40.8086 
vt 17.9791 -40.9054 
vt 18.0184 -40.9447 
vt 18.0184 -40.9054 
vt 18.0266 -40.9251 
vt 17.9988 -40.8972 
vt 17.9791 -40.9447 
vt 17.9988 -40.9529 
vt 17.9709 -40.9251 
vt 18.0294 -40.8202 
vt 17.9314 -41.1514 
vt 18.0686 -41.1514 
vt 17.9314 -41.1388 
vt 18.0686 -41.1166 
vt 17.9314 -41.1266 
vt 18.0686 -41.1266 
vt 17.9706 -40.813 
vt 17.9251 -40.891 
vt 17.9135 -40.9207 
vt 17.9225 -40.8869 
vt 17.9135 -40.9207 
vt 18.0631 -40.8758 
vt 18.0752 -40.891 
vt 18.0865 -40.9207 
vt 18.0849 -40.9169 
vt 17.9706 -40.813 
vt 18.0631 -40.8758 
vt 17.9225 -40.8869 
vt 17.9214 -41.0229 
vt 17.9259 -41.0795 
vt 17.9314 -41.0309 
vt 17.9224 -40.9536 
vt 18.0727 -41.0795 
vt 18.0733 -40.9949 
vt 18.0686 -41.0786 
vt 18.0686 -40.995 
vt 18.0865 -40.9207 
vt 17.9135 -40.9207 
vt 18.0776 -40.9536 
vt 17.9224 -40.9536 
vt 18.0631 -40.8758 
vt 17.9225 -40.8869 
vt 18.0865 -40.9207 
vt 17.9314 -40.995 
vt 17.9224 -40.9536 
vt 18.0686 -40.995 
vt 18.0686 -40.995 
vt 18.0686 -41.0309 
vt 17.9314 -41.0309 
vt 18.0686 -41.0786 
vt 17.9314 -41.0786 
vt 17.9314 -41.1266 
vt 18.0686 -41.1266 
vt 18.0458 -40.9251 
vt 17.9154 -40.9288 
vt 17.9251 -40.891 
vt 17.9151 -40.9169 
vt 17.9135 -40.9207 
vt 18.0792 -40.9398 
vt 18.0752 -40.891 
vt 18.0847 -40.9151 
vt 18.0849 -40.9169 
vt 18.0865 -40.9207 
vt 18.0726 -40.971 
vt 17.9214 -41.0229 
vt 18.0733 -40.9949 
vt 18.0727 -41.0795 
vt 17.9259 -41.0795 
vt 17.4329 -41.032 
vt 17.4329 -41.0458 
vt 17.4329 -40.9517 
vt 17.4329 -40.9655 
vt 17.4329 -40.9988 
vt 17.4692 -40.9626 
vt 17.4692 -40.9732 
vt 17.4692 -41.0243 
vt 18.3877 -41.0631 
vt 18.3877 -40.9382 
vt 18.3678 -41.0294 
vt 18.3678 -40.9706 
vt 18.4178 -41.0865 
vt 18.4178 -40.9135 
vt 18.4579 -40.9224 
vt 18.4178 -40.9135 
vt 18.4579 -41.0776 
vt 18.5104 -40.9314 
vt 18.5104 -41.0686 
vt 18.5671 -40.9314 
vt 18.5671 -41.0686 
vt 18.3004 -40.9314 
vt 18.3004 -41.0686 
vt 18.0309 -40.9314 
vt 17.98 -41.0686 
vt 17.9781 -40.9626 
vt 17.4692 -40.9732 
vt 17.9781 -40.9732 
vt 17.4692 -40.9988 
vt 17.9781 -40.9988 
vt 17.4692 -41.0243 
vt 17.9781 -41.0243 
vt 18.103 -40.9706 
vt 18.0132 -41.0294 
vt 18.103 -41.0294 
vt 18.0132 -40.9706 
vt 18.1968 -40.9706 
vt 18.1968 -41.0294 
vt 18.2823 -40.9706 
vt 18.2823 -41.0294 
vt 18.3678 -40.9706 
vt 18.3678 -41.0294 
vt 18.104 -40.9253 
vt 18.104 -41.0817 
vt 18.104 -41.069 
vt 18.104 -40.9314 
vt 18.3639 -40.9251 
vt 18.3877 -40.9382 
vt 18.1968 -40.9706 
vt 17.9457 -40.9225 
vt 17.9516 -40.9135 
vt 18.1968 -41.0294 
vt 18.3877 -41.0631 
vt 17.9457 -41.0631 
vt 18.0132 -40.9706 
vt 17.9457 -41.0631 
vt 18.0132 -41.0294 
vt 18.3639 -40.9154 
vt 18.3639 -40.9259 
vt 18.1339 -40.9314 
vt 17.9409 -40.9224 
vt 18.1771 -41.0727 
vt 18.3639 -41.0727 
vt 18.3639 -41.0726 
vt 17.9509 -41.0686 
vt 17.9744 -41.0458 
vt 17.4329 -40.9655 
vt 17.9744 -40.9655 
vt 17.4329 -40.9988 
vt 17.9744 -40.9988 
vt 17.4329 -41.032 
vt 17.9744 -41.032 
vt 17.4329 -41.0185 
vt 17.4881 -41.0185 
vt 17.4329 -40.9988 
vt 17.4881 -40.9988 
vt 17.4329 -40.9791 
vt 17.4881 -40.9791 
vt 18.3639 -41.0727 
vt 18.3351 -40.9258 
vt 18.3331 -41.0736 
vt 18.3639 -40.9259 
vt 18.1771 -41.0727 
vt 18.1339 -40.9314 
vt 18.104 -41.069 
vt 18.104 -40.9314 
vt 18.5671 -40.9583 
vt 18.5671 -40.9583 
vt 18.5671 -40.8918 
vt 18.5671 -40.8791 
vt 18.5308 -40.9696 
vt 18.5308 -41.0008 
vt 18.493 -40.8086 
vt 18.5119 -40.8972 
vt 18.5119 -40.9529 
vt 17.6123 -40.8711 
vt 17.6322 -40.8202 
vt 17.5822 -40.9207 
vt 17.5421 -40.9441 
vt 17.4896 -41.0214 
vt 17.4896 -41.0214 
vt 17.4329 -41.0754 
vt 17.5196 -41.1414 
vt 17.6396 -41.1914 
vt 17.6996 -41.1514 
vt 17.7596 -41.1419 
vt 18.02 -41.1166 
vt 18.065 -41.1266 
vt 18.0219 -41.0369 
vt 18.5308 -41.0263 
vt 18.0219 -41.0263 
vt 18.5308 -41.0008 
vt 18.0219 -41.0008 
vt 18.5308 -40.9752 
vt 18.0219 -40.9752 
vt 17.897 -40.8409 
vt 17.9868 -40.813 
vt 17.8032 -40.8443 
vt 17.7177 -40.8342 
vt 17.896 -40.891 
vt 17.896 -40.9699 
vt 17.896 -40.9207 
vt 17.896 -41.0655 
vt 17.896 -41.0795 
vt 17.5822 -40.9207 
vt 17.6361 -40.891 
vt 17.6123 -40.8711 
vt 17.6361 -40.9169 
vt 17.6361 -40.9207 
vt 17.896 -40.891 
vt 17.6322 -40.8202 
vt 17.7177 -40.8342 
vt 17.8032 -40.8443 
vt 18.0543 -40.8869 
vt 17.897 -40.8409 
vt 17.9868 -40.813 
vt 18.0484 -40.9207 
vt 17.896 -40.8981 
vt 17.896 -40.9207 
vt 17.4896 -41.0214 
vt 17.6361 -41.0229 
vt 17.5182 -40.9854 
vt 17.5421 -40.9441 
vt 17.5822 -40.9207 
vt 17.6361 -40.9288 
vt 17.6361 -40.9207 
vt 17.6361 -41.0795 
vt 17.5196 -41.1414 
vt 17.4329 -41.0754 
vt 17.6396 -41.1914 
vt 17.6996 -41.1514 
vt 17.6649 -41.0795 
vt 17.7596 -41.1419 
vt 17.8661 -41.0795 
vt 17.9691 -41.1388 
vt 17.896 -41.0795 
vt 17.896 -41.0655 
vt 18.0441 -41.0786 
vt 18.02 -41.1166 
vt 18.065 -41.1266 
vt 18.0491 -40.995 
vt 18.0591 -41.0309 
vt 17.896 -40.9699 
vt 18.0484 -40.9207 
vt 17.896 -40.9207 
vt 18.0591 -40.9536 
vt 18.5671 -40.9583 
vt 18.0256 -40.9583 
vt 18.5671 -40.9251 
vt 18.0256 -40.9251 
vt 18.5671 -40.8918 
vt 18.0256 -40.8918 
vt 18.5204 -40.8909 
vt 18.493 -40.8086 
vt 18.4375 -40.8909 
vt 18.4375 -40.8909 
vt 18.5671 -40.9251 
vt 18.5119 -40.9251 
vt 18.5671 -40.9447 
vt 18.5119 -40.9447 
vt 18.5671 -40.9054 
vt 18.5119 -40.9054 
vt 18.5671 -40.9251 
vt 18.5119 -40.9251 
vt 17.9542 -40.9251 
vt 18.0483 -40.9251 
vt 18.0268 -40.9752 
vt 17.9757 -40.9752 
vt 18.0032 -40.8086 
vt 17.9369 -40.8711 
vt 18.0618 -40.8711 
vt 17.9706 -40.8202 
vt 18.0294 -40.8202 
vt 17.9135 -40.9207 
vt 18.0865 -40.9207 
vt 18.0776 -40.9441 
vt 17.9224 -40.9441 
vt 17.9314 -40.9854 
vt 18.0686 -40.9854 
vt 18.0686 -41.0214 
vt 18.0686 -40.9854 
vt 17.9314 -41.0214 
vt 18.0686 -41.0754 
vt 17.9314 -41.0754 
vt 18.0686 -41.1388 
vt 17.9314 -41.1166 
vt 18.0738 -40.891 
vt 17.9235 -40.8981 
vt 18.0765 -40.8981 
vt 17.9241 -40.891 
vt 17.9183 -40.9381 
vt 17.916 -40.9273 
vt 17.9135 -40.9207 
vt 18.0747 -40.9699 
vt 18.0865 -40.9207 
vt 17.9181 -40.9464 
vt 17.9183 -40.9804 
vt 17.9225 -41.0241 
vt 18.0686 -41.0655 
vt 17.931 -41.0795 
vt 18.0686 -41.0795 
vt 18.0865 -40.9207 
vt 18.0846 -40.9288 
vt 17.9274 -40.971 
vt 17.9542 -40.9251 
vt 17.987 -40.8909 
vt 18.0032 -40.8086 
vt 17.9993 -40.8086 
vt 18.0154 -40.8909 
vt 18.5671 -41.032 
vt 18.5671 -40.9655 
vt 18.5671 -41.0458 
vt 18.5671 -40.9517 
vt 18.5308 -40.9626 
vt 18.5308 -40.9732 
vt 18.5308 -41.0243 
vt 18.5308 -41.0243 
vt 17.6322 -41.0294 
vt 17.4329 -40.9314 
vt 17.4329 -41.0686 
vt 17.5196 -40.9314 
vt 17.5196 -41.0686 
vt 17.6396 -40.9314 
vt 17.6396 -41.0686 
vt 17.6996 -40.9314 
vt 17.6996 -41.0686 
vt 17.7596 -40.9314 
vt 17.7596 -41.0686 
vt 17.9691 -41.0686 
vt 17.9691 -40.9314 
vt 18.02 -41.0686 
vt 18.02 -40.9314 
vt 18.065 -40.9314 
vt 18.065 -41.0686 
vt 18.5308 -41.0243 
vt 18.0219 -41.0243 
vt 18.5308 -40.9988 
vt 18.0219 -40.9988 
vt 18.5308 -40.9732 
vt 18.0219 -40.9732 
vt 18.0219 -41.0243 
vt 17.896 -40.9262 
vt 17.896 -41.0759 
vt 17.896 -40.9253 
vt 17.896 -41.0817 
vt 17.6361 -40.9251 
vt 18.0484 -40.9135 
vt 17.8609 -41.0768 
vt 17.6361 -41.0752 
vt 17.6361 -40.9154 
vt 18.0591 -40.9224 
vt 17.6361 -41.0726 
vt 18.0491 -41.0686 
vt 18.0256 -41.0458 
vt 18.5671 -41.032 
vt 18.0256 -41.032 
vt 18.5671 -40.9988 
vt 18.0256 -40.9988 
vt 18.5671 -40.9655 
vt 18.0256 -40.9655 
vt 18.0256 -40.9517 
vt 18.5671 -40.9791 
vt 18.5119 -40.9791 
vt 18.5671 -40.9988 
vt 18.5119 -40.9988 
vt 18.5671 -41.0185 
vt 18.5119 -41.0185 
vt 17.8609 -41.0768 
vt 17.6361 -40.9251 
vt 17.6361 -41.0752 
vt 17.896 -40.9262 
vt 17.896 -41.0759 
vt 17.4329 -40.9583 
vt 17.4329 -40.9251 
vt 17.4329 -40.8791 
vt 17.4692 -40.9696 
vt 17.4692 -41.0263 
vt 17.507 -40.8086 
vt 17.4881 -40.8972 
vt 17.4881 -40.9529 
vt 18.3877 -40.8711 
vt 18.3678 -40.8202 
vt 18.3678 -40.8202 
vt 18.4178 -40.9207 
vt 18.4579 -40.9441 
vt 18.5104 -41.0214 
vt 18.5671 -41.0754 
vt 18.4804 -41.1414 
vt 18.3604 -41.1914 
vt 18.3004 -41.1514 
vt 18.2404 -41.1419 
vt 17.98 -41.1166 
vt 17.935 -41.1266 
vt 17.4692 -41.0263 
vt 17.9781 -41.0008 
vt 17.4692 -41.0008 
vt 17.9781 -41.0263 
vt 17.9781 -41.0369 
vt 17.4692 -40.9752 
vt 17.9781 -40.9752 
vt 17.4692 -41.0008 
vt 17.9781 -41.0008 
vt 18.0132 -40.813 
vt 18.104 -40.891 
vt 18.104 -40.9273 
vt 18.104 -40.9804 
vt 18.104 -41.0241 
vt 18.104 -41.0795 
vt 18.2823 -40.8342 
vt 18.1968 -40.8443 
vt 18.3877 -40.8711 
vt 18.3678 -40.8202 
vt 17.9457 -40.8758 
vt 18.103 -40.8409 
vt 18.0132 -40.813 
vt 18.1391 -40.891 
vt 18.3639 -40.891 
vt 18.104 -40.891 
vt 18.4178 -40.9207 
vt 17.9516 -40.9207 
vt 18.104 -40.8981 
vt 18.104 -40.9207 
vt 18.3639 -40.9151 
vt 18.3639 -40.9169 
vt 18.3639 -40.9207 
vt 18.3331 -41.0795 
vt 18.1771 -41.0795 
vt 18.2404 -41.1419 
vt 18.104 -41.0795 
vt 18.3004 -41.1514 
vt 18.0309 -41.1388 
vt 18.3639 -41.0795 
vt 18.3604 -41.1914 
vt 18.4804 -41.1414 
vt 18.5104 -41.0214 
vt 18.5671 -41.0754 
vt 18.4818 -40.9854 
vt 18.3639 -40.9949 
vt 18.4579 -40.9441 
vt 18.3639 -40.971 
vt 18.4178 -40.9207 
vt 18.3639 -40.9398 
vt 18.3639 -40.9207 
vt 17.9559 -41.0786 
vt 17.98 -41.1166 
vt 17.935 -41.1266 
vt 18.104 -41.0241 
vt 17.9509 -40.995 
vt 17.9409 -41.0309 
vt 18.104 -40.9804 
vt 18.104 -40.9464 
vt 17.9516 -40.9207 
vt 17.9409 -40.9536 
vt 18.104 -40.9381 
vt 18.104 -40.9273 
vt 18.104 -40.9207 
vt 17.9744 -40.9251 
vt 17.4329 -40.9251 
vt 17.4329 -40.9583 
vt 17.9744 -40.9583 
vt 17.4329 -40.8918 
vt 17.9744 -40.8918 
vt 17.4329 -40.9251 
vt 17.9744 -40.9251 
vt 17.5625 -40.8909 
vt 17.507 -40.8086 
vt 17.4796 -40.8909 
vt 17.4329 -40.9447 
vt 17.4881 -40.9447 
vt 17.4329 -40.9251 
vt 17.4881 -40.9251 
vt 17.4329 -40.9054 
vt 17.4881 -40.9054 

usemtl Meshpart3Mtl

f 2215/2215/2215 2216/2216/2216 2217/2217/2217 
f 2216/2216/2216 2218/2218/2218 2217/2217/2217 
f 2216/2216/2216 2215/2215/2215 2219/2219/2219 
f 2219/2219/2219 2215/2215/2215 2220/2220/2220 
f 2215/2215/2215 2221/2221/2221 2220/2220/2220 
f 2218/2218/2218 2216/2216/2216 2222/2222/2222 
f 2223/2223/2223 2218/2218/2218 2222/2222/2222 
f 2218/2218/2218 2223/2223/2223 2224/2224/2224 
f 2223/2223/2223 2225/2225/2225 2224/2224/2224 
f 2225/2225/2225 2223/2223/2223 2226/2226/2226 
f 2227/2227/2227 2225/2225/2225 2226/2226/2226 
f 2227/2227/2227 2226/2226/2226 2228/2228/2228 
f 2229/2229/2229 2227/2227/2227 2228/2228/2228 
f 2227/2227/2227 2229/2229/2229 2230/2230/2230 
f 2231/2231/2231 2230/2230/2230 2229/2229/2229 
f 2230/2230/2230 2231/2231/2231 2232/2232/2232 
f 2233/2233/2233 2234/2234/2234 2235/2235/2235 
f 2234/2234/2234 2233/2233/2233 2236/2236/2236 
f 2236/2236/2236 2233/2233/2233 2237/2237/2237 
f 2238/2238/2238 2233/2233/2233 2235/2235/2235 
f 2233/2233/2233 2238/2238/2238 2239/2239/2239 
f 2233/2233/2233 2239/2239/2239 2240/2240/2240 
f 2241/2241/2241 2242/2242/2242 2243/2243/2243 
f 2242/2242/2242 2241/2241/2241 2244/2244/2244 
f 2245/2245/2245 2246/2246/2246 2247/2247/2247 
f 2247/2247/2247 2246/2246/2246 2248/2248/2248 
f 2245/2245/2245 2247/2247/2247 2249/2249/2249 
f 2245/2245/2245 2250/2250/2250 2246/2246/2246 
f 2246/2246/2246 2250/2250/2250 2251/2251/2251 
f 2250/2250/2250 2245/2245/2245 2252/2252/2252 
f 2271/2271/2271 2270/2270/2270 2269/2269/2269 
f 2280/2280/2280 2281/2281/2281 2282/2282/2282 
f 2282/2282/2282 2281/2281/2281 2283/2283/2283 
f 2281/2281/2281 2284/2284/2284 2285/2285/2285 
f 2284/2284/2284 2281/2281/2281 2286/2286/2286 
f 2287/2287/2287 2282/2282/2282 2288/2288/2288 
f 2282/2282/2282 2287/2287/2287 2289/2289/2289 
f 2290/2290/2290 2287/2287/2287 2291/2291/2291 
f 2291/2291/2291 2287/2287/2287 2292/2292/2292 
f 2291/2291/2291 2292/2292/2292 2293/2293/2293 
f 2293/2293/2293 2292/2292/2292 2294/2294/2294 
f 2293/2293/2293 2294/2294/2294 2295/2295/2295 
f 2295/2295/2295 2296/2296/2296 2293/2293/2293 
f 2298/2298/2298 2299/2299/2299 2300/2300/2300 
f 2298/2298/2298 2300/2300/2300 2301/2301/2301 
f 2298/2298/2298 2302/2302/2302 2299/2299/2299 
f 2299/2299/2299 2302/2302/2302 2303/2303/2303 
f 2302/2302/2302 2304/2304/2304 2303/2303/2303 
f 2304/2304/2304 2302/2302/2302 2305/2305/2305 
f 2305/2305/2305 2302/2302/2302 2306/2306/2306 
f 2302/2302/2302 2298/2298/2298 2307/2307/2307 
f 2308/2308/2308 2307/2307/2307 2298/2298/2298 
f 2307/2307/2307 2308/2308/2308 2309/2309/2309 
f 2308/2308/2308 2310/2310/2310 2309/2309/2309 
f 2310/2310/2310 2308/2308/2308 2311/2311/2311 
f 2324/2324/2324 2326/2326/2326 2327/2327/2327 
f 2326/2326/2326 2324/2324/2324 2328/2328/2328 
f 2330/2330/2330 2331/2331/2331 2329/2329/2329 
f 2332/2332/2332 2331/2331/2331 2330/2330/2330 
f 2340/2340/2340 2339/2339/2339 2338/2338/2338 
f 2340/2340/2340 2341/2341/2341 2339/2339/2339 
f 2342/2342/2342 2341/2341/2341 2340/2340/2340 
f 2342/2342/2342 2343/2343/2343 2341/2341/2341 
f 2344/2344/2344 2345/2345/2345 2346/2346/2346 
f 2345/2345/2345 2344/2344/2344 2347/2347/2347 
f 2346/2346/2346 2348/2348/2348 2344/2344/2344 
f 2349/2349/2349 2348/2348/2348 2346/2346/2346 
f 2349/2349/2349 2350/2350/2350 2348/2348/2348 
f 2351/2351/2351 2350/2350/2350 2349/2349/2349 
f 2351/2351/2351 2352/2352/2352 2350/2350/2350 
f 2352/2352/2352 2351/2351/2351 2353/2353/2353 
f 2359/2359/2359 2361/2361/2361 2360/2360/2360 
f 2365/2365/2365 2364/2364/2364 2363/2363/2363 
f 2366/2366/2366 2367/2367/2367 2368/2368/2368 
f 2380/2380/2380 2379/2379/2379 2378/2378/2378 
f 2380/2380/2380 2381/2381/2381 2379/2379/2379 
f 2382/2382/2382 2381/2381/2381 2380/2380/2380 
f 2382/2382/2382 2383/2383/2383 2381/2381/2381 
f 2385/2385/2385 2386/2386/2386 2384/2384/2384 
f 2386/2386/2386 2385/2385/2385 2387/2387/2387 
f 2387/2387/2387 2388/2388/2388 2386/2386/2386 
f 2388/2388/2388 2387/2387/2387 2389/2389/2389 
f 2390/2390/2390 2391/2391/2391 2392/2392/2392 
f 2391/2391/2391 2390/2390/2390 2393/2393/2393 
f 2392/2392/2392 2391/2391/2391 2394/2394/2394 
f 2394/2394/2394 2391/2391/2391 2395/2395/2395 
f 2395/2395/2395 2396/2396/2396 2394/2394/2394 
f 2396/2396/2396 2395/2395/2395 2397/2397/2397 
f 2423/2423/2423 2422/2422/2422 2421/2421/2421 
f 2422/2422/2422 2423/2423/2423 2424/2424/2424 
f 2425/2425/2425 2424/2424/2424 2423/2423/2423 
f 2424/2424/2424 2425/2425/2425 2426/2426/2426 
f 2436/2436/2436 2437/2437/2437 2438/2438/2438 
f 2437/2437/2437 2436/2436/2436 2439/2439/2439 
f 2439/2439/2439 2436/2436/2436 2440/2440/2440 
f 2441/2441/2441 2438/2438/2438 2437/2437/2437 
f 2442/2442/2442 2438/2438/2438 2443/2443/2443 
f 2438/2438/2438 2444/2444/2444 2443/2443/2443 
f 2445/2445/2445 2438/2438/2438 2441/2441/2441 
f 2444/2444/2444 2445/2445/2445 2446/2446/2446 
f 2445/2445/2445 2447/2447/2447 2446/2446/2446 
f 2441/2441/2441 2448/2448/2448 2445/2445/2445 
f 2448/2448/2448 2441/2441/2441 2449/2449/2449 
f 2448/2448/2448 2449/2449/2449 2450/2450/2450 
f 2451/2451/2451 2452/2452/2452 2453/2453/2453 
f 2453/2453/2453 2452/2452/2452 2454/2454/2454 
f 2454/2454/2454 2452/2452/2452 2455/2455/2455 
f 2455/2455/2455 2452/2452/2452 2456/2456/2456 
f 2455/2455/2455 2456/2456/2456 2457/2457/2457 
f 2452/2452/2452 2451/2451/2451 2458/2458/2458 
f 2451/2451/2451 2459/2459/2459 2458/2458/2458 
f 2451/2451/2451 2460/2460/2460 2459/2459/2459 
f 2461/2461/2461 2458/2458/2458 2459/2459/2459 
f 2462/2462/2462 2458/2458/2458 2461/2461/2461 
f 2458/2458/2458 2462/2462/2462 2463/2463/2463 
f 2464/2464/2464 2463/2463/2463 2462/2462/2462 
f 2465/2465/2465 2463/2463/2463 2464/2464/2464 
f 2466/2466/2466 2465/2465/2465 2464/2464/2464 
f 2465/2465/2465 2466/2466/2466 2467/2467/2467 
f 2466/2466/2466 2468/2468/2468 2467/2467/2467 
f 2469/2469/2469 2468/2468/2468 2466/2466/2466 
f 2469/2469/2469 2466/2466/2466 2470/2470/2470 
f 2471/2471/2471 2469/2469/2469 2470/2470/2470 
f 2472/2472/2472 2468/2468/2468 2469/2469/2469 
f 2472/2472/2472 2469/2469/2469 2473/2473/2473 
f 2468/2468/2468 2472/2472/2472 2474/2474/2474 
f 2475/2475/2475 2474/2474/2474 2472/2472/2472 
f 2474/2474/2474 2475/2475/2475 2476/2476/2476 
f 2475/2475/2475 2472/2472/2472 2477/2477/2477 
f 2479/2479/2479 2478/2478/2478 2480/2480/2480 
f 2479/2479/2479 2480/2480/2480 2481/2481/2481 
f 2481/2481/2481 2480/2480/2480 2482/2482/2482 
f 2481/2481/2481 2482/2482/2482 2483/2483/2483 
f 2484/2484/2484 2485/2485/2485 2486/2486/2486 
f 2488/2488/2488 2489/2489/2489 2490/2490/2490 
f 2491/2491/2491 2490/2490/2490 2489/2489/2489 
f 2492/2492/2492 2493/2493/2493 2494/2494/2494 
f 2495/2495/2495 2494/2494/2494 2493/2493/2493 
f 2501/2501/2501 2502/2502/2502 2503/2503/2503 
f 2503/2503/2503 2502/2502/2502 2504/2504/2504 
f 2505/2505/2505 2502/2502/2502 2501/2501/2501 
f 2502/2502/2502 2505/2505/2505 2506/2506/2506 
f 2509/2509/2509 2507/2507/2507 2508/2508/2508 
f 2507/2507/2507 2509/2509/2509 2510/2510/2510 
f 2509/2509/2509 2511/2511/2511 2512/2512/2512 
f 2513/2513/2513 2511/2511/2511 2509/2509/2509 
f 2518/2518/2518 2519/2519/2519 2520/2520/2520 
f 2519/2519/2519 2518/2518/2518 2521/2521/2521 
f 2519/2519/2519 2522/2522/2522 2520/2520/2520 
f 2522/2522/2522 2519/2519/2519 2523/2523/2523 
f 2519/2519/2519 2524/2524/2524 2523/2523/2523 
f 2522/2522/2522 2525/2525/2525 2520/2520/2520 
f 2520/2520/2520 2525/2525/2525 2526/2526/2526 
f 2525/2525/2525 2522/2522/2522 2527/2527/2527 
f 2525/2525/2525 2527/2527/2527 2528/2528/2528 
f 2529/2529/2529 2525/2525/2525 2528/2528/2528 
f 2525/2525/2525 2529/2529/2529 2530/2530/2530 
f 2531/2531/2531 2530/2530/2530 2529/2529/2529 
f 2530/2530/2530 2531/2531/2531 2532/2532/2532 
f 2537/2537/2537 2538/2538/2538 2539/2539/2539 
f 2538/2538/2538 2537/2537/2537 2540/2540/2540 
f 2551/2551/2551 2552/2552/2552 2550/2550/2550 
f 2552/2552/2552 2551/2551/2551 2553/2553/2553 
f 2553/2553/2553 2554/2554/2554 2552/2552/2552 
f 2555/2555/2555 2554/2554/2554 2553/2553/2553 
f 2555/2555/2555 2556/2556/2556 2554/2554/2554 
f 2557/2557/2557 2556/2556/2556 2555/2555/2555 
f 2557/2557/2557 2558/2558/2558 2556/2556/2556 
f 2559/2559/2559 2558/2558/2558 2557/2557/2557 
f 2559/2559/2559 2560/2560/2560 2558/2558/2558 
f 2560/2560/2560 2561/2561/2561 2558/2558/2558 
f 2562/2562/2562 2561/2561/2561 2560/2560/2560 
f 2561/2561/2561 2562/2562/2562 2563/2563/2563 
f 2562/2562/2562 2564/2564/2564 2563/2563/2563 
f 2565/2565/2565 2564/2564/2564 2562/2562/2562 
f 2568/2568/2568 2567/2567/2567 2566/2566/2566 
f 2567/2567/2567 2568/2568/2568 2569/2569/2569 
f 2570/2570/2570 2569/2569/2569 2568/2568/2568 
f 2569/2569/2569 2570/2570/2570 2571/2571/2571 
f 2587/2587/2587 2586/2586/2586 2588/2588/2588 
f 2587/2587/2587 2588/2588/2588 2589/2589/2589 
f 2589/2589/2589 2588/2588/2588 2590/2590/2590 
f 2589/2589/2589 2590/2590/2590 2591/2591/2591 
f 2593/2593/2593 2594/2594/2594 2595/2595/2595 
f 2596/2596/2596 2595/2595/2595 2594/2594/2594 
f 2595/2595/2595 2596/2596/2596 2597/2597/2597 
f 2598/2598/2598 2597/2597/2597 2596/2596/2596 
f 2599/2599/2599 2600/2600/2600 2601/2601/2601 
f 2600/2600/2600 2599/2599/2599 2602/2602/2602 
f 2603/2603/2603 2602/2602/2602 2599/2599/2599 
f 2625/2625/2625 2626/2626/2626 2627/2627/2627 
f 2626/2626/2626 2625/2625/2625 2628/2628/2628 
f 2632/2632/2632 2631/2631/2631 2630/2630/2630 
f 2631/2631/2631 2632/2632/2632 2633/2633/2633 
f 2640/2640/2640 2641/2641/2641 2642/2642/2642 
f 2642/2642/2642 2643/2643/2643 2640/2640/2640 
f 2644/2644/2644 2641/2641/2641 2645/2645/2645 
f 2645/2645/2645 2646/2646/2646 2644/2644/2644 
f 2644/2644/2644 2647/2647/2647 2642/2642/2642 
f 2642/2642/2642 2647/2647/2647 2648/2648/2648 
f 2647/2647/2647 2644/2644/2644 2649/2649/2649 
f 2648/2648/2648 2650/2650/2650 2642/2642/2642 
f 2651/2651/2651 2649/2649/2649 2644/2644/2644 
f 2649/2649/2649 2651/2651/2651 2652/2652/2652 
f 2651/2651/2651 2653/2653/2653 2652/2652/2652 
f 2650/2650/2650 2648/2648/2648 2654/2654/2654 
f 2655/2655/2655 2650/2650/2650 2654/2654/2654 
f 2656/2656/2656 2650/2650/2650 2655/2655/2655 
f 2657/2657/2657 2658/2658/2658 2659/2659/2659 
f 2660/2660/2660 2659/2659/2659 2658/2658/2658 
f 2661/2661/2661 2657/2657/2657 2659/2659/2659 
f 2659/2659/2659 2660/2660/2660 2662/2662/2662 
f 2661/2661/2661 2663/2663/2663 2657/2657/2657 
f 2663/2663/2663 2661/2661/2661 2664/2664/2664 
f 2663/2663/2663 2664/2664/2664 2665/2665/2665 
f 2666/2666/2666 2663/2663/2663 2665/2665/2665 
f 2666/2666/2666 2665/2665/2665 2667/2667/2667 
f 2668/2668/2668 2663/2663/2663 2666/2666/2666 
f 2663/2663/2663 2668/2668/2668 2669/2669/2669 
f 2670/2670/2670 2669/2669/2669 2668/2668/2668 
f 2669/2669/2669 2670/2670/2670 2671/2671/2671 
f 2672/2672/2672 2671/2671/2671 2670/2670/2670 
f 2671/2671/2671 2672/2672/2672 2673/2673/2673 
f 2672/2672/2672 2674/2674/2674 2673/2673/2673 
f 2660/2660/2660 2675/2675/2675 2662/2662/2662 
f 2662/2662/2662 2675/2675/2675 2676/2676/2676 
f 2675/2675/2675 2677/2677/2677 2676/2676/2676 
f 2678/2678/2678 2675/2675/2675 2660/2660/2660 
f 2675/2675/2675 2678/2678/2678 2679/2679/2679 
f 2675/2675/2675 2679/2679/2679 2680/2680/2680 
f 2679/2679/2679 2678/2678/2678 2681/2681/2681 
f 2682/2682/2682 2679/2679/2679 2681/2681/2681 
f 2683/2683/2683 2679/2679/2679 2682/2682/2682 
f 2679/2679/2679 2683/2683/2683 2684/2684/2684 
f 2683/2683/2683 2682/2682/2682 2685/2685/2685 
f 2683/2683/2683 2685/2685/2685 2686/2686/2686 
f 2683/2683/2683 2686/2686/2686 2687/2687/2687 
f 2688/2688/2688 2689/2689/2689 2690/2690/2690 
f 2688/2688/2688 2690/2690/2690 2691/2691/2691 
f 2693/2693/2693 2692/2692/2692 2694/2694/2694 
f 2693/2693/2693 2694/2694/2694 2695/2695/2695 
f 2696/2696/2696 2697/2697/2697 2698/2698/2698 
f 2699/2699/2699 2700/2700/2700 2701/2701/2701 
f 2702/2702/2702 2701/2701/2701 2700/2700/2700 
f 2701/2701/2701 2702/2702/2702 2703/2703/2703 
f 2704/2704/2704 2703/2703/2703 2702/2702/2702 

