o 
v 0.007470972741094456 0.31299731951725773 -0.1073797609011033
v 0.10853997608467661 0.3489083133317261 -0.07957376197970895
v 0.12297597518011652 0.33899531584751896 -0.09400976107514886
v 0.13634597500607096 0.31299731951725773 0.021495241363873208
v 0.12297597518011652 0.33899531584751896 -0.09400976107514886
v 0.10853997608467661 0.3489083133317261 -0.07957376197970895
v 0.10853997608467661 0.3489083133317261 -0.07957376197970895
v 0.007470972741094456 0.31299731951725773 -0.1073797609011033
v 0.007470972741094456 0.32615829330456547 -0.0912727604905465
v 0.13634597500607096 0.31299731951725773 0.021495241363873208
v 0.10853997608467661 0.3489083133317261 -0.07957376197970895
v 0.12023897459551416 0.32615829330456547 0.021495241363873208
v 0.007470972741094456 0.31299731951725773 -0.1073797609011033
v -0.0935980306024877 0.3489083133317261 -0.07957376197970895
v 0.007470972741094456 0.32615829330456547 -0.0912727604905465
v 0.10853997608467661 0.3489083133317261 0.12256424470745536
v 0.13634597500607096 0.31299731951725773 0.021495241363873208
v 0.12023897459551416 0.32615829330456547 0.021495241363873208
v -0.0935980306024877 0.3489083133317261 -0.07957376197970895
v 0.007470972741094456 0.31299731951725773 -0.1073797609011033
v -0.10803402969792761 0.33899531584751896 -0.09400976107514886
v 0.13634597500607096 0.31299731951725773 0.021495241363873208
v 0.10853997608467661 0.3489083133317261 0.12256424470745536
v 0.12297597518011652 0.33899531584751896 0.13700024380289527
v -0.12140402952388205 0.31299731951725773 0.021495241363873208
v -0.0935980306024877 0.3489083133317261 -0.07957376197970895
v -0.10803402969792761 0.33899531584751896 -0.09400976107514886
v 0.007470972741094456 0.31299731951725773 0.1503702436288497
v 0.12297597518011652 0.33899531584751896 0.13700024380289527
v 0.10853997608467661 0.3489083133317261 0.12256424470745536
v -0.0935980306024877 0.3489083133317261 -0.07957376197970895
v -0.12140402952388205 0.31299731951725773 0.021495241363873208
v -0.10529702911332525 0.32615829330456547 0.021495241363873208
v 0.10853997608467661 0.3489083133317261 0.12256424470745536
v 0.007470972741094456 0.32615829330456547 0.13426324321829292
v 0.007470972741094456 0.31299731951725773 0.1503702436288497
v -0.0935980306024877 0.3489083133317261 0.12256424470745536
v -0.10529702911332525 0.32615829330456547 0.021495241363873208
v -0.12140402952388205 0.31299731951725773 0.021495241363873208
v -0.0935980306024877 0.3489083133317261 0.12256424470745536
v 0.007470972741094456 0.31299731951725773 0.1503702436288497
v 0.007470972741094456 0.32615829330456547 0.13426324321829292
v -0.12140402952388205 0.31299731951725773 0.021495241363873208
v -0.10803402969792761 0.33899531584751896 0.13700024380289527
v -0.0935980306024877 0.3489083133317261 0.12256424470745536
v 0.007470972741094456 0.31299731951725773 0.1503702436288497
v -0.0935980306024877 0.3489083133317261 0.12256424470745536
v -0.10803402969792761 0.33899531584751896 0.13700024380289527
v 0.08162297298952662 0.3004333160496979 -0.05265675888455895
v 0.12023897459551416 0.32615829330456547 0.021495241363873208
v 0.10853997608467661 0.3489083133317261 -0.07957376197970895
v 0.007470972741094456 0.32615829330456547 -0.0912727604905465
v 0.08162297298952662 0.3004333160496979 -0.05265675888455895
v 0.10853997608467661 0.3489083133317261 -0.07957376197970895
v 0.12023897459551416 0.32615829330456547 0.021495241363873208
v 0.08162297298952662 0.3004333160496979 -0.05265675888455895
v 0.0902059747819575 0.28374231678021244 0.021495241363873208
v 0.08162297298952662 0.3004333160496979 -0.05265675888455895
v 0.007470972741094456 0.32615829330456547 -0.0912727604905465
v 0.007470972741094456 0.28374231678021244 -0.06123976067698983
v 0.0902059747819575 0.28374231678021244 0.021495241363873208
v 0.08162297298952662 0.3004333160496979 -0.05265675888455895
v 0.050841972136941777 0.2593063197709351 -0.021875758031974113
v 0.007470972741094456 0.28374231678021244 -0.06123976067698983
v 0.050841972136941777 0.2593063197709351 -0.021875758031974113
v 0.08162297298952662 0.3004333160496979 -0.05265675888455895
v 0.0902059747819575 0.28374231678021244 0.021495241363873208
v 0.050841972136941777 0.2593063197709351 -0.021875758031974113
v 0.055861972177472935 0.24954331737530522 0.021495241363873208
v 0.050841972136941777 0.2593063197709351 -0.021875758031974113
v 0.007470972741094456 0.28374231678021244 -0.06123976067698983
v 0.007470972741094456 0.24954331737530522 -0.02689575807250527
v 0.050841972136941777 0.2593063197709351 0.06486624075972053
v 0.0902059747819575 0.28374231678021244 0.021495241363873208
v 0.055861972177472935 0.24954331737530522 0.021495241363873208
v 0.007470972741094456 0.28374231678021244 -0.06123976067698983
v -0.035900026654752865 0.2593063197709351 -0.021875758031974113
v 0.007470972741094456 0.24954331737530522 -0.02689575807250527
v 0.08162297298952662 0.3004333160496979 0.09564724161230537
v 0.12023897459551416 0.32615829330456547 0.021495241363873208
v 0.0902059747819575 0.28374231678021244 0.021495241363873208
v 0.0902059747819575 0.28374231678021244 0.021495241363873208
v 0.050841972136941777 0.2593063197709351 0.06486624075972053
v 0.08162297298952662 0.3004333160496979 0.09564724161230537
v 0.12023897459551416 0.32615829330456547 0.021495241363873208
v 0.08162297298952662 0.3004333160496979 0.09564724161230537
v 0.10853997608467661 0.3489083133317261 0.12256424470745536
v 0.007470972741094456 0.32615829330456547 0.13426324321829292
v 0.10853997608467661 0.3489083133317261 0.12256424470745536
v 0.08162297298952662 0.3004333160496979 0.09564724161230537
v 0.007470972741094456 0.28374231678021244 0.10423024340473624
v 0.08162297298952662 0.3004333160496979 0.09564724161230537
v 0.050841972136941777 0.2593063197709351 0.06486624075972053
v 0.007470972741094456 0.32615829330456547 0.13426324321829292
v 0.08162297298952662 0.3004333160496979 0.09564724161230537
v 0.007470972741094456 0.28374231678021244 0.10423024340473624
v 0.050841972136941777 0.2593063197709351 0.06486624075972053
v 0.007470972741094456 0.24954331737530522 0.06988624080025169
v 0.007470972741094456 0.28374231678021244 0.10423024340473624
v -0.035900026654752865 0.2593063197709351 0.06486624075972053
v 0.007470972741094456 0.28374231678021244 0.10423024340473624
v 0.007470972741094456 0.24954331737530522 0.06988624080025169
v -0.0666810275073377 0.3004333160496979 0.09564724161230537
v 0.007470972741094456 0.32615829330456547 0.13426324321829292
v 0.007470972741094456 0.28374231678021244 0.10423024340473624
v 0.007470972741094456 0.28374231678021244 0.10423024340473624
v -0.035900026654752865 0.2593063197709351 0.06486624075972053
v -0.0666810275073377 0.3004333160496979 0.09564724161230537
v 0.007470972741094456 0.32615829330456547 0.13426324321829292
v -0.0666810275073377 0.3004333160496979 0.09564724161230537
v -0.0935980306024877 0.3489083133317261 0.12256424470745536
v -0.10529702911332525 0.32615829330456547 0.021495241363873208
v -0.0935980306024877 0.3489083133317261 0.12256424470745536
v -0.0666810275073377 0.3004333160496979 0.09564724161230537
v -0.07526402929976858 0.28374231678021244 0.021495241363873208
v -0.0666810275073377 0.3004333160496979 0.09564724161230537
v -0.035900026654752865 0.2593063197709351 0.06486624075972053
v -0.0666810275073377 0.3004333160496979 0.09564724161230537
v -0.07526402929976858 0.28374231678021244 0.021495241363873208
v -0.10529702911332525 0.32615829330456547 0.021495241363873208
v -0.07526402929976858 0.28374231678021244 0.021495241363873208
v -0.035900026654752865 0.2593063197709351 0.06486624075972053
v -0.04092002669528402 0.24954331737530522 0.021495241363873208
v -0.035900026654752865 0.2593063197709351 -0.021875758031974113
v -0.07526402929976858 0.28374231678021244 0.021495241363873208
v -0.04092002669528402 0.24954331737530522 0.021495241363873208
v -0.0666810275073377 0.3004333160496979 -0.05265675888455895
v -0.10529702911332525 0.32615829330456547 0.021495241363873208
v -0.07526402929976858 0.28374231678021244 0.021495241363873208
v -0.07526402929976858 0.28374231678021244 0.021495241363873208
v -0.035900026654752865 0.2593063197709351 -0.021875758031974113
v -0.0666810275073377 0.3004333160496979 -0.05265675888455895
v -0.10529702911332525 0.32615829330456547 0.021495241363873208
v -0.0666810275073377 0.3004333160496979 -0.05265675888455895
v -0.0935980306024877 0.3489083133317261 -0.07957376197970895
v -0.035900026654752865 0.2593063197709351 -0.021875758031974113
v 0.007470972741094456 0.28374231678021244 -0.06123976067698983
v -0.0666810275073377 0.3004333160496979 -0.05265675888455895
v 0.007470972741094456 0.32615829330456547 -0.0912727604905465
v -0.0935980306024877 0.3489083133317261 -0.07957376197970895
v -0.0666810275073377 0.3004333160496979 -0.05265675888455895
v -0.0666810275073377 0.3004333160496979 -0.05265675888455895
v 0.007470972741094456 0.28374231678021244 -0.06123976067698983
v 0.007470972741094456 0.32615829330456547 -0.0912727604905465
v 0.1180539726261767 0.14916131716740422 0.021495241363873208
v 0.05766097446724497 0.22639731389057927 0.07168424098693343
v 0.08566497256800257 0.14916131716740422 0.09968924119078132
v 0.07748297592445932 0.07805230539810948 0.09150724454723808
v 0.1180539726261767 0.14916131716740422 0.021495241363873208
v 0.08566497256800257 0.14916131716740422 0.09968924119078132
v 0.1180539726261767 0.14916131716740422 0.021495241363873208
v 0.07748297592445932 0.07805230539810948 0.09150724454723808
v 0.1064829750899943 0.07805230539810948 0.021495241363873208
v 0.1180539726261767 0.14916131716740422 0.021495241363873208
v 0.07748297592445932 0.07805230539810948 -0.04851676181949166
v 0.08566497256800257 0.14916131716740422 -0.056698758463034904
v 0.007470972741094456 0.14916131716740422 -0.08908775852120904
v 0.08566497256800257 0.14916131716740422 -0.056698758463034904
v 0.07748297592445932 0.07805230539810948 -0.04851676181949166
v 0.07748297592445932 0.07805230539810948 -0.04851676181949166
v 0.1180539726261767 0.14916131716740422 0.021495241363873208
v 0.1064829750899943 0.07805230539810948 0.021495241363873208
v 0.07748297592445932 0.07805230539810948 0.09150724454723808
v 0.12220497419878565 0.0032673038221626705 0.021495241363873208
v 0.1064829750899943 0.07805230539810948 0.021495241363873208
v 0.12220497419878565 0.0032673038221626705 0.021495241363873208
v 0.07748297592445932 0.07805230539810948 -0.04851676181949166
v 0.1064829750899943 0.07805230539810948 0.021495241363873208
v 0.12220497419878565 0.0032673038221626705 0.021495241363873208
v 0.07748297592445932 0.07805230539810948 0.09150724454723808
v 0.08859997233196817 0.0032673038221626705 0.10262424095474693
v 0.007470972741094456 0.14916131716740422 -0.08908775852120904
v 0.07748297592445932 0.07805230539810948 -0.04851676181949166
v 0.007470972741094456 0.07805230539810948 -0.07751676098502663
v -0.06254103044227041 0.07805230539810948 -0.04851676181949166
v 0.007470972741094456 0.14916131716740422 -0.08908775852120904
v 0.007470972741094456 0.07805230539810948 -0.07751676098502663
v 0.07748297592445932 0.07805230539810948 -0.04851676181949166
v 0.007470972741094456 0.0032673038221626705 -0.09323876009381799
v 0.007470972741094456 0.07805230539810948 -0.07751676098502663
v -0.06254103044227041 0.07805230539810948 -0.04851676181949166
v 0.007470972741094456 0.07805230539810948 -0.07751676098502663
v 0.007470972741094456 0.0032673038221626705 -0.09323876009381799
v 0.007470972741094456 0.0032673038221626705 -0.09323876009381799
v 0.07748297592445932 0.07805230539810948 -0.04851676181949166
v 0.08859997233196817 0.0032673038221626705 -0.05963375822700051
v 0.07748297592445932 0.07805230539810948 -0.04851676181949166
v 0.12220497419878565 0.0032673038221626705 0.021495241363873208
v 0.08859997233196817 0.0032673038221626705 -0.05963375822700051
v -0.06254103044227041 0.07805230539810948 -0.04851676181949166
v 0.007470972741094456 0.0032673038221626705 -0.09323876009381799
v -0.07365802684977926 0.0032673038221626705 -0.05963375822700051
v -0.10726302871659674 0.0032673038221626705 0.021495241363873208
v -0.06254103044227041 0.07805230539810948 -0.04851676181949166
v -0.07365802684977926 0.0032673038221626705 -0.05963375822700051
v 0.08405197402283274 -0.09859969395625301 -0.055085759917865074
v 0.007470972741094456 0.0032673038221626705 -0.09323876009381799
v 0.08859997233196817 0.0032673038221626705 -0.05963375822700051
v 0.08859997233196817 0.0032673038221626705 -0.05963375822700051
v 0.12220497419878565 0.0032673038221626705 0.021495241363873208
v 0.08405197402283274 -0.09859969395625301 -0.055085759917865074
v 0.007470972741094456 0.0032673038221626705 -0.09323876009381799
v -0.06911002854064383 -0.09859969395625301 -0.055085759917865074
v -0.07365802684977926 0.0032673038221626705 -0.05963375822700051
v -0.06911002854064383 -0.09859969395625301 -0.055085759917865074
v -0.10726302871659674 0.0032673038221626705 0.021495241363873208
v -0.07365802684977926 0.0032673038221626705 -0.05963375822700051
v 0.007470972741094456 0.0032673038221626705 -0.09323876009381799
v 0.08405197402283274 -0.09859969395625301 -0.055085759917865074
v 0.007470972741094456 -0.09859969395625301 -0.08680675582088021
v -0.06911002854064383 -0.09859969395625301 -0.055085759917865074
v 0.007470972741094456 0.0032673038221626705 -0.09323876009381799
v 0.007470972741094456 -0.09859969395625301 -0.08680675582088021
v 0.08405197402283274 -0.09859969395625301 0.09807624264561149
v 0.12220497419878565 0.0032673038221626705 0.021495241363873208
v 0.08859997233196817 0.0032673038221626705 0.10262424095474693
v -0.10726302871659674 0.0032673038221626705 0.021495241363873208
v -0.06911002854064383 -0.09859969395625301 -0.055085759917865074
v -0.10083102444365896 -0.09859969395625301 0.021495241363873208
v -0.10726302871659674 0.0032673038221626705 0.021495241363873208
v -0.10083102444365896 -0.09859969395625301 0.021495241363873208
v -0.06911002854064383 -0.09859969395625301 0.09807624264561149
v 0.007470972741094456 -0.09859969395625301 -0.08680675582088021
v 0.007470972741094456 -0.17667569521295734 -0.10727576569713143
v -0.06911002854064383 -0.09859969395625301 -0.055085759917865074
v 0.08405197402283274 -0.09859969395625301 -0.055085759917865074
v 0.007470972741094456 -0.17667569521295734 -0.10727576569713143
v 0.007470972741094456 -0.09859969395625301 -0.08680675582088021
v 0.08405197402283274 -0.09859969395625301 -0.055085759917865074
v 0.12220497419878565 0.0032673038221626705 0.021495241363873208
v 0.11577296992584787 -0.09859969395625301 0.021495241363873208
v 0.12220497419878565 0.0032673038221626705 0.021495241363873208
v 0.08405197402283274 -0.09859969395625301 0.09807624264561149
v 0.11577296992584787 -0.09859969395625301 0.021495241363873208
v 0.08405197402283274 -0.09859969395625301 -0.055085759917865074
v 0.11577296992584787 -0.09859969395625301 0.021495241363873208
v 0.1362419798020991 -0.17667569521295734 0.021495241363873208
v 0.08405197402283274 -0.09859969395625301 0.09807624264561149
v 0.1362419798020991 -0.17667569521295734 0.021495241363873208
v 0.11577296992584787 -0.09859969395625301 0.021495241363873208
v 0.09852597107931696 -0.17667569521295734 -0.0695597569743493
v 0.08405197402283274 -0.09859969395625301 -0.055085759917865074
v 0.1362419798020991 -0.17667569521295734 0.021495241363873208
v 0.007470972741094456 -0.17667569521295734 -0.10727576569713143
v 0.08405197402283274 -0.09859969395625301 -0.055085759917865074
v 0.09852597107931696 -0.17667569521295734 -0.0695597569743493
v 0.1362419798020991 -0.17667569521295734 0.021495241363873208
v 0.08405197402283274 -0.09859969395625301 0.09807624264561149
v 0.09852597107931696 -0.17667569521295734 0.11255023970209571
v -0.06911002854064383 -0.09859969395625301 -0.055085759917865074
v 0.007470972741094456 -0.17667569521295734 -0.10727576569713143
v -0.08358402559712805 -0.17667569521295734 -0.0695597569743493
v 0.1362419798020991 -0.17667569521295734 0.021495241363873208
v 0.08886397620483957 -0.25872168618666835 -0.05989776209987191
v 0.09852597107931696 -0.17667569521295734 -0.0695597569743493
v 0.08886397620483957 -0.25872168618666835 -0.05989776209987191
v 0.007470972741094456 -0.17667569521295734 -0.10727576569713143
v 0.09852597107931696 -0.17667569521295734 -0.0695597569743493
v 0.007470972741094456 -0.17667569521295734 0.15026624842487785
v 0.09852597107931696 -0.17667569521295734 0.11255023970209571
v 0.08405197402283274 -0.09859969395625301 0.09807624264561149
v 0.007470972741094456 -0.17667569521295734 0.15026624842487785
v 0.08405197402283274 -0.09859969395625301 0.09807624264561149
v 0.007470972741094456 -0.09859969395625301 0.12979723854862663
v -0.06911002854064383 -0.09859969395625301 0.09807624264561149
v 0.007470972741094456 -0.17667569521295734 0.15026624842487785
v 0.007470972741094456 -0.09859969395625301 0.12979723854862663
v 0.1362419798020991 -0.17667569521295734 0.021495241363873208
v 0.09852597107931696 -0.17667569521295734 0.11255023970209571
v 0.08886397620483957 -0.25872168618666835 0.10288824482761832
v 0.007470972741094456 -0.17667569521295734 0.15026624842487785
v 0.08886397620483957 -0.25872168618666835 0.10288824482761832
v 0.09852597107931696 -0.17667569521295734 0.11255023970209571
v 0.007470972741094456 -0.17667569521295734 0.15026624842487785
v -0.06911002854064383 -0.09859969395625301 0.09807624264561149
v -0.08358402559712805 -0.17667569521295734 0.11255023970209571
v 0.12257797261520945 -0.25872168618666835 0.021495241363873208
v 0.1362419798020991 -0.17667569521295734 0.021495241363873208
v 0.08886397620483957 -0.25872168618666835 0.10288824482761832
v 0.08886397620483957 -0.25872168618666835 -0.05989776209987191
v 0.1362419798020991 -0.17667569521295734 0.021495241363873208
v 0.12257797261520945 -0.25872168618666835 0.021495241363873208
v 0.08886397620483957 -0.25872168618666835 0.10288824482761832
v 0.007470972741094456 -0.17667569521295734 0.15026624842487785
v 0.007470972741094456 -0.25872168618666835 0.1366022412379882
v -0.06911002854064383 -0.09859969395625301 0.09807624264561149
v -0.12130003431991018 -0.17667569521295734 0.021495241363873208
v -0.08358402559712805 -0.17667569521295734 0.11255023970209571
v -0.12130003431991018 -0.17667569521295734 0.021495241363873208
v -0.06911002854064383 -0.09859969395625301 0.09807624264561149
v -0.10083102444365896 -0.09859969395625301 0.021495241363873208
v -0.06911002854064383 -0.09859969395625301 -0.055085759917865074
v -0.12130003431991018 -0.17667569521295734 0.021495241363873208
v -0.10083102444365896 -0.09859969395625301 0.021495241363873208
v -0.07392203072265066 -0.25872168618666835 0.10288824482761832
v 0.007470972741094456 -0.17667569521295734 0.15026624842487785
v -0.08358402559712805 -0.17667569521295734 0.11255023970209571
v -0.07392203072265066 -0.25872168618666835 0.10288824482761832
v 0.007470972741094456 -0.25872168618666835 0.1366022412379882
v 0.007470972741094456 -0.17667569521295734 0.15026624842487785
v -0.12130003431991018 -0.17667569521295734 0.021495241363873208
v -0.07392203072265066 -0.25872168618666835 0.10288824482761832
v -0.08358402559712805 -0.17667569521295734 0.11255023970209571
v -0.12130003431991018 -0.17667569521295734 0.021495241363873208
v -0.06911002854064383 -0.09859969395625301 -0.055085759917865074
v -0.08358402559712805 -0.17667569521295734 -0.0695597569743493
v -0.07392203072265066 -0.25872168618666835 0.10288824482761832
v 0.007470972741094456 -0.40365867990481563 0.17266923530899497
v 0.007470972741094456 -0.25872168618666835 0.1366022412379882
v 0.007470972741094456 -0.40365867990481563 0.17266923530899497
v 0.08886397620483957 -0.25872168618666835 0.10288824482761832
v 0.007470972741094456 -0.25872168618666835 0.1366022412379882
v -0.07392203072265066 -0.25872168618666835 0.10288824482761832
v -0.12130003431991018 -0.17667569521295734 0.021495241363873208
v -0.10763602713302053 -0.25872168618666835 0.021495241363873208
v -0.07392203072265066 -0.25872168618666835 -0.05989776209987191
v -0.12130003431991018 -0.17667569521295734 0.021495241363873208
v -0.08358402559712805 -0.17667569521295734 -0.0695597569743493
v -0.12130003431991018 -0.17667569521295734 0.021495241363873208
v -0.07392203072265066 -0.25872168618666835 -0.05989776209987191
v -0.10763602713302053 -0.25872168618666835 0.021495241363873208
v 0.007470972741094456 -0.17667569521295734 -0.10727576569713143
v -0.07392203072265066 -0.25872168618666835 -0.05989776209987191
v -0.08358402559712805 -0.17667569521295734 -0.0695597569743493
v -0.14370202282622732 -0.40365867990481563 0.021495241363873208
v -0.07392203072265066 -0.25872168618666835 0.10288824482761832
v -0.10763602713302053 -0.25872168618666835 0.021495241363873208
v -0.07392203072265066 -0.25872168618666835 -0.05989776209987191
v -0.14370202282622732 -0.40365867990481563 0.021495241363873208
v -0.10763602713302053 -0.25872168618666835 0.021495241363873208
v -0.07392203072265066 -0.25872168618666835 -0.05989776209987191
v 0.007470972741094456 -0.17667569521295734 -0.10727576569713143
v 0.007470972741094456 -0.25872168618666835 -0.09361175851024178
v 0.007470972741094456 -0.17667569521295734 -0.10727576569713143
v 0.08886397620483957 -0.25872168618666835 -0.05989776209987191
v 0.007470972741094456 -0.25872168618666835 -0.09361175851024178
v 0.007470972741094456 -0.25872168618666835 -0.09361175851024178
v 0.007470972741094456 -0.40365867990481563 -0.12967875258124856
v -0.07392203072265066 -0.25872168618666835 -0.05989776209987191
v 0.08886397620483957 -0.25872168618666835 -0.05989776209987191
v 0.007470972741094456 -0.40365867990481563 -0.12967875258124856
v 0.007470972741094456 -0.25872168618666835 -0.09361175851024178
v -0.07392203072265066 -0.25872168618666835 -0.05989776209987191
v 0.007470972741094456 -0.40365867990481563 -0.12967875258124856
v -0.09942502537921347 -0.40365867990481563 -0.08540075675643471
v -0.14370202282622732 -0.40365867990481563 0.021495241363873208
v -0.07392203072265066 -0.25872168618666835 -0.05989776209987191
v -0.09942502537921347 -0.40365867990481563 -0.08540075675643471
v 0.007470972741094456 -0.40365867990481563 -0.12967875258124856
v 0.08886397620483957 -0.25872168618666835 -0.05989776209987191
v 0.11436697086140238 -0.40365867990481563 -0.08540075675643471
v -0.07392203072265066 -0.25872168618666835 0.10288824482761832
v -0.14370202282622732 -0.40365867990481563 0.021495241363873208
v -0.09942502537921347 -0.40365867990481563 0.12839123948418113
v 0.007470972741094456 -0.40365867990481563 0.17266923530899497
v -0.07392203072265066 -0.25872168618666835 0.10288824482761832
v -0.09942502537921347 -0.40365867990481563 0.12839123948418113
v -0.09942502537921347 -0.40365867990481563 -0.08540075675643471
v -0.1498770342226354 -0.4432916857622833 0.021495241363873208
v -0.14370202282622732 -0.40365867990481563 0.021495241363873208
v -0.1498770342226354 -0.4432916857622833 0.021495241363873208
v -0.09942502537921347 -0.40365867990481563 0.12839123948418113
v -0.14370202282622732 -0.40365867990481563 0.021495241363873208
v -0.09942502537921347 -0.40365867990481563 -0.08540075675643471
v 0.007470972741094456 -0.40365867990481563 -0.12967875258124856
v 0.007470972741094456 -0.4432916857622833 -0.13585276559985665
v 0.11436697086140238 -0.40365867990481563 -0.08540075675643471
v 0.007470972741094456 -0.4432916857622833 -0.13585276559985665
v 0.007470972741094456 -0.40365867990481563 -0.12967875258124856
v -0.1498770342226354 -0.4432916857622833 0.021495241363873208
v -0.09942502537921347 -0.40365867990481563 -0.08540075675643471
v -0.10379002997830786 -0.4432916857622833 -0.0897667597333291
v -0.09942502537921347 -0.40365867990481563 -0.08540075675643471
v 0.007470972741094456 -0.4432916857622833 -0.13585276559985665
v -0.10379002997830786 -0.4432916857622833 -0.0897667597333291
v -0.09942502537921347 -0.40365867990481563 0.12839123948418113
v -0.1498770342226354 -0.4432916857622833 0.021495241363873208
v -0.10379002997830786 -0.4432916857622833 0.1327572424610755
v -0.09942502537921347 -0.40365867990481563 0.12839123948418113
v 0.007470972741094456 -0.4432916857622833 0.17884324832760307
v 0.007470972741094456 -0.40365867990481563 0.17266923530899497
v 0.007470972741094456 -0.4432916857622833 0.17884324832760307
v -0.09942502537921347 -0.40365867990481563 0.12839123948418113
v -0.10379002997830786 -0.4432916857622833 0.1327572424610755
v -0.1498770342226354 -0.4432916857622833 0.021495241363873208
v -0.06935802856639303 -0.5412186898611755 0.0983242426713607
v -0.10379002997830786 -0.4432916857622833 0.1327572424610755
v 0.007470972741094456 -0.4432916857622833 0.17884324832760307
v -0.10379002997830786 -0.4432916857622833 0.1327572424610755
v -0.06935802856639303 -0.5412186898611755 0.0983242426713607
v -0.06935802856639303 -0.5412186898611755 0.0983242426713607
v -0.1498770342226354 -0.4432916857622833 0.021495241363873208
v -0.10118103036836065 -0.5412186898611755 0.021495241363873208
v -0.06935802856639303 -0.5412186898611755 -0.05533375994361428
v -0.1498770342226354 -0.4432916857622833 0.021495241363873208
v -0.10379002997830786 -0.4432916857622833 -0.0897667597333291
v -0.1498770342226354 -0.4432916857622833 0.021495241363873208
v -0.06935802856639303 -0.5412186898611755 -0.05533375994361428
v -0.10118103036836065 -0.5412186898611755 0.021495241363873208
v 0.007470972741094456 -0.4432916857622833 -0.13585276559985665
v -0.06935802856639303 -0.5412186898611755 -0.05533375994361428
v -0.10379002997830786 -0.4432916857622833 -0.0897667597333291
v -0.06935802856639303 -0.5412186898611755 0.0983242426713607
v -0.10118103036836065 -0.5412186898611755 0.021495241363873208
v 0.007470972741094456 -0.5901817001723022 0.021495241363873208
v -0.10118103036836065 -0.5412186898611755 0.021495241363873208
v -0.06935802856639303 -0.5412186898611755 -0.05533375994361428
v 0.007470972741094456 -0.5901817001723022 0.021495241363873208
v -0.06935802856639303 -0.5412186898611755 -0.05533375994361428
v 0.007470972741094456 -0.4432916857622833 -0.13585276559985665
v 0.007470972741094456 -0.5412186898611755 -0.0871567617455819
v -0.06935802856639303 -0.5412186898611755 -0.05533375994361428
v 0.007470972741094456 -0.5412186898611755 -0.0871567617455819
v 0.007470972741094456 -0.5901817001723022 0.021495241363873208
v 0.007470972741094456 -0.4432916857622833 -0.13585276559985665
v 0.08429997404858194 -0.5412186898611755 -0.05533375994361428
v 0.007470972741094456 -0.5412186898611755 -0.0871567617455819
v 0.007470972741094456 -0.5412186898611755 -0.0871567617455819
v 0.08429997404858194 -0.5412186898611755 -0.05533375994361428
v 0.007470972741094456 -0.5901817001723022 0.021495241363873208
v 0.11873297383829676 -0.4432916857622833 -0.0897667597333291
v 0.08429997404858194 -0.5412186898611755 -0.05533375994361428
v 0.007470972741094456 -0.4432916857622833 -0.13585276559985665
v 0.007470972741094456 -0.4432916857622833 -0.13585276559985665
v 0.11436697086140238 -0.40365867990481563 -0.08540075675643471
v 0.11873297383829676 -0.4432916857622833 -0.0897667597333291
v 0.007470972741094456 -0.5412186898611755 0.13014724447332832
v -0.06935802856639303 -0.5412186898611755 0.0983242426713607
v 0.007470972741094456 -0.5901817001723022 0.021495241363873208
v -0.06935802856639303 -0.5412186898611755 0.0983242426713607
v 0.007470972741094456 -0.5412186898611755 0.13014724447332832
v 0.007470972741094456 -0.4432916857622833 0.17884324832760307
v 0.08429997404858194 -0.5412186898611755 -0.05533375994361428
v 0.11612297585054956 -0.5412186898611755 0.021495241363873208
v 0.007470972741094456 -0.5901817001723022 0.021495241363873208
v 0.16481897970482431 -0.4432916857622833 0.021495241363873208
v 0.08429997404858194 -0.5412186898611755 -0.05533375994361428
v 0.11873297383829676 -0.4432916857622833 -0.0897667597333291
v 0.08429997404858194 -0.5412186898611755 -0.05533375994361428
v 0.16481897970482431 -0.4432916857622833 0.021495241363873208
v 0.11612297585054956 -0.5412186898611755 0.021495241363873208
v 0.16481897970482431 -0.4432916857622833 0.021495241363873208
v 0.11873297383829676 -0.4432916857622833 -0.0897667597333291
v 0.11436697086140238 -0.40365867990481563 -0.08540075675643471
v 0.11612297585054956 -0.5412186898611755 0.021495241363873208
v 0.08429997404858194 -0.5412186898611755 0.0983242426713607
v 0.007470972741094456 -0.5901817001723022 0.021495241363873208
v 0.08429997404858194 -0.5412186898611755 0.0983242426713607
v 0.007470972741094456 -0.5412186898611755 0.13014724447332832
v 0.007470972741094456 -0.5901817001723022 0.021495241363873208
v 0.11612297585054956 -0.5412186898611755 0.021495241363873208
v 0.16481897970482431 -0.4432916857622833 0.021495241363873208
v 0.08429997404858194 -0.5412186898611755 0.0983242426713607
v 0.08429997404858194 -0.5412186898611755 0.0983242426713607
v 0.007470972741094456 -0.4432916857622833 0.17884324832760307
v 0.007470972741094456 -0.5412186898611755 0.13014724447332832
v 0.16481897970482431 -0.4432916857622833 0.021495241363873208
v 0.11873297383829676 -0.4432916857622833 0.1327572424610755
v 0.08429997404858194 -0.5412186898611755 0.0983242426713607
v 0.007470972741094456 -0.4432916857622833 0.17884324832760307
v 0.08429997404858194 -0.5412186898611755 0.0983242426713607
v 0.11873297383829676 -0.4432916857622833 0.1327572424610755
v 0.11436697086140238 -0.40365867990481563 -0.08540075675643471
v 0.15864496668621622 -0.40365867990481563 0.021495241363873208
v 0.16481897970482431 -0.4432916857622833 0.021495241363873208
v 0.11436697086140238 -0.40365867990481563 -0.08540075675643471
v 0.08886397620483957 -0.25872168618666835 -0.05989776209987191
v 0.15864496668621622 -0.40365867990481563 0.021495241363873208
v 0.08886397620483957 -0.25872168618666835 -0.05989776209987191
v 0.12257797261520945 -0.25872168618666835 0.021495241363873208
v 0.15864496668621622 -0.40365867990481563 0.021495241363873208
v 0.08886397620483957 -0.25872168618666835 0.10288824482761832
v 0.15864496668621622 -0.40365867990481563 0.021495241363873208
v 0.12257797261520945 -0.25872168618666835 0.021495241363873208
v 0.007470972741094456 -0.4432916857622833 0.17884324832760307
v 0.11873297383829676 -0.4432916857622833 0.1327572424610755
v 0.11436697086140238 -0.40365867990481563 0.12839123948418113
v 0.16481897970482431 -0.4432916857622833 0.021495241363873208
v 0.11436697086140238 -0.40365867990481563 0.12839123948418113
v 0.11873297383829676 -0.4432916857622833 0.1327572424610755
v 0.11436697086140238 -0.40365867990481563 0.12839123948418113
v 0.16481897970482431 -0.4432916857622833 0.021495241363873208
v 0.15864496668621622 -0.40365867990481563 0.021495241363873208
v 0.15864496668621622 -0.40365867990481563 0.021495241363873208
v 0.08886397620483957 -0.25872168618666835 0.10288824482761832
v 0.11436697086140238 -0.40365867990481563 0.12839123948418113
v 0.007470972741094456 -0.4432916857622833 0.17884324832760307
v 0.11436697086140238 -0.40365867990481563 0.12839123948418113
v 0.007470972741094456 -0.40365867990481563 0.17266923530899497
v 0.007470972741094456 -0.40365867990481563 0.17266923530899497
v 0.11436697086140238 -0.40365867990481563 0.12839123948418113
v 0.08886397620483957 -0.25872168618666835 0.10288824482761832
v -0.06911002854064383 -0.09859969395625301 0.09807624264561149
v 0.007470972741094456 0.0032673038221626705 0.1362292428215644
v -0.07365802684977926 0.0032673038221626705 0.10262424095474693
v 0.007470972741094456 0.0032673038221626705 0.1362292428215644
v -0.06911002854064383 -0.09859969395625301 0.09807624264561149
v 0.007470972741094456 -0.09859969395625301 0.12979723854862663
v -0.10726302871659674 0.0032673038221626705 0.021495241363873208
v -0.06911002854064383 -0.09859969395625301 0.09807624264561149
v -0.07365802684977926 0.0032673038221626705 0.10262424095474693
v 0.007470972741094456 0.0032673038221626705 0.1362292428215644
v -0.06254103044227041 0.07805230539810948 0.09150724454723808
v -0.07365802684977926 0.0032673038221626705 0.10262424095474693
v -0.10726302871659674 0.0032673038221626705 0.021495241363873208
v -0.07365802684977926 0.0032673038221626705 0.10262424095474693
v -0.06254103044227041 0.07805230539810948 0.09150724454723808
v -0.06254103044227041 0.07805230539810948 0.09150724454723808
v 0.007470972741094456 0.0032673038221626705 0.1362292428215644
v 0.007470972741094456 0.07805230539810948 0.12050724371277305
v 0.007470972741094456 -0.09859969395625301 0.12979723854862663
v 0.08405197402283274 -0.09859969395625301 0.09807624264561149
v 0.007470972741094456 0.0032673038221626705 0.1362292428215644
v 0.08405197402283274 -0.09859969395625301 0.09807624264561149
v 0.08859997233196817 0.0032673038221626705 0.10262424095474693
v 0.007470972741094456 0.0032673038221626705 0.1362292428215644
v 0.007470972741094456 0.0032673038221626705 0.1362292428215644
v 0.07748297592445932 0.07805230539810948 0.09150724454723808
v 0.007470972741094456 0.07805230539810948 0.12050724371277305
v 0.08859997233196817 0.0032673038221626705 0.10262424095474693
v 0.07748297592445932 0.07805230539810948 0.09150724454723808
v 0.007470972741094456 0.0032673038221626705 0.1362292428215644
v 0.007470972741094456 0.07805230539810948 0.12050724371277305
v 0.007470972741094456 0.14916131716740422 0.13207824124895545
v -0.06254103044227041 0.07805230539810948 0.09150724454723808
v 0.07748297592445932 0.07805230539810948 0.09150724454723808
v 0.007470972741094456 0.14916131716740422 0.13207824124895545
v 0.007470972741094456 0.07805230539810948 0.12050724371277305
v -0.09154102960780539 0.07805230539810948 0.021495241363873208
v -0.10726302871659674 0.0032673038221626705 0.021495241363873208
v -0.06254103044227041 0.07805230539810948 0.09150724454723808
v -0.06254103044227041 0.07805230539810948 0.09150724454723808
v -0.10311202714398779 0.14916131716740422 0.021495241363873208
v -0.09154102960780539 0.07805230539810948 0.021495241363873208
v -0.10311202714398779 0.14916131716740422 0.021495241363873208
v -0.06254103044227041 0.07805230539810948 0.09150724454723808
v -0.07072302708581366 0.14916131716740422 0.09968924119078132
v -0.06254103044227041 0.07805230539810948 0.09150724454723808
v 0.007470972741094456 0.14916131716740422 0.13207824124895545
v -0.07072302708581366 0.14916131716740422 0.09968924119078132
v -0.06254103044227041 0.07805230539810948 -0.04851676181949166
v -0.09154102960780539 0.07805230539810948 0.021495241363873208
v -0.10311202714398779 0.14916131716740422 0.021495241363873208
v -0.06254103044227041 0.07805230539810948 -0.04851676181949166
v -0.10726302871659674 0.0032673038221626705 0.021495241363873208
v -0.09154102960780539 0.07805230539810948 0.021495241363873208
v -0.07072302708581366 0.14916131716740422 0.09968924119078132
v -0.04271802688196577 0.22639731389057927 0.07168424098693343
v -0.10311202714398779 0.14916131716740422 0.021495241363873208
v 0.007470972741094456 0.14916131716740422 0.13207824124895545
v -0.04271802688196577 0.22639731389057927 0.07168424098693343
v -0.07072302708581366 0.14916131716740422 0.09968924119078132
v -0.07072302708581366 0.14916131716740422 -0.056698758463034904
v -0.06254103044227041 0.07805230539810948 -0.04851676181949166
v -0.10311202714398779 0.14916131716740422 0.021495241363873208
v 0.007470972741094456 0.14916131716740422 0.13207824124895545
v 0.07748297592445932 0.07805230539810948 0.09150724454723808
v 0.08566497256800257 0.14916131716740422 0.09968924119078132
v -0.10311202714398779 0.14916131716740422 0.021495241363873208
v -0.04271802688196577 0.22639731389057927 -0.02869375825918702
v -0.07072302708581366 0.14916131716740422 -0.056698758463034904
v -0.04271802688196577 0.22639731389057927 -0.02869375825918702
v -0.10311202714398779 0.14916131716740422 0.021495241363873208
v -0.06350802639678396 0.22639731389057927 0.021495241363873208
v -0.06350802639678396 0.22639731389057927 0.021495241363873208
v -0.10311202714398779 0.14916131716740422 0.021495241363873208
v -0.04271802688196577 0.22639731389057927 0.07168424098693343
v 0.007470972741094456 0.14916131716740422 -0.08908775852120904
v -0.07072302708581366 0.14916131716740422 -0.056698758463034904
v -0.04271802688196577 0.22639731389057927 -0.02869375825918702
v 0.007470972741094456 0.14916131716740422 -0.08908775852120904
v -0.06254103044227041 0.07805230539810948 -0.04851676181949166
v -0.07072302708581366 0.14916131716740422 -0.056698758463034904
v -0.04271802688196577 0.22639731389057927 -0.02869375825918702
v -0.06350802639678396 0.22639731389057927 0.021495241363873208
v -0.08001102516606726 0.26933632117283635 0.021495241363873208
v -0.04271802688196577 0.22639731389057927 0.07168424098693343
v -0.08001102516606726 0.26933632117283635 0.021495241363873208
v -0.06350802639678396 0.22639731389057927 0.021495241363873208
v -0.04271802688196577 0.22639731389057927 0.07168424098693343
v 0.007470972741094456 0.14916131716740422 0.13207824124895545
v 0.007470972741094456 0.22639731389057927 0.09247424050175163
v -0.0543880277331201 0.26933632117283635 -0.040363759110341346
v -0.04271802688196577 0.22639731389057927 -0.02869375825918702
v -0.08001102516606726 0.26933632117283635 0.021495241363873208
v 0.007470972741094456 0.14916131716740422 0.13207824124895545
v 0.05766097446724497 0.22639731389057927 0.07168424098693343
v 0.007470972741094456 0.22639731389057927 0.09247424050175163
v 0.05766097446724497 0.22639731389057927 0.07168424098693343
v 0.007470972741094456 0.14916131716740422 0.13207824124895545
v 0.08566497256800257 0.14916131716740422 0.09968924119078132
v 0.007470972741094456 0.22639731389057927 0.09247424050175163
v 0.007470972741094456 0.26933632117283635 0.10897723927103492
v -0.04271802688196577 0.22639731389057927 0.07168424098693343
v 0.05766097446724497 0.22639731389057927 0.07168424098693343
v 0.007470972741094456 0.26933632117283635 0.10897723927103492
v 0.007470972741094456 0.22639731389057927 0.09247424050175163
v -0.08001102516606726 0.26933632117283635 0.021495241363873208
v -0.04271802688196577 0.22639731389057927 0.07168424098693343
v -0.0543880277331201 0.26933632117283635 0.08335424183808776
v -0.04271802688196577 0.22639731389057927 0.07168424098693343
v 0.007470972741094456 0.26933632117283635 0.10897723927103492
v -0.0543880277331201 0.26933632117283635 0.08335424183808776
v -0.0543880277331201 0.26933632117283635 0.08335424183808776
v -0.09903902569964804 0.29323832016957097 0.021495241363873208
v -0.08001102516606726 0.26933632117283635 0.021495241363873208
v -0.0543880277331201 0.26933632117283635 -0.040363759110341346
v -0.08001102516606726 0.26933632117283635 0.021495241363873208
v -0.09903902569964804 0.29323832016957097 0.021495241363873208
v -0.0543880277331201 0.26933632117283635 0.08335424183808776
v 0.007470972741094456 0.26933632117283635 0.10897723927103492
v 0.007470972741094456 0.29323832016957097 0.1280052398046157
v -0.09903902569964804 0.29323832016957097 0.021495241363873208
v -0.0543880277331201 0.26933632117283635 0.08335424183808776
v -0.0794870258326856 0.3056553087807923 0.10845323993765327
v -0.0543880277331201 0.26933632117283635 0.08335424183808776
v 0.007470972741094456 0.29323832016957097 0.1280052398046157
v -0.0794870258326856 0.3056553087807923 0.10845323993765327
v -0.0794870258326856 0.3056553087807923 0.10845323993765327
v -0.12140402952388205 0.31299731951725773 0.021495241363873208
v -0.09903902569964804 0.29323832016957097 0.021495241363873208
v -0.12140402952388205 0.31299731951725773 0.021495241363873208
v -0.0794870258326856 0.3056553087807923 0.10845323993765327
v -0.10803402969792761 0.33899531584751896 0.13700024380289527
v -0.0794870258326856 0.3056553087807923 0.10845323993765327
v 0.007470972741094456 0.31299731951725773 0.1503702436288497
v -0.10803402969792761 0.33899531584751896 0.13700024380289527
v 0.007470972741094456 0.31299731951725773 0.1503702436288497
v -0.0794870258326856 0.3056553087807923 0.10845323993765327
v 0.007470972741094456 0.29323832016957097 0.1280052398046157
v -0.0794870258326856 0.3056553087807923 -0.06546275720990685
v -0.09903902569964804 0.29323832016957097 0.021495241363873208
v -0.12140402952388205 0.31299731951725773 0.021495241363873208
v -0.09903902569964804 0.29323832016957097 0.021495241363873208
v -0.0794870258326856 0.3056553087807923 -0.06546275720990685
v -0.0543880277331201 0.26933632117283635 -0.040363759110341346
v -0.12140402952388205 0.31299731951725773 0.021495241363873208
v -0.10803402969792761 0.33899531584751896 -0.09400976107514886
v -0.0794870258326856 0.3056553087807923 -0.06546275720990685
v 0.007470972741094456 0.31299731951725773 -0.1073797609011033
v -0.0794870258326856 0.3056553087807923 -0.06546275720990685
v -0.10803402969792761 0.33899531584751896 -0.09400976107514886
v 0.09442897131487452 0.3056553087807923 0.10845323993765327
v 0.007470972741094456 0.31299731951725773 0.1503702436288497
v 0.007470972741094456 0.29323832016957097 0.1280052398046157
v 0.007470972741094456 0.31299731951725773 0.1503702436288497
v 0.09442897131487452 0.3056553087807923 0.10845323993765327
v 0.12297597518011652 0.33899531584751896 0.13700024380289527
v 0.13634597500607096 0.31299731951725773 0.021495241363873208
v 0.12297597518011652 0.33899531584751896 0.13700024380289527
v 0.09442897131487452 0.3056553087807923 0.10845323993765327
v 0.007470972741094456 0.29323832016957097 0.1280052398046157
v 0.06932997321530901 0.26933632117283635 0.08335424183808776
v 0.09442897131487452 0.3056553087807923 0.10845323993765327
v 0.06932997321530901 0.26933632117283635 0.08335424183808776
v 0.007470972741094456 0.29323832016957097 0.1280052398046157
v 0.007470972741094456 0.26933632117283635 0.10897723927103492
v 0.13634597500607096 0.31299731951725773 0.021495241363873208
v 0.09442897131487452 0.3056553087807923 0.10845323993765327
v 0.11398097118183695 0.29323832016957097 0.021495241363873208
v 0.11398097118183695 0.29323832016957097 0.021495241363873208
v 0.09442897131487452 0.3056553087807923 0.10845323993765327
v 0.06932997321530901 0.26933632117283635 0.08335424183808776
v 0.007470972741094456 0.26933632117283635 0.10897723927103492
v 0.05766097446724497 0.22639731389057927 0.07168424098693343
v 0.06932997321530901 0.26933632117283635 0.08335424183808776
v 0.09442897131487452 0.3056553087807923 -0.06546275720990685
v 0.13634597500607096 0.31299731951725773 0.021495241363873208
v 0.11398097118183695 0.29323832016957097 0.021495241363873208
v 0.13634597500607096 0.31299731951725773 0.021495241363873208
v 0.09442897131487452 0.3056553087807923 -0.06546275720990685
v 0.12297597518011652 0.33899531584751896 -0.09400976107514886
v 0.007470972741094456 0.31299731951725773 -0.1073797609011033
v 0.12297597518011652 0.33899531584751896 -0.09400976107514886
v 0.09442897131487452 0.3056553087807923 -0.06546275720990685
v 0.11398097118183695 0.29323832016957097 0.021495241363873208
v 0.06932997321530901 0.26933632117283635 0.08335424183808776
v 0.09495297064825617 0.26933632117283635 0.021495241363873208
v 0.05766097446724497 0.22639731389057927 0.07168424098693343
v 0.09495297064825617 0.26933632117283635 0.021495241363873208
v 0.06932997321530901 0.26933632117283635 0.08335424183808776
v 0.11398097118183695 0.29323832016957097 0.021495241363873208
v 0.06932997321530901 0.26933632117283635 -0.040363759110341346
v 0.09442897131487452 0.3056553087807923 -0.06546275720990685
v 0.06932997321530901 0.26933632117283635 -0.040363759110341346
v 0.11398097118183695 0.29323832016957097 0.021495241363873208
v 0.09495297064825617 0.26933632117283635 0.021495241363873208
v 0.007470972741094456 0.31299731951725773 -0.1073797609011033
v 0.09442897131487452 0.3056553087807923 -0.06546275720990685
v 0.007470972741094456 0.29323832016957097 -0.08501475707686929
v 0.007470972741094456 0.29323832016957097 -0.08501475707686929
v 0.09442897131487452 0.3056553087807923 -0.06546275720990685
v 0.06932997321530901 0.26933632117283635 -0.040363759110341346
v -0.0794870258326856 0.3056553087807923 -0.06546275720990685
v 0.007470972741094456 0.31299731951725773 -0.1073797609011033
v 0.007470972741094456 0.29323832016957097 -0.08501475707686929
v 0.007470972741094456 0.29323832016957097 -0.08501475707686929
v -0.0543880277331201 0.26933632117283635 -0.040363759110341346
v -0.0794870258326856 0.3056553087807923 -0.06546275720990685
v 0.09495297064825617 0.26933632117283635 0.021495241363873208
v 0.05766097446724497 0.22639731389057927 0.07168424098693343
v 0.07844997187897287 0.22639731389057927 0.021495241363873208
v -0.0543880277331201 0.26933632117283635 -0.040363759110341346
v 0.007470972741094456 0.29323832016957097 -0.08501475707686929
v 0.007470972741094456 0.26933632117283635 -0.0659867565432885
v 0.007470972741094456 0.29323832016957097 -0.08501475707686929
v 0.06932997321530901 0.26933632117283635 -0.040363759110341346
v 0.007470972741094456 0.26933632117283635 -0.0659867565432885
v 0.007470972741094456 0.26933632117283635 -0.0659867565432885
v -0.04271802688196577 0.22639731389057927 -0.02869375825918702
v -0.0543880277331201 0.26933632117283635 -0.040363759110341346
v -0.04271802688196577 0.22639731389057927 -0.02869375825918702
v 0.007470972741094456 0.26933632117283635 -0.0659867565432885
v 0.007470972741094456 0.22639731389057927 -0.04948375777400521
v 0.007470972741094456 0.26933632117283635 -0.0659867565432885
v 0.06932997321530901 0.26933632117283635 -0.040363759110341346
v 0.05766097446724497 0.22639731389057927 -0.02869375825918702
v 0.09495297064825617 0.26933632117283635 0.021495241363873208
v 0.05766097446724497 0.22639731389057927 -0.02869375825918702
v 0.06932997321530901 0.26933632117283635 -0.040363759110341346
v 0.007470972741094456 0.26933632117283635 -0.0659867565432885
v 0.05766097446724497 0.22639731389057927 -0.02869375825918702
v 0.007470972741094456 0.22639731389057927 -0.04948375777400521
v 0.05766097446724497 0.22639731389057927 -0.02869375825918702
v 0.09495297064825617 0.26933632117283635 0.021495241363873208
v 0.07844997187897287 0.22639731389057927 0.021495241363873208
v -0.04271802688196577 0.22639731389057927 -0.02869375825918702
v 0.007470972741094456 0.22639731389057927 -0.04948375777400521
v 0.007470972741094456 0.14916131716740422 -0.08908775852120904
v 0.05766097446724497 0.22639731389057927 -0.02869375825918702
v 0.007470972741094456 0.14916131716740422 -0.08908775852120904
v 0.007470972741094456 0.22639731389057927 -0.04948375777400521
v 0.007470972741094456 0.14916131716740422 -0.08908775852120904
v 0.05766097446724497 0.22639731389057927 -0.02869375825918702
v 0.08566497256800257 0.14916131716740422 -0.056698758463034904
v 0.1180539726261767 0.14916131716740422 0.021495241363873208
v 0.05766097446724497 0.22639731389057927 -0.02869375825918702
v 0.07844997187897287 0.22639731389057927 0.021495241363873208
v 0.05766097446724497 0.22639731389057927 0.07168424098693343
v 0.1180539726261767 0.14916131716740422 0.021495241363873208
v 0.07844997187897287 0.22639731389057927 0.021495241363873208
v 0.05766097446724497 0.22639731389057927 -0.02869375825918702
v 0.1180539726261767 0.14916131716740422 0.021495241363873208
v 0.08566497256800257 0.14916131716740422 -0.056698758463034904
vt 0 0
vt 0 0
vt 0 0
vt 0 0
vt 0 0
vt 0 0
vt 0 0
vt 0 0
vt 0 0
vt 0 0
vt 0 0
vt 0 0
vt 0 0
vt 0 0
vt 0 0
vt 0 0
vt 0 0
vt 0 0
vt 0 0
vt 0 0
vt 0 0
vt 0 0
vt 0 0
vt 0 0
vt 0 0
vt 0 0
vt 0 0
vt 0 0
vt 0 0
vt 0 0
vt 0 0
vt 0 0
vt 0 0
vt 0 0
vt 0 0
vt 0 0
vt 0 0
vt 0 0
vt 0 0
vt 0 0
vt 0 0
vt 0 0
vt 0 0
vt 0 0
vt 0 0
vt 0 0
vt 0 0
vt 0 0
vt 0 0
vt 0 0
vt 0 0
vt 0 0
vt 0 0
vt 0 0
vt 0 0
vt 0 0
vt 0 0
vt 0 0
vt 0 0
vt 0 0
vt 0 0
vt 0 0
vt 0 0
vt 0 0
vt 0 0
vt 0 0
vt 0 0
vt 0 0
vt 0 0
vt 0 0
vt 0 0
vt 0 0
vt 0 0
vt 0 0
vt 0 0
vt 0 0
vt 0 0
vt 0 0
vt 0 0
vt 0 0
vt 0 0
vt 0 0
vt 0 0
vt 0 0
vt 0 0
vt 0 0
vt 0 0
vt 0 0
vt 0 0
vt 0 0
vt 0 0
vt 0 0
vt 0 0
vt 0 0
vt 0 0
vt 0 0
vt 0 0
vt 0 0
vt 0 0
vt 0 0
vt 0 0
vt 0 0
vt 0 0
vt 0 0
vt 0 0
vt 0 0
vt 0 0
vt 0 0
vt 0 0
vt 0 0
vt 0 0
vt 0 0
vt 0 0
vt 0 0
vt 0 0
vt 0 0
vt 0 0
vt 0 0
vt 0 0
vt 0 0
vt 0 0
vt 0 0
vt 0 0
vt 0 0
vt 0 0
vt 0 0
vt 0 0
vt 0 0
vt 0 0
vt 0 0
vt 0 0
vt 0 0
vt 0 0
vt 0 0
vt 0 0
vt 0 0
vt 0 0
vt 0 0
vt 0 0
vt 0 0
vt 0 0
vt 0 0
vt 0 0
vt 0 0
vt 0 0
vt 0 0
vt 0 0
vt 0 0
vt 0 0
vt 0 0
vt 0 0
vt 0 0
vt 0 0
vt 0 0
vt 0 0
vt 0 0
vt 0 0
vt 0 0
vt 0 0
vt 0 0
vt 0 0
vt 0 0
vt 0 0
vt 0 0
vt 0 0
vt 0 0
vt 0 0
vt 0 0
vt 0 0
vt 0 0
vt 0 0
vt 0 0
vt 0 0
vt 0 0
vt 0 0
vt 0 0
vt 0 0
vt 0 0
vt 0 0
vt 0 0
vt 0 0
vt 0 0
vt 0 0
vt 0 0
vt 0 0
vt 0 0
vt 0 0
vt 0 0
vt 0 0
vt 0 0
vt 0 0
vt 0 0
vt 0 0
vt 0 0
vt 0 0
vt 0 0
vt 0 0
vt 0 0
vt 0 0
vt 0 0
vt 0 0
vt 0 0
vt 0 0
vt 0 0
vt 0 0
vt 0 0
vt 0 0
vt 0 0
vt 0 0
vt 0 0
vt 0 0
vt 0 0
vt 0 0
vt 0 0
vt 0 0
vt 0 0
vt 0 0
vt 0 0
vt 0 0
vt 0 0
vt 0 0
vt 0 0
vt 0 0
vt 0 0
vt 0 0
vt 0 0
vt 0 0
vt 0 0
vt 0 0
vt 0 0
vt 0 0
vt 0 0
vt 0 0
vt 0 0
vt 0 0
vt 0 0
vt 0 0
vt 0 0
vt 0 0
vt 0 0
vt 0 0
vt 0 0
vt 0 0
vt 0 0
vt 0 0
vt 0 0
vt 0 0
vt 0 0
vt 0 0
vt 0 0
vt 0 0
vt 0 0
vt 0 0
vt 0 0
vt 0 0
vt 0 0
vt 0 0
vt 0 0
vt 0 0
vt 0 0
vt 0 0
vt 0 0
vt 0 0
vt 0 0
vt 0 0
vt 0 0
vt 0 0
vt 0 0
vt 0 0
vt 0 0
vt 0 0
vt 0 0
vt 0 0
vt 0 0
vt 0 0
vt 0 0
vt 0 0
vt 0 0
vt 0 0
vt 0 0
vt 0 0
vt 0 0
vt 0 0
vt 0 0
vt 0 0
vt 0 0
vt 0 0
vt 0 0
vt 0 0
vt 0 0
vt 0 0
vt 0 0
vt 0 0
vt 0 0
vt 0 0
vt 0 0
vt 0 0
vt 0 0
vt 0 0
vt 0 0
vt 0 0
vt 0 0
vt 0 0
vt 0 0
vt 0 0
vt 0 0
vt 0 0
vt 0 0
vt 0 0
vt 0 0
vt 0 0
vt 0 0
vt 0 0
vt 0 0
vt 0 0
vt 0 0
vt 0 0
vt 0 0
vt 0 0
vt 0 0
vt 0 0
vt 0 0
vt 0 0
vt 0 0
vt 0 0
vt 0 0
vt 0 0
vt 0 0
vt 0 0
vt 0 0
vt 0 0
vt 0 0
vt 0 0
vt 0 0
vt 0 0
vt 0 0
vt 0 0
vt 0 0
vt 0 0
vt 0 0
vt 0 0
vt 0 0
vt 0 0
vt 0 0
vt 0 0
vt 0 0
vt 0 0
vt 0 0
vt 0 0
vt 0 0
vt 0 0
vt 0 0
vt 0 0
vt 0 0
vt 0 0
vt 0 0
vt 0 0
vt 0 0
vt 0 0
vt 0 0
vt 0 0
vt 0 0
vt 0 0
vt 0 0
vt 0 0
vt 0 0
vt 0 0
vt 0 0
vt 0 0
vt 0 0
vt 0 0
vt 0 0
vt 0 0
vt 0 0
vt 0 0
vt 0 0
vt 0 0
vt 0 0
vt 0 0
vt 0 0
vt 0 0
vt 0 0
vt 0 0
vt 0 0
vt 0 0
vt 0 0
vt 0 0
vt 0 0
vt 0 0
vt 0 0
vt 0 0
vt 0 0
vt 0 0
vt 0 0
vt 0 0
vt 0 0
vt 0 0
vt 0 0
vt 0 0
vt 0 0
vt 0 0
vt 0 0
vt 0 0
vt 0 0
vt 0 0
vt 0 0
vt 0 0
vt 0 0
vt 0 0
vt 0 0
vt 0 0
vt 0 0
vt 0 0
vt 0 0
vt 0 0
vt 0 0
vt 0 0
vt 0 0
vt 0 0
vt 0 0
vt 0 0
vt 0 0
vt 0 0
vt 0 0
vt 0 0
vt 0 0
vt 0 0
vt 0 0
vt 0 0
vt 0 0
vt 0 0
vt 0 0
vt 0 0
vt 0 0
vt 0 0
vt 0 0
vt 0 0
vt 0 0
vt 0 0
vt 0 0
vt 0 0
vt 0 0
vt 0 0
vt 0 0
vt 0 0
vt 0 0
vt 0 0
vt 0 0
vt 0 0
vt 0 0
vt 0 0
vt 0 0
vt 0 0
vt 0 0
vt 0 0
vt 0 0
vt 0 0
vt 0 0
vt 0 0
vt 0 0
vt 0 0
vt 0 0
vt 0 0
vt 0 0
vt 0 0
vt 0 0
vt 0 0
vt 0 0
vt 0 0
vt 0 0
vt 0 0
vt 0 0
vt 0 0
vt 0 0
vt 0 0
vt 0 0
vt 0 0
vt 0 0
vt 0 0
vt 0 0
vt 0 0
vt 0 0
vt 0 0
vt 0 0
vt 0 0
vt 0 0
vt 0 0
vt 0 0
vt 0 0
vt 0 0
vt 0 0
vt 0 0
vt 0 0
vt 0 0
vt 0 0
vt 0 0
vt 0 0
vt 0 0
vt 0 0
vt 0 0
vt 0 0
vt 0 0
vt 0 0
vt 0 0
vt 0 0
vt 0 0
vt 0 0
vt 0 0
vt 0 0
vt 0 0
vt 0 0
vt 0 0
vt 0 0
vt 0 0
vt 0 0
vt 0 0
vt 0 0
vt 0 0
vt 0 0
vt 0 0
vt 0 0
vt 0 0
vt 0 0
vt 0 0
vt 0 0
vt 0 0
vt 0 0
vt 0 0
vt 0 0
vt 0 0
vt 0 0
vt 0 0
vt 0 0
vt 0 0
vt 0 0
vt 0 0
vt 0 0
vt 0 0
vt 0 0
vt 0 0
vt 0 0
vt 0 0
vt 0 0
vt 0 0
vt 0 0
vt 0 0
vt 0 0
vt 0 0
vt 0 0
vt 0 0
vt 0 0
vt 0 0
vt 0 0
vt 0 0
vt 0 0
vt 0 0
vt 0 0
vt 0 0
vt 0 0
vt 0 0
vt 0 0
vt 0 0
vt 0 0
vt 0 0
vt 0 0
vt 0 0
vt 0 0
vt 0 0
vt 0 0
vt 0 0
vt 0 0
vt 0 0
vt 0 0
vt 0 0
vt 0 0
vt 0 0
vt 0 0
vt 0 0
vt 0 0
vt 0 0
vt 0 0
vt 0 0
vt 0 0
vt 0 0
vt 0 0
vt 0 0
vt 0 0
vt 0 0
vt 0 0
vt 0 0
vt 0 0
vt 0 0
vt 0 0
vt 0 0
vt 0 0
vt 0 0
vt 0 0
vt 0 0
vt 0 0
vt 0 0
vt 0 0
vt 0 0
vt 0 0
vt 0 0
vt 0 0
vt 0 0
vt 0 0
vt 0 0
vt 0 0
vt 0 0
vt 0 0
vt 0 0
vt 0 0
vt 0 0
vt 0 0
vt 0 0
vt 0 0
vt 0 0
vt 0 0
vt 0 0
vt 0 0
vt 0 0
vt 0 0
vt 0 0
vt 0 0
vt 0 0
vt 0 0
vt 0 0
vt 0 0
vt 0 0
vt 0 0
vt 0 0
vt 0 0
vt 0 0
vt 0 0
vt 0 0
vt 0 0
vt 0 0
vt 0 0
vt 0 0
vt 0 0
vt 0 0
vt 0 0
vt 0 0
vt 0 0
vt 0 0
vt 0 0
vt 0 0
vt 0 0
vt 0 0
vt 0 0
vt 0 0
vt 0 0
vt 0 0
vt 0 0
vt 0 0
vt 0 0
vt 0 0
vt 0 0
vt 0 0
vt 0 0
vt 0 0
vt 0 0
vt 0 0
vt 0 0
vt 0 0
vt 0 0
vt 0 0
vt 0 0
vt 0 0
vt 0 0
vt 0 0
vt 0 0
vt 0 0
vt 0 0
vt 0 0
vt 0 0
vt 0 0
vt 0 0
vt 0 0
vt 0 0
vt 0 0
vt 0 0
vt 0 0
vt 0 0
vt 0 0
vt 0 0
vt 0 0
vt 0 0
vt 0 0
vt 0 0
vt 0 0
vt 0 0
vt 0 0
vt 0 0
vt 0 0
vt 0 0
vt 0 0
vt 0 0
vt 0 0
vt 0 0
vt 0 0
vt 0 0
vt 0 0
vt 0 0
vt 0 0
vt 0 0
vt 0 0
vt 0 0
vt 0 0
vt 0 0
vt 0 0
vt 0 0
vt 0 0
vt 0 0
vt 0 0
vt 0 0
vt 0 0
vt 0 0
vt 0 0
vt 0 0
vt 0 0
vt 0 0
vt 0 0
vt 0 0
vt 0 0
vt 0 0
vt 0 0
vt 0 0
vt 0 0
vt 0 0
vt 0 0
vt 0 0
vt 0 0
vt 0 0
vt 0 0
vt 0 0
vt 0 0
vt 0 0
vt 0 0
vt 0 0
vt 0 0
vt 0 0
vt 0 0
vn 0 0.7743978941709704 -0.6326989027203749
vn 0.30880101687851214 0.8996020586623809 -0.30880101687851214
vn 0.30880101687851214 0.8996020586623809 -0.30880101687851214
vn 0.6326989027203749 0.7743978941709704 0
vn 0.30880101687851214 0.8996020586623809 -0.30880101687851214
vn 0.30880101687851214 0.8996020586623809 -0.30880101687851214
vn 0.30880101687851214 0.8996020586623809 -0.30880101687851214
vn 0 0.7743978941709704 -0.6326989027203749
vn 0 0.7743978941709704 -0.6326989027203749
vn 0.6326989027203749 0.7743978941709704 0
vn 0.30880101687851214 0.8996020586623809 -0.30880101687851214
vn 0.6326989027203749 0.7743978941709704 0
vn 0 0.7743978941709704 -0.6326989027203749
vn -0.30880101687851214 0.8996020586623809 -0.30880101687851214
vn 0 0.7743978941709704 -0.6326989027203749
vn 0.30880101687851214 0.8996020586623809 0.30880101687851214
vn 0.6326989027203749 0.7743978941709704 0
vn 0.6326989027203749 0.7743978941709704 0
vn -0.30880101687851214 0.8996020586623809 -0.30880101687851214
vn 0 0.7743978941709704 -0.6326989027203749
vn -0.30880101687851214 0.8996020586623809 -0.30880101687851214
vn 0.6326989027203749 0.7743978941709704 0
vn 0.30880101687851214 0.8996020586623809 0.30880101687851214
vn 0.30880101687851214 0.8996020586623809 0.30880101687851214
vn -0.6326989027203749 0.7743978941709704 0
vn -0.30880101687851214 0.8996020586623809 -0.30880101687851214
vn -0.30880101687851214 0.8996020586623809 -0.30880101687851214
vn 0 0.7743978941709704 0.6326989027203749
vn 0.30880101687851214 0.8996020586623809 0.30880101687851214
vn 0.30880101687851214 0.8996020586623809 0.30880101687851214
vn -0.30880101687851214 0.8996020586623809 -0.30880101687851214
vn -0.6326989027203749 0.7743978941709704 0
vn -0.6326989027203749 0.7743978941709704 0
vn 0.30880101687851214 0.8996020586623809 0.30880101687851214
vn 0 0.7743978941709704 0.6326989027203749
vn 0 0.7743978941709704 0.6326989027203749
vn -0.30880101687851214 0.8996020586623809 0.30880101687851214
vn -0.6326989027203749 0.7743978941709704 0
vn -0.6326989027203749 0.7743978941709704 0
vn -0.30880101687851214 0.8996020586623809 0.30880101687851214
vn 0 0.7743978941709704 0.6326989027203749
vn 0 0.7743978941709704 0.6326989027203749
vn -0.6326989027203749 0.7743978941709704 0
vn -0.30880101687851214 0.8996020586623809 0.30880101687851214
vn -0.30880101687851214 0.8996020586623809 0.30880101687851214
vn 0 0.7743978941709704 0.6326989027203749
vn -0.30880101687851214 0.8996020586623809 0.30880101687851214
vn -0.30880101687851214 0.8996020586623809 0.30880101687851214
vn -0.535371169743409 0.6532651997582208 0.535371169743409
vn -0.8161048443757173 0.5779038700220708 0
vn -0.5561212003075588 0.6176232032048021 0.5561212003075588
vn 0 0.5779038700220708 0.8161048443757173
vn -0.535371169743409 0.6532651997582208 0.535371169743409
vn -0.5561212003075588 0.6176232032048021 0.5561212003075588
vn -0.8161048443757173 0.5779038700220708 0
vn -0.535371169743409 0.6532651997582208 0.535371169743409
vn -0.7604272047545639 0.6494231796518817 0
vn -0.535371169743409 0.6532651997582208 0.535371169743409
vn 0 0.5779038700220708 0.8161048443757173
vn 0 0.6494231796518817 0.7604272047545639
vn -0.7604272047545639 0.6494231796518817 0
vn -0.535371169743409 0.6532651997582208 0.535371169743409
vn -0.48560005151463576 0.7269010798849912 0.48560005151463576
vn 0 0.6494231796518817 0.7604272047545639
vn -0.48560005151463576 0.7269010798849912 0.48560005151463576
vn -0.535371169743409 0.6532651997582208 0.535371169743409
vn -0.7604272047545639 0.6494231796518817 0
vn -0.48560005151463576 0.7269010798849912 0.48560005151463576
vn -0.7056051792370482 0.7086052011055612 0
vn -0.48560005151463576 0.7269010798849912 0.48560005151463576
vn 0 0.6494231796518817 0.7604272047545639
vn 0 0.7086052011055612 0.7056051792370482
vn -0.48560005151463576 0.7269010798849912 -0.48560005151463576
vn -0.7604272047545639 0.6494231796518817 0
vn -0.7056051792370482 0.7086052011055612 0
vn 0 0.6494231796518817 0.7604272047545639
vn 0.48560005151463576 0.7269010798849912 0.48560005151463576
vn 0 0.7086052011055612 0.7056051792370482
vn -0.535371169743409 0.6532651997582208 -0.535371169743409
vn -0.8161048443757173 0.5779038700220708 0
vn -0.7604272047545639 0.6494231796518817 0
vn -0.7604272047545639 0.6494231796518817 0
vn -0.48560005151463576 0.7269010798849912 -0.48560005151463576
vn -0.535371169743409 0.6532651997582208 -0.535371169743409
vn -0.8161048443757173 0.5779038700220708 0
vn -0.535371169743409 0.6532651997582208 -0.535371169743409
vn -0.5561212003075588 0.6176232032048021 -0.5561212003075588
vn 0 0.5779038700220708 -0.8161048443757173
vn -0.5561212003075588 0.6176232032048021 -0.5561212003075588
vn -0.535371169743409 0.6532651997582208 -0.535371169743409
vn 0 0.6494231796518817 -0.7604272047545639
vn -0.535371169743409 0.6532651997582208 -0.535371169743409
vn -0.48560005151463576 0.7269010798849912 -0.48560005151463576
vn 0 0.5779038700220708 -0.8161048443757173
vn -0.535371169743409 0.6532651997582208 -0.535371169743409
vn 0 0.6494231796518817 -0.7604272047545639
vn -0.48560005151463576 0.7269010798849912 -0.48560005151463576
vn 0 0.7086052011055612 -0.7056051792370482
vn 0 0.6494231796518817 -0.7604272047545639
vn 0.48560005151463576 0.7269010798849912 -0.48560005151463576
vn 0 0.6494231796518817 -0.7604272047545639
vn 0 0.7086052011055612 -0.7056051792370482
vn 0.535371169743409 0.6532651997582208 -0.535371169743409
vn 0 0.5779038700220708 -0.8161048443757173
vn 0 0.6494231796518817 -0.7604272047545639
vn 0 0.6494231796518817 -0.7604272047545639
vn 0.48560005151463576 0.7269010798849912 -0.48560005151463576
vn 0.535371169743409 0.6532651997582208 -0.535371169743409
vn 0 0.5779038700220708 -0.8161048443757173
vn 0.535371169743409 0.6532651997582208 -0.535371169743409
vn 0.5561212003075588 0.6176232032048021 -0.5561212003075588
vn 0.8161048443757173 0.5779038700220708 0
vn 0.5561212003075588 0.6176232032048021 -0.5561212003075588
vn 0.535371169743409 0.6532651997582208 -0.535371169743409
vn 0.7604272047545639 0.6494231796518817 0
vn 0.535371169743409 0.6532651997582208 -0.535371169743409
vn 0.48560005151463576 0.7269010798849912 -0.48560005151463576
vn 0.535371169743409 0.6532651997582208 -0.535371169743409
vn 0.7604272047545639 0.6494231796518817 0
vn 0.8161048443757173 0.5779038700220708 0
vn 0.7604272047545639 0.6494231796518817 0
vn 0.48560005151463576 0.7269010798849912 -0.48560005151463576
vn 0.7056051792370482 0.7086052011055612 0
vn 0.48560005151463576 0.7269010798849912 0.48560005151463576
vn 0.7604272047545639 0.6494231796518817 0
vn 0.7056051792370482 0.7086052011055612 0
vn 0.535371169743409 0.6532651997582208 0.535371169743409
vn 0.8161048443757173 0.5779038700220708 0
vn 0.7604272047545639 0.6494231796518817 0
vn 0.7604272047545639 0.6494231796518817 0
vn 0.48560005151463576 0.7269010798849912 0.48560005151463576
vn 0.535371169743409 0.6532651997582208 0.535371169743409
vn 0.8161048443757173 0.5779038700220708 0
vn 0.535371169743409 0.6532651997582208 0.535371169743409
vn 0.5561212003075588 0.6176232032048021 0.5561212003075588
vn 0.48560005151463576 0.7269010798849912 0.48560005151463576
vn 0 0.6494231796518817 0.7604272047545639
vn 0.535371169743409 0.6532651997582208 0.535371169743409
vn 0 0.5779038700220708 0.8161048443757173
vn 0.5561212003075588 0.6176232032048021 0.5561212003075588
vn 0.535371169743409 0.6532651997582208 0.535371169743409
vn 0.535371169743409 0.6532651997582208 0.535371169743409
vn 0 0.6494231796518817 0.7604272047545639
vn 0 0.5779038700220708 0.8161048443757173
vn 0.989416709146462 0.1451019492005028 0
vn 0.7058496182060651 0.05960396762552595 0.7058496182060651
vn 0.6996229485028252 0.14510499597335047 0.6996229485028252
vn 0.7069031050248512 0.024000004426012272 0.7069031050248512
vn 0.989416709146462 0.1451019492005028 0
vn 0.6996229485028252 0.14510499597335047 0.6996229485028252
vn 0.989416709146462 0.1451019492005028 0
vn 0.7069031050248512 0.024000004426012272 0.7069031050248512
vn 0.9997119585293864 0.02399999944454678 0
vn 0.989416709146462 0.1451019492005028 0
vn 0.7069031050248512 0.024000004426012272 -0.7069031050248512
vn 0.6996229485028252 0.14510499597335047 -0.6996229485028252
vn 0 0.1451019492005028 -0.989416709146462
vn 0.6996229485028252 0.14510499597335047 -0.6996229485028252
vn 0.7069031050248512 0.024000004426012272 -0.7069031050248512
vn 0.7069031050248512 0.024000004426012272 -0.7069031050248512
vn 0.989416709146462 0.1451019492005028 0
vn 0.9997119585293864 0.02399999944454678 0
vn 0.7069031050248512 0.024000004426012272 0.7069031050248512
vn 0.9975612142792386 0.0697970183154761 0
vn 0.9997119585293864 0.02399999944454678 0
vn 0.9975612142792386 0.0697970183154761 0
vn 0.7069031050248512 0.024000004426012272 -0.7069031050248512
vn 0.9997119585293864 0.02399999944454678 0
vn 0.9975612142792386 0.0697970183154761 0
vn 0.7069031050248512 0.024000004426012272 0.7069031050248512
vn 0.7053822494164266 0.06979802587784803 0.7053822494164266
vn 0 0.1451019492005028 -0.989416709146462
vn 0.7069031050248512 0.024000004426012272 -0.7069031050248512
vn 0 0.02399999944454678 -0.9997119585293864
vn -0.7069031050248512 0.024000004426012272 -0.7069031050248512
vn 0 0.1451019492005028 -0.989416709146462
vn 0 0.02399999944454678 -0.9997119585293864
vn 0.7069031050248512 0.024000004426012272 -0.7069031050248512
vn 0 0.0697970183154761 -0.9975612142792386
vn 0 0.02399999944454678 -0.9997119585293864
vn -0.7069031050248512 0.024000004426012272 -0.7069031050248512
vn 0 0.02399999944454678 -0.9997119585293864
vn 0 0.0697970183154761 -0.9975612142792386
vn 0 0.0697970183154761 -0.9975612142792386
vn 0.7069031050248512 0.024000004426012272 -0.7069031050248512
vn 0.7053822494164266 0.06979802587784803 -0.7053822494164266
vn 0.7069031050248512 0.024000004426012272 -0.7069031050248512
vn 0.9975612142792386 0.0697970183154761 0
vn 0.7053822494164266 0.06979802587784803 -0.7053822494164266
vn -0.7069031050248512 0.024000004426012272 -0.7069031050248512
vn 0 0.0697970183154761 -0.9975612142792386
vn -0.7053822494164266 0.06979802587784803 -0.7053822494164266
vn -0.9975612142792386 0.0697970183154761 0
vn -0.7069031050248512 0.024000004426012272 -0.7069031050248512
vn -0.7053822494164266 0.06979802587784803 -0.7053822494164266
vn 0.7035264504369007 0.10050406494918676 -0.7035264504369007
vn 0 0.0697970183154761 -0.9975612142792386
vn 0.7053822494164266 0.06979802587784803 -0.7053822494164266
vn 0.7053822494164266 0.06979802587784803 -0.7053822494164266
vn 0.9975612142792386 0.0697970183154761 0
vn 0.7035264504369007 0.10050406494918676 -0.7035264504369007
vn 0 0.0697970183154761 -0.9975612142792386
vn -0.7035264504369007 0.10050406494918676 -0.7035264504369007
vn -0.7053822494164266 0.06979802587784803 -0.7053822494164266
vn -0.7035264504369007 0.10050406494918676 -0.7035264504369007
vn -0.9975612142792386 0.0697970183154761 0
vn -0.7053822494164266 0.06979802587784803 -0.7053822494164266
vn 0 0.0697970183154761 -0.9975612142792386
vn 0.7035264504369007 0.10050406494918676 -0.7035264504369007
vn 0 0.10050396859169693 -0.9949366574296673
vn -0.7035264504369007 0.10050406494918676 -0.7035264504369007
vn 0 0.0697970183154761 -0.9975612142792386
vn 0 0.10050396859169693 -0.9949366574296673
vn 0.7035264504369007 0.10050406494918676 0.7035264504369007
vn 0.9975612142792386 0.0697970183154761 0
vn 0.7053822494164266 0.06979802587784803 0.7053822494164266
vn -0.9975612142792386 0.0697970183154761 0
vn -0.7035264504369007 0.10050406494918676 -0.7035264504369007
vn -0.9949366574296673 0.10050396859169693 0
vn -0.9975612142792386 0.0697970183154761 0
vn -0.9949366574296673 0.10050396859169693 0
vn -0.7035264504369007 0.10050406494918676 0.7035264504369007
vn 0 0.10050396859169693 -0.9949366574296673
vn 0 0.04349797651610153 -0.9990535151026718
vn -0.7035264504369007 0.10050406494918676 -0.7035264504369007
vn 0.7035264504369007 0.10050406494918676 -0.7035264504369007
vn 0 0.04349797651610153 -0.9990535151026718
vn 0 0.10050396859169693 -0.9949366574296673
vn 0.7035264504369007 0.10050406494918676 -0.7035264504369007
vn 0.9975612142792386 0.0697970183154761 0
vn 0.9949366574296673 0.10050396859169693 0
vn 0.9975612142792386 0.0697970183154761 0
vn 0.7035264504369007 0.10050406494918676 0.7035264504369007
vn 0.9949366574296673 0.10050396859169693 0
vn 0.7035264504369007 0.10050406494918676 -0.7035264504369007
vn 0.9949366574296673 0.10050396859169693 0
vn 0.9990535151026718 0.04349797651610153 0
vn 0.7035264504369007 0.10050406494918676 0.7035264504369007
vn 0.9990535151026718 0.04349797651610153 0
vn 0.9949366574296673 0.10050396859169693 0
vn 0.7064373906884368 0.043502023799197924 -0.7064373906884368
vn 0.7035264504369007 0.10050406494918676 -0.7035264504369007
vn 0.9990535151026718 0.04349797651610153 0
vn 0 0.04349797651610153 -0.9990535151026718
vn 0.7035264504369007 0.10050406494918676 -0.7035264504369007
vn 0.7064373906884368 0.043502023799197924 -0.7064373906884368
vn 0.9990535151026718 0.04349797651610153 0
vn 0.7035264504369007 0.10050406494918676 0.7035264504369007
vn 0.7064373906884368 0.043502023799197924 0.7064373906884368
vn -0.7035264504369007 0.10050406494918676 -0.7035264504369007
vn 0 0.04349797651610153 -0.9990535151026718
vn -0.7064373906884368 0.043502023799197924 -0.7064373906884368
vn 0.9990535151026718 0.04349797651610153 0
vn 0.7064976122226411 0.04149997406521416 -0.7064976122226411
vn 0.7064373906884368 0.043502023799197924 -0.7064373906884368
vn 0.7064976122226411 0.04149997406521416 -0.7064976122226411
vn 0 0.04349797651610153 -0.9990535151026718
vn 0.7064373906884368 0.043502023799197924 -0.7064373906884368
vn 0 0.04349797651610153 0.9990535151026718
vn 0.7064373906884368 0.043502023799197924 0.7064373906884368
vn 0.7035264504369007 0.10050406494918676 0.7035264504369007
vn 0 0.04349797651610153 0.9990535151026718
vn 0.7035264504369007 0.10050406494918676 0.7035264504369007
vn 0 0.10050396859169693 0.9949366574296673
vn -0.7035264504369007 0.10050406494918676 0.7035264504369007
vn 0 0.04349797651610153 0.9990535151026718
vn 0 0.10050396859169693 0.9949366574296673
vn 0.9990535151026718 0.04349797651610153 0
vn 0.7064373906884368 0.043502023799197924 0.7064373906884368
vn 0.7064976122226411 0.04149997406521416 0.7064976122226411
vn 0 0.04349797651610153 0.9990535151026718
vn 0.7064976122226411 0.04149997406521416 0.7064976122226411
vn 0.7064373906884368 0.043502023799197924 0.7064373906884368
vn 0 0.04349797651610153 0.9990535151026718
vn -0.7035264504369007 0.10050406494918676 0.7035264504369007
vn -0.7064373906884368 0.043502023799197924 0.7064373906884368
vn 0.999138420155284 0.04150201645225375 0
vn 0.9990535151026718 0.04349797651610153 0
vn 0.7064976122226411 0.04149997406521416 0.7064976122226411
vn 0.7064976122226411 0.04149997406521416 -0.7064976122226411
vn 0.9990535151026718 0.04349797651610153 0
vn 0.999138420155284 0.04150201645225375 0
vn 0.7064976122226411 0.04149997406521416 0.7064976122226411
vn 0 0.04349797651610153 0.9990535151026718
vn 0 0.04150201645225375 0.999138420155284
vn -0.7035264504369007 0.10050406494918676 0.7035264504369007
vn -0.9990535151026718 0.04349797651610153 0
vn -0.7064373906884368 0.043502023799197924 0.7064373906884368
vn -0.9990535151026718 0.04349797651610153 0
vn -0.7035264504369007 0.10050406494918676 0.7035264504369007
vn -0.9949366574296673 0.10050396859169693 0
vn -0.7035264504369007 0.10050406494918676 -0.7035264504369007
vn -0.9990535151026718 0.04349797651610153 0
vn -0.9949366574296673 0.10050396859169693 0
vn -0.7064976122226411 0.04149997406521416 0.7064976122226411
vn 0 0.04349797651610153 0.9990535151026718
vn -0.7064373906884368 0.043502023799197924 0.7064373906884368
vn -0.7064976122226411 0.04149997406521416 0.7064976122226411
vn 0 0.04150201645225375 0.999138420155284
vn 0 0.04349797651610153 0.9990535151026718
vn -0.9990535151026718 0.04349797651610153 0
vn -0.7064976122226411 0.04149997406521416 0.7064976122226411
vn -0.7064373906884368 0.043502023799197924 0.7064373906884368
vn -0.9990535151026718 0.04349797651610153 0
vn -0.7035264504369007 0.10050406494918676 -0.7035264504369007
vn -0.7064373906884368 0.043502023799197924 -0.7064373906884368
vn -0.7064976122226411 0.04149997406521416 0.7064976122226411
vn 0 0.19580803814914183 0.9806422447540104
vn 0 0.04150201645225375 0.999138420155284
vn 0 0.19580803814914183 0.9806422447540104
vn 0.7064976122226411 0.04149997406521416 0.7064976122226411
vn 0 0.04150201645225375 0.999138420155284
vn -0.7064976122226411 0.04149997406521416 0.7064976122226411
vn -0.9990535151026718 0.04349797651610153 0
vn -0.999138420155284 0.04150201645225375 0
vn -0.7064976122226411 0.04149997406521416 -0.7064976122226411
vn -0.9990535151026718 0.04349797651610153 0
vn -0.7064373906884368 0.043502023799197924 -0.7064373906884368
vn -0.9990535151026718 0.04349797651610153 0
vn -0.7064976122226411 0.04149997406521416 -0.7064976122226411
vn -0.999138420155284 0.04150201645225375 0
vn 0 0.04349797651610153 -0.9990535151026718
vn -0.7064976122226411 0.04149997406521416 -0.7064976122226411
vn -0.7064373906884368 0.043502023799197924 -0.7064373906884368
vn -0.9806422447540104 0.19580803814914183 0
vn -0.7064976122226411 0.04149997406521416 0.7064976122226411
vn -0.999138420155284 0.04150201645225375 0
vn -0.7064976122226411 0.04149997406521416 -0.7064976122226411
vn -0.9806422447540104 0.19580803814914183 0
vn -0.999138420155284 0.04150201645225375 0
vn -0.7064976122226411 0.04149997406521416 -0.7064976122226411
vn 0 0.04349797651610153 -0.9990535151026718
vn 0 0.04150201645225375 -0.999138420155284
vn 0 0.04349797651610153 -0.9990535151026718
vn 0.7064976122226411 0.04149997406521416 -0.7064976122226411
vn 0 0.04150201645225375 -0.999138420155284
vn 0 0.04150201645225375 -0.999138420155284
vn 0 0.19580803814914183 -0.9806422447540104
vn -0.7064976122226411 0.04149997406521416 -0.7064976122226411
vn 0.7064976122226411 0.04149997406521416 -0.7064976122226411
vn 0 0.19580803814914183 -0.9806422447540104
vn 0 0.04150201645225375 -0.999138420155284
vn -0.7064976122226411 0.04149997406521416 -0.7064976122226411
vn 0 0.19580803814914183 -0.9806422447540104
vn -0.6934192015340693 0.1958050609348677 -0.6934192015340693
vn -0.9806422447540104 0.19580803814914183 0
vn -0.7064976122226411 0.04149997406521416 -0.7064976122226411
vn -0.6934192015340693 0.1958050609348677 -0.6934192015340693
vn 0 0.19580803814914183 -0.9806422447540104
vn 0.7064976122226411 0.04149997406521416 -0.7064976122226411
vn 0.6934192015340693 0.1958050609348677 -0.6934192015340693
vn -0.7064976122226411 0.04149997406521416 0.7064976122226411
vn -0.9806422447540104 0.19580803814914183 0
vn -0.6934192015340693 0.1958050609348677 0.6934192015340693
vn 0 0.19580803814914183 0.9806422447540104
vn -0.7064976122226411 0.04149997406521416 0.7064976122226411
vn -0.6934192015340693 0.1958050609348677 0.6934192015340693
vn -0.6934192015340693 0.1958050609348677 -0.6934192015340693
vn -0.9897525835814952 -0.14279293852902972 0
vn -0.9806422447540104 0.19580803814914183 0
vn -0.9897525835814952 -0.14279293852902972 0
vn -0.6934192015340693 0.1958050609348677 0.6934192015340693
vn -0.9806422447540104 0.19580803814914183 0
vn -0.6934192015340693 0.1958050609348677 -0.6934192015340693
vn 0 0.19580803814914183 -0.9806422447540104
vn 0 -0.14279293852902972 -0.9897525835814952
vn 0.6934192015340693 0.1958050609348677 -0.6934192015340693
vn 0 -0.14279293852902972 -0.9897525835814952
vn 0 0.19580803814914183 -0.9806422447540104
vn -0.9897525835814952 -0.14279293852902972 0
vn -0.6934192015340693 0.1958050609348677 -0.6934192015340693
vn -0.6998608618208173 -0.14279197520465103 -0.6998608618208173
vn -0.6934192015340693 0.1958050609348677 -0.6934192015340693
vn 0 -0.14279293852902972 -0.9897525835814952
vn -0.6998608618208173 -0.14279197520465103 -0.6998608618208173
vn -0.6934192015340693 0.1958050609348677 0.6934192015340693
vn -0.9897525835814952 -0.14279293852902972 0
vn -0.6998608618208173 -0.14279197520465103 0.6998608618208173
vn -0.6934192015340693 0.1958050609348677 0.6934192015340693
vn 0 -0.14279293852902972 0.9897525835814952
vn 0 0.19580803814914183 0.9806422447540104
vn 0 -0.14279293852902972 0.9897525835814952
vn -0.6934192015340693 0.1958050609348677 0.6934192015340693
vn -0.6998608618208173 -0.14279197520465103 0.6998608618208173
vn -0.9897525835814952 -0.14279293852902972 0
vn -0.5176027729700632 -0.681303705279373 0.5176027729700632
vn -0.6998608618208173 -0.14279197520465103 0.6998608618208173
vn 0 -0.14279293852902972 0.9897525835814952
vn -0.6998608618208173 -0.14279197520465103 0.6998608618208173
vn -0.5176027729700632 -0.681303705279373 0.5176027729700632
vn -0.5176027729700632 -0.681303705279373 0.5176027729700632
vn -0.9897525835814952 -0.14279293852902972 0
vn -0.7320022441230631 -0.6813022197224955 0
vn -0.5176027729700632 -0.681303705279373 -0.5176027729700632
vn -0.9897525835814952 -0.14279293852902972 0
vn -0.6998608618208173 -0.14279197520465103 -0.6998608618208173
vn -0.9897525835814952 -0.14279293852902972 0
vn -0.5176027729700632 -0.681303705279373 -0.5176027729700632
vn -0.7320022441230631 -0.6813022197224955 0
vn 0 -0.14279293852902972 -0.9897525835814952
vn -0.5176027729700632 -0.681303705279373 -0.5176027729700632
vn -0.6998608618208173 -0.14279197520465103 -0.6998608618208173
vn -0.5176027729700632 -0.681303705279373 0.5176027729700632
vn -0.7320022441230631 -0.6813022197224955 0
vn 0 -1 0
vn -0.7320022441230631 -0.6813022197224955 0
vn -0.5176027729700632 -0.681303705279373 -0.5176027729700632
vn 0 -1 0
vn -0.5176027729700632 -0.681303705279373 -0.5176027729700632
vn 0 -0.14279293852902972 -0.9897525835814952
vn 0 -0.6813022197224955 -0.7320022441230631
vn -0.5176027729700632 -0.681303705279373 -0.5176027729700632
vn 0 -0.6813022197224955 -0.7320022441230631
vn 0 -1 0
vn 0 -0.14279293852902972 -0.9897525835814952
vn 0.5176027729700632 -0.681303705279373 -0.5176027729700632
vn 0 -0.6813022197224955 -0.7320022441230631
vn 0 -0.6813022197224955 -0.7320022441230631
vn 0.5176027729700632 -0.681303705279373 -0.5176027729700632
vn 0 -1 0
vn 0.6998608618208173 -0.14279197520465103 -0.6998608618208173
vn 0.5176027729700632 -0.681303705279373 -0.5176027729700632
vn 0 -0.14279293852902972 -0.9897525835814952
vn 0 -0.14279293852902972 -0.9897525835814952
vn 0.6934192015340693 0.1958050609348677 -0.6934192015340693
vn 0.6998608618208173 -0.14279197520465103 -0.6998608618208173
vn 0 -0.6813022197224955 0.7320022441230631
vn -0.5176027729700632 -0.681303705279373 0.5176027729700632
vn 0 -1 0
vn -0.5176027729700632 -0.681303705279373 0.5176027729700632
vn 0 -0.6813022197224955 0.7320022441230631
vn 0 -0.14279293852902972 0.9897525835814952
vn 0.5176027729700632 -0.681303705279373 -0.5176027729700632
vn 0.7320022441230631 -0.6813022197224955 0
vn 0 -1 0
vn 0.9897525835814952 -0.14279293852902972 0
vn 0.5176027729700632 -0.681303705279373 -0.5176027729700632
vn 0.6998608618208173 -0.14279197520465103 -0.6998608618208173
vn 0.5176027729700632 -0.681303705279373 -0.5176027729700632
vn 0.9897525835814952 -0.14279293852902972 0
vn 0.7320022441230631 -0.6813022197224955 0
vn 0.9897525835814952 -0.14279293852902972 0
vn 0.6998608618208173 -0.14279197520465103 -0.6998608618208173
vn 0.6934192015340693 0.1958050609348677 -0.6934192015340693
vn 0.7320022441230631 -0.6813022197224955 0
vn 0.5176027729700632 -0.681303705279373 0.5176027729700632
vn 0 -1 0
vn 0.5176027729700632 -0.681303705279373 0.5176027729700632
vn 0 -0.6813022197224955 0.7320022441230631
vn 0 -1 0
vn 0.7320022441230631 -0.6813022197224955 0
vn 0.9897525835814952 -0.14279293852902972 0
vn 0.5176027729700632 -0.681303705279373 0.5176027729700632
vn 0.5176027729700632 -0.681303705279373 0.5176027729700632
vn 0 -0.14279293852902972 0.9897525835814952
vn 0 -0.6813022197224955 0.7320022441230631
vn 0.9897525835814952 -0.14279293852902972 0
vn 0.6998608618208173 -0.14279197520465103 0.6998608618208173
vn 0.5176027729700632 -0.681303705279373 0.5176027729700632
vn 0 -0.14279293852902972 0.9897525835814952
vn 0.5176027729700632 -0.681303705279373 0.5176027729700632
vn 0.6998608618208173 -0.14279197520465103 0.6998608618208173
vn 0.6934192015340693 0.1958050609348677 -0.6934192015340693
vn 0.9806422447540104 0.19580803814914183 0
vn 0.9897525835814952 -0.14279293852902972 0
vn 0.6934192015340693 0.1958050609348677 -0.6934192015340693
vn 0.7064976122226411 0.04149997406521416 -0.7064976122226411
vn 0.9806422447540104 0.19580803814914183 0
vn 0.7064976122226411 0.04149997406521416 -0.7064976122226411
vn 0.999138420155284 0.04150201645225375 0
vn 0.9806422447540104 0.19580803814914183 0
vn 0.7064976122226411 0.04149997406521416 0.7064976122226411
vn 0.9806422447540104 0.19580803814914183 0
vn 0.999138420155284 0.04150201645225375 0
vn 0 -0.14279293852902972 0.9897525835814952
vn 0.6998608618208173 -0.14279197520465103 0.6998608618208173
vn 0.6934192015340693 0.1958050609348677 0.6934192015340693
vn 0.9897525835814952 -0.14279293852902972 0
vn 0.6934192015340693 0.1958050609348677 0.6934192015340693
vn 0.6998608618208173 -0.14279197520465103 0.6998608618208173
vn 0.6934192015340693 0.1958050609348677 0.6934192015340693
vn 0.9897525835814952 -0.14279293852902972 0
vn 0.9806422447540104 0.19580803814914183 0
vn 0.9806422447540104 0.19580803814914183 0
vn 0.7064976122226411 0.04149997406521416 0.7064976122226411
vn 0.6934192015340693 0.1958050609348677 0.6934192015340693
vn 0 -0.14279293852902972 0.9897525835814952
vn 0.6934192015340693 0.1958050609348677 0.6934192015340693
vn 0 0.19580803814914183 0.9806422447540104
vn 0 0.19580803814914183 0.9806422447540104
vn 0.6934192015340693 0.1958050609348677 0.6934192015340693
vn 0.7064976122226411 0.04149997406521416 0.7064976122226411
vn -0.7035264504369007 0.10050406494918676 0.7035264504369007
vn 0 0.0697970183154761 0.9975612142792386
vn -0.7053822494164266 0.06979802587784803 0.7053822494164266
vn 0 0.0697970183154761 0.9975612142792386
vn -0.7035264504369007 0.10050406494918676 0.7035264504369007
vn 0 0.10050396859169693 0.9949366574296673
vn -0.9975612142792386 0.0697970183154761 0
vn -0.7035264504369007 0.10050406494918676 0.7035264504369007
vn -0.7053822494164266 0.06979802587784803 0.7053822494164266
vn 0 0.0697970183154761 0.9975612142792386
vn -0.7069031050248512 0.024000004426012272 0.7069031050248512
vn -0.7053822494164266 0.06979802587784803 0.7053822494164266
vn -0.9975612142792386 0.0697970183154761 0
vn -0.7053822494164266 0.06979802587784803 0.7053822494164266
vn -0.7069031050248512 0.024000004426012272 0.7069031050248512
vn -0.7069031050248512 0.024000004426012272 0.7069031050248512
vn 0 0.0697970183154761 0.9975612142792386
vn 0 0.02399999944454678 0.9997119585293864
vn 0 0.10050396859169693 0.9949366574296673
vn 0.7035264504369007 0.10050406494918676 0.7035264504369007
vn 0 0.0697970183154761 0.9975612142792386
vn 0.7035264504369007 0.10050406494918676 0.7035264504369007
vn 0.7053822494164266 0.06979802587784803 0.7053822494164266
vn 0 0.0697970183154761 0.9975612142792386
vn 0 0.0697970183154761 0.9975612142792386
vn 0.7069031050248512 0.024000004426012272 0.7069031050248512
vn 0 0.02399999944454678 0.9997119585293864
vn 0.7053822494164266 0.06979802587784803 0.7053822494164266
vn 0.7069031050248512 0.024000004426012272 0.7069031050248512
vn 0 0.0697970183154761 0.9975612142792386
vn 0 0.02399999944454678 0.9997119585293864
vn 0 0.1451019492005028 0.989416709146462
vn -0.7069031050248512 0.024000004426012272 0.7069031050248512
vn 0.7069031050248512 0.024000004426012272 0.7069031050248512
vn 0 0.1451019492005028 0.989416709146462
vn 0 0.02399999944454678 0.9997119585293864
vn -0.9997119585293864 0.02399999944454678 0
vn -0.9975612142792386 0.0697970183154761 0
vn -0.7069031050248512 0.024000004426012272 0.7069031050248512
vn -0.7069031050248512 0.024000004426012272 0.7069031050248512
vn -0.989416709146462 0.1451019492005028 0
vn -0.9997119585293864 0.02399999944454678 0
vn -0.989416709146462 0.1451019492005028 0
vn -0.7069031050248512 0.024000004426012272 0.7069031050248512
vn -0.6996229485028252 0.14510499597335047 0.6996229485028252
vn -0.7069031050248512 0.024000004426012272 0.7069031050248512
vn 0 0.1451019492005028 0.989416709146462
vn -0.6996229485028252 0.14510499597335047 0.6996229485028252
vn -0.7069031050248512 0.024000004426012272 -0.7069031050248512
vn -0.9997119585293864 0.02399999944454678 0
vn -0.989416709146462 0.1451019492005028 0
vn -0.7069031050248512 0.024000004426012272 -0.7069031050248512
vn -0.9975612142792386 0.0697970183154761 0
vn -0.9997119585293864 0.02399999944454678 0
vn -0.6996229485028252 0.14510499597335047 0.6996229485028252
vn -0.7058496182060651 0.05960396762552595 0.7058496182060651
vn -0.989416709146462 0.1451019492005028 0
vn 0 0.1451019492005028 0.989416709146462
vn -0.7058496182060651 0.05960396762552595 0.7058496182060651
vn -0.6996229485028252 0.14510499597335047 0.6996229485028252
vn -0.6996229485028252 0.14510499597335047 -0.6996229485028252
vn -0.7069031050248512 0.024000004426012272 -0.7069031050248512
vn -0.989416709146462 0.1451019492005028 0
vn 0 0.1451019492005028 0.989416709146462
vn 0.7069031050248512 0.024000004426012272 0.7069031050248512
vn 0.6996229485028252 0.14510499597335047 0.6996229485028252
vn -0.989416709146462 0.1451019492005028 0
vn -0.7058496182060651 0.05960396762552595 -0.7058496182060651
vn -0.6996229485028252 0.14510499597335047 -0.6996229485028252
vn -0.7058496182060651 0.05960396762552595 -0.7058496182060651
vn -0.989416709146462 0.1451019492005028 0
vn -0.998222279151167 0.05960101850010228 0
vn -0.998222279151167 0.05960101850010228 0
vn -0.989416709146462 0.1451019492005028 0
vn -0.7058496182060651 0.05960396762552595 0.7058496182060651
vn 0 0.1451019492005028 -0.989416709146462
vn -0.6996229485028252 0.14510499597335047 -0.6996229485028252
vn -0.7058496182060651 0.05960396762552595 -0.7058496182060651
vn 0 0.1451019492005028 -0.989416709146462
vn -0.7069031050248512 0.024000004426012272 -0.7069031050248512
vn -0.6996229485028252 0.14510499597335047 -0.6996229485028252
vn -0.7058496182060651 0.05960396762552595 -0.7058496182060651
vn -0.998222279151167 0.05960101850010228 0
vn -0.8412110070156036 -0.5407069831949595 0
vn -0.7058496182060651 0.05960396762552595 0.7058496182060651
vn -0.8412110070156036 -0.5407069831949595 0
vn -0.998222279151167 0.05960101850010228 0
vn -0.7058496182060651 0.05960396762552595 0.7058496182060651
vn 0 0.1451019492005028 0.989416709146462
vn 0 0.05960101850010228 0.998222279151167
vn -0.5919297609367533 -0.5470267966331412 -0.5919297609367533
vn -0.7058496182060651 0.05960396762552595 -0.7058496182060651
vn -0.8412110070156036 -0.5407069831949595 0
vn 0 0.1451019492005028 0.989416709146462
vn 0.7058496182060651 0.05960396762552595 0.7058496182060651
vn 0 0.05960101850010228 0.998222279151167
vn 0.7058496182060651 0.05960396762552595 0.7058496182060651
vn 0 0.1451019492005028 0.989416709146462
vn 0.6996229485028252 0.14510499597335047 0.6996229485028252
vn 0 0.05960101850010228 0.998222279151167
vn 0 -0.5407069831949595 0.8412110070156036
vn -0.7058496182060651 0.05960396762552595 0.7058496182060651
vn 0.7058496182060651 0.05960396762552595 0.7058496182060651
vn 0 -0.5407069831949595 0.8412110070156036
vn 0 0.05960101850010228 0.998222279151167
vn -0.8412110070156036 -0.5407069831949595 0
vn -0.7058496182060651 0.05960396762552595 0.7058496182060651
vn -0.5919297609367533 -0.5470267966331412 0.5919297609367533
vn -0.7058496182060651 0.05960396762552595 0.7058496182060651
vn 0 -0.5407069831949595 0.8412110070156036
vn -0.5919297609367533 -0.5470267966331412 0.5919297609367533
vn -0.5919297609367533 -0.5470267966331412 0.5919297609367533
vn -0.6990109635166009 -0.7151109514499084 0
vn -0.8412110070156036 -0.5407069831949595 0
vn -0.5919297609367533 -0.5470267966331412 -0.5919297609367533
vn -0.8412110070156036 -0.5407069831949595 0
vn -0.6990109635166009 -0.7151109514499084 0
vn -0.5919297609367533 -0.5470267966331412 0.5919297609367533
vn 0 -0.5407069831949595 0.8412110070156036
vn 0 -0.7151109514499084 0.6990109635166009
vn -0.6990109635166009 -0.7151109514499084 0
vn -0.5919297609367533 -0.5470267966331412 0.5919297609367533
vn -0.4783959802670725 -0.7363929468216093 0.4783959802670725
vn -0.5919297609367533 -0.5470267966331412 0.5919297609367533
vn 0 -0.7151109514499084 0.6990109635166009
vn -0.4783959802670725 -0.7363929468216093 0.4783959802670725
vn -0.4783959802670725 -0.7363929468216093 0.4783959802670725
vn -0.6513098905978343 -0.758811851785037 0
vn -0.6990109635166009 -0.7151109514499084 0
vn -0.6513098905978343 -0.758811851785037 0
vn -0.4783959802670725 -0.7363929468216093 0.4783959802670725
vn -0.45471067687707234 -0.7658174721616041 0.45471067687707234
vn -0.4783959802670725 -0.7363929468216093 0.4783959802670725
vn 0 -0.758811851785037 0.6513098905978343
vn -0.45471067687707234 -0.7658174721616041 0.45471067687707234
vn 0 -0.758811851785037 0.6513098905978343
vn -0.4783959802670725 -0.7363929468216093 0.4783959802670725
vn 0 -0.7151109514499084 0.6990109635166009
vn -0.4783959802670725 -0.7363929468216093 -0.4783959802670725
vn -0.6990109635166009 -0.7151109514499084 0
vn -0.6513098905978343 -0.758811851785037 0
vn -0.6990109635166009 -0.7151109514499084 0
vn -0.4783959802670725 -0.7363929468216093 -0.4783959802670725
vn -0.5919297609367533 -0.5470267966331412 -0.5919297609367533
vn -0.6513098905978343 -0.758811851785037 0
vn -0.45471067687707234 -0.7658174721616041 -0.45471067687707234
vn -0.4783959802670725 -0.7363929468216093 -0.4783959802670725
vn 0 -0.758811851785037 -0.6513098905978343
vn -0.4783959802670725 -0.7363929468216093 -0.4783959802670725
vn -0.45471067687707234 -0.7658174721616041 -0.45471067687707234
vn 0.4783959802670725 -0.7363929468216093 0.4783959802670725
vn 0 -0.758811851785037 0.6513098905978343
vn 0 -0.7151109514499084 0.6990109635166009
vn 0 -0.758811851785037 0.6513098905978343
vn 0.4783959802670725 -0.7363929468216093 0.4783959802670725
vn 0.45471067687707234 -0.7658174721616041 0.45471067687707234
vn 0.6513098905978343 -0.758811851785037 0
vn 0.45471067687707234 -0.7658174721616041 0.45471067687707234
vn 0.4783959802670725 -0.7363929468216093 0.4783959802670725
vn 0 -0.7151109514499084 0.6990109635166009
vn 0.5919297609367533 -0.5470267966331412 0.5919297609367533
vn 0.4783959802670725 -0.7363929468216093 0.4783959802670725
vn 0.5919297609367533 -0.5470267966331412 0.5919297609367533
vn 0 -0.7151109514499084 0.6990109635166009
vn 0 -0.5407069831949595 0.8412110070156036
vn 0.6513098905978343 -0.758811851785037 0
vn 0.4783959802670725 -0.7363929468216093 0.4783959802670725
vn 0.6990109635166009 -0.7151109514499084 0
vn 0.6990109635166009 -0.7151109514499084 0
vn 0.4783959802670725 -0.7363929468216093 0.4783959802670725
vn 0.5919297609367533 -0.5470267966331412 0.5919297609367533
vn 0 -0.5407069831949595 0.8412110070156036
vn 0.7058496182060651 0.05960396762552595 0.7058496182060651
vn 0.5919297609367533 -0.5470267966331412 0.5919297609367533
vn 0.4783959802670725 -0.7363929468216093 -0.4783959802670725
vn 0.6513098905978343 -0.758811851785037 0
vn 0.6990109635166009 -0.7151109514499084 0
vn 0.6513098905978343 -0.758811851785037 0
vn 0.4783959802670725 -0.7363929468216093 -0.4783959802670725
vn 0.45471067687707234 -0.7658174721616041 -0.45471067687707234
vn 0 -0.758811851785037 -0.6513098905978343
vn 0.45471067687707234 -0.7658174721616041 -0.45471067687707234
vn 0.4783959802670725 -0.7363929468216093 -0.4783959802670725
vn 0.6990109635166009 -0.7151109514499084 0
vn 0.5919297609367533 -0.5470267966331412 0.5919297609367533
vn 0.8412110070156036 -0.5407069831949595 0
vn 0.7058496182060651 0.05960396762552595 0.7058496182060651
vn 0.8412110070156036 -0.5407069831949595 0
vn 0.5919297609367533 -0.5470267966331412 0.5919297609367533
vn 0.6990109635166009 -0.7151109514499084 0
vn 0.5919297609367533 -0.5470267966331412 -0.5919297609367533
vn 0.4783959802670725 -0.7363929468216093 -0.4783959802670725
vn 0.5919297609367533 -0.5470267966331412 -0.5919297609367533
vn 0.6990109635166009 -0.7151109514499084 0
vn 0.8412110070156036 -0.5407069831949595 0
vn 0 -0.758811851785037 -0.6513098905978343
vn 0.4783959802670725 -0.7363929468216093 -0.4783959802670725
vn 0 -0.7151109514499084 -0.6990109635166009
vn 0 -0.7151109514499084 -0.6990109635166009
vn 0.4783959802670725 -0.7363929468216093 -0.4783959802670725
vn 0.5919297609367533 -0.5470267966331412 -0.5919297609367533
vn -0.4783959802670725 -0.7363929468216093 -0.4783959802670725
vn 0 -0.758811851785037 -0.6513098905978343
vn 0 -0.7151109514499084 -0.6990109635166009
vn 0 -0.7151109514499084 -0.6990109635166009
vn -0.5919297609367533 -0.5470267966331412 -0.5919297609367533
vn -0.4783959802670725 -0.7363929468216093 -0.4783959802670725
vn 0.8412110070156036 -0.5407069831949595 0
vn 0.7058496182060651 0.05960396762552595 0.7058496182060651
vn 0.998222279151167 0.05960101850010228 0
vn -0.5919297609367533 -0.5470267966331412 -0.5919297609367533
vn 0 -0.7151109514499084 -0.6990109635166009
vn 0 -0.5407069831949595 -0.8412110070156036
vn 0 -0.7151109514499084 -0.6990109635166009
vn 0.5919297609367533 -0.5470267966331412 -0.5919297609367533
vn 0 -0.5407069831949595 -0.8412110070156036
vn 0 -0.5407069831949595 -0.8412110070156036
vn -0.7058496182060651 0.05960396762552595 -0.7058496182060651
vn -0.5919297609367533 -0.5470267966331412 -0.5919297609367533
vn -0.7058496182060651 0.05960396762552595 -0.7058496182060651
vn 0 -0.5407069831949595 -0.8412110070156036
vn 0 0.05960101850010228 -0.998222279151167
vn 0 -0.5407069831949595 -0.8412110070156036
vn 0.5919297609367533 -0.5470267966331412 -0.5919297609367533
vn 0.7058496182060651 0.05960396762552595 -0.7058496182060651
vn 0.8412110070156036 -0.5407069831949595 0
vn 0.7058496182060651 0.05960396762552595 -0.7058496182060651
vn 0.5919297609367533 -0.5470267966331412 -0.5919297609367533
vn 0 -0.5407069831949595 -0.8412110070156036
vn 0.7058496182060651 0.05960396762552595 -0.7058496182060651
vn 0 0.05960101850010228 -0.998222279151167
vn 0.7058496182060651 0.05960396762552595 -0.7058496182060651
vn 0.8412110070156036 -0.5407069831949595 0
vn 0.998222279151167 0.05960101850010228 0
vn -0.7058496182060651 0.05960396762552595 -0.7058496182060651
vn 0 0.05960101850010228 -0.998222279151167
vn 0 0.1451019492005028 -0.989416709146462
vn 0.7058496182060651 0.05960396762552595 -0.7058496182060651
vn 0 0.1451019492005028 -0.989416709146462
vn 0 0.05960101850010228 -0.998222279151167
vn 0 0.1451019492005028 -0.989416709146462
vn 0.7058496182060651 0.05960396762552595 -0.7058496182060651
vn 0.6996229485028252 0.14510499597335047 -0.6996229485028252
vn 0.989416709146462 0.1451019492005028 0
vn 0.7058496182060651 0.05960396762552595 -0.7058496182060651
vn 0.998222279151167 0.05960101850010228 0
vn 0.7058496182060651 0.05960396762552595 0.7058496182060651
vn 0.989416709146462 0.1451019492005028 0
vn 0.998222279151167 0.05960101850010228 0
vn 0.7058496182060651 0.05960396762552595 -0.7058496182060651
vn 0.989416709146462 0.1451019492005028 0
vn 0.6996229485028252 0.14510499597335047 -0.6996229485028252
f 1/1/1 2/2/2 3/3/3
f 4/4/4 5/5/5 6/6/6
f 7/7/7 8/8/8 9/9/9
f 10/10/10 11/11/11 12/12/12
f 13/13/13 14/14/14 15/15/15
f 16/16/16 17/17/17 18/18/18
f 19/19/19 20/20/20 21/21/21
f 22/22/22 23/23/23 24/24/24
f 25/25/25 26/26/26 27/27/27
f 28/28/28 29/29/29 30/30/30
f 31/31/31 32/32/32 33/33/33
f 34/34/34 35/35/35 36/36/36
f 37/37/37 38/38/38 39/39/39
f 40/40/40 41/41/41 42/42/42
f 43/43/43 44/44/44 45/45/45
f 46/46/46 47/47/47 48/48/48
f 49/49/49 50/50/50 51/51/51
f 52/52/52 53/53/53 54/54/54
f 55/55/55 56/56/56 57/57/57
f 58/58/58 59/59/59 60/60/60
f 61/61/61 62/62/62 63/63/63
f 64/64/64 65/65/65 66/66/66
f 67/67/67 68/68/68 69/69/69
f 70/70/70 71/71/71 72/72/72
f 73/73/73 74/74/74 75/75/75
f 76/76/76 77/77/77 78/78/78
f 79/79/79 80/80/80 81/81/81
f 82/82/82 83/83/83 84/84/84
f 85/85/85 86/86/86 87/87/87
f 88/88/88 89/89/89 90/90/90
f 91/91/91 92/92/92 93/93/93
f 94/94/94 95/95/95 96/96/96
f 97/97/97 98/98/98 99/99/99
f 100/100/100 101/101/101 102/102/102
f 103/103/103 104/104/104 105/105/105
f 106/106/106 107/107/107 108/108/108
f 109/109/109 110/110/110 111/111/111
f 112/112/112 113/113/113 114/114/114
f 115/115/115 116/116/116 117/117/117
f 118/118/118 119/119/119 120/120/120
f 121/121/121 122/122/122 123/123/123
f 124/124/124 125/125/125 126/126/126
f 127/127/127 128/128/128 129/129/129
f 130/130/130 131/131/131 132/132/132
f 133/133/133 134/134/134 135/135/135
f 136/136/136 137/137/137 138/138/138
f 139/139/139 140/140/140 141/141/141
f 142/142/142 143/143/143 144/144/144
f 145/145/145 146/146/146 147/147/147
f 148/148/148 149/149/149 150/150/150
f 151/151/151 152/152/152 153/153/153
f 154/154/154 155/155/155 156/156/156
f 157/157/157 158/158/158 159/159/159
f 160/160/160 161/161/161 162/162/162
f 163/163/163 164/164/164 165/165/165
f 166/166/166 167/167/167 168/168/168
f 169/169/169 170/170/170 171/171/171
f 172/172/172 173/173/173 174/174/174
f 175/175/175 176/176/176 177/177/177
f 178/178/178 179/179/179 180/180/180
f 181/181/181 182/182/182 183/183/183
f 184/184/184 185/185/185 186/186/186
f 187/187/187 188/188/188 189/189/189
f 190/190/190 191/191/191 192/192/192
f 193/193/193 194/194/194 195/195/195
f 196/196/196 197/197/197 198/198/198
f 199/199/199 200/200/200 201/201/201
f 202/202/202 203/203/203 204/204/204
f 205/205/205 206/206/206 207/207/207
f 208/208/208 209/209/209 210/210/210
f 211/211/211 212/212/212 213/213/213
f 214/214/214 215/215/215 216/216/216
f 217/217/217 218/218/218 219/219/219
f 220/220/220 221/221/221 222/222/222
f 223/223/223 224/224/224 225/225/225
f 226/226/226 227/227/227 228/228/228
f 229/229/229 230/230/230 231/231/231
f 232/232/232 233/233/233 234/234/234
f 235/235/235 236/236/236 237/237/237
f 238/238/238 239/239/239 240/240/240
f 241/241/241 242/242/242 243/243/243
f 244/244/244 245/245/245 246/246/246
f 247/247/247 248/248/248 249/249/249
f 250/250/250 251/251/251 252/252/252
f 253/253/253 254/254/254 255/255/255
f 256/256/256 257/257/257 258/258/258
f 259/259/259 260/260/260 261/261/261
f 262/262/262 263/263/263 264/264/264
f 265/265/265 266/266/266 267/267/267
f 268/268/268 269/269/269 270/270/270
f 271/271/271 272/272/272 273/273/273
f 274/274/274 275/275/275 276/276/276
f 277/277/277 278/278/278 279/279/279
f 280/280/280 281/281/281 282/282/282
f 283/283/283 284/284/284 285/285/285
f 286/286/286 287/287/287 288/288/288
f 289/289/289 290/290/290 291/291/291
f 292/292/292 293/293/293 294/294/294
f 295/295/295 296/296/296 297/297/297
f 298/298/298 299/299/299 300/300/300
f 301/301/301 302/302/302 303/303/303
f 304/304/304 305/305/305 306/306/306
f 307/307/307 308/308/308 309/309/309
f 310/310/310 311/311/311 312/312/312
f 313/313/313 314/314/314 315/315/315
f 316/316/316 317/317/317 318/318/318
f 319/319/319 320/320/320 321/321/321
f 322/322/322 323/323/323 324/324/324
f 325/325/325 326/326/326 327/327/327
f 328/328/328 329/329/329 330/330/330
f 331/331/331 332/332/332 333/333/333
f 334/334/334 335/335/335 336/336/336
f 337/337/337 338/338/338 339/339/339
f 340/340/340 341/341/341 342/342/342
f 343/343/343 344/344/344 345/345/345
f 346/346/346 347/347/347 348/348/348
f 349/349/349 350/350/350 351/351/351
f 352/352/352 353/353/353 354/354/354
f 355/355/355 356/356/356 357/357/357
f 358/358/358 359/359/359 360/360/360
f 361/361/361 362/362/362 363/363/363
f 364/364/364 365/365/365 366/366/366
f 367/367/367 368/368/368 369/369/369
f 370/370/370 371/371/371 372/372/372
f 373/373/373 374/374/374 375/375/375
f 376/376/376 377/377/377 378/378/378
f 379/379/379 380/380/380 381/381/381
f 382/382/382 383/383/383 384/384/384
f 385/385/385 386/386/386 387/387/387
f 388/388/388 389/389/389 390/390/390
f 391/391/391 392/392/392 393/393/393
f 394/394/394 395/395/395 396/396/396
f 397/397/397 398/398/398 399/399/399
f 400/400/400 401/401/401 402/402/402
f 403/403/403 404/404/404 405/405/405
f 406/406/406 407/407/407 408/408/408
f 409/409/409 410/410/410 411/411/411
f 412/412/412 413/413/413 414/414/414
f 415/415/415 416/416/416 417/417/417
f 418/418/418 419/419/419 420/420/420
f 421/421/421 422/422/422 423/423/423
f 424/424/424 425/425/425 426/426/426
f 427/427/427 428/428/428 429/429/429
f 430/430/430 431/431/431 432/432/432
f 433/433/433 434/434/434 435/435/435
f 436/436/436 437/437/437 438/438/438
f 439/439/439 440/440/440 441/441/441
f 442/442/442 443/443/443 444/444/444
f 445/445/445 446/446/446 447/447/447
f 448/448/448 449/449/449 450/450/450
f 451/451/451 452/452/452 453/453/453
f 454/454/454 455/455/455 456/456/456
f 457/457/457 458/458/458 459/459/459
f 460/460/460 461/461/461 462/462/462
f 463/463/463 464/464/464 465/465/465
f 466/466/466 467/467/467 468/468/468
f 469/469/469 470/470/470 471/471/471
f 472/472/472 473/473/473 474/474/474
f 475/475/475 476/476/476 477/477/477
f 478/478/478 479/479/479 480/480/480
f 481/481/481 482/482/482 483/483/483
f 484/484/484 485/485/485 486/486/486
f 487/487/487 488/488/488 489/489/489
f 490/490/490 491/491/491 492/492/492
f 493/493/493 494/494/494 495/495/495
f 496/496/496 497/497/497 498/498/498
f 499/499/499 500/500/500 501/501/501
f 502/502/502 503/503/503 504/504/504
f 505/505/505 506/506/506 507/507/507
f 508/508/508 509/509/509 510/510/510
f 511/511/511 512/512/512 513/513/513
f 514/514/514 515/515/515 516/516/516
f 517/517/517 518/518/518 519/519/519
f 520/520/520 521/521/521 522/522/522
f 523/523/523 524/524/524 525/525/525
f 526/526/526 527/527/527 528/528/528
f 529/529/529 530/530/530 531/531/531
f 532/532/532 533/533/533 534/534/534
f 535/535/535 536/536/536 537/537/537
f 538/538/538 539/539/539 540/540/540
f 541/541/541 542/542/542 543/543/543
f 544/544/544 545/545/545 546/546/546
f 547/547/547 548/548/548 549/549/549
f 550/550/550 551/551/551 552/552/552
f 553/553/553 554/554/554 555/555/555
f 556/556/556 557/557/557 558/558/558
f 559/559/559 560/560/560 561/561/561
f 562/562/562 563/563/563 564/564/564
f 565/565/565 566/566/566 567/567/567
f 568/568/568 569/569/569 570/570/570
f 571/571/571 572/572/572 573/573/573
f 574/574/574 575/575/575 576/576/576
f 577/577/577 578/578/578 579/579/579
f 580/580/580 581/581/581 582/582/582
f 583/583/583 584/584/584 585/585/585
f 586/586/586 587/587/587 588/588/588
f 589/589/589 590/590/590 591/591/591
f 592/592/592 593/593/593 594/594/594
f 595/595/595 596/596/596 597/597/597
f 598/598/598 599/599/599 600/600/600
f 601/601/601 602/602/602 603/603/603
f 604/604/604 605/605/605 606/606/606
f 607/607/607 608/608/608 609/609/609
f 610/610/610 611/611/611 612/612/612
f 613/613/613 614/614/614 615/615/615
f 616/616/616 617/617/617 618/618/618
f 619/619/619 620/620/620 621/621/621
f 622/622/622 623/623/623 624/624/624
f 625/625/625 626/626/626 627/627/627
f 628/628/628 629/629/629 630/630/630
f 631/631/631 632/632/632 633/633/633
f 634/634/634 635/635/635 636/636/636
f 637/637/637 638/638/638 639/639/639
f 640/640/640 641/641/641 642/642/642
f 643/643/643 644/644/644 645/645/645
f 646/646/646 647/647/647 648/648/648
f 649/649/649 650/650/650 651/651/651
f 652/652/652 653/653/653 654/654/654
f 655/655/655 656/656/656 657/657/657
f 658/658/658 659/659/659 660/660/660
f 661/661/661 662/662/662 663/663/663
f 664/664/664 665/665/665 666/666/666
f 667/667/667 668/668/668 669/669/669
f 670/670/670 671/671/671 672/672/672
f 673/673/673 674/674/674 675/675/675
f 676/676/676 677/677/677 678/678/678
f 679/679/679 680/680/680 681/681/681
f 682/682/682 683/683/683 684/684/684
f 685/685/685 686/686/686 687/687/687
f 688/688/688 689/689/689 690/690/690
f 691/691/691 692/692/692 693/693/693
f 694/694/694 695/695/695 696/696/696
f 697/697/697 698/698/698 699/699/699
f 700/700/700 701/701/701 702/702/702
f 703/703/703 704/704/704 705/705/705
f 706/706/706 707/707/707 708/708/708
f 709/709/709 710/710/710 711/711/711
f 712/712/712 713/713/713 714/714/714
f 715/715/715 716/716/716 717/717/717
f 718/718/718 719/719/719 720/720/720
f 721/721/721 722/722/722 723/723/723
f 724/724/724 725/725/725 726/726/726
f 727/727/727 728/728/728 729/729/729
f 730/730/730 731/731/731 732/732/732
f 733/733/733 734/734/734 735/735/735
f 736/736/736 737/737/737 738/738/738
f 739/739/739 740/740/740 741/741/741
f 742/742/742 743/743/743 744/744/744
o 
v 0.07063767324244058 0.34125360780484726 0.057496331365949505
v 0.0105046742693094 0.31991260717944925 0.08840433109009921
v 0.07488067085897004 0.31991260717944925 0.06173932898247897
v 0.0105046742693094 0.31991260717944925 0.08840433109009921
v 0.07063767324244058 0.34125360780484726 0.057496331365949505
v 0.0105046742693094 0.34125360780484726 0.08240433383191287
v -0.04962832470382178 0.34125360780484726 0.057496331365949505
v 0.0105046742693094 0.31991260717944925 0.08840433109009921
v 0.0105046742693094 0.34125360780484726 0.08240433383191287
v 0.10154567296659028 0.31991260717944925 -0.0026366676071816753
v 0.07063767324244058 0.34125360780484726 0.057496331365949505
v 0.07488067085897004 0.31991260717944925 0.06173932898247897
v 0.07063767324244058 0.34125360780484726 0.057496331365949505
v 0.10154567296659028 0.31991260717944925 -0.0026366676071816753
v 0.09554567570840394 0.34125360780484726 -0.0026366676071816753
v 0.0105046742693094 0.31991260717944925 0.08840433109009921
v 0.06063767532860315 0.300423606569839 0.04749633345211207
v 0.07488067085897004 0.31991260717944925 0.06173932898247897
v 0.10154567296659028 0.31991260717944925 -0.0026366676071816753
v 0.07488067085897004 0.31991260717944925 0.06173932898247897
v 0.06063767532860315 0.300423606569839 0.04749633345211207
v 0.06063767532860315 0.300423606569839 0.04749633345211207
v 0.0105046742693094 0.31991260717944925 0.08840433109009921
v 0.0105046742693094 0.300423606569839 0.06826233464682757
v 0.10154567296659028 0.31991260717944925 -0.0026366676071816753
v 0.06063767532860315 0.300423606569839 0.04749633345211207
v 0.08140367652331865 0.300423606569839 -0.0026366676071816753
v 0.0105046742693094 0.31991260717944925 0.08840433109009921
v -0.03962832678998435 0.300423606569839 0.04749633345211207
v 0.0105046742693094 0.300423606569839 0.06826233464682757
v 0.10154567296659028 0.31991260717944925 -0.0026366676071816753
v 0.07063767324244058 0.34125360780484726 -0.06276966658031286
v 0.09554567570840394 0.34125360780484726 -0.0026366676071816753
v 0.06063767532860315 0.300423606569839 -0.05276966866647542
v 0.10154567296659028 0.31991260717944925 -0.0026366676071816753
v 0.08140367652331865 0.300423606569839 -0.0026366676071816753
v 0.07063767324244058 0.34125360780484726 -0.06276966658031286
v 0.10154567296659028 0.31991260717944925 -0.0026366676071816753
v 0.07488067085897004 0.31991260717944925 -0.06701266419684232
v 0.10154567296659028 0.31991260717944925 -0.0026366676071816753
v 0.06063767532860315 0.300423606569839 -0.05276966866647542
v 0.07488067085897004 0.31991260717944925 -0.06701266419684232
v -0.03962832678998435 0.300423606569839 0.04749633345211207
v 0.0105046742693094 0.31991260717944925 0.08840433109009921
v -0.053871322320351245 0.31991260717944925 0.06173932898247897
v 0.0105046742693094 0.31991260717944925 0.08840433109009921
v -0.04962832470382178 0.34125360780484726 0.057496331365949505
v -0.053871322320351245 0.31991260717944925 0.06173932898247897
v -0.08053632442797148 0.31991260717944925 -0.0026366676071816753
v -0.03962832678998435 0.300423606569839 0.04749633345211207
v -0.053871322320351245 0.31991260717944925 0.06173932898247897
v -0.08053632442797148 0.31991260717944925 -0.0026366676071816753
v -0.053871322320351245 0.31991260717944925 0.06173932898247897
v -0.04962832470382178 0.34125360780484726 0.057496331365949505
v -0.03962832678998435 0.300423606569839 0.04749633345211207
v -0.08053632442797148 0.31991260717944925 -0.0026366676071816753
v -0.06039432798469985 0.300423606569839 -0.0026366676071816753
v -0.04962832470382178 0.34125360780484726 0.057496331365949505
v -0.07453632716978514 0.34125360780484726 -0.0026366676071816753
v -0.08053632442797148 0.31991260717944925 -0.0026366676071816753
v -0.03962832678998435 0.300423606569839 -0.05276966866647542
v -0.06039432798469985 0.300423606569839 -0.0026366676071816753
v -0.08053632442797148 0.31991260717944925 -0.0026366676071816753
v -0.04962832470382178 0.34125360780484726 -0.06276966658031286
v -0.08053632442797148 0.31991260717944925 -0.0026366676071816753
v -0.07453632716978514 0.34125360780484726 -0.0026366676071816753
v -0.03962832678998435 0.300423606569839 -0.05276966866647542
v -0.08053632442797148 0.31991260717944925 -0.0026366676071816753
v -0.053871322320351245 0.31991260717944925 -0.06701266419684232
v -0.08053632442797148 0.31991260717944925 -0.0026366676071816753
v -0.04962832470382178 0.34125360780484726 -0.06276966658031286
v -0.053871322320351245 0.31991260717944925 -0.06701266419684232
v 0.0105046742693094 0.31991260717944925 -0.09367766630446256
v -0.03962832678998435 0.300423606569839 -0.05276966866647542
v -0.053871322320351245 0.31991260717944925 -0.06701266419684232
v -0.04962832470382178 0.34125360780484726 -0.06276966658031286
v 0.0105046742693094 0.31991260717944925 -0.09367766630446256
v -0.053871322320351245 0.31991260717944925 -0.06701266419684232
v -0.03962832678998435 0.300423606569839 -0.05276966866647542
v 0.0105046742693094 0.31991260717944925 -0.09367766630446256
v 0.0105046742693094 0.300423606569839 -0.07353566986119092
v 0.0105046742693094 0.31991260717944925 -0.09367766630446256
v 0.06063767532860315 0.300423606569839 -0.05276966866647542
v 0.0105046742693094 0.300423606569839 -0.07353566986119092
v 0.0105046742693094 0.31991260717944925 -0.09367766630446256
v 0.07488067085897004 0.31991260717944925 -0.06701266419684232
v 0.06063767532860315 0.300423606569839 -0.05276966866647542
v 0.0105046742693094 0.31991260717944925 -0.09367766630446256
v 0.07063767324244058 0.34125360780484726 -0.06276966658031286
v 0.07488067085897004 0.31991260717944925 -0.06701266419684232
v -0.04962832470382178 0.34125360780484726 -0.06276966658031286
v 0.0105046742693094 0.34125360780484726 -0.08767766904627622
v 0.0105046742693094 0.31991260717944925 -0.09367766630446256
v 0.07063767324244058 0.34125360780484726 -0.06276966658031286
v 0.0105046742693094 0.31991260717944925 -0.09367766630446256
v 0.0105046742693094 0.34125360780484726 -0.08767766904627622
vt 0 0
vt 0 0
vt 0 0
vt 0 0
vt 0 0
vt 0 0
vt 0 0
vt 0 0
vt 0 0
vt 0 0
vt 0 0
vt 0 0
vt 0 0
vt 0 0
vt 0 0
vt 0 0
vt 0 0
vt 0 0
vt 0 0
vt 0 0
vt 0 0
vt 0 0
vt 0 0
vt 0 0
vt 0 0
vt 0 0
vt 0 0
vt 0 0
vt 0 0
vt 0 0
vt 0 0
vt 0 0
vt 0 0
vt 0 0
vt 0 0
vt 0 0
vt 0 0
vt 0 0
vt 0 0
vt 0 0
vt 0 0
vt 0 0
vt 0 0
vt 0 0
vt 0 0
vt 0 0
vt 0 0
vt 0 0
vt 0 0
vt 0 0
vt 0 0
vt 0 0
vt 0 0
vt 0 0
vt 0 0
vt 0 0
vt 0 0
vt 0 0
vt 0 0
vt 0 0
vt 0 0
vt 0 0
vt 0 0
vt 0 0
vt 0 0
vt 0 0
vt 0 0
vt 0 0
vt 0 0
vt 0 0
vt 0 0
vt 0 0
vt 0 0
vt 0 0
vt 0 0
vt 0 0
vt 0 0
vt 0 0
vt 0 0
vt 0 0
vt 0 0
vt 0 0
vt 0 0
vt 0 0
vt 0 0
vt 0 0
vt 0 0
vt 0 0
vt 0 0
vt 0 0
vt 0 0
vt 0 0
vt 0 0
vt 0 0
vt 0 0
vt 0 0
vn 0.680723966764993 0.27060998160353394 0.680723966764993
vn 0 -0.23400791908525204 0.9722346907025021
vn 0.6874764267919676 -0.23399214775435623 0.6874764267919676
vn 0 -0.23400791908525204 0.9722346907025021
vn 0.680723966764993 0.27060998160353394 0.680723966764993
vn 0 0.2705981019742504 0.9626924052925385
vn -0.680723966764993 0.27060998160353394 0.680723966764993
vn 0 -0.23400791908525204 0.9722346907025021
vn 0 0.2705981019742504 0.9626924052925385
vn 0.9722346907025021 -0.23400791908525204 0
vn 0.680723966764993 0.27060998160353394 0.680723966764993
vn 0.6874764267919676 -0.23399214775435623 0.6874764267919676
vn 0.680723966764993 0.27060998160353394 0.680723966764993
vn 0.9722346907025021 -0.23400791908525204 0
vn 0.9626924052925385 0.2705981019742504 0
vn 0 -0.23400791908525204 0.9722346907025021
vn 0.49168312707358147 -0.7186761475812933 0.49168312707358147
vn 0.6874764267919676 -0.23399214775435623 0.6874764267919676
vn 0.9722346907025021 -0.23400791908525204 0
vn 0.6874764267919676 -0.23399214775435623 0.6874764267919676
vn 0.49168312707358147 -0.7186761475812933 0.49168312707358147
vn 0.49168312707358147 -0.7186761475812933 0.49168312707358147
vn 0 -0.23400791908525204 0.9722346907025021
vn 0 -0.7187099826177105 0.6953099746772301
vn 0.9722346907025021 -0.23400791908525204 0
vn 0.49168312707358147 -0.7186761475812933 0.49168312707358147
vn 0.6953099746772301 -0.7187099826177105 0
vn 0 -0.23400791908525204 0.9722346907025021
vn -0.49168312707358147 -0.7186761475812933 0.49168312707358147
vn 0 -0.7187099826177105 0.6953099746772301
vn 0.9722346907025021 -0.23400791908525204 0
vn 0.680723966764993 0.27060998160353394 -0.680723966764993
vn 0.9626924052925385 0.2705981019742504 0
vn 0.49168312707358147 -0.7186761475812933 -0.49168312707358147
vn 0.9722346907025021 -0.23400791908525204 0
vn 0.6953099746772301 -0.7187099826177105 0
vn 0.680723966764993 0.27060998160353394 -0.680723966764993
vn 0.9722346907025021 -0.23400791908525204 0
vn 0.6874764267919676 -0.23399214775435623 -0.6874764267919676
vn 0.9722346907025021 -0.23400791908525204 0
vn 0.49168312707358147 -0.7186761475812933 -0.49168312707358147
vn 0.6874764267919676 -0.23399214775435623 -0.6874764267919676
vn -0.49168312707358147 -0.7186761475812933 0.49168312707358147
vn 0 -0.23400791908525204 0.9722346907025021
vn -0.6874764267919676 -0.23399214775435623 0.6874764267919676
vn 0 -0.23400791908525204 0.9722346907025021
vn -0.680723966764993 0.27060998160353394 0.680723966764993
vn -0.6874764267919676 -0.23399214775435623 0.6874764267919676
vn -0.9722346907025021 -0.23400791908525204 0
vn -0.49168312707358147 -0.7186761475812933 0.49168312707358147
vn -0.6874764267919676 -0.23399214775435623 0.6874764267919676
vn -0.9722346907025021 -0.23400791908525204 0
vn -0.6874764267919676 -0.23399214775435623 0.6874764267919676
vn -0.680723966764993 0.27060998160353394 0.680723966764993
vn -0.49168312707358147 -0.7186761475812933 0.49168312707358147
vn -0.9722346907025021 -0.23400791908525204 0
vn -0.6953099746772301 -0.7187099826177105 0
vn -0.680723966764993 0.27060998160353394 0.680723966764993
vn -0.9626924052925385 0.2705981019742504 0
vn -0.9722346907025021 -0.23400791908525204 0
vn -0.49168312707358147 -0.7186761475812933 -0.49168312707358147
vn -0.6953099746772301 -0.7187099826177105 0
vn -0.9722346907025021 -0.23400791908525204 0
vn -0.680723966764993 0.27060998160353394 -0.680723966764993
vn -0.9722346907025021 -0.23400791908525204 0
vn -0.9626924052925385 0.2705981019742504 0
vn -0.49168312707358147 -0.7186761475812933 -0.49168312707358147
vn -0.9722346907025021 -0.23400791908525204 0
vn -0.6874764267919676 -0.23399214775435623 -0.6874764267919676
vn -0.9722346907025021 -0.23400791908525204 0
vn -0.680723966764993 0.27060998160353394 -0.680723966764993
vn -0.6874764267919676 -0.23399214775435623 -0.6874764267919676
vn 0 -0.23400791908525204 -0.9722346907025021
vn -0.49168312707358147 -0.7186761475812933 -0.49168312707358147
vn -0.6874764267919676 -0.23399214775435623 -0.6874764267919676
vn -0.680723966764993 0.27060998160353394 -0.680723966764993
vn 0 -0.23400791908525204 -0.9722346907025021
vn -0.6874764267919676 -0.23399214775435623 -0.6874764267919676
vn -0.49168312707358147 -0.7186761475812933 -0.49168312707358147
vn 0 -0.23400791908525204 -0.9722346907025021
vn 0 -0.7187099826177105 -0.6953099746772301
vn 0 -0.23400791908525204 -0.9722346907025021
vn 0.49168312707358147 -0.7186761475812933 -0.49168312707358147
vn 0 -0.7187099826177105 -0.6953099746772301
vn 0 -0.23400791908525204 -0.9722346907025021
vn 0.6874764267919676 -0.23399214775435623 -0.6874764267919676
vn 0.49168312707358147 -0.7186761475812933 -0.49168312707358147
vn 0 -0.23400791908525204 -0.9722346907025021
vn 0.680723966764993 0.27060998160353394 -0.680723966764993
vn 0.6874764267919676 -0.23399214775435623 -0.6874764267919676
vn -0.680723966764993 0.27060998160353394 -0.680723966764993
vn 0 0.2705981019742504 -0.9626924052925385
vn 0 -0.23400791908525204 -0.9722346907025021
vn 0.680723966764993 0.27060998160353394 -0.680723966764993
vn 0 -0.23400791908525204 -0.9722346907025021
vn 0 0.2705981019742504 -0.9626924052925385
f 745/745/745 746/746/746 747/747/747
f 748/748/748 749/749/749 750/750/750
f 751/751/751 752/752/752 753/753/753
f 754/754/754 755/755/755 756/756/756
f 757/757/757 758/758/758 759/759/759
f 760/760/760 761/761/761 762/762/762
f 763/763/763 764/764/764 765/765/765
f 766/766/766 767/767/767 768/768/768
f 769/769/769 770/770/770 771/771/771
f 772/772/772 773/773/773 774/774/774
f 775/775/775 776/776/776 777/777/777
f 778/778/778 779/779/779 780/780/780
f 781/781/781 782/782/782 783/783/783
f 784/784/784 785/785/785 786/786/786
f 787/787/787 788/788/788 789/789/789
f 790/790/790 791/791/791 792/792/792
f 793/793/793 794/794/794 795/795/795
f 796/796/796 797/797/797 798/798/798
f 799/799/799 800/800/800 801/801/801
f 802/802/802 803/803/803 804/804/804
f 805/805/805 806/806/806 807/807/807
f 808/808/808 809/809/809 810/810/810
f 811/811/811 812/812/812 813/813/813
f 814/814/814 815/815/815 816/816/816
f 817/817/817 818/818/818 819/819/819
f 820/820/820 821/821/821 822/822/822
f 823/823/823 824/824/824 825/825/825
f 826/826/826 827/827/827 828/828/828
f 829/829/829 830/830/830 831/831/831
f 832/832/832 833/833/833 834/834/834
f 835/835/835 836/836/836 837/837/837
f 838/838/838 839/839/839 840/840/840
o 
v 0.06715697554775829 0.3732584643510428 -0.061170736201543285
v 0.09165297953316326 0.2739734652784911 -0.002031737812299206
v 0.06715697554775829 0.2739734652784911 -0.061170736201543285
v 0.09165297953316326 0.2739734652784911 -0.002031737812299206
v 0.06715697554775829 0.3732584643510428 -0.061170736201543285
v 0.09165297953316326 0.3732584643510428 -0.002031737812299206
v 0.008017977158514211 0.3732584643510428 -0.08566674018694825
v 0.06715697554775829 0.3732584643510428 -0.061170736201543285
v 0.06715697554775829 0.2739734652784911 -0.061170736201543285
v 0.09165297953316326 0.3732584643510428 -0.002031737812299206
v 0.06715697554775829 0.2739734652784911 0.057107260576944874
v 0.09165297953316326 0.2739734652784911 -0.002031737812299206
v 0.008017977158514211 0.3732584643510428 -0.08566674018694825
v 0.06715697554775829 0.2739734652784911 -0.061170736201543285
v 0.008017977158514211 0.2739734652784911 -0.08566674018694825
v 0.06715697554775829 0.2739734652784911 0.057107260576944874
v 0.09165297953316326 0.3732584643510428 -0.002031737812299206
v 0.06715697554775829 0.3732584643510428 0.057107260576944874
v 0.06715697554775829 0.2739734652784911 0.057107260576944874
v 0.06715697554775829 0.3732584643510428 0.057107260576944874
v 0.008017977158514211 0.2739734652784911 0.08160326456234984
v 0.059792978147951314 0.38464746655498416 -0.05380673880173631
v 0.09165297953316326 0.3732584643510428 -0.002031737812299206
v 0.06715697554775829 0.3732584643510428 -0.061170736201543285
v 0.008017977158514211 0.3732584643510428 -0.08566674018694825
v 0.059792978147951314 0.38464746655498416 -0.05380673880173631
v 0.06715697554775829 0.3732584643510428 -0.061170736201543285
v 0.008017977158514211 0.2739734652784911 0.08160326456234984
v 0.06715697554775829 0.3732584643510428 0.057107260576944874
v 0.008017977158514211 0.3732584643510428 0.08160326456234984
v 0.09165297953316326 0.3732584643510428 -0.002031737812299206
v 0.059792978147951314 0.38464746655498416 0.0497432631771379
v 0.06715697554775829 0.3732584643510428 0.057107260576944874
v 0.008017977158514211 0.3732584643510428 0.08160326456234984
v 0.06715697554775829 0.3732584643510428 0.057107260576944874
v 0.059792978147951314 0.38464746655498416 0.0497432631771379
v 0.008017977158514211 0.3732584643510428 0.08160326456234984
v -0.05112102123072987 0.2739734652784911 0.057107260576944874
v 0.008017977158514211 0.2739734652784911 0.08160326456234984
v 0.059792978147951314 0.38464746655498416 0.0497432631771379
v 0.09165297953316326 0.3732584643510428 -0.002031737812299206
v 0.08123897520729656 0.38464746655498416 -0.002031737812299206
v 0.09165297953316326 0.3732584643510428 -0.002031737812299206
v 0.059792978147951314 0.38464746655498416 -0.05380673880173631
v 0.08123897520729656 0.38464746655498416 -0.002031737812299206
v 0.059792978147951314 0.38464746655498416 -0.05380673880173631
v 0.059792978147951314 0.38464746655498416 0.0497432631771379
v 0.08123897520729656 0.38464746655498416 -0.002031737812299206
v 0.008017977158514211 0.3732584643510428 0.08160326456234984
v 0.059792978147951314 0.38464746655498416 0.0497432631771379
v 0.008017977158514211 0.38464746655498416 0.07118926023648314
v 0.059792978147951314 0.38464746655498416 -0.05380673880173631
v 0.008017977158514211 0.3732584643510428 -0.08566674018694825
v 0.008017977158514211 0.38464746655498416 -0.07525273586108155
v -0.05112102123072987 0.2739734652784911 0.057107260576944874
v 0.008017977158514211 0.3732584643510428 0.08160326456234984
v -0.05112102123072987 0.3732584643510428 0.057107260576944874
v -0.07561702521613484 0.2739734652784911 -0.002031737812299206
v -0.05112102123072987 0.2739734652784911 0.057107260576944874
v -0.05112102123072987 0.3732584643510428 0.057107260576944874
v -0.04375702383092289 0.38464746655498416 0.0497432631771379
v 0.008017977158514211 0.3732584643510428 0.08160326456234984
v 0.008017977158514211 0.38464746655498416 0.07118926023648314
v 0.059792978147951314 0.38464746655498416 0.0497432631771379
v -0.04375702383092289 0.38464746655498416 0.0497432631771379
v 0.008017977158514211 0.38464746655498416 0.07118926023648314
v 0.008017977158514211 0.3732584643510428 0.08160326456234984
v -0.04375702383092289 0.38464746655498416 0.0497432631771379
v -0.05112102123072987 0.3732584643510428 0.057107260576944874
v 0.059792978147951314 0.38464746655498416 -0.05380673880173631
v -0.04375702383092289 0.38464746655498416 0.0497432631771379
v 0.059792978147951314 0.38464746655498416 0.0497432631771379
v -0.07561702521613484 0.3732584643510428 -0.002031737812299206
v -0.07561702521613484 0.2739734652784911 -0.002031737812299206
v -0.05112102123072987 0.3732584643510428 0.057107260576944874
v -0.07561702521613484 0.3732584643510428 -0.002031737812299206
v -0.05112102123072987 0.3732584643510428 0.057107260576944874
v -0.04375702383092289 0.38464746655498416 0.0497432631771379
v -0.05112102123072987 0.2739734652784911 -0.061170736201543285
v -0.07561702521613484 0.2739734652784911 -0.002031737812299206
v -0.07561702521613484 0.3732584643510428 -0.002031737812299206
v 0.059792978147951314 0.38464746655498416 -0.05380673880173631
v -0.04375702383092289 0.38464746655498416 -0.05380673880173631
v -0.04375702383092289 0.38464746655498416 0.0497432631771379
v -0.04375702383092289 0.38464746655498416 -0.05380673880173631
v 0.059792978147951314 0.38464746655498416 -0.05380673880173631
v 0.008017977158514211 0.38464746655498416 -0.07525273586108155
v -0.04375702383092289 0.38464746655498416 -0.05380673880173631
v 0.008017977158514211 0.38464746655498416 -0.07525273586108155
v 0.008017977158514211 0.3732584643510428 -0.08566674018694825
v -0.04375702383092289 0.38464746655498416 0.0497432631771379
v -0.04375702383092289 0.38464746655498416 -0.05380673880173631
v -0.06520401926806813 0.38464746655498416 -0.002031737812299206
v -0.04375702383092289 0.38464746655498416 0.0497432631771379
v -0.06520401926806813 0.38464746655498416 -0.002031737812299206
v -0.07561702521613484 0.3732584643510428 -0.002031737812299206
v -0.04375702383092289 0.38464746655498416 -0.05380673880173631
v -0.07561702521613484 0.3732584643510428 -0.002031737812299206
v -0.06520401926806813 0.38464746655498416 -0.002031737812299206
v -0.05112102123072987 0.3732584643510428 -0.061170736201543285
v -0.05112102123072987 0.2739734652784911 -0.061170736201543285
v -0.07561702521613484 0.3732584643510428 -0.002031737812299206
v -0.07561702521613484 0.3732584643510428 -0.002031737812299206
v -0.04375702383092289 0.38464746655498416 -0.05380673880173631
v -0.05112102123072987 0.3732584643510428 -0.061170736201543285
v 0.008017977158514211 0.3732584643510428 -0.08566674018694825
v -0.05112102123072987 0.3732584643510428 -0.061170736201543285
v -0.04375702383092289 0.38464746655498416 -0.05380673880173631
v -0.05112102123072987 0.3732584643510428 -0.061170736201543285
v 0.008017977158514211 0.2739734652784911 -0.08566674018694825
v -0.05112102123072987 0.2739734652784911 -0.061170736201543285
v -0.05112102123072987 0.3732584643510428 -0.061170736201543285
v 0.008017977158514211 0.3732584643510428 -0.08566674018694825
v 0.008017977158514211 0.2739734652784911 -0.08566674018694825
vt 0 0
vt 0 0
vt 0 0
vt 0 0
vt 0 0
vt 0 0
vt 0 0
vt 0 0
vt 0 0
vt 0 0
vt 0 0
vt 0 0
vt 0 0
vt 0 0
vt 0 0
vt 0 0
vt 0 0
vt 0 0
vt 0 0
vt 0 0
vt 0 0
vt 0 0
vt 0 0
vt 0 0
vt 0 0
vt 0 0
vt 0 0
vt 0 0
vt 0 0
vt 0 0
vt 0 0
vt 0 0
vt 0 0
vt 0 0
vt 0 0
vt 0 0
vt 0 0
vt 0 0
vt 0 0
vt 0 0
vt 0 0
vt 0 0
vt 0 0
vt 0 0
vt 0 0
vt 0 0
vt 0 0
vt 0 0
vt 0 0
vt 0 0
vt 0 0
vt 0 0
vt 0 0
vt 0 0
vt 0 0
vt 0 0
vt 0 0
vt 0 0
vt 0 0
vt 0 0
vt 0 0
vt 0 0
vt 0 0
vt 0 0
vt 0 0
vt 0 0
vt 0 0
vt 0 0
vt 0 0
vt 0 0
vt 0 0
vt 0 0
vt 0 0
vt 0 0
vt 0 0
vt 0 0
vt 0 0
vt 0 0
vt 0 0
vt 0 0
vt 0 0
vt 0 0
vt 0 0
vt 0 0
vt 0 0
vt 0 0
vt 0 0
vt 0 0
vt 0 0
vt 0 0
vt 0 0
vt 0 0
vt 0 0
vt 0 0
vt 0 0
vt 0 0
vt 0 0
vt 0 0
vt 0 0
vt 0 0
vt 0 0
vt 0 0
vt 0 0
vt 0 0
vt 0 0
vt 0 0
vt 0 0
vt 0 0
vt 0 0
vt 0 0
vt 0 0
vt 0 0
vt 0 0
vt 0 0
vn 0.666198808749661 0.3351988878875724 -0.666198808749661
vn 1 0 0
vn 0.7071067811865476 0 -0.7071067811865476
vn 1 0 0
vn 0.666198808749661 0.3351988878875724 -0.666198808749661
vn 0.9421416968152341 0.33521489096117346 0
vn 0 0.33521489096117346 -0.9421416968152341
vn 0.666198808749661 0.3351988878875724 -0.666198808749661
vn 0.7071067811865476 0 -0.7071067811865476
vn 0.9421416968152341 0.33521489096117346 0
vn 0.7071067811865476 0 0.7071067811865476
vn 1 0 0
vn 0 0.33521489096117346 -0.9421416968152341
vn 0.7071067811865476 0 -0.7071067811865476
vn 0 0 -1
vn 0.7071067811865476 0 0.7071067811865476
vn 0.9421416968152341 0.33521489096117346 0
vn 0.666198808749661 0.3351988878875724 0.666198808749661
vn 0.7071067811865476 0 0.7071067811865476
vn 0.666198808749661 0.3351988878875724 0.666198808749661
vn 0 0 1
vn 0.3397129589776072 0.8770348972562934 -0.3397129589776072
vn 0.9421416968152341 0.33521489096117346 0
vn 0.666198808749661 0.3351988878875724 -0.666198808749661
vn 0 0.33521489096117346 -0.9421416968152341
vn 0.3397129589776072 0.8770348972562934 -0.3397129589776072
vn 0.666198808749661 0.3351988878875724 -0.666198808749661
vn 0 0 1
vn 0.666198808749661 0.3351988878875724 0.666198808749661
vn 0 0.33521489096117346 0.9421416968152341
vn 0.9421416968152341 0.33521489096117346 0
vn 0.3397129589776072 0.8770348972562934 0.3397129589776072
vn 0.666198808749661 0.3351988878875724 0.666198808749661
vn 0 0.33521489096117346 0.9421416968152341
vn 0.666198808749661 0.3351988878875724 0.666198808749661
vn 0.3397129589776072 0.8770348972562934 0.3397129589776072
vn 0 0.33521489096117346 0.9421416968152341
vn -0.7071067811865476 0 0.7071067811865476
vn 0 0 1
vn 0.3397129589776072 0.8770348972562934 0.3397129589776072
vn 0.9421416968152341 0.33521489096117346 0
vn 0.4804210065267688 0.8770380017352762 0
vn 0.9421416968152341 0.33521489096117346 0
vn 0.3397129589776072 0.8770348972562934 -0.3397129589776072
vn 0.4804210065267688 0.8770380017352762 0
vn 0.3397129589776072 0.8770348972562934 -0.3397129589776072
vn 0.3397129589776072 0.8770348972562934 0.3397129589776072
vn 0.4804210065267688 0.8770380017352762 0
vn 0 0.33521489096117346 0.9421416968152341
vn 0.3397129589776072 0.8770348972562934 0.3397129589776072
vn 0 0.8770380017352762 0.4804210065267688
vn 0.3397129589776072 0.8770348972562934 -0.3397129589776072
vn 0 0.33521489096117346 -0.9421416968152341
vn 0 0.8770380017352762 -0.4804210065267688
vn -0.7071067811865476 0 0.7071067811865476
vn 0 0.33521489096117346 0.9421416968152341
vn -0.666198808749661 0.3351988878875724 0.666198808749661
vn -1 0 0
vn -0.7071067811865476 0 0.7071067811865476
vn -0.666198808749661 0.3351988878875724 0.666198808749661
vn -0.3397129589776072 0.8770348972562934 0.3397129589776072
vn 0 0.33521489096117346 0.9421416968152341
vn 0 0.8770380017352762 0.4804210065267688
vn 0.3397129589776072 0.8770348972562934 0.3397129589776072
vn -0.3397129589776072 0.8770348972562934 0.3397129589776072
vn 0 0.8770380017352762 0.4804210065267688
vn 0 0.33521489096117346 0.9421416968152341
vn -0.3397129589776072 0.8770348972562934 0.3397129589776072
vn -0.666198808749661 0.3351988878875724 0.666198808749661
vn 0.3397129589776072 0.8770348972562934 -0.3397129589776072
vn -0.3397129589776072 0.8770348972562934 0.3397129589776072
vn 0.3397129589776072 0.8770348972562934 0.3397129589776072
vn -0.9421416968152341 0.33521489096117346 0
vn -1 0 0
vn -0.666198808749661 0.3351988878875724 0.666198808749661
vn -0.9421416968152341 0.33521489096117346 0
vn -0.666198808749661 0.3351988878875724 0.666198808749661
vn -0.3397129589776072 0.8770348972562934 0.3397129589776072
vn -0.7071067811865476 0 -0.7071067811865476
vn -1 0 0
vn -0.9421416968152341 0.33521489096117346 0
vn 0.3397129589776072 0.8770348972562934 -0.3397129589776072
vn -0.3397129589776072 0.8770348972562934 -0.3397129589776072
vn -0.3397129589776072 0.8770348972562934 0.3397129589776072
vn -0.3397129589776072 0.8770348972562934 -0.3397129589776072
vn 0.3397129589776072 0.8770348972562934 -0.3397129589776072
vn 0 0.8770380017352762 -0.4804210065267688
vn -0.3397129589776072 0.8770348972562934 -0.3397129589776072
vn 0 0.8770380017352762 -0.4804210065267688
vn 0 0.33521489096117346 -0.9421416968152341
vn -0.3397129589776072 0.8770348972562934 0.3397129589776072
vn -0.3397129589776072 0.8770348972562934 -0.3397129589776072
vn -0.4804210065267688 0.8770380017352762 0
vn -0.3397129589776072 0.8770348972562934 0.3397129589776072
vn -0.4804210065267688 0.8770380017352762 0
vn -0.9421416968152341 0.33521489096117346 0
vn -0.3397129589776072 0.8770348972562934 -0.3397129589776072
vn -0.9421416968152341 0.33521489096117346 0
vn -0.4804210065267688 0.8770380017352762 0
vn -0.666198808749661 0.3351988878875724 -0.666198808749661
vn -0.7071067811865476 0 -0.7071067811865476
vn -0.9421416968152341 0.33521489096117346 0
vn -0.9421416968152341 0.33521489096117346 0
vn -0.3397129589776072 0.8770348972562934 -0.3397129589776072
vn -0.666198808749661 0.3351988878875724 -0.666198808749661
vn 0 0.33521489096117346 -0.9421416968152341
vn -0.666198808749661 0.3351988878875724 -0.666198808749661
vn -0.3397129589776072 0.8770348972562934 -0.3397129589776072
vn -0.666198808749661 0.3351988878875724 -0.666198808749661
vn 0 0 -1
vn -0.7071067811865476 0 -0.7071067811865476
vn -0.666198808749661 0.3351988878875724 -0.666198808749661
vn 0 0.33521489096117346 -0.9421416968152341
vn 0 0 -1
f 841/841/841 842/842/842 843/843/843
f 844/844/844 845/845/845 846/846/846
f 847/847/847 848/848/848 849/849/849
f 850/850/850 851/851/851 852/852/852
f 853/853/853 854/854/854 855/855/855
f 856/856/856 857/857/857 858/858/858
f 859/859/859 860/860/860 861/861/861
f 862/862/862 863/863/863 864/864/864
f 865/865/865 866/866/866 867/867/867
f 868/868/868 869/869/869 870/870/870
f 871/871/871 872/872/872 873/873/873
f 874/874/874 875/875/875 876/876/876
f 877/877/877 878/878/878 879/879/879
f 880/880/880 881/881/881 882/882/882
f 883/883/883 884/884/884 885/885/885
f 886/886/886 887/887/887 888/888/888
f 889/889/889 890/890/890 891/891/891
f 892/892/892 893/893/893 894/894/894
f 895/895/895 896/896/896 897/897/897
f 898/898/898 899/899/899 900/900/900
f 901/901/901 902/902/902 903/903/903
f 904/904/904 905/905/905 906/906/906
f 907/907/907 908/908/908 909/909/909
f 910/910/910 911/911/911 912/912/912
f 913/913/913 914/914/914 915/915/915
f 916/916/916 917/917/917 918/918/918
f 919/919/919 920/920/920 921/921/921
f 922/922/922 923/923/923 924/924/924
f 925/925/925 926/926/926 927/927/927
f 928/928/928 929/929/929 930/930/930
f 931/931/931 932/932/932 933/933/933
f 934/934/934 935/935/935 936/936/936
f 937/937/937 938/938/938 939/939/939
f 940/940/940 941/941/941 942/942/942
f 943/943/943 944/944/944 945/945/945
f 946/946/946 947/947/947 948/948/948
f 949/949/949 950/950/950 951/951/951
f 952/952/952 953/953/953 954/954/954
