# Blender 5.0.0
# www.blender.org
mtllib gloriouswildcat_bodyatt8.mtl
o gloriouswildcat_bodyatt2
v 1.612790 0.221290 0.041337
v 1.612790 0.184977 0.074247
v 1.612790 0.184977 0.056378
v 1.612790 0.148665 0.041337
v 1.612790 0.233925 0.053972
v 1.612790 0.136029 0.053972
v 1.612790 0.254200 0.005024
v 1.612790 0.133623 0.005024
v 1.612790 0.236331 0.005024
v 1.612790 0.115754 0.005024
v 1.612790 0.221290 -0.031289
v 1.612790 0.136029 -0.043924
v 1.612790 0.233925 -0.043924
v 1.612790 0.148665 -0.031289
v 1.612790 0.184977 -0.064199
v 1.612790 0.184977 -0.046330
v 1.592680 0.249317 -0.059316
v 1.612790 0.254200 0.005024
v 1.612790 0.233925 -0.043924
v 1.612790 0.184977 -0.064199
v 1.592680 0.275968 0.005024
v 1.592680 0.184977 -0.085967
v 1.592680 0.249317 0.069364
v 1.592680 0.120637 -0.059316
v 1.612790 0.233925 0.053972
v 1.612790 0.136029 -0.043924
v 1.612790 0.184977 0.074247
v 1.592680 0.093987 0.005024
v 1.592680 0.184977 0.096015
v 1.612790 0.115754 0.005024
v 1.592680 0.120637 0.069364
v 1.612790 0.136029 0.053972
v 1.273920 0.354300 -0.041776
v 1.273920 0.354300 0.051824
v 1.273920 0.266148 -0.041776
v 1.273920 0.266148 0.051824
v 1.273920 0.352452 -0.042077
v 1.273920 0.266148 -0.073277
v 1.273920 0.352452 -0.073277
v 1.273920 0.266148 -0.042077
v 1.273920 0.352452 0.052125
v 1.273920 0.266148 0.083325
v 1.273920 0.266148 0.052125
v 1.273920 0.352452 0.083325
v 1.306460 0.048126 0.146283
v 1.306460 0.048126 -0.136235
v 1.320830 0.076782 -0.136235
v 1.320830 0.076782 0.146283
v 1.306460 0.105439 -0.136235
v 1.306460 0.105439 0.146283
v 1.160500 0.453011 0.006596
v 1.166790 0.415064 -0.002838
v 1.160500 0.453011 0.003452
v 1.166790 0.415064 0.012886
v 1.204190 0.266148 -0.082673
v 1.204190 0.382201 -0.082673
v 1.203640 0.382201 -0.021478
v 1.203640 0.266148 -0.021478
v 1.203640 0.382201 0.031526
v 1.204190 0.266148 0.092721
v 1.203640 0.266148 0.031526
v 1.204190 0.382201 0.092721
v 1.182920 0.403005 0.005024
v 1.182920 0.261792 -0.022553
v 1.182920 0.414428 -0.022553
v 1.182920 0.261792 0.005024
v 1.182920 0.261792 0.032601
v 1.182920 0.414428 0.032601
v 1.182920 0.415006 0.005024
v 1.182920 0.424144 -0.017038
v 1.182920 0.424144 0.027086
v 1.182920 0.429064 -0.028917
v 1.182920 0.429064 0.038965
v 1.182920 0.420579 -0.037402
v 1.182920 0.420579 0.047450
v 1.182920 0.463006 -0.054976
v 1.182920 0.463006 0.065024
v 1.182920 0.463006 -0.042976
v 1.182920 0.484219 -0.046189
v 1.182920 0.479976 -0.035947
v 1.182920 0.463006 0.053024
v 1.182920 0.484219 0.056237
v 1.182920 0.479976 0.045995
v -0.220071 -0.423575 -0.102506
v -0.220071 -0.423575 0.112558
v -0.222429 -0.454809 -0.102506
v -0.227811 -0.414300 -0.102506
v -0.222429 -0.454809 0.112558
v -0.227811 -0.414300 0.112558
v -0.529191 -0.363297 -0.102506
v -0.529191 -0.363297 0.112558
v -0.526169 -0.306956 -0.102506
v -0.526169 -0.306956 0.112558
v -0.362511 -0.104167 -0.102506
v -0.362511 -0.104167 0.112558
v -0.358275 -0.039046 -0.102506
v -0.358275 -0.039046 0.112558
v -0.386666 0.001605 -0.102506
v -0.386666 0.001605 0.112558
v 0.629706 0.193036 -0.135412
v 0.629706 0.193036 0.145289
v 0.629706 0.161350 0.145289
v 0.638668 0.177193 -0.135412
v 0.629706 0.161350 -0.135412
v 0.638668 0.177193 0.145289
v 0.432128 -0.365589 -0.133081
v 0.407681 -0.356646 -0.159961
v 0.416384 -0.276589 -0.133081
v 0.392360 -0.280511 -0.160726
v 0.362563 -0.214434 -0.133081
v 0.106749 -0.462035 -0.133081
v 0.094307 -0.439122 -0.158375
v 0.076761 -0.482108 -0.158393
v 0.432128 -0.365589 0.143129
v 0.407681 -0.356646 0.170009
v 0.416384 -0.276589 0.143129
v 0.392360 -0.280511 0.170774
v 0.362563 -0.214434 0.143129
v 0.106749 -0.462035 0.143129
v 0.094307 -0.439122 0.168423
v 0.076761 -0.482108 0.168441
v 0.439071 -0.555750 0.139031
v 0.439071 -0.555750 -0.128983
v 0.604845 -0.159316 0.139031
v 0.604845 -0.159316 -0.128983
v 1.284980 -0.005315 0.139031
v 1.284980 -0.005315 -0.128983
v 1.290500 0.051245 -0.128983
v 1.290500 0.051245 0.139031
v -0.272097 0.104570 0.149186
v -0.272097 0.104570 -0.139138
v -0.262274 0.082334 0.149186
v -0.262274 0.082334 -0.139138
v -0.271051 0.059666 0.149186
v -0.271051 0.059666 -0.139138
v 0.629706 0.128237 -0.135412
v 0.629706 0.128237 0.145289
v 0.638668 0.112393 -0.135412
v 0.638668 0.112393 0.145289
v 0.629706 0.096550 -0.135412
v 0.629706 0.096550 0.145289
v 0.339312 -0.341517 -0.133081
v 0.318074 -0.308067 -0.150017
v 0.333340 -0.299190 -0.133081
v 0.339312 -0.341517 0.143129
v 0.318074 -0.308067 0.160065
v 0.333340 -0.299190 0.143129
v 0.969024 0.154134 -0.135412
v 1.002164 0.115062 0.145289
v 1.002164 0.114966 -0.135412
v 0.969024 0.154230 0.145289
v 0.969024 0.075894 0.145289
v 0.969024 0.075798 -0.135412
v 0.528815 -0.128468 -0.133081
v 0.501930 -0.138694 -0.161690
v 0.503986 -0.177185 -0.159505
v 0.528177 -0.186503 -0.133081
v 0.528815 -0.128468 0.143129
v 0.501930 -0.138694 0.171738
v 0.503986 -0.177185 0.169553
v 0.528177 -0.186503 0.143129
v 0.017903 -0.485430 0.129635
v 0.017903 -0.485430 -0.119587
v 0.027726 -0.507666 0.129635
v 0.027726 -0.507666 -0.119587
v 0.018949 -0.530334 0.129635
v 0.018949 -0.530334 -0.119587
v 0.362563 -0.214434 -0.133081
v 0.392359 -0.280512 -0.105436
v 0.416384 -0.276589 -0.133081
v 0.407680 -0.356646 -0.106201
v 0.432128 -0.365589 -0.133081
v 0.106749 -0.462035 -0.133081
v 0.094307 -0.439121 -0.107787
v 0.076761 -0.482108 -0.107769
v 0.362563 -0.214434 0.143129
v 0.392359 -0.280512 0.115484
v 0.416384 -0.276589 0.143129
v 0.407680 -0.356646 0.116249
v 0.432128 -0.365589 0.143129
v 0.106749 -0.462035 0.143129
v 0.094307 -0.439121 0.117835
v 0.076761 -0.482108 0.117817
v 0.607903 -0.035429 0.129635
v 0.607903 -0.035429 -0.119587
v 0.617726 -0.057666 0.129635
v 0.617726 -0.057666 -0.119587
v 0.608949 -0.080333 0.129635
v 0.608949 -0.080333 -0.119587
v -0.425064 -0.263867 -0.090880
v -0.428121 -0.275274 -0.101238
v -0.411743 -0.300965 -0.090879
v -0.425064 -0.263867 0.100928
v -0.428121 -0.275274 0.111287
v -0.411743 -0.300965 0.100928
v 1.167900 0.024571 0.129635
v 1.167900 0.024571 -0.119587
v 1.177730 0.002334 0.129635
v 1.177730 0.002334 -0.119587
v 1.168950 -0.020334 0.129635
v 1.168950 -0.020334 -0.119587
v 0.318074 -0.308067 -0.116145
v 0.333340 -0.299190 -0.133081
v 0.339312 -0.341517 -0.133081
v 0.318074 -0.308067 0.126193
v 0.333340 -0.299190 0.143129
v 0.339312 -0.341517 0.143129
v 0.528815 -0.128468 -0.133081
v 0.501930 -0.138694 -0.104473
v 0.503986 -0.177185 -0.106657
v 0.528177 -0.186503 -0.133081
v 0.528815 -0.128468 0.143129
v 0.501930 -0.138694 0.114521
v 0.503986 -0.177185 0.116705
v 0.528177 -0.186503 0.143129
v -0.066304 -0.527483 0.139031
v -0.066304 -0.527483 -0.128983
v -0.025519 -0.438433 0.139031
v -0.025519 -0.438433 -0.128983
v 0.069995 -0.398442 -0.128983
v 0.069995 -0.398442 0.139031
v 0.199976 -0.188195 -0.128983
v 0.199976 -0.188195 0.139031
v 0.201171 -0.005226 -0.128983
v 0.201171 -0.005226 0.139031
v -0.425064 -0.263867 -0.090880
v -0.428121 -0.275273 -0.080521
v -0.411743 -0.300965 -0.090879
v -0.425064 -0.263867 0.100928
v -0.428121 -0.275273 0.090570
v -0.411743 -0.300965 0.100928
v -0.276076 0.352452 -0.042077
v -0.276076 0.266148 -0.073277
v -0.276076 0.352452 -0.073277
v -0.276076 0.266148 -0.042077
v -0.276077 0.352452 0.052125
v -0.276076 0.266148 0.083325
v -0.276077 0.266148 0.052125
v -0.276076 0.352452 0.083325
v -0.276077 0.354300 0.051824
v -0.276076 0.354300 -0.041776
v -0.276076 0.266148 -0.041776
v -0.276077 0.266148 0.051824
v -0.239252 -0.340828 -0.095907
v -0.226455 -0.429523 0.105959
v -0.226455 -0.429523 -0.095907
v -0.239252 -0.340828 0.105959
v -0.116373 -0.003147 -0.095907
v -0.116373 -0.003147 0.105959
v -1.154640 -0.128751 -0.120949
v -1.154640 -0.128751 0.130997
v -1.151640 -0.394554 -0.120949
v -1.151640 -0.394554 0.130997
v -1.121410 -0.487729 -0.120949
v -1.121410 -0.487729 0.130997
v -1.173660 -0.558157 -0.120949
v -1.173660 -0.558157 0.130997
v -0.345810 0.266148 -0.082673
v -0.345810 0.382201 -0.082673
v -0.346354 0.382201 -0.021478
v -0.346354 0.266148 -0.021478
v -0.346354 0.382201 0.031526
v -0.345810 0.266148 0.092721
v -0.346354 0.266148 0.031526
v -0.345810 0.382201 0.092721
v -0.366437 0.414059 0.032871
v -0.366437 0.263441 0.032871
v -0.366437 0.402525 0.005024
v -0.366437 0.263441 0.005024
v -0.366437 0.263441 -0.022823
v -0.366437 0.414059 -0.022823
v -0.366437 0.414642 0.005024
v -0.366437 0.428839 0.039298
v -0.366437 0.428839 -0.029250
v -0.366437 0.420270 0.047866
v -0.366437 0.420270 -0.037818
v -0.366437 0.463112 0.065612
v -0.366437 0.463112 -0.055564
v -0.366437 0.463112 0.053494
v -0.366437 0.463112 -0.043446
v -0.366437 0.497386 0.039298
v -0.366437 0.497386 -0.029250
v -0.366437 0.505955 0.047866
v -0.366437 0.505955 -0.037818
v -0.366437 0.511583 0.005024
v -0.366437 0.523700 0.005024
v -0.457821 -0.025172 -0.136428
v -0.457821 0.216713 -0.136428
v -0.457821 0.216713 0.146476
v -0.457821 -0.025172 0.146476
v -0.457821 0.284583 -0.082820
v -0.457821 0.284583 0.092868
v -1.332790 0.139664 -0.134976
v -1.332790 0.139664 0.145024
v -1.332790 -0.591939 0.145024
v -1.332790 -0.591939 -0.134976
v -1.332790 0.196798 0.092194
v -1.332790 0.196798 -0.082146
v 1.507960 0.184977 0.005024
v 1.612790 0.148665 -0.031289
v 1.612790 0.148665 0.041337
v 1.612790 0.133623 0.005024
v -1.406850 0.196798 0.092130
v -1.332790 0.196798 0.092194
v -1.406850 0.196798 -0.082082
v -1.332790 0.196798 -0.082146
v 1.194980 0.412201 -0.041776
v 1.194980 0.412201 0.051824
v 1.213920 0.412201 -0.041776
v 1.213920 0.412201 0.051824
v 1.273920 0.354300 -0.041776
v 1.273920 0.354300 0.051824
v 1.273920 0.352452 -0.042077
v 1.273920 0.352452 -0.073277
v 1.243920 0.382201 -0.073277
v 1.243920 0.382201 -0.042077
v 1.204980 0.382201 -0.042077
v 1.204980 0.382201 -0.073277
v 1.273920 0.352452 0.052125
v 1.273920 0.352452 0.083325
v 1.243920 0.382201 0.083325
v 1.243920 0.382201 0.052125
v 1.204980 0.382201 0.052125
v 1.204980 0.382201 0.083325
v -0.444745 0.352452 -0.083876
v -0.445288 0.352452 -0.022681
v -0.414749 0.382201 -0.083353
v -0.415293 0.382201 -0.022157
v -0.345810 0.382201 -0.082673
v -0.346354 0.382201 -0.021478
v -0.445288 0.352452 0.032729
v -0.444745 0.352452 0.093924
v -0.414749 0.382201 0.093401
v -0.415293 0.382201 0.032205
v -0.345810 0.382201 0.092721
v -0.346354 0.382201 0.031526
v -0.678610 0.045111 -0.120949
v -0.525881 0.045299 0.130997
v -0.525881 0.045299 -0.120949
v -0.678611 0.045111 0.130997
v -0.898413 -0.024859 -0.120949
v -0.898413 -0.024859 0.130997
v -1.117260 -0.025554 -0.120949
v -1.117260 -0.025554 0.130997
v -1.207470 -0.104695 -0.120949
v -1.207470 -0.104695 0.130997
v -1.200350 -0.506604 -0.120949
v -1.200350 -0.506604 0.130997
v -1.363210 -0.504407 -0.120949
v -1.363210 -0.504407 0.130997
v 1.160500 0.453011 0.003452
v 1.157350 0.453011 0.003452
v 1.157350 0.453011 0.006596
v 1.160500 0.453011 0.006596
v 1.182920 0.429064 -0.028917
v 1.134920 0.429064 -0.028917
v 1.182920 0.424144 -0.017038
v 1.134920 0.424144 -0.017038
v 1.182920 0.415006 0.005024
v 1.134920 0.415006 0.005024
v 1.182920 0.424144 0.027086
v 1.134920 0.424144 0.027086
v 1.182920 0.429064 0.038965
v 1.134920 0.429064 0.038965
v 1.134920 0.484219 0.056237
v 1.182920 0.484219 0.056237
v 1.134920 0.479976 0.045995
v 1.182920 0.479976 0.045995
v 1.134920 0.484219 -0.046189
v 1.182920 0.479976 -0.035947
v 1.182920 0.484219 -0.046189
v 1.134920 0.479976 -0.035947
v -0.415715 0.505955 -0.037818
v -0.366437 0.505955 -0.037818
v -0.415715 0.523700 0.005024
v -0.366437 0.523700 0.005024
v -0.415715 0.505955 0.047866
v -0.366437 0.505955 0.047866
v 1.247580 0.302787 -0.063428
v -0.341991 0.302787 -0.063428
v -0.341991 0.318423 -0.025022
v 1.247580 0.318423 -0.025022
v -0.341991 0.318423 0.034294
v 1.247580 0.318423 0.034294
v -0.341991 0.302787 0.072699
v 1.247580 0.302787 0.072699
v -0.227811 -0.414300 -0.102506
v -0.227811 -0.414300 0.112558
v -0.498122 -0.393886 0.112558
v -0.498122 -0.393886 -0.102506
v -0.529191 -0.363297 -0.102506
v -0.529191 -0.363297 0.112558
v -0.079915 0.193036 -0.135412
v -0.079915 0.193036 0.145289
v 0.629706 0.193036 -0.135412
v 0.629706 0.193036 0.145289
v -0.060430 -0.408994 0.139031
v -0.060430 -0.408994 -0.128983
v 0.038986 -0.359156 -0.128983
v 0.038986 -0.359156 0.139031
v -0.457821 0.284583 -0.082820
v -0.553770 0.284583 -0.082820
v -0.457821 0.284583 0.092868
v -0.553770 0.284583 0.092868
v -0.317001 0.103523 -0.139138
v -0.294766 0.113347 0.149186
v -0.294766 0.113347 -0.139138
v -0.272097 0.104570 0.149186
v -0.317001 0.103523 0.149186
v -0.272097 0.104570 -0.139138
v -0.079915 0.128237 -0.135412
v -0.079915 0.128237 0.145289
v 0.629706 0.128237 -0.135412
v 0.629706 0.128237 0.145289
v 0.291180 -0.288532 -0.151860
v 0.244857 -0.268386 -0.133081
v 0.252338 -0.290060 -0.154914
v 0.291180 -0.288532 0.161908
v 0.244857 -0.268386 0.143129
v 0.252338 -0.290060 0.164962
v 0.293806 -0.359610 -0.133081
v 0.303373 -0.371794 -0.147428
v 0.278272 -0.374512 -0.146095
v 0.293806 -0.359610 0.143129
v 0.303373 -0.371794 0.157476
v 0.278272 -0.374512 0.156143
v 0.963924 0.044149 -0.136235
v -0.481312 0.044149 -0.136235
v -0.481312 0.044149 0.146283
v 0.963924 0.044149 0.146283
v 1.111180 0.105439 0.146283
v 1.111180 0.105439 -0.136235
v 1.306460 0.105439 0.146283
v 1.306460 0.105439 -0.136235
v 1.352780 0.240465 0.060512
v 1.230480 0.240465 0.060512
v 1.230480 0.263449 0.005024
v 1.352780 0.263449 0.005024
v 1.230480 0.240465 -0.050464
v 1.352780 0.240465 -0.050464
v 0.969024 0.154134 -0.135412
v 0.969024 0.154230 0.145289
v 0.778649 0.154230 0.145289
v 0.778649 0.154134 -0.135412
v 1.370750 0.249317 0.069364
v 1.592680 0.249317 0.069364
v 1.370750 0.275968 0.005024
v 1.592680 0.275968 0.005024
v 1.370750 0.249317 -0.059316
v 1.592680 0.249317 -0.059316
v 0.275031 -0.471704 -0.162402
v 0.265006 -0.441928 -0.133081
v 0.195439 -0.461398 -0.159547
v 0.346004 -0.100368 -0.165140
v 0.142219 -0.409605 -0.133081
v 0.320598 -0.080661 -0.133081
v 0.094307 -0.439122 -0.158375
v 0.392586 -0.046542 -0.133081
v 0.081941 -0.416068 -0.133081
v 0.401152 -0.077291 -0.165112
v 0.467557 -0.089128 -0.165194
v 0.485422 -0.061988 -0.133081
v 0.275031 -0.471704 0.172450
v 0.265006 -0.441928 0.143129
v 0.195439 -0.461398 0.169595
v 0.142219 -0.409605 0.143129
v 0.094307 -0.439122 0.168423
v 0.346004 -0.100368 0.175188
v 0.081941 -0.416068 0.143129
v 0.320598 -0.080661 0.143129
v 0.392586 -0.046542 0.143129
v 0.401152 -0.077291 0.175160
v 0.467557 -0.089128 0.175242
v 0.485422 -0.061988 0.143129
v -0.027001 -0.486477 -0.119587
v -0.004766 -0.476654 0.129635
v -0.004766 -0.476654 -0.119587
v 0.017903 -0.485430 0.129635
v -0.027001 -0.486477 0.129635
v 0.017903 -0.485430 -0.119587
v -0.415715 0.428839 0.039298
v -0.366437 0.428839 0.039298
v -0.366437 0.428839 -0.029250
v -0.415715 0.414642 0.005024
v -0.415715 0.428839 -0.029250
v -0.366437 0.414642 0.005024
v 0.562999 -0.036477 -0.119587
v 0.585234 -0.026654 0.129635
v 0.585234 -0.026654 -0.119587
v 0.607903 -0.035429 0.129635
v 0.562999 -0.036477 0.129635
v 0.607903 -0.035429 -0.119587
v -0.458958 -0.261610 -0.090880
v -0.452762 -0.273258 -0.102452
v -0.425064 -0.263867 -0.090880
v -0.458958 -0.261610 0.100928
v -0.452762 -0.273258 0.112501
v -0.425064 -0.263867 0.100928
v 1.123000 0.023523 -0.119587
v 1.145230 0.033347 0.129635
v 1.145230 0.033347 -0.119587
v 1.167900 0.024571 0.129635
v 1.123000 0.023523 0.129635
v 1.167900 0.024571 -0.119587
v 0.252338 -0.290060 -0.111248
v 0.244857 -0.268386 -0.133081
v 0.291180 -0.288532 -0.114302
v 0.252338 -0.290060 0.121296
v 0.244857 -0.268386 0.143129
v 0.291180 -0.288532 0.124350
v 0.278272 -0.374511 -0.120067
v 0.293806 -0.359610 -0.133081
v 0.303372 -0.371794 -0.118734
v 0.303372 -0.371794 0.128782
v 0.278272 -0.374511 0.130115
v 0.293806 -0.359610 0.143129
v 0.346003 -0.100367 -0.101022
v 0.320598 -0.080661 -0.133081
v 0.275031 -0.471703 -0.103760
v 0.392586 -0.046542 -0.133081
v 0.265006 -0.441928 -0.133081
v 0.401153 -0.077289 -0.101050
v 0.195439 -0.461398 -0.106615
v 0.467557 -0.089128 -0.100968
v 0.485422 -0.061988 -0.133081
v 0.142219 -0.409605 -0.133081
v 0.094307 -0.439121 -0.107787
v 0.081941 -0.416068 -0.133081
v 0.346003 -0.100367 0.111070
v 0.320598 -0.080661 0.143129
v 0.392586 -0.046542 0.143129
v 0.401153 -0.077289 0.111098
v 0.275031 -0.471703 0.113808
v 0.467557 -0.089128 0.111016
v 0.265006 -0.441928 0.143129
v 0.485422 -0.061988 0.143129
v 0.195439 -0.461398 0.116663
v 0.142219 -0.409605 0.143129
v 0.094307 -0.439121 0.117835
v 0.081941 -0.416068 0.143129
v 1.235900 0.015660 0.139031
v 1.235900 0.015660 -0.128983
v 1.166730 -0.045642 -0.128983
v 1.166730 -0.045642 0.139031
v 0.654911 -0.051583 -0.128983
v 0.654911 -0.051583 0.139031
v 0.569622 -0.123585 0.139031
v 0.569622 -0.123585 -0.128983
v 0.413873 -0.506636 -0.128983
v 0.413873 -0.506636 0.139031
v 0.327341 -0.552455 -0.128983
v 0.327341 -0.552455 0.139031
v -0.035634 -0.552972 -0.128983
v -0.035634 -0.552972 0.139031
v -0.066304 -0.527483 0.139031
v -0.066304 -0.527483 -0.128983
v -0.425064 -0.263867 -0.090880
v -0.452762 -0.273258 -0.079307
v -0.458958 -0.261610 -0.090880
v -0.425064 -0.263867 0.100928
v -0.452762 -0.273258 0.089356
v -0.458958 -0.261610 0.100928
v -0.276076 0.352452 -0.042077
v -0.276076 0.352452 -0.073277
v -0.306076 0.382201 -0.073277
v -0.306076 0.382201 -0.042077
v -0.345021 0.382201 -0.042077
v -0.345021 0.382201 -0.073277
v -0.276077 0.352452 0.052125
v -0.276076 0.352452 0.083325
v -0.306076 0.382201 0.083325
v -0.306076 0.382201 0.052125
v -0.345021 0.382201 0.052125
v -0.345021 0.382201 0.083325
v -0.355021 0.412201 -0.041776
v -0.355021 0.412201 0.051824
v -0.336076 0.412201 -0.041776
v -0.336076 0.412201 0.051824
v -0.276077 0.354300 0.051824
v -0.276076 0.354300 -0.041776
v 1.105260 0.352452 -0.083876
v 1.104710 0.352452 -0.022681
v 1.135250 0.382201 -0.083353
v 1.134710 0.382201 -0.022157
v 1.204190 0.382201 -0.082673
v 1.203640 0.382201 -0.021478
v 1.104710 0.352452 0.032729
v 1.105260 0.352452 0.093924
v 1.135250 0.382201 0.093401
v 1.134710 0.382201 0.032205
v 1.204190 0.382201 0.092721
v 1.203640 0.382201 0.031526
v 1.352780 0.240465 -0.050464
v 1.352780 0.240465 0.060512
v 1.370750 0.249317 -0.059316
v 1.370750 0.249317 0.069364
v 1.370750 0.275968 0.005024
v 1.352780 0.263449 0.005024
v 1.612790 0.221290 -0.031289
v 1.507960 0.184977 0.005024
v 1.612790 0.184977 -0.046330
v 1.612790 0.148665 -0.031289
v -1.406850 0.139428 0.145024
v -1.452790 0.092944 0.120233
v -1.406850 -0.591939 0.145024
v -1.452790 -0.545875 0.120233
v -1.332790 -0.591939 0.145024
v -1.332790 0.139664 0.145024
v -1.406850 0.196798 0.092130
v -1.332790 0.196798 0.092194
v 1.182920 0.463006 -0.042976
v 1.134920 0.479976 -0.035947
v 1.134920 0.463006 -0.042976
v 1.182920 0.479976 -0.035947
v 1.182920 0.429064 -0.028917
v 1.134920 0.429064 -0.028917
v -0.415715 0.505955 0.047866
v -0.366437 0.505955 0.047866
v -0.415715 0.463112 0.065612
v -0.366437 0.463112 0.065612
v -0.415715 0.420270 0.047866
v -0.366437 0.420270 0.047866
v -0.415715 0.414059 0.032871
v -0.366437 0.414059 0.032871
v -0.366437 0.263441 0.032871
v -0.415715 0.263441 0.032871
v -0.446567 -0.284907 0.100928
v -0.431177 -0.286680 0.100928
v -0.428121 -0.275274 0.111287
v -0.411743 -0.300965 0.100928
v -0.452762 -0.273258 0.112501
v -0.461308 -0.304812 0.100928
v -0.476687 -0.300587 0.114918
v -0.464234 -0.327328 0.100928
v -0.479325 -0.332487 0.114918
v -0.456832 -0.356793 0.116640
v -0.448194 -0.341103 0.100928
v -0.418671 -0.362777 0.119493
v -0.421462 -0.341798 0.100928
v -0.386570 -0.342185 0.119493
v -0.403210 -0.329108 0.100928
v -0.390735 -0.288674 0.100928
v -0.371481 -0.282364 0.118701
v -0.384377 -0.214504 0.100928
v -0.369454 -0.212347 0.114155
v -0.374198 -0.172314 0.100928
v -0.362112 -0.177715 0.112540
v -0.343771 -0.148064 0.109423
v -0.348357 -0.139535 0.100928
v -0.311708 -0.126411 0.100928
v 0.365580 -0.427784 0.173798
v 0.432128 -0.365589 0.143129
v 0.407681 -0.356646 0.170009
v 0.386542 -0.450264 0.143129
v 0.392360 -0.280511 0.170774
v 0.284170 -0.498901 0.143129
v 0.362563 -0.214434 0.143129
v 0.275031 -0.471704 0.172450
v 0.339996 -0.224410 0.166233
v 0.194511 -0.488190 0.143129
v 0.327002 -0.160612 0.168848
v 0.195439 -0.461398 0.169595
v 0.355105 -0.161140 0.143129
v 0.137521 -0.461764 0.143129
v 0.346004 -0.100368 0.175188
v 0.140128 -0.435981 0.168476
v 0.373307 -0.122524 0.143129
v 0.106749 -0.462035 0.143129
v 0.401152 -0.077291 0.175160
v 0.408061 -0.111556 0.143129
v 0.076761 -0.482108 0.168441
v 0.447779 -0.117854 0.143129
v 0.102806 -0.482099 0.143129
v 0.467557 -0.089128 0.175242
v 0.098822 -0.516895 0.168390
v 0.114459 -0.496132 0.143129
v 0.146636 -0.517024 0.143129
v 0.501930 -0.138694 0.171738
v 0.472740 -0.149620 0.143129
v 0.476377 -0.166654 0.143129
v 0.503986 -0.177185 0.169553
v 0.476828 -0.203590 0.169635
v 0.461824 -0.178838 0.143129
v 0.441374 -0.184663 0.143129
v 0.434442 -0.210304 0.166548
v 0.412877 -0.187242 0.164813
v 0.434765 -0.176068 0.143129
v 0.420863 -0.144658 0.143129
v -0.457821 0.284583 0.092868
v -0.553770 0.284583 0.092868
v -0.457821 0.216713 0.146476
v -0.553770 0.216713 0.146476
v -0.553770 -0.025172 0.146476
v -0.457821 -0.025172 0.146476
v -0.341991 0.275830 0.081858
v 1.247580 0.302787 0.072699
v -0.341991 0.302787 0.072699
v 1.247580 0.275829 0.081858
v 0.303373 -0.371794 0.157476
v 0.277302 -0.387983 0.143129
v 0.312765 -0.383350 0.143129
v 0.278272 -0.374512 0.156143
v 0.321621 -0.340125 0.160073
v 0.339312 -0.341517 0.143129
v 0.318074 -0.308067 0.160065
v 0.333340 -0.299190 0.143129
v 0.297091 -0.269767 0.143129
v 0.291180 -0.288532 0.161908
v 0.244857 -0.268386 0.143129
v 0.252338 -0.290060 0.164962
v 0.204258 -0.306258 0.143129
v 0.224715 -0.316676 0.164965
v 0.193427 -0.375380 0.143129
v 0.214031 -0.373446 0.162934
v 0.224921 -0.425167 0.143129
v 0.240429 -0.411234 0.162954
v 0.306945 -0.469405 0.143129
v 0.315839 -0.450348 0.162964
v -0.271051 0.059666 0.149186
v -0.317001 0.103523 0.149186
v -0.293286 0.049843 0.149186
v -0.315954 0.058619 0.149186
v -0.325778 0.080854 0.149186
v -0.262274 0.082334 0.149186
v -0.272097 0.104570 0.149186
v -0.294766 0.113347 0.149186
v 1.121730 0.048126 0.146283
v 0.963924 0.044149 0.146283
v 0.976247 -0.015595 0.146283
v -0.481312 -0.015595 0.146283
v -0.481312 0.044149 0.146283
v 1.111180 0.105439 0.146283
v 1.306460 0.105439 0.146283
v 1.306460 0.048126 0.146283
v 1.320830 0.076782 0.146283
v 0.778649 0.075894 0.145289
v 0.778649 0.154230 0.145289
v 0.745508 0.115062 0.145289
v 0.969024 0.154230 0.145289
v 0.969024 0.075894 0.145289
v 1.002164 0.115062 0.145289
v -0.079915 0.161350 0.145289
v 0.629706 0.193036 0.145289
v -0.079915 0.193036 0.145289
v -0.088878 0.177193 0.145289
v 0.629706 0.161350 0.145289
v 0.638668 0.177193 0.145289
v -0.079915 0.096550 0.145289
v 0.629706 0.128237 0.145289
v -0.079915 0.128237 0.145289
v -0.088878 0.112393 0.145289
v 0.629706 0.096550 0.145289
v 0.638668 0.112393 0.145289
v 1.235900 0.015660 0.139031
v 1.193210 -0.088988 0.139031
v 1.284980 -0.005315 0.139031
v 1.290500 0.051245 0.139031
v 1.237690 0.051245 0.139031
v 1.166730 -0.045642 0.139031
v 0.674555 -0.095756 0.139031
v 0.654911 -0.051583 0.139031
v 0.569622 -0.123585 0.139031
v 0.604845 -0.159316 0.139031
v 0.413873 -0.506636 0.139031
v 0.439071 -0.555750 0.139031
v 0.327341 -0.552455 0.139031
v 0.339156 -0.602231 0.139031
v -0.035634 -0.552972 0.139031
v -0.050421 -0.603576 0.139031
v -0.066304 -0.527483 0.139031
v -0.122560 -0.527955 0.139031
v -0.060430 -0.408994 0.139031
v -0.025519 -0.438433 0.139031
v 0.038986 -0.359156 0.139031
v 0.069995 -0.398442 0.139031
v 0.145075 -0.188675 0.139031
v 0.199976 -0.188195 0.139031
v 0.147702 -0.005430 0.139031
v 0.201171 -0.005226 0.139031
v 0.252338 -0.290060 0.164962
v 0.224715 -0.316676 0.164965
v 0.260156 -0.312101 0.143129
v 0.245526 -0.327331 0.143129
v 0.285202 -0.307766 0.143129
v 0.235211 -0.371093 0.143129
v 0.291180 -0.288532 0.161908
v 0.214031 -0.373446 0.162934
v 0.302326 -0.317278 0.143129
v 0.240429 -0.411234 0.162954
v 0.318074 -0.308067 0.160065
v 0.256012 -0.396923 0.143129
v 0.315839 -0.450348 0.162964
v 0.324719 -0.431313 0.143129
v 0.321621 -0.340125 0.160073
v 0.303565 -0.338450 0.143129
v 0.293806 -0.359610 0.143129
v 0.303373 -0.371794 0.157476
v 0.278272 -0.374512 0.156143
v 0.280062 -0.360577 0.143129
v 0.256219 -0.350894 0.143129
v -1.121410 -0.487729 0.130997
v -1.151640 -0.394554 0.130997
v -1.178700 -0.478351 0.130997
v -1.173660 -0.558157 0.130997
v -1.208930 -0.403946 0.130997
v -1.200350 -0.506604 0.130997
v -1.361890 -0.562440 0.130997
v -1.363210 -0.504407 0.130997
v -1.154640 -0.128751 0.130997
v -1.207470 -0.104695 0.130997
v -1.117260 -0.025554 0.130997
v -1.097500 -0.080135 0.130997
v -0.898413 -0.024859 0.130997
v -0.889802 -0.082265 0.130997
v -0.669802 -0.012265 0.130997
v -0.678611 0.045111 0.130997
v -0.525881 0.045299 0.130997
v -0.526076 -0.012749 0.130997
v 0.018949 -0.530334 0.129635
v -0.025954 -0.531381 0.129635
v -0.003286 -0.540158 0.129635
v -0.004766 -0.476654 0.129635
v 0.027726 -0.507666 0.129635
v 0.017903 -0.485430 0.129635
v -0.027001 -0.486477 0.129635
v -0.035778 -0.509146 0.129635
v 0.608949 -0.080333 0.129635
v 0.564046 -0.081381 0.129635
v 0.586714 -0.090158 0.129635
v 0.562999 -0.036477 0.129635
v 0.554222 -0.059145 0.129635
v 0.585234 -0.026654 0.129635
v 0.617726 -0.057666 0.129635
v 0.607903 -0.035429 0.129635
v 1.168950 -0.020334 0.129635
v 1.124050 -0.021381 0.129635
v 1.146710 -0.030158 0.129635
v 1.123000 0.023523 0.129635
v 1.114220 0.000854 0.129635
v 1.177730 0.002334 0.129635
v 1.145230 0.033347 0.129635
v 1.167900 0.024571 0.129635
v 1.352780 0.240465 0.060512
v 1.230480 0.240465 0.060512
v 1.352780 0.184977 0.083495
v 1.230480 0.184977 0.083495
v 1.352780 0.129490 0.060512
v 1.230480 0.129490 0.060512
v -0.220071 -0.423575 0.112558
v -0.247256 -0.463965 0.112558
v -0.222429 -0.454809 0.112558
v -0.227811 -0.414300 0.112558
v -0.498122 -0.393886 0.112558
v -0.501962 -0.444730 0.112558
v -0.567173 -0.397315 0.112558
v -0.529191 -0.363297 0.112558
v -0.575974 -0.296033 0.112558
v -0.526169 -0.306956 0.112558
v -0.412316 -0.093244 0.112558
v -0.362511 -0.104167 0.112558
v -0.408291 -0.048959 0.112558
v -0.358275 -0.039046 0.112558
v -0.386666 0.001605 0.112558
v -0.442120 0.009555 0.112558
v -0.239252 -0.340828 0.105959
v -0.265224 -0.426596 0.105959
v -0.226455 -0.429523 0.105959
v -0.278022 -0.337899 0.105959
v -0.164835 0.000513 0.105959
v -0.116373 -0.003147 0.105959
v 1.204190 0.266148 0.092721
v 1.105260 0.352452 0.093924
v 1.105260 0.266148 0.093924
v 1.135250 0.382201 0.093401
v 1.204190 0.382201 0.092721
v 1.157350 0.453011 0.006596
v 1.151060 0.415064 0.012886
v 1.166790 0.415064 0.012886
v 1.160500 0.453011 0.006596
v -0.345810 0.266148 0.092721
v -0.444745 0.352452 0.093924
v -0.444745 0.266148 0.093924
v -0.414749 0.382201 0.093401
v -0.345810 0.382201 0.092721
v -0.306076 0.382201 0.083325
v -0.345021 0.324175 0.083325
v -0.276076 0.352452 0.083325
v -0.345021 0.382201 0.083325
v -0.276076 0.266148 0.083325
v -0.345021 0.266148 0.083325
v 1.243920 0.382201 0.083325
v 1.204980 0.324175 0.083325
v 1.273920 0.352452 0.083325
v 1.204980 0.382201 0.083325
v 1.273920 0.266148 0.083325
v 1.204980 0.266148 0.083325
v -0.421462 -0.341798 -0.090879
v -0.386570 -0.342184 -0.072315
v -0.403210 -0.329108 -0.090879
v -0.390735 -0.288674 -0.090879
v -0.418671 -0.362777 -0.072315
v -0.371481 -0.282364 -0.073106
v -0.448194 -0.341103 -0.090879
v -0.384377 -0.214504 -0.090880
v -0.456832 -0.356793 -0.075168
v -0.369454 -0.212347 -0.077653
v -0.464234 -0.327328 -0.090880
v -0.374198 -0.172314 -0.090880
v -0.479325 -0.332487 -0.076890
v -0.362112 -0.177714 -0.079268
v -0.476687 -0.300587 -0.076890
v -0.343771 -0.148064 -0.082385
v -0.348357 -0.139535 -0.090880
v -0.311708 -0.126411 -0.090880
v -0.461308 -0.304812 -0.090880
v -0.452762 -0.273258 -0.079307
v -0.446567 -0.284907 -0.090879
v -0.428121 -0.275273 -0.080521
v -0.431177 -0.286680 -0.090879
v -0.411743 -0.300965 -0.090879
v 1.592680 0.184977 0.096015
v 1.370750 0.249317 0.069364
v 1.370750 0.184977 0.096015
v 1.592680 0.249317 0.069364
v 1.592680 0.120637 0.069364
v 1.370750 0.120637 0.069364
v 0.365580 -0.427784 0.173798
v 0.380023 -0.348454 0.143129
v 0.342856 -0.404340 0.143129
v 0.407681 -0.356646 0.170009
v 0.275031 -0.471704 0.172450
v 0.392360 -0.280511 0.170774
v 0.265006 -0.441928 0.143129
v 0.365227 -0.287620 0.143129
v 0.195439 -0.461398 0.169595
v 0.339996 -0.224410 0.166233
v 0.197420 -0.434196 0.143129
v 0.319525 -0.234750 0.143129
v 0.140128 -0.435981 0.168476
v 0.142219 -0.409605 0.143129
v 0.094307 -0.439122 0.168423
v 0.346004 -0.100368 0.175188
v 0.050518 -0.482312 0.143129
v 0.392586 -0.046542 0.143129
v 0.076761 -0.482108 0.168441
v 0.401152 -0.077291 0.175160
v 0.083162 -0.537983 0.143129
v 0.098822 -0.516895 0.168390
v 0.467557 -0.089128 0.175242
v 0.485422 -0.061988 0.143129
v 0.528815 -0.128468 0.143129
v 0.501930 -0.138694 0.171738
v 0.503986 -0.177185 0.169553
v 0.528177 -0.186503 0.143129
v 0.491250 -0.225756 0.143129
v 0.476828 -0.203590 0.169635
v 0.429414 -0.232319 0.143129
v 0.434442 -0.210304 0.166548
v 0.395312 -0.199021 0.143129
v 0.412877 -0.187242 0.164813
v -0.355021 0.412201 0.051824
v -0.276077 0.354300 0.051824
v -0.336076 0.412201 0.051824
v -0.355021 0.266148 0.051824
v -0.276077 0.266148 0.051824
v 1.194980 0.412201 0.051824
v 1.273920 0.354300 0.051824
v 1.213920 0.412201 0.051824
v 1.194980 0.266148 0.051824
v 1.273920 0.266148 0.051824
v 0.362563 -0.214434 -0.133081
v 0.392359 -0.280512 -0.105436
v 0.407680 -0.356646 -0.106201
v 0.339995 -0.224411 -0.109977
v 0.432128 -0.365589 -0.133081
v 0.327001 -0.160612 -0.107362
v 0.365579 -0.427783 -0.102412
v 0.355105 -0.161140 -0.133081
v 0.386542 -0.450264 -0.133081
v 0.346003 -0.100367 -0.101022
v 0.284170 -0.498901 -0.133081
v 0.373307 -0.122524 -0.133081
v 0.275031 -0.471703 -0.103760
v 0.401153 -0.077289 -0.101050
v 0.194511 -0.488190 -0.133081
v 0.408061 -0.111556 -0.133081
v 0.195439 -0.461398 -0.106615
v 0.447779 -0.117854 -0.133081
v 0.137521 -0.461764 -0.133081
v 0.467557 -0.089128 -0.100968
v 0.140129 -0.435981 -0.107734
v 0.501930 -0.138694 -0.104473
v 0.106749 -0.462035 -0.133081
v 0.472740 -0.149620 -0.133081
v 0.476377 -0.166654 -0.133081
v 0.076761 -0.482108 -0.107769
v 0.503986 -0.177185 -0.106657
v 0.102806 -0.482099 -0.133081
v 0.476829 -0.203589 -0.106575
v 0.098822 -0.516896 -0.107820
v 0.114459 -0.496132 -0.133081
v 0.146636 -0.517024 -0.133081
v 0.461824 -0.178838 -0.133081
v 0.441374 -0.184663 -0.133081
v 0.434442 -0.210304 -0.109662
v 0.412877 -0.187242 -0.111396
v 0.434765 -0.176068 -0.133081
v 0.420863 -0.144658 -0.133081
v -0.366437 0.497386 -0.029250
v -0.415715 0.497386 -0.029250
v -0.366437 0.463112 -0.043446
v -0.415715 0.463112 -0.043446
v -0.366437 0.428839 -0.029250
v -0.415715 0.428839 -0.029250
v 1.134920 0.420579 0.047450
v 1.182920 0.420579 0.047450
v 1.182920 0.463006 0.065024
v 1.134920 0.414428 0.032601
v 1.134920 0.463006 0.065024
v 1.182920 0.484219 0.056237
v 1.134920 0.484219 0.056237
v 1.182920 0.414428 0.032601
v 1.134920 0.261792 0.032601
v 1.182920 0.261792 0.032601
v -0.445288 0.352452 -0.022681
v -0.346354 0.266148 -0.021478
v -0.415293 0.382201 -0.022157
v -0.346354 0.382201 -0.021478
v -0.445288 0.266148 -0.022681
v -0.369929 -0.355262 0.100928
v -0.418671 -0.362777 0.119493
v -0.415880 -0.383757 0.100928
v -0.465470 -0.372484 0.100928
v -0.386570 -0.342185 0.119493
v -0.456832 -0.356793 0.116640
v -0.371481 -0.282364 0.118701
v -0.479325 -0.332487 0.114918
v -0.352227 -0.276053 0.100928
v -0.494416 -0.337645 0.100928
v -0.369454 -0.212347 0.114155
v -0.492066 -0.296364 0.100928
v -0.354531 -0.210189 0.100928
v -0.476687 -0.300587 0.114918
v -0.362112 -0.177715 0.112540
v -0.458958 -0.261610 0.100928
v -0.350026 -0.183115 0.100928
v -0.452762 -0.273258 0.112501
v -0.339185 -0.156592 0.100928
v -0.343771 -0.148064 0.109423
v -0.311708 -0.126411 0.100928
v -0.425064 -0.263867 0.100928
v -0.428121 -0.275274 0.111287
v 1.104710 0.352452 -0.022681
v 1.203640 0.266148 -0.021478
v 1.134710 0.382201 -0.022157
v 1.203640 0.382201 -0.021478
v 1.104710 0.266148 -0.022681
v -0.306076 0.382201 -0.042077
v -0.345021 0.324175 -0.042077
v -0.276076 0.352452 -0.042077
v -0.345021 0.382201 -0.042077
v -0.276076 0.266148 -0.042077
v -0.345021 0.266148 -0.042077
v 1.243920 0.382201 -0.042077
v 1.204980 0.324175 -0.042077
v 1.273920 0.352452 -0.042077
v 1.204980 0.382201 -0.042077
v 1.273920 0.266148 -0.042077
v 1.204980 0.266148 -0.042077
v 0.204258 -0.306258 -0.133081
v 0.252338 -0.290060 -0.111248
v 0.244857 -0.268386 -0.133081
v 0.291180 -0.288532 -0.114302
v 0.224714 -0.316675 -0.111245
v 0.297091 -0.269767 -0.133081
v 0.193427 -0.375380 -0.133081
v 0.318074 -0.308067 -0.116145
v 0.214031 -0.373446 -0.113276
v 0.333340 -0.299190 -0.133081
v 0.224921 -0.425167 -0.133081
v 0.339312 -0.341517 -0.133081
v 0.240429 -0.411234 -0.113256
v 0.306945 -0.469405 -0.133081
v 0.315839 -0.450348 -0.113246
v 0.321621 -0.340124 -0.116137
v 0.312765 -0.383350 -0.133081
v 0.303372 -0.371794 -0.118734
v 0.277302 -0.387983 -0.133081
v 0.278272 -0.374511 -0.120067
v 0.280062 -0.360577 -0.133081
v 0.278272 -0.374511 -0.120067
v 0.293806 -0.359610 -0.133081
v 0.256219 -0.350894 -0.133081
v 0.303372 -0.371794 -0.118734
v 0.321621 -0.340124 -0.116137
v 0.303565 -0.338450 -0.133081
v 0.302326 -0.317278 -0.133081
v 0.318074 -0.308067 -0.116145
v 0.291180 -0.288532 -0.114302
v 0.285202 -0.307766 -0.133081
v 0.252338 -0.290060 -0.111248
v 0.260156 -0.312101 -0.133081
v 0.224714 -0.316675 -0.111245
v 0.245526 -0.327331 -0.133081
v 0.235211 -0.371093 -0.133081
v 0.214031 -0.373446 -0.113276
v 0.240429 -0.411234 -0.113256
v 0.256012 -0.396923 -0.133081
v 0.315839 -0.450348 -0.113246
v 0.324719 -0.431313 -0.133081
v 0.339995 -0.224411 -0.109977
v 0.365227 -0.287620 -0.133081
v 0.392359 -0.280512 -0.105436
v 0.319525 -0.234750 -0.133081
v 0.380023 -0.348454 -0.133081
v 0.407680 -0.356646 -0.106201
v 0.365579 -0.427783 -0.102412
v 0.346003 -0.100367 -0.101022
v 0.342856 -0.404340 -0.133081
v 0.275031 -0.471703 -0.103760
v 0.392586 -0.046542 -0.133081
v 0.265006 -0.441928 -0.133081
v 0.401153 -0.077289 -0.101050
v 0.195439 -0.461398 -0.106615
v 0.467557 -0.089128 -0.100968
v 0.197420 -0.434196 -0.133081
v 0.485422 -0.061988 -0.133081
v 0.140129 -0.435981 -0.107734
v 0.528815 -0.128468 -0.133081
v 0.142219 -0.409605 -0.133081
v 0.501930 -0.138694 -0.104473
v 0.094307 -0.439121 -0.107787
v 0.503986 -0.177185 -0.106657
v 0.528177 -0.186503 -0.133081
v 0.050518 -0.482312 -0.133081
v 0.491250 -0.225756 -0.133081
v 0.076761 -0.482108 -0.107769
v 0.476829 -0.203589 -0.106575
v 0.083162 -0.537983 -0.133081
v 0.098822 -0.516896 -0.107820
v 0.429414 -0.232319 -0.133081
v 0.434442 -0.210304 -0.109662
v 0.395312 -0.199021 -0.133081
v 0.412877 -0.187242 -0.111396
v -0.425064 -0.263867 -0.090880
v -0.452762 -0.273258 -0.079307
v -0.428121 -0.275273 -0.080521
v -0.458958 -0.261610 -0.090880
v -0.476687 -0.300587 -0.076890
v -0.492066 -0.296364 -0.090880
v -0.479325 -0.332487 -0.076890
v -0.494416 -0.337645 -0.090880
v -0.465470 -0.372484 -0.090880
v -0.456832 -0.356793 -0.075168
v -0.418671 -0.362777 -0.072315
v -0.415880 -0.383757 -0.090879
v -0.369929 -0.355262 -0.090879
v -0.386570 -0.342184 -0.072315
v -0.371481 -0.282364 -0.073106
v -0.352227 -0.276053 -0.090880
v -0.369454 -0.212347 -0.077653
v -0.354531 -0.210189 -0.090880
v -0.362112 -0.177714 -0.079268
v -0.350026 -0.183115 -0.090880
v -0.339185 -0.156592 -0.090880
v -0.343771 -0.148064 -0.082385
v -0.311708 -0.126411 -0.090880
v 1.352780 0.129490 0.060512
v 1.370750 0.120637 0.069364
v 1.370750 0.184977 0.096015
v 1.352780 0.184977 0.083495
v 1.352780 0.240465 0.060512
v 1.370750 0.249317 0.069364
v -1.452790 -0.545875 0.120233
v -1.452790 0.092944 0.120233
v -1.452790 -0.545875 -0.110185
v -1.452790 0.092944 -0.110185
v -1.452790 0.150734 -0.057217
v -1.452790 0.150734 0.067265
v -1.361890 -0.562440 -0.120949
v -1.361890 -0.562440 0.130997
v -1.363210 -0.504407 -0.120949
v -1.363210 -0.504407 0.130997
v -1.406850 0.139428 0.145024
v -1.452790 0.150734 0.067265
v -1.452790 0.092944 0.120233
v -1.406850 0.196798 0.092130
v -1.452790 0.150734 -0.057217
v -1.406850 0.196798 -0.082082
v -1.406850 0.139428 -0.134976
v -1.452790 0.092944 -0.110185
v -1.452790 -0.545875 -0.110185
v -1.406850 -0.591939 0.145024
v -1.452790 -0.545875 0.120233
v -1.406850 -0.591939 -0.134976
v -0.553770 0.216713 -0.136428
v -0.553770 0.216713 0.146476
v -0.553770 0.284583 -0.082820
v -0.553770 0.284583 0.092868
v -0.553770 -0.025172 -0.136428
v -0.553770 -0.025172 0.146476
v -0.444745 0.352452 -0.083876
v -0.444745 0.266148 -0.083876
v -0.445288 0.266148 -0.022681
v -0.445288 0.352452 -0.022681
v -0.445288 0.352452 0.032729
v -0.445288 0.266148 0.032729
v -0.444745 0.352452 0.093924
v -0.444745 0.266148 0.093924
v -0.481312 -0.015595 -0.136235
v -0.481312 -0.015595 0.146283
v -0.481312 0.044149 -0.136235
v -0.481312 0.044149 0.146283
v -0.415715 0.511583 0.005024
v -0.415715 0.505955 0.047866
v -0.415715 0.523700 0.005024
v -0.415715 0.505955 -0.037818
v -0.415715 0.497386 0.039298
v -0.415715 0.497386 -0.029250
v -0.415715 0.463112 0.065612
v -0.415715 0.463112 -0.055564
v -0.415715 0.463112 0.053494
v -0.415715 0.463112 -0.043446
v -0.415715 0.428839 0.039298
v -0.415715 0.428839 -0.029250
v -0.415715 0.420270 0.047866
v -0.415715 0.420270 -0.037818
v -0.415715 0.414059 0.032871
v -0.415715 0.414059 -0.022823
v -0.415715 0.414642 0.005024
v -0.415715 0.402525 0.005024
v -0.415715 0.263441 0.032871
v -0.415715 0.263441 -0.022823
v -0.415715 0.263441 0.005024
v -1.207470 -0.104695 -0.120949
v -1.207470 -0.104695 0.130997
v -1.208930 -0.403946 -0.120949
v -1.208930 -0.403946 0.130997
v -1.178700 -0.478351 -0.120949
v -1.178700 -0.478351 0.130997
v -1.200350 -0.506604 -0.120949
v -1.200350 -0.506604 0.130997
v -0.355021 0.412201 -0.041776
v -0.355021 0.266148 -0.041776
v -0.355021 0.266148 0.051824
v -0.355021 0.412201 0.051824
v -0.345021 0.382201 -0.073277
v -0.345021 0.324175 -0.073277
v -0.345021 0.324175 -0.042077
v -0.345021 0.382201 -0.042077
v -0.345021 0.266148 -0.042077
v -0.345021 0.266148 -0.073277
v -0.345021 0.324175 0.083325
v -0.345021 0.382201 0.083325
v -0.345021 0.324175 0.052125
v -0.345021 0.382201 0.052125
v -0.345021 0.266148 0.052125
v -0.345021 0.266148 0.083325
v -0.341991 0.275830 0.081858
v -0.341991 0.318423 -0.025022
v -0.341991 0.275830 -0.072586
v -0.341991 0.302787 -0.063428
v -0.341991 0.318423 0.034294
v -0.341991 0.302787 0.072699
v -0.278022 -0.337899 -0.095907
v -0.164835 0.000513 0.105959
v -0.164835 0.000513 -0.095907
v -0.278022 -0.337899 0.105959
v -0.265224 -0.426596 -0.095907
v -0.265224 -0.426596 0.105959
v -0.567173 -0.397315 0.112558
v -0.567173 -0.397315 -0.102506
v -0.575974 -0.296033 0.112558
v -0.575974 -0.296033 -0.102506
v -0.412316 -0.093244 0.112558
v -0.412316 -0.093244 -0.102506
v -0.408291 -0.048959 0.112558
v -0.408291 -0.048959 -0.102506
v -0.442120 0.009555 0.112558
v -0.442120 0.009555 -0.102506
v -0.386570 -0.342185 -0.109445
v -0.390735 -0.288674 -0.090879
v -0.371481 -0.282364 -0.108653
v -0.386570 -0.342185 0.119493
v -0.390735 -0.288674 0.100928
v -0.371481 -0.282364 0.118701
v -0.088878 0.177193 -0.135412
v -0.088878 0.177193 0.145289
v -0.079915 0.193036 -0.135412
v -0.079915 0.193036 0.145289
v -0.079915 0.161350 0.145289
v -0.079915 0.161350 -0.135412
v -0.060430 -0.408994 0.139031
v -0.060430 -0.408994 -0.128983
v -0.122560 -0.527955 -0.128983
v 0.038986 -0.359156 -0.128983
v -0.122560 -0.527955 0.139031
v 0.038986 -0.359156 0.139031
v -0.050421 -0.603576 -0.128983
v 0.145075 -0.188675 -0.128983
v -0.050421 -0.603576 0.139031
v 0.145075 -0.188675 0.139031
v 0.147702 -0.005430 -0.128983
v 0.147702 -0.005430 0.139031
v -0.317001 0.103523 -0.139138
v -0.317001 0.103523 0.149186
v -0.325778 0.080854 -0.139138
v -0.325778 0.080854 0.149186
v -0.315954 0.058619 -0.139138
v -0.315954 0.058619 0.149186
v -0.088878 0.112393 -0.135412
v -0.088878 0.112393 0.145289
v -0.079915 0.128237 -0.135412
v -0.079915 0.096550 0.145289
v -0.079915 0.096550 -0.135412
v -0.079915 0.128237 0.145289
v 0.277302 -0.387983 -0.133081
v 0.278272 -0.374512 -0.146095
v 0.256219 -0.350894 -0.133081
v 0.277302 -0.387983 0.143129
v 0.278272 -0.374512 0.156143
v 0.256219 -0.350894 0.143129
v 0.302326 -0.317278 -0.133081
v 0.318074 -0.308067 -0.150017
v 0.321621 -0.340125 -0.150025
v 0.302326 -0.317278 0.143129
v 0.318074 -0.308067 0.160065
v 0.321621 -0.340125 0.160073
v 0.778649 0.154230 0.145289
v 0.778649 0.154134 -0.135412
v 0.778649 0.075798 -0.135412
v 0.745508 0.115062 0.145289
v 0.778649 0.075894 0.145289
v 0.745508 0.114966 -0.135412
v -0.386569 -0.342184 0.082363
v -0.390735 -0.288674 0.100928
v -0.371481 -0.282364 0.083155
v -0.386570 -0.342184 -0.072315
v -0.390735 -0.288674 -0.090879
v -0.371481 -0.282364 -0.073106
v 0.380023 -0.348454 -0.133081
v 0.407681 -0.356646 -0.159961
v 0.392360 -0.280511 -0.160726
v 0.339996 -0.224410 -0.156185
v 0.319525 -0.234750 -0.133081
v 0.301384 -0.160527 -0.133081
v 0.327002 -0.160612 -0.158800
v 0.346004 -0.100368 -0.165140
v 0.320598 -0.080661 -0.133081
v 0.094307 -0.439122 -0.158375
v 0.081941 -0.416068 -0.133081
v 0.050518 -0.482312 -0.133081
v 0.395312 -0.199021 -0.133081
v 0.412877 -0.187242 -0.154765
v 0.420863 -0.144658 -0.133081
v 0.380023 -0.348454 0.143129
v 0.407681 -0.356646 0.170009
v 0.392360 -0.280511 0.170774
v 0.339996 -0.224410 0.166233
v 0.319525 -0.234750 0.143129
v 0.301384 -0.160527 0.143129
v 0.327002 -0.160612 0.168848
v 0.094307 -0.439122 0.168423
v 0.346004 -0.100368 0.175188
v 0.081941 -0.416068 0.143129
v 0.320598 -0.080661 0.143129
v 0.050518 -0.482312 0.143129
v 0.395312 -0.199021 0.143129
v 0.412877 -0.187242 0.164813
v 0.420863 -0.144658 0.143129
v -0.027001 -0.486477 -0.119587
v -0.027001 -0.486477 0.129635
v -0.035778 -0.509146 -0.119587
v -0.035778 -0.509146 0.129635
v -0.025954 -0.531380 -0.119587
v -0.025954 -0.531381 0.129635
v 0.562999 -0.036477 -0.119587
v 0.562999 -0.036477 0.129635
v 0.554222 -0.059145 -0.119587
v 0.554222 -0.059145 0.129635
v 0.564046 -0.081380 -0.119587
v 0.564046 -0.081381 0.129635
v 1.123000 0.023523 -0.119587
v 1.123000 0.023523 0.129635
v 1.114220 0.000854 -0.119587
v 1.114220 0.000854 0.129635
v 1.124050 -0.021380 -0.119587
v 1.124050 -0.021381 0.129635
v 0.277302 -0.387983 -0.133081
v 0.278272 -0.374511 -0.120067
v 0.256219 -0.350894 -0.133081
v 0.277302 -0.387983 0.143129
v 0.278272 -0.374511 0.130115
v 0.256219 -0.350894 0.143129
v 0.321621 -0.340124 -0.116137
v 0.302326 -0.317278 -0.133081
v 0.318074 -0.308067 -0.116145
v 0.321621 -0.340124 0.126185
v 0.302326 -0.317278 0.143129
v 0.318074 -0.308067 0.126193
v 0.339995 -0.224411 -0.109977
v 0.392359 -0.280512 -0.105436
v 0.319525 -0.234750 -0.133081
v 0.380023 -0.348454 -0.133081
v 0.301384 -0.160527 -0.133081
v 0.407680 -0.356646 -0.106201
v 0.327001 -0.160612 -0.107362
v 0.346003 -0.100367 -0.101022
v 0.320598 -0.080661 -0.133081
v 0.094307 -0.439121 -0.107787
v 0.081941 -0.416068 -0.133081
v 0.050518 -0.482312 -0.133081
v 0.395312 -0.199021 -0.133081
v 0.412877 -0.187242 -0.111396
v 0.420863 -0.144658 -0.133081
v 0.339995 -0.224411 0.120025
v 0.319525 -0.234750 0.143129
v 0.301384 -0.160527 0.143129
v 0.392359 -0.280512 0.115484
v 0.327001 -0.160612 0.117410
v 0.380023 -0.348454 0.143129
v 0.346003 -0.100367 0.111070
v 0.407680 -0.356646 0.116249
v 0.320598 -0.080661 0.143129
v 0.094307 -0.439121 0.117835
v 0.081941 -0.416068 0.143129
v 0.050518 -0.482312 0.143129
v 0.395312 -0.199021 0.143129
v 0.412877 -0.187242 0.121444
v 0.420863 -0.144658 0.143129
v 1.235900 0.015660 0.139031
v 1.237690 0.051245 -0.128983
v 1.235900 0.015660 -0.128983
v 1.237690 0.051245 0.139031
v 0.569622 -0.123585 0.139031
v 0.569622 -0.123585 -0.128983
v 0.413873 -0.506636 -0.128983
v 0.413873 -0.506636 0.139031
v 1.105260 0.352452 -0.083876
v 1.105260 0.266148 -0.083876
v 1.104710 0.266148 -0.022681
v 1.104710 0.352452 -0.022681
v 1.104710 0.352452 0.032729
v 1.104710 0.266148 0.032729
v 1.105260 0.352452 0.093924
v 1.105260 0.266148 0.093924
v 1.157350 0.453011 0.003452
v 1.151060 0.415064 -0.002838
v 1.151060 0.415064 0.012886
v 1.157350 0.453011 0.006596
v 1.134920 0.261792 0.032601
v 1.134920 0.403005 0.005024
v 1.134920 0.261792 0.005024
v 1.134920 0.261792 -0.022553
v 1.134920 0.414428 0.032601
v 1.134920 0.414428 -0.022553
v 1.134920 0.415006 0.005024
v 1.134920 0.424144 0.027086
v 1.134920 0.424144 -0.017038
v 1.134920 0.429064 0.038965
v 1.134920 0.429064 -0.028917
v 1.134920 0.420579 0.047450
v 1.134920 0.420579 -0.037402
v 1.134920 0.463006 0.065024
v 1.134920 0.463006 -0.054976
v 1.134920 0.463006 0.053024
v 1.134920 0.484219 0.056237
v 1.134920 0.479976 0.045995
v 1.134920 0.463006 -0.042976
v 1.134920 0.484219 -0.046189
v 1.134920 0.479976 -0.035947
v 1.194980 0.412201 -0.041776
v 1.194980 0.266148 -0.041776
v 1.194980 0.266148 0.051824
v 1.194980 0.412201 0.051824
v 1.204980 0.382201 -0.073277
v 1.204980 0.324175 -0.073277
v 1.204980 0.324175 -0.042077
v 1.204980 0.382201 -0.042077
v 1.204980 0.266148 -0.042077
v 1.204980 0.266148 -0.073277
v 1.204980 0.324175 0.083325
v 1.204980 0.382201 0.083325
v 1.204980 0.324175 0.052125
v 1.204980 0.382201 0.052125
v 1.204980 0.266148 0.052125
v 1.204980 0.266148 0.083325
v 1.612790 0.221290 -0.031289
v 1.612790 0.236331 0.005024
v 1.507960 0.184977 0.005024
v 1.612790 0.221290 0.041337
v -1.406850 -0.591939 0.145024
v -1.406850 -0.591939 -0.134976
v -1.332790 -0.591939 0.145024
v -1.332790 -0.591939 -0.134976
v -0.415715 0.420270 -0.037818
v -0.366437 0.420270 -0.037818
v -0.366437 0.414059 -0.022823
v -0.415715 0.414059 -0.022823
v -0.415715 0.420270 0.047866
v -0.366437 0.420270 0.047866
v -0.415715 0.414059 0.032871
v -0.366437 0.414059 0.032871
v -0.222429 -0.454809 -0.102506
v -0.222429 -0.454809 0.112558
v -0.247256 -0.463965 0.112558
v -0.247256 -0.463965 -0.102506
v -0.501962 -0.444730 -0.102506
v -0.501962 -0.444730 0.112558
v -0.567173 -0.397315 0.112558
v -0.567173 -0.397315 -0.102506
v -0.452762 -0.273258 -0.102452
v -0.428121 -0.275274 -0.101238
v -0.446567 -0.284907 -0.090879
v -0.446567 -0.284907 0.100928
v -0.428121 -0.275274 0.111287
v -0.452762 -0.273258 0.112501
v -0.079915 0.161350 0.145289
v -0.079915 0.161350 -0.135412
v 0.629706 0.161350 0.145289
v 0.629706 0.161350 -0.135412
v 0.284170 -0.498901 -0.133081
v 0.275031 -0.471704 -0.162402
v 0.194511 -0.488190 -0.133081
v 0.140128 -0.435981 -0.158428
v 0.106749 -0.462035 -0.133081
v 0.094307 -0.439122 -0.158375
v 0.284170 -0.498901 0.143129
v 0.275031 -0.471704 0.172450
v 0.194511 -0.488190 0.143129
v 0.140128 -0.435981 0.168476
v 0.106749 -0.462035 0.143129
v 0.094307 -0.439122 0.168423
v -0.050421 -0.603576 -0.128983
v -0.050421 -0.603576 0.139031
v 0.339156 -0.602231 0.139031
v 0.339156 -0.602231 -0.128983
v 0.439071 -0.555750 0.139031
v 0.439071 -0.555750 -0.128983
v 0.604845 -0.159316 0.139031
v 0.604845 -0.159316 -0.128983
v 0.674555 -0.095756 -0.128983
v 0.674555 -0.095756 0.139031
v 1.193210 -0.088988 0.139031
v 1.193210 -0.088988 -0.128983
v 1.284980 -0.005315 0.139031
v 1.284980 -0.005315 -0.128983
v -0.315954 0.058619 -0.139138
v -0.271051 0.059666 0.149186
v -0.315954 0.058619 0.149186
v -0.271051 0.059666 -0.139138
v -0.293286 0.049843 -0.139138
v -0.293286 0.049843 0.149186
v 0.303373 -0.371794 -0.147428
v 0.277302 -0.387983 -0.133081
v 0.312765 -0.383350 -0.133081
v 0.303373 -0.371794 0.157476
v 0.277302 -0.387983 0.143129
v 0.312765 -0.383350 0.143129
v 0.252338 -0.290060 -0.154914
v 0.285202 -0.307766 -0.133081
v 0.291180 -0.288532 -0.151860
v 0.252338 -0.290060 0.164962
v 0.285202 -0.307766 0.143129
v 0.291180 -0.288532 0.161908
v 1.352780 0.129490 0.060512
v 1.230480 0.129490 0.060512
v 1.352780 0.106506 0.005024
v 1.230480 0.106506 0.005024
v 1.352780 0.129490 -0.050464
v 1.230480 0.129490 -0.050464
v 0.969024 0.075894 0.145289
v 0.969024 0.075798 -0.135412
v 0.778649 0.075798 -0.135412
v 0.778649 0.075894 0.145289
v -0.452762 -0.273258 0.089356
v -0.446567 -0.284907 0.100928
v -0.428121 -0.275273 0.090570
v -0.452762 -0.273258 -0.079307
v -0.446567 -0.284907 -0.090879
v -0.428121 -0.275273 -0.080521
v 1.592680 0.120637 0.069364
v 1.370750 0.120637 0.069364
v 1.592680 0.093987 0.005024
v 1.370750 0.093987 0.005024
v 1.592680 0.120637 -0.059316
v 1.370750 0.120637 -0.059316
v 0.083162 -0.537983 -0.133081
v 0.098822 -0.516895 -0.158342
v 0.146636 -0.517024 -0.133081
v 0.491250 -0.225756 -0.133081
v 0.476828 -0.203590 -0.159587
v 0.429414 -0.232319 -0.133081
v 0.434442 -0.210304 -0.156500
v 0.083162 -0.537983 0.143129
v 0.098822 -0.516895 0.168390
v 0.146636 -0.517024 0.143129
v 0.491250 -0.225756 0.143129
v 0.476828 -0.203590 0.169635
v 0.429414 -0.232319 0.143129
v 0.434442 -0.210304 0.166548
v -0.025954 -0.531380 -0.119587
v 0.018949 -0.530334 0.129635
v -0.025954 -0.531381 0.129635
v 0.018949 -0.530334 -0.119587
v -0.003286 -0.540158 -0.119587
v -0.003286 -0.540158 0.129635
v 0.284170 -0.498901 -0.133081
v 0.275031 -0.471703 -0.103760
v 0.194511 -0.488190 -0.133081
v 0.140129 -0.435981 -0.107734
v 0.106749 -0.462035 -0.133081
v 0.094307 -0.439121 -0.107787
v 0.284170 -0.498901 0.143129
v 0.275031 -0.471703 0.113808
v 0.194511 -0.488190 0.143129
v 0.140129 -0.435981 0.117782
v 0.106749 -0.462035 0.143129
v 0.094307 -0.439121 0.117835
v -0.366437 0.511583 0.005024
v -0.415715 0.497386 0.039298
v -0.415715 0.511583 0.005024
v -0.366437 0.497386 0.039298
v -0.366437 0.497386 -0.029250
v -0.415715 0.497386 -0.029250
v 0.564046 -0.081380 -0.119587
v 0.608949 -0.080333 0.129635
v 0.564046 -0.081381 0.129635
v 0.608949 -0.080333 -0.119587
v 0.586714 -0.090158 -0.119587
v 0.586714 -0.090158 0.129635
v 1.134920 0.420579 0.047450
v 1.182920 0.420579 0.047450
v 1.134920 0.414428 0.032601
v 1.182920 0.414428 0.032601
v 1.182920 0.420579 -0.037402
v 1.134920 0.420579 -0.037402
v 1.182920 0.414428 -0.022553
v 1.134920 0.414428 -0.022553
v -0.457821 -0.025172 -0.136428
v -0.553770 -0.025172 0.146476
v -0.553770 -0.025172 -0.136428
v -0.457821 -0.025172 0.146476
v 1.124050 -0.021380 -0.119587
v 1.168950 -0.020334 0.129635
v 1.124050 -0.021381 0.129635
v 1.168950 -0.020334 -0.119587
v 1.146710 -0.030158 -0.119587
v 1.146710 -0.030158 0.129635
v 1.121730 0.048126 -0.136235
v 1.306460 0.048126 -0.136235
v 1.121730 0.048126 0.146283
v 1.306460 0.048126 0.146283
v 0.976247 -0.015595 0.146283
v 0.976247 -0.015595 -0.136235
v -0.481312 -0.015595 0.146283
v -0.481312 -0.015595 -0.136235
v 0.312765 -0.383350 -0.133081
v 0.303372 -0.371794 -0.118734
v 0.277302 -0.387983 -0.133081
v 0.312765 -0.383350 0.143129
v 0.303372 -0.371794 0.128782
v 0.277302 -0.387983 0.143129
v 0.291180 -0.288532 -0.114302
v 0.285202 -0.307766 -0.133081
v 0.252338 -0.290060 -0.111248
v 0.291180 -0.288532 0.124350
v 0.285202 -0.307766 0.143129
v 0.252338 -0.290060 0.121296
v 0.629706 0.096550 0.145289
v -0.079915 0.096550 -0.135412
v 0.629706 0.096550 -0.135412
v -0.079915 0.096550 0.145289
v 0.491250 -0.225756 -0.133081
v 0.476829 -0.203589 -0.106575
v 0.083162 -0.537983 -0.133081
v 0.098822 -0.516896 -0.107820
v 0.146636 -0.517024 -0.133081
v 0.429414 -0.232319 -0.133081
v 0.434442 -0.210304 -0.109662
v 0.491250 -0.225756 0.143129
v 0.476829 -0.203589 0.116623
v 0.429414 -0.232319 0.143129
v 0.434442 -0.210304 0.119710
v 0.083162 -0.537983 0.143129
v 0.098822 -0.516896 0.117868
v 0.146636 -0.517024 0.143129
v -0.025519 -0.438433 0.139031
v -0.025519 -0.438433 -0.128983
v 0.069995 -0.398442 -0.128983
v 0.069995 -0.398442 0.139031
v -0.355021 0.266148 -0.041776
v -0.276076 0.266148 -0.041776
v -0.276077 0.266148 0.051824
v -0.355021 0.266148 0.051824
v -0.345810 0.266148 -0.082673
v -0.445288 0.266148 -0.022681
v -0.444745 0.266148 -0.083876
v -0.346354 0.266148 -0.021478
v -0.445288 0.266148 0.032729
v -0.345810 0.266148 0.092721
v -0.444745 0.266148 0.093924
v -0.346354 0.266148 0.031526
v 1.194980 0.266148 -0.041776
v 1.273920 0.266148 -0.041776
v 1.273920 0.266148 0.051824
v 1.194980 0.266148 0.051824
v 1.204190 0.266148 -0.082673
v 1.104710 0.266148 -0.022681
v 1.105260 0.266148 -0.083876
v 1.203640 0.266148 -0.021478
v 1.104710 0.266148 0.032729
v 1.204190 0.266148 0.092721
v 1.105260 0.266148 0.093924
v 1.203640 0.266148 0.031526
v -0.669802 -0.012265 0.130997
v -0.669802 -0.012265 -0.120949
v -0.526076 -0.012749 -0.120949
v -0.526076 -0.012749 0.130997
v -0.889802 -0.082265 -0.120949
v -0.889802 -0.082265 0.130997
v -1.097500 -0.080135 -0.120949
v -1.097500 -0.080135 0.130997
v -1.154640 -0.128751 -0.120949
v -1.154640 -0.128751 0.130997
v -1.173660 -0.558157 -0.120949
v -1.173660 -0.558157 0.130997
v -1.361890 -0.562440 -0.120949
v -1.361890 -0.562440 0.130997
v 1.352780 0.129490 -0.050464
v 1.370750 0.093987 0.005024
v 1.352780 0.106506 0.005024
v 1.352780 0.129490 0.060512
v 1.370750 0.120637 -0.059316
v 1.370750 0.120637 0.069364
v 1.507960 0.184977 0.005024
v 1.612790 0.221290 0.041337
v 1.612790 0.184977 0.056378
v 1.612790 0.148665 0.041337
v -1.406850 0.196798 -0.082082
v -1.332790 0.196798 -0.082146
v -1.332790 0.139664 -0.134976
v -1.406850 0.139428 -0.134976
v -1.332790 -0.591939 -0.134976
v -1.452790 0.092944 -0.110185
v -1.406850 -0.591939 -0.134976
v -1.452790 -0.545875 -0.110185
v 1.182920 0.429064 0.038965
v 1.134920 0.429064 0.038965
v 1.182920 0.463006 0.053024
v 1.134920 0.463006 0.053024
v 1.182920 0.479976 0.045995
v 1.134920 0.479976 0.045995
v -0.415715 0.505955 -0.037818
v -0.366437 0.505955 -0.037818
v -0.366437 0.463112 -0.055564
v -0.415715 0.463112 -0.055564
v -0.415715 0.420270 -0.037818
v -0.366437 0.420270 -0.037818
v -0.366437 0.414059 -0.022823
v -0.415715 0.414059 -0.022823
v -0.415715 0.263441 -0.022823
v -0.366437 0.263441 -0.022823
v -0.452762 -0.273258 -0.102452
v -0.428121 -0.275274 -0.101238
v -0.446567 -0.284907 -0.090879
v -0.431177 -0.286680 -0.090879
v -0.411743 -0.300965 -0.090879
v -0.461308 -0.304812 -0.090880
v -0.476687 -0.300587 -0.104869
v -0.464234 -0.327328 -0.090880
v -0.479325 -0.332487 -0.104869
v -0.456832 -0.356793 -0.106591
v -0.448194 -0.341103 -0.090879
v -0.418671 -0.362777 -0.109445
v -0.421462 -0.341798 -0.090879
v -0.386570 -0.342185 -0.109445
v -0.403210 -0.329108 -0.090879
v -0.390735 -0.288674 -0.090879
v -0.371481 -0.282364 -0.108653
v -0.384377 -0.214504 -0.090880
v -0.369454 -0.212347 -0.104106
v -0.374198 -0.172314 -0.090880
v -0.362112 -0.177715 -0.102491
v -0.343771 -0.148064 -0.099374
v -0.348357 -0.139535 -0.090880
v -0.311708 -0.126411 -0.090880
v 0.432128 -0.365589 -0.133081
v 0.386542 -0.450264 -0.133081
v 0.365580 -0.427784 -0.163750
v 0.284170 -0.498901 -0.133081
v 0.407681 -0.356646 -0.159961
v 0.275031 -0.471704 -0.162402
v 0.194511 -0.488190 -0.133081
v 0.392360 -0.280511 -0.160726
v 0.195439 -0.461398 -0.159547
v 0.362563 -0.214434 -0.133081
v 0.137521 -0.461764 -0.133081
v 0.339996 -0.224410 -0.156185
v 0.140128 -0.435981 -0.158428
v 0.327002 -0.160612 -0.158800
v 0.106749 -0.462035 -0.133081
v 0.355105 -0.161140 -0.133081
v 0.346004 -0.100368 -0.165140
v 0.076761 -0.482108 -0.158393
v 0.373307 -0.122524 -0.133081
v 0.102806 -0.482099 -0.133081
v 0.401152 -0.077291 -0.165112
v 0.098822 -0.516895 -0.158342
v 0.114459 -0.496132 -0.133081
v 0.146636 -0.517024 -0.133081
v 0.408061 -0.111556 -0.133081
v 0.447779 -0.117854 -0.133081
v 0.467557 -0.089128 -0.165194
v 0.501930 -0.138694 -0.161690
v 0.472740 -0.149620 -0.133081
v 0.476377 -0.166654 -0.133081
v 0.503986 -0.177185 -0.159505
v 0.476828 -0.203590 -0.159587
v 0.461824 -0.178838 -0.133081
v 0.441374 -0.184663 -0.133081
v 0.434442 -0.210304 -0.156500
v 0.412877 -0.187242 -0.154765
v 0.434765 -0.176068 -0.133081
v 0.420863 -0.144658 -0.133081
v -0.457821 0.216713 -0.136428
v -0.457821 -0.025172 -0.136428
v -0.553770 0.216713 -0.136428
v -0.553770 -0.025172 -0.136428
v -0.457821 0.284583 -0.082820
v -0.553770 0.284583 -0.082820
v 1.247580 0.275829 -0.072586
v -0.341991 0.275830 -0.072586
v 1.247580 0.302787 -0.063428
v -0.341991 0.302787 -0.063428
v 0.303373 -0.371794 -0.147428
v 0.277302 -0.387983 -0.133081
v 0.278272 -0.374512 -0.146095
v 0.312765 -0.383350 -0.133081
v 0.321621 -0.340125 -0.150025
v 0.339312 -0.341517 -0.133081
v 0.318074 -0.308067 -0.150017
v 0.333340 -0.299190 -0.133081
v 0.297091 -0.269767 -0.133081
v 0.291180 -0.288532 -0.151860
v 0.244857 -0.268386 -0.133081
v 0.252338 -0.290060 -0.154914
v 0.204258 -0.306258 -0.133081
v 0.224715 -0.316676 -0.154917
v 0.193427 -0.375380 -0.133081
v 0.214031 -0.373446 -0.152886
v 0.224921 -0.425167 -0.133081
v 0.240429 -0.411234 -0.152906
v 0.306945 -0.469405 -0.133081
v 0.315839 -0.450348 -0.152916
v -0.272097 0.104570 -0.139138
v -0.317001 0.103523 -0.139138
v -0.294766 0.113347 -0.139138
v -0.262274 0.082334 -0.139138
v -0.271051 0.059666 -0.139138
v -0.293286 0.049843 -0.139138
v -0.315954 0.058619 -0.139138
v -0.325778 0.080854 -0.139138
v 1.121730 0.048126 -0.136235
v 0.976247 -0.015595 -0.136235
v 0.963924 0.044149 -0.136235
v -0.481312 -0.015595 -0.136235
v -0.481312 0.044149 -0.136235
v 1.111180 0.105439 -0.136235
v 1.306460 0.105439 -0.136235
v 1.306460 0.048126 -0.136235
v 1.320830 0.076782 -0.136235
v 0.778649 0.154134 -0.135412
v 0.778649 0.075798 -0.135412
v 0.745508 0.114966 -0.135412
v 0.969024 0.075798 -0.135412
v 0.969024 0.154134 -0.135412
v 1.002164 0.114966 -0.135412
v -0.079915 0.193036 -0.135412
v -0.079915 0.161350 -0.135412
v -0.088878 0.177193 -0.135412
v 0.629706 0.161350 -0.135412
v 0.629706 0.193036 -0.135412
v 0.638668 0.177193 -0.135412
v -0.079915 0.128237 -0.135412
v -0.079915 0.096550 -0.135412
v -0.088878 0.112393 -0.135412
v 0.629706 0.096550 -0.135412
v 0.629706 0.128237 -0.135412
v 0.638668 0.112393 -0.135412
v -0.060430 -0.408994 -0.128983
v 0.038986 -0.359156 -0.128983
v -0.025519 -0.438433 -0.128983
v 0.069995 -0.398442 -0.128983
v -0.066304 -0.527483 -0.128983
v 0.145075 -0.188675 -0.128983
v -0.122560 -0.527955 -0.128983
v 0.199976 -0.188195 -0.128983
v 0.147702 -0.005430 -0.128983
v 0.201171 -0.005226 -0.128983
v -0.050421 -0.603576 -0.128983
v -0.035634 -0.552972 -0.128983
v 0.339156 -0.602231 -0.128983
v 0.327341 -0.552455 -0.128983
v 0.439071 -0.555750 -0.128983
v 0.413873 -0.506636 -0.128983
v 0.604845 -0.159316 -0.128983
v 0.569622 -0.123585 -0.128983
v 0.674555 -0.095756 -0.128983
v 0.654911 -0.051583 -0.128983
v 1.166730 -0.045642 -0.128983
v 1.193210 -0.088988 -0.128983
v 1.235900 0.015660 -0.128983
v 1.284980 -0.005315 -0.128983
v 1.290500 0.051245 -0.128983
v 1.237690 0.051245 -0.128983
v 0.260156 -0.312101 -0.133081
v 0.245526 -0.327331 -0.133081
v 0.224715 -0.316676 -0.154917
v 0.235211 -0.371093 -0.133081
v 0.252338 -0.290060 -0.154914
v 0.214031 -0.373446 -0.152886
v 0.285202 -0.307766 -0.133081
v 0.240429 -0.411234 -0.152906
v 0.291180 -0.288532 -0.151860
v 0.256012 -0.396923 -0.133081
v 0.315839 -0.450348 -0.152916
v 0.324719 -0.431313 -0.133081
v 0.302326 -0.317278 -0.133081
v 0.318074 -0.308067 -0.150017
v 0.321621 -0.340125 -0.150025
v 0.303565 -0.338450 -0.133081
v 0.293806 -0.359610 -0.133081
v 0.303373 -0.371794 -0.147428
v 0.278272 -0.374512 -0.146095
v 0.280062 -0.360577 -0.133081
v 0.256219 -0.350894 -0.133081
v -1.207470 -0.104695 -0.120949
v -1.117260 -0.025554 -0.120949
v -1.154640 -0.128751 -0.120949
v -1.208930 -0.403946 -0.120949
v -1.097500 -0.080135 -0.120949
v -1.151640 -0.394554 -0.120949
v -0.898413 -0.024859 -0.120949
v -1.178700 -0.478351 -0.120949
v -0.889802 -0.082265 -0.120949
v -1.121410 -0.487729 -0.120949
v -0.669802 -0.012265 -0.120949
v -1.173660 -0.558157 -0.120949
v -0.678610 0.045111 -0.120949
v -0.525881 0.045299 -0.120949
v -0.526076 -0.012749 -0.120949
v -1.200350 -0.506604 -0.120949
v -1.361890 -0.562440 -0.120949
v -1.363210 -0.504407 -0.120949
v -0.004766 -0.476654 -0.119587
v 0.027726 -0.507666 -0.119587
v 0.018949 -0.530334 -0.119587
v 0.017903 -0.485430 -0.119587
v -0.025954 -0.531380 -0.119587
v -0.003286 -0.540158 -0.119587
v -0.027001 -0.486477 -0.119587
v -0.035778 -0.509146 -0.119587
v 0.585234 -0.026654 -0.119587
v 0.617726 -0.057666 -0.119587
v 0.608949 -0.080333 -0.119587
v 0.607903 -0.035429 -0.119587
v 0.564046 -0.081380 -0.119587
v 0.586714 -0.090158 -0.119587
v 0.562999 -0.036477 -0.119587
v 0.554222 -0.059145 -0.119587
v 1.177730 0.002334 -0.119587
v 1.123000 0.023523 -0.119587
v 1.145230 0.033347 -0.119587
v 1.167900 0.024571 -0.119587
v 1.124050 -0.021380 -0.119587
v 1.114220 0.000854 -0.119587
v 1.168950 -0.020334 -0.119587
v 1.146710 -0.030158 -0.119587
v 1.230480 0.240465 -0.050464
v 1.352780 0.240465 -0.050464
v 1.230480 0.184977 -0.073447
v 1.352780 0.129490 -0.050464
v 1.352780 0.184977 -0.073447
v 1.230480 0.129490 -0.050464
v -0.498122 -0.393886 -0.102506
v -0.227811 -0.414300 -0.102506
v -0.247256 -0.463965 -0.102506
v -0.220071 -0.423575 -0.102506
v -0.222429 -0.454809 -0.102506
v -0.501962 -0.444730 -0.102506
v -0.567173 -0.397315 -0.102506
v -0.529191 -0.363297 -0.102506
v -0.575974 -0.296033 -0.102506
v -0.526169 -0.306956 -0.102506
v -0.412316 -0.093244 -0.102506
v -0.362511 -0.104167 -0.102506
v -0.408291 -0.048959 -0.102506
v -0.358275 -0.039046 -0.102506
v -0.386666 0.001605 -0.102506
v -0.442120 0.009555 -0.102506
v -0.164835 0.000513 -0.095907
v -0.239252 -0.340828 -0.095907
v -0.278022 -0.337899 -0.095907
v -0.116373 -0.003147 -0.095907
v -0.265224 -0.426596 -0.095907
v -0.226455 -0.429523 -0.095907
v 1.204190 0.266148 -0.082673
v 1.135250 0.382201 -0.083353
v 1.204190 0.382201 -0.082673
v 1.105260 0.352452 -0.083876
v 1.105260 0.266148 -0.083876
v 1.151060 0.415064 -0.002838
v 1.160500 0.453011 0.003452
v 1.166790 0.415064 -0.002838
v 1.157350 0.453011 0.003452
v -0.345810 0.266148 -0.082673
v -0.414749 0.382201 -0.083353
v -0.345810 0.382201 -0.082673
v -0.444745 0.352452 -0.083876
v -0.444745 0.266148 -0.083876
v -0.421462 -0.341798 0.100928
v -0.386569 -0.342184 0.082363
v -0.418671 -0.362777 0.082363
v -0.403210 -0.329108 0.100928
v -0.448194 -0.341103 0.100928
v -0.390735 -0.288674 0.100928
v -0.456832 -0.356793 0.085217
v -0.371481 -0.282364 0.083155
v -0.464234 -0.327328 0.100928
v -0.384377 -0.214504 0.100928
v -0.479325 -0.332487 0.086939
v -0.369454 -0.212347 0.087702
v -0.476687 -0.300587 0.086939
v -0.374198 -0.172314 0.100928
v -0.461308 -0.304812 0.100928
v -0.362112 -0.177714 0.089317
v -0.452762 -0.273258 0.089356
v -0.343771 -0.148064 0.092434
v -0.348357 -0.139535 0.100928
v -0.311708 -0.126411 0.100928
v -0.446567 -0.284907 0.100928
v -0.428121 -0.275273 0.090570
v -0.431177 -0.286680 0.100928
v -0.411743 -0.300965 0.100928
v -0.306076 0.382201 -0.073277
v -0.345021 0.324175 -0.073277
v -0.345021 0.382201 -0.073277
v -0.276076 0.352452 -0.073277
v -0.276076 0.266148 -0.073277
v -0.345021 0.266148 -0.073277
v 1.243920 0.382201 -0.073277
v 1.204980 0.324175 -0.073277
v 1.204980 0.382201 -0.073277
v 1.273920 0.352452 -0.073277
v 1.273920 0.266148 -0.073277
v 1.204980 0.266148 -0.073277
v 1.370750 0.249317 -0.059316
v 1.592680 0.249317 -0.059316
v 1.592680 0.120637 -0.059316
v 1.370750 0.184977 -0.085967
v 1.370750 0.120637 -0.059316
v 1.592680 0.184977 -0.085967
v 0.365580 -0.427784 -0.163750
v 0.380023 -0.348454 -0.133081
v 0.407681 -0.356646 -0.159961
v 0.392360 -0.280511 -0.160726
v 0.342856 -0.404340 -0.133081
v 0.365227 -0.287620 -0.133081
v 0.275031 -0.471704 -0.162402
v 0.339996 -0.224410 -0.156185
v 0.265006 -0.441928 -0.133081
v 0.319525 -0.234750 -0.133081
v 0.195439 -0.461398 -0.159547
v 0.197420 -0.434196 -0.133081
v 0.140128 -0.435981 -0.158428
v 0.346004 -0.100368 -0.165140
v 0.142219 -0.409605 -0.133081
v 0.094307 -0.439122 -0.158375
v 0.392586 -0.046542 -0.133081
v 0.401152 -0.077291 -0.165112
v 0.050518 -0.482312 -0.133081
v 0.467557 -0.089128 -0.165194
v 0.076761 -0.482108 -0.158393
v 0.485422 -0.061988 -0.133081
v 0.083162 -0.537983 -0.133081
v 0.098822 -0.516895 -0.158342
v 0.528815 -0.128468 -0.133081
v 0.501930 -0.138694 -0.161690
v 0.503986 -0.177185 -0.159505
v 0.528177 -0.186503 -0.133081
v 0.491250 -0.225756 -0.133081
v 0.476828 -0.203590 -0.159587
v 0.429414 -0.232319 -0.133081
v 0.434442 -0.210304 -0.156500
v 0.395312 -0.199021 -0.133081
v 0.412877 -0.187242 -0.154765
v -0.355021 0.412201 -0.041776
v -0.276076 0.354300 -0.041776
v -0.355021 0.266148 -0.041776
v -0.276076 0.266148 -0.041776
v -0.336076 0.412201 -0.041776
v 1.194980 0.412201 -0.041776
v 1.273920 0.354300 -0.041776
v 1.194980 0.266148 -0.041776
v 1.273920 0.266148 -0.041776
v 1.213920 0.412201 -0.041776
v 0.362563 -0.214434 0.143129
v 0.392359 -0.280512 0.115484
v 0.339995 -0.224411 0.120025
v 0.327001 -0.160612 0.117410
v 0.355105 -0.161140 0.143129
v 0.407680 -0.356646 0.116249
v 0.346003 -0.100367 0.111070
v 0.432128 -0.365589 0.143129
v 0.373307 -0.122524 0.143129
v 0.365579 -0.427783 0.112460
v 0.401153 -0.077289 0.111098
v 0.386542 -0.450264 0.143129
v 0.408061 -0.111556 0.143129
v 0.284170 -0.498901 0.143129
v 0.447779 -0.117854 0.143129
v 0.275031 -0.471703 0.113808
v 0.467557 -0.089128 0.111016
v 0.194511 -0.488190 0.143129
v 0.501930 -0.138694 0.114521
v 0.195439 -0.461398 0.116663
v 0.472740 -0.149620 0.143129
v 0.137521 -0.461764 0.143129
v 0.476377 -0.166654 0.143129
v 0.140129 -0.435981 0.117782
v 0.503986 -0.177185 0.116705
v 0.106749 -0.462035 0.143129
v 0.476829 -0.203589 0.116623
v 0.461824 -0.178838 0.143129
v 0.076761 -0.482108 0.117817
v 0.441374 -0.184663 0.143129
v 0.102806 -0.482099 0.143129
v 0.434442 -0.210304 0.119710
v 0.098822 -0.516896 0.117868
v 0.114459 -0.496132 0.143129
v 0.146636 -0.517024 0.143129
v 0.412877 -0.187242 0.121444
v 0.434765 -0.176068 0.143129
v 0.420863 -0.144658 0.143129
v -0.415715 0.497386 0.039298
v -0.366437 0.497386 0.039298
v -0.415715 0.463112 0.053494
v -0.366437 0.463112 0.053494
v -0.415715 0.428839 0.039298
v -0.366437 0.428839 0.039298
v 1.134920 0.463006 -0.054976
v 1.182920 0.463006 -0.054976
v 1.182920 0.420579 -0.037402
v 1.134920 0.484219 -0.046189
v 1.182920 0.484219 -0.046189
v 1.134920 0.420579 -0.037402
v 1.182920 0.414428 -0.022553
v 1.134920 0.414428 -0.022553
v 1.134920 0.261792 -0.022553
v 1.182920 0.261792 -0.022553
v -0.346354 0.382201 0.031526
v -0.346354 0.266148 0.031526
v -0.415293 0.382201 0.032205
v -0.445288 0.352452 0.032729
v -0.445288 0.266148 0.032729
v -0.369929 -0.355262 -0.090879
v -0.418671 -0.362777 -0.109445
v -0.386570 -0.342185 -0.109445
v -0.371481 -0.282364 -0.108653
v -0.415880 -0.383757 -0.090879
v -0.352227 -0.276053 -0.090880
v -0.465470 -0.372484 -0.090880
v -0.369454 -0.212347 -0.104106
v -0.456832 -0.356793 -0.106591
v -0.354531 -0.210189 -0.090880
v -0.479325 -0.332487 -0.104869
v -0.362112 -0.177715 -0.102491
v -0.494416 -0.337645 -0.090880
v -0.350026 -0.183115 -0.090880
v -0.492066 -0.296364 -0.090880
v -0.339185 -0.156592 -0.090880
v -0.343771 -0.148064 -0.099374
v -0.311708 -0.126411 -0.090880
v -0.476687 -0.300587 -0.104869
v -0.458958 -0.261610 -0.090880
v -0.452762 -0.273258 -0.102452
v -0.425064 -0.263867 -0.090880
v -0.428121 -0.275274 -0.101238
v 1.203640 0.382201 0.031526
v 1.203640 0.266148 0.031526
v 1.134710 0.382201 0.032205
v 1.104710 0.352452 0.032729
v 1.104710 0.266148 0.032729
v -0.345021 0.382201 0.052125
v -0.306076 0.382201 0.052125
v -0.345021 0.324175 0.052125
v -0.276077 0.352452 0.052125
v -0.276077 0.266148 0.052125
v -0.345021 0.266148 0.052125
v 1.204980 0.382201 0.052125
v 1.243920 0.382201 0.052125
v 1.204980 0.324175 0.052125
v 1.273920 0.352452 0.052125
v 1.273920 0.266148 0.052125
v 1.204980 0.266148 0.052125
v 0.204258 -0.306258 0.143129
v 0.252338 -0.290060 0.121296
v 0.224714 -0.316675 0.121293
v 0.244857 -0.268386 0.143129
v 0.193427 -0.375380 0.143129
v 0.291180 -0.288532 0.124350
v 0.214031 -0.373446 0.123324
v 0.297091 -0.269767 0.143129
v 0.224921 -0.425167 0.143129
v 0.318074 -0.308067 0.126193
v 0.240429 -0.411234 0.123304
v 0.306945 -0.469405 0.143129
v 0.315839 -0.450348 0.123294
v 0.333340 -0.299190 0.143129
v 0.339312 -0.341517 0.143129
v 0.321621 -0.340124 0.126185
v 0.312765 -0.383350 0.143129
v 0.303372 -0.371794 0.128782
v 0.277302 -0.387983 0.143129
v 0.278272 -0.374511 0.130115
v 0.303372 -0.371794 0.128782
v 0.278272 -0.374511 0.130115
v 0.293806 -0.359610 0.143129
v 0.280062 -0.360577 0.143129
v 0.256219 -0.350894 0.143129
v 0.321621 -0.340124 0.126185
v 0.303565 -0.338450 0.143129
v 0.302326 -0.317278 0.143129
v 0.318074 -0.308067 0.126193
v 0.291180 -0.288532 0.124350
v 0.285202 -0.307766 0.143129
v 0.252338 -0.290060 0.121296
v 0.260156 -0.312101 0.143129
v 0.224714 -0.316675 0.121293
v 0.245526 -0.327331 0.143129
v 0.235211 -0.371093 0.143129
v 0.214031 -0.373446 0.123324
v 0.240429 -0.411234 0.123304
v 0.256012 -0.396923 0.143129
v 0.315839 -0.450348 0.123294
v 0.324719 -0.431313 0.143129
v 0.339995 -0.224411 0.120025
v 0.365227 -0.287620 0.143129
v 0.319525 -0.234750 0.143129
v 0.392359 -0.280512 0.115484
v 0.380023 -0.348454 0.143129
v 0.346003 -0.100367 0.111070
v 0.407680 -0.356646 0.116249
v 0.365579 -0.427783 0.112460
v 0.392586 -0.046542 0.143129
v 0.342856 -0.404340 0.143129
v 0.401153 -0.077289 0.111098
v 0.275031 -0.471703 0.113808
v 0.467557 -0.089128 0.111016
v 0.265006 -0.441928 0.143129
v 0.485422 -0.061988 0.143129
v 0.195439 -0.461398 0.116663
v 0.528815 -0.128468 0.143129
v 0.197420 -0.434196 0.143129
v 0.501930 -0.138694 0.114521
v 0.140129 -0.435981 0.117782
v 0.503986 -0.177185 0.116705
v 0.142219 -0.409605 0.143129
v 0.528177 -0.186503 0.143129
v 0.094307 -0.439121 0.117835
v 0.491250 -0.225756 0.143129
v 0.476829 -0.203589 0.116623
v 0.050518 -0.482312 0.143129
v 0.429414 -0.232319 0.143129
v 0.076761 -0.482108 0.117817
v 0.434442 -0.210304 0.119710
v 0.083162 -0.537983 0.143129
v 0.098822 -0.516896 0.117868
v 0.395312 -0.199021 0.143129
v 0.412877 -0.187242 0.121444
v -0.425064 -0.263867 0.100928
v -0.452762 -0.273258 0.089356
v -0.458958 -0.261610 0.100928
v -0.428121 -0.275273 0.090570
v -0.476687 -0.300587 0.086939
v -0.492066 -0.296364 0.100928
v -0.479325 -0.332487 0.086939
v -0.494416 -0.337645 0.100928
v -0.465470 -0.372484 0.100928
v -0.456832 -0.356793 0.085217
v -0.418671 -0.362777 0.082363
v -0.415880 -0.383757 0.100928
v -0.369929 -0.355262 0.100928
v -0.386569 -0.342184 0.082363
v -0.371481 -0.282364 0.083155
v -0.352227 -0.276053 0.100928
v -0.369454 -0.212347 0.087702
v -0.354531 -0.210189 0.100928
v -0.362112 -0.177714 0.089317
v -0.350026 -0.183115 0.100928
v -0.339185 -0.156592 0.100928
v -0.343771 -0.148064 0.092434
v -0.311708 -0.126411 0.100928
v 1.352780 0.129490 -0.050464
v 1.370750 0.120637 -0.059316
v 1.370750 0.184977 -0.085967
v 1.352780 0.184977 -0.073447
v 1.352780 0.240465 -0.050464
v 1.370750 0.249317 -0.059316
v -0.294073 -0.117107 0.094106
v -0.278489 -0.103713 0.112583
v -0.314712 -0.100977 0.094106
v -0.281225 -0.139934 0.094106
v -0.265095 -0.119295 0.094106
v -0.278489 -0.103713 0.112583
v -0.281225 -0.139934 0.094106
v -0.242268 -0.106448 0.094106
v -0.291884 -0.088130 0.094106
v -0.278489 -0.103713 0.112583
v -0.275754 -0.067491 0.094106
v -0.314712 -0.100977 0.094106
v -0.275754 -0.067491 0.094106
v -0.278489 -0.103713 0.112583
v -0.262907 -0.090318 0.094106
v -0.242268 -0.106448 0.094106
v -0.294073 -0.117107 -0.084057
v -0.314712 -0.100977 -0.084057
v -0.278490 -0.103713 -0.102534
v -0.281225 -0.139934 -0.084057
v -0.265095 -0.119295 -0.084057
v -0.281225 -0.139934 -0.084057
v -0.278490 -0.103713 -0.102534
v -0.242268 -0.106448 -0.084057
v -0.291884 -0.088130 -0.084057
v -0.275754 -0.067491 -0.084057
v -0.278490 -0.103713 -0.102534
v -0.314712 -0.100977 -0.084057
v -0.275754 -0.067491 -0.084057
v -0.262907 -0.090318 -0.084057
v -0.278490 -0.103713 -0.102534
v -0.242268 -0.106448 -0.084057
v -0.709491 -0.330166 0.180705
v -0.736138 -0.142732 0.155847
v -0.742338 -0.145759 0.195246
v -0.707030 -0.328454 0.140817
v -0.680305 -0.533943 0.174816
v -0.680390 -0.533741 0.134817
v -0.696936 -0.624503 0.135070
v -0.696468 -0.624472 0.175069
v 0.580752 -0.468206 0.239780
v 0.574347 -0.468986 0.200304
v -1.097460 -0.503357 0.165988
v 0.675010 -0.330661 0.222644
v -1.096060 -0.502492 0.126022
v 0.669733 -0.331668 0.183006
v -1.200130 -0.627609 0.159457
v -1.198780 -0.626700 0.119490
v 1.070106 -0.469598 0.200345
v 1.063579 -0.468876 0.239803
v 1.073537 -0.335832 0.199389
v 1.066924 -0.335108 0.238833
v 1.029461 -0.069753 0.227332
v 1.036665 -0.070978 0.188005
v 1.010626 0.137337 0.173872
v 1.002772 0.142650 0.212733
v 0.993057 0.256602 0.142529
v 0.984183 0.274527 0.177169
v 0.960549 0.339918 0.104538
v 0.969838 0.307296 0.083335
v 0.932222 0.358570 0.011334
v 0.941490 0.320092 0.005543
v 0.901471 0.348389 -0.078109
v 0.911126 0.310017 -0.072243
v 0.864728 0.314203 -0.140734
v 0.874956 0.280827 -0.121204
v 0.810917 0.252139 -0.164397
v 0.820333 0.232141 -0.131060
v 0.704750 0.136570 -0.179318
v 0.711959 0.123176 -0.142324
v 0.517519 -0.043799 -0.214150
v 0.521721 -0.056739 -0.176535
v -0.523128 0.252117 -0.170706
v -0.516442 0.228339 -0.139244
v -0.566793 0.289496 -0.108217
v -0.560153 0.258469 -0.083861
v -0.606589 0.323841 -0.042286
v -0.600324 0.289494 -0.022765
v -0.654069 0.344648 0.030282
v -0.646319 0.306833 0.040770
v -0.711703 0.337413 0.111028
v -0.700340 0.299493 0.105291
v -0.758816 0.281577 0.177220
v -0.744433 0.256128 0.149915
v -0.775278 0.164810 0.207283
v -0.762497 0.158770 0.169865
v -0.766300 0.013757 0.208530
v -0.756110 0.015462 0.169888
v 0.819386 0.260659 0.151652
v 0.736994 0.268416 0.155960
v 0.654606 0.282954 0.168146
v 0.800165 0.314669 0.092083
v 0.720119 0.324849 0.093571
v 0.640140 0.345555 0.098619
v 0.767722 0.329107 0.016772
v 0.685615 0.338050 0.014780
v 0.603577 0.357920 0.010614
v 0.724326 0.317817 -0.056918
v 0.635666 0.324355 -0.062825
v 0.546966 0.340964 -0.076349
v 0.672145 0.288406 -0.110061
v 0.575584 0.292526 -0.120418
v 0.478901 0.304500 -0.142635
v 0.800165 0.314669 0.092083
v 0.849939 0.338376 0.015140
v 0.767722 0.329107 0.016772
v 0.812919 0.328067 -0.063705
v 0.724326 0.317817 -0.056918
v 0.880323 0.322030 0.096530
v 0.819386 0.260659 0.151652
v 0.901471 0.348389 -0.078109
v 0.932222 0.358570 0.011334
v 0.864728 0.314203 -0.140734
v 0.960549 0.339918 0.104538
v 0.768497 0.297378 -0.119468
v 0.672145 0.288406 -0.110061
v -0.523128 0.252117 -0.170706
v -0.646761 0.205737 -0.183036
v -0.566793 0.289496 -0.108217
v -0.695620 0.254337 -0.120773
v -0.817038 0.217122 -0.135688
v -0.606589 0.323841 -0.042286
v -0.737547 0.294569 -0.054751
v -0.861128 0.266628 -0.069275
v -0.654069 0.344648 0.030282
v -0.779798 0.316403 0.016432
v -0.899655 0.292569 0.002320
v -0.711703 0.337413 0.111028
v -0.820933 0.306679 0.093385
v -0.928140 0.280974 0.079617
v -0.758816 0.281577 0.177220
v -0.849955 0.251178 0.154594
v -0.943720 0.224786 0.140562
v -0.450876 0.212263 -0.215295
v -0.331900 0.170216 -0.189608
v -0.331805 0.170321 -0.229606
v -0.186769 0.135931 -0.227255
v -0.447761 0.202870 -0.176539
v -0.187652 0.138890 -0.187374
v -0.523128 0.252117 -0.170706
v -0.043623 0.123790 -0.184228
v -0.516442 0.228339 -0.139244
v -0.041999 0.119628 -0.223978
v 0.089622 0.131386 -0.178582
v 0.093887 0.126290 -0.218026
v 0.209008 0.163034 -0.166592
v 0.216581 0.157042 -0.205410
v 0.311559 0.210494 -0.152495
v 0.321391 0.203664 -0.190661
v 0.395403 0.259683 -0.137251
v 0.406119 0.255873 -0.175600
v 0.478901 0.304500 -0.142635
v 0.468211 0.291359 -0.106400
v 0.546966 0.340964 -0.076349
v 0.901782 0.264203 0.160473
v -0.817038 0.217122 -0.135688
v -0.926110 0.176480 -0.154531
v -0.861128 0.266628 -0.069275
v -0.972420 0.240906 -0.087232
v -1.076330 0.216515 -0.107249
v -0.899655 0.292569 0.002320
v -1.009730 0.276089 -0.012231
v -1.113930 0.264021 -0.027046
v -0.928140 0.280974 0.079617
v -1.031970 0.263650 0.072313
v -1.133790 0.251355 0.068887
v -0.943720 0.224786 0.140562
v -1.041870 0.205076 0.140852
v -1.142650 0.189373 0.149735
v 0.653643 -0.228246 0.223209
v 0.822384 -0.203846 0.210456
v 0.706692 -0.039736 0.209481
v 0.675010 -0.330661 0.222644
v 0.824814 0.137981 0.184976
v 0.577601 -0.334080 0.238518
v 0.580752 -0.468206 0.239780
v 0.617265 -0.067012 0.224998
v 0.646768 0.149011 0.206104
v 0.734677 0.149816 0.190625
v 0.819386 0.260659 0.151652
v 0.736994 0.268416 0.155960
v 0.654606 0.282954 0.168146
v 0.880323 0.322030 0.096530
v 0.819386 0.260659 0.151652
v 0.960549 0.339918 0.104538
v -0.758816 0.281577 0.177220
v -0.849955 0.251178 0.154594
v -0.943720 0.224786 0.140562
v -0.775278 0.164810 0.207283
v -0.857563 0.143587 0.180806
v -0.945930 0.124472 0.165906
v -0.766300 0.013757 0.208530
v -0.850828 0.010294 0.183894
v -0.942260 0.003666 0.170221
v -0.940760 -0.128938 0.172334
v -0.837914 -0.126736 0.180749
v -0.742338 -0.145759 0.195246
v -0.810313 -0.286646 0.177197
v -0.944410 -0.396788 0.173729
v -0.709491 -0.330166 0.180705
v -0.761762 -0.436375 0.175681
v -0.795308 -0.502415 0.176135
v -0.680305 -0.533943 0.174816
v -0.696468 -0.624472 0.175069
v 0.901782 0.264203 0.160473
v 0.824814 0.137981 0.184976
v 0.984183 0.274527 0.177169
v 0.915010 0.146632 0.193940
v 1.002772 0.142650 0.212733
v 0.940129 -0.041148 0.210649
v 0.822384 -0.203846 0.210456
v 1.029461 -0.069753 0.227332
v 0.991213 -0.228964 0.223445
v 0.969594 -0.331045 0.222656
v 1.066924 -0.335108 0.238833
v 1.063579 -0.468876 0.239803
v -0.838305 -0.084551 -0.240126
v -0.602706 -0.221277 -0.240723
v -0.752607 -0.006054 -0.217033
v -0.758921 0.135166 -0.163984
v -0.659591 0.068472 -0.197935
v -0.865056 0.081441 -0.181892
v -0.963270 0.022730 -0.203346
v -0.811774 0.189199 -0.107535
v -0.922130 0.151086 -0.123884
v -1.024520 0.109654 -0.143994
v -0.856129 0.233203 -0.047879
v -0.968940 0.209054 -0.063286
v -1.073650 0.185342 -0.082328
v -0.943720 0.224786 0.140562
v -1.041870 0.205076 0.140852
v -1.142650 0.189373 0.149735
v -0.945930 0.124472 0.165906
v -1.044460 0.108873 0.170296
v -1.149060 0.095384 0.186261
v -0.942260 0.003666 0.170221
v -1.045210 -0.008239 0.174815
v -1.155070 -0.023310 0.190370
v -0.940760 -0.128938 0.172334
v -1.050750 -0.136551 0.173925
v -1.162940 -0.165320 0.181729
v -1.075900 -0.293311 0.170981
v -0.944410 -0.396788 0.173729
v -1.182430 -0.342914 0.169893
v -1.127450 -0.441312 0.166153
v -1.097460 -0.503357 0.165988
v -1.212150 -0.541413 0.161245
v -1.200130 -0.627609 0.159457
v 0.277620 0.112650 -0.143825
v 0.311559 0.210494 -0.152495
v 0.209008 0.163034 -0.166592
v 0.165906 -0.044980 -0.162627
v 0.353858 0.055841 -0.134671
v 0.123964 0.046395 -0.164606
v 0.089622 0.131386 -0.178582
v -0.036661 -0.096399 -0.173627
v -0.042676 0.016757 -0.173346
v -0.043623 0.123790 -0.184228
v -0.187652 0.138890 -0.187374
v -0.222544 0.029433 -0.179265
v -0.254593 -0.085632 -0.181053
v -0.331900 0.170216 -0.189608
v -0.406947 0.078733 -0.189679
v -0.479014 -0.016790 -0.196780
v -0.447761 0.202870 -0.176539
v -0.555846 0.136041 -0.185706
v -0.659591 0.068472 -0.197935
v -0.516442 0.228339 -0.139244
v -0.640901 0.182408 -0.151076
v -0.758921 0.135166 -0.163984
v -0.689460 0.224126 -0.095291
v -0.811774 0.189199 -0.107535
v 0.874956 0.280827 -0.121204
v 0.776487 0.266742 -0.095022
v 0.820333 0.232141 -0.131060
v 0.672644 0.260583 -0.081327
v 0.715929 0.228594 -0.105358
v 0.711959 0.123176 -0.142324
v 0.607131 0.232039 -0.093467
v 0.610667 0.140888 -0.117202
v 0.521721 -0.056739 -0.176535
v 0.507136 0.163879 -0.106163
v 0.437277 -0.001646 -0.149196
v 0.273287 -0.232384 -0.210545
v 0.353858 0.055841 -0.134671
v 0.217720 -0.139200 -0.180979
v -0.004661 -0.330450 -0.222158
v 0.165906 -0.044980 -0.162627
v -0.022620 -0.213594 -0.192633
v -0.036661 -0.096399 -0.173627
v -0.303231 -0.325714 -0.227057
v -0.254593 -0.085632 -0.181053
v -0.280704 -0.205486 -0.199359
v -0.479014 -0.016790 -0.196780
v -0.543406 -0.118191 -0.215459
v 0.672644 0.260583 -0.081327
v 0.567968 0.270899 -0.087643
v 0.468211 0.291359 -0.106400
v 0.607131 0.232039 -0.093467
v 0.498800 0.243915 -0.107631
v 0.395403 0.259683 -0.137251
v 0.507136 0.163879 -0.106163
v 0.406454 0.189153 -0.121809
v 0.654606 0.282954 0.168146
v 0.640140 0.345555 0.098619
v 0.630187 0.308607 0.086968
v 0.646079 0.261017 0.135803
v 0.646768 0.149011 0.206104
v 0.640026 0.142624 0.167199
v -0.696936 -0.624503 0.135070
v 0.617265 -0.067012 0.224998
v -0.696468 -0.624472 0.175069
v 0.610771 -0.068663 0.185564
v -0.795382 -0.502338 0.136135
v 0.571177 -0.334901 0.199045
v -0.795308 -0.502415 0.176135
v 0.577601 -0.334080 0.238518
v 0.580752 -0.468206 0.239780
v 0.574347 -0.468986 0.200304
v -1.200130 -0.627609 0.159457
v -1.198780 -0.626700 0.119490
v -1.212150 -0.541413 0.161245
v 0.974975 -0.331968 0.183030
v -1.211050 -0.540380 0.121273
v 0.969594 -0.331045 0.222656
v -1.183020 -0.341215 0.129934
v 1.070106 -0.469598 0.200345
v -1.182430 -0.342914 0.169893
v 1.063579 -0.468876 0.239803
v -1.165910 -0.163454 0.141883
v -1.162940 -0.165320 0.181729
v -1.160070 -0.022969 0.150686
v -1.155070 -0.023310 0.190370
v -1.153500 0.088977 0.147027
v -1.149060 0.095384 0.186261
v -1.142650 0.189373 0.149735
v -1.142690 0.167793 0.116055
v -1.133790 0.251355 0.068887
v -1.129340 0.215049 0.052698
v -1.109720 0.224857 -0.020090
v -1.113930 0.264021 -0.027046
v -1.076330 0.216515 -0.107249
v -1.073650 0.185342 -0.082328
v -1.027770 0.133782 -0.175732
v -1.024520 0.109654 -0.143994
v -0.963270 0.022730 -0.203346
v -0.965750 0.040698 -0.238997
v 0.468211 0.291359 -0.106400
v 0.546966 0.340964 -0.076349
v 0.537448 0.309275 -0.053872
v 0.603577 0.357920 0.010614
v 0.594065 0.319880 0.018521
v -0.795382 -0.502338 0.136135
v -0.795308 -0.502415 0.176135
v -0.944410 -0.396788 0.173729
v -0.943420 -0.396398 0.133743
v -1.097460 -0.503357 0.165988
v 0.675010 -0.330661 0.222644
v -1.096060 -0.502492 0.126022
v 0.669733 -0.331668 0.183006
v 0.822384 -0.203846 0.210456
v 0.822490 -0.205723 0.170499
v 0.974975 -0.331968 0.183030
v 0.969594 -0.331045 0.222656
v -0.963270 0.022730 -0.203346
v -0.965750 0.040698 -0.238997
v -0.838305 -0.084551 -0.240126
v -0.836894 -0.073942 -0.278668
v -0.602706 -0.221277 -0.240723
v 0.517519 -0.043799 -0.214150
v -0.598371 -0.213923 -0.279803
v 0.521721 -0.056739 -0.176535
v -0.303231 -0.325714 -0.227057
v 0.273287 -0.232384 -0.210545
v -0.300368 -0.317255 -0.266048
v 0.271068 -0.221196 -0.248885
v -0.004661 -0.330450 -0.222158
v -0.004976 -0.320624 -0.260931
v -0.811774 0.189199 -0.107535
v -0.922130 0.151086 -0.123884
v -0.856129 0.233203 -0.047879
v -0.968940 0.209054 -0.063286
v -1.073650 0.185342 -0.082328
v -0.893065 0.253785 0.009554
v -1.004870 0.237131 -0.004574
v -1.109720 0.224857 -0.020090
v -0.919456 0.244592 0.065444
v -1.026290 0.227089 0.057116
v -1.129340 0.215049 0.052698
v -0.936540 0.203449 0.107499
v -1.039660 0.182765 0.107726
v -1.142690 0.167793 0.116055
v 0.819966 0.239872 0.117482
v 0.887297 0.287836 0.076981
v 0.908745 0.244613 0.126300
v 0.969838 0.307296 0.083335
v 0.993057 0.256602 0.142529
v -0.516442 0.228339 -0.139244
v -0.640901 0.182408 -0.151076
v -0.560153 0.258469 -0.083861
v -0.689460 0.224126 -0.095291
v -0.811774 0.189199 -0.107535
v -0.600324 0.289494 -0.022765
v -0.731524 0.260175 -0.035237
v -0.856129 0.233203 -0.047879
v -0.646319 0.306833 0.040770
v -0.771950 0.278021 0.024509
v -0.893065 0.253785 0.009554
v -0.700340 0.299493 0.105291
v -0.809589 0.269970 0.082258
v -0.919456 0.244592 0.065444
v -0.744433 0.256128 0.149915
v -0.837527 0.229373 0.123448
v -0.936540 0.203449 0.107499
v 0.856913 0.299206 0.011005
v 0.800255 0.278951 0.074077
v 0.767944 0.289118 0.015865
v 0.820457 0.289632 -0.055585
v 0.941490 0.320092 0.005543
v 0.911126 0.310017 -0.072243
v 0.874956 0.280827 -0.121204
v 0.725150 0.279743 -0.044683
v 0.776487 0.266742 -0.095022
v 0.672644 0.260583 -0.081327
v 0.819966 0.239872 0.117482
v 0.730881 0.247137 0.122646
v 0.646079 0.261017 0.135803
v 0.800255 0.278951 0.074077
v 0.712941 0.288599 0.078259
v 0.630187 0.308607 0.086968
v 0.767944 0.289118 0.015865
v 0.678724 0.298814 0.018394
v 0.594065 0.319880 0.018521
v 0.725150 0.279743 -0.044683
v 0.629094 0.289048 -0.045212
v 0.537448 0.309275 -0.053872
v 0.672644 0.260583 -0.081327
v 0.567968 0.270899 -0.087643
v 0.468211 0.291359 -0.106400
v 0.672145 0.288406 -0.110061
v 0.575584 0.292526 -0.120418
v 0.478901 0.304500 -0.142635
v 0.608252 0.243151 -0.131877
v 0.507136 0.247477 -0.146589
v 0.406119 0.255873 -0.175600
v 0.509445 0.169252 -0.145733
v 0.414738 0.186296 -0.160836
v 0.321391 0.203664 -0.190661
v 0.356669 0.061432 -0.174178
v 0.284679 0.110139 -0.183117
v 0.864728 0.314203 -0.140734
v 0.874956 0.280827 -0.121204
v 0.810917 0.252139 -0.164397
v 0.864728 0.314203 -0.140734
v 0.768497 0.297378 -0.119468
v 0.810917 0.252139 -0.164397
v 0.672145 0.288406 -0.110061
v 0.709535 0.245610 -0.140989
v 0.704750 0.136570 -0.179318
v 0.608252 0.243151 -0.131877
v 0.606418 0.152749 -0.155165
v 0.517519 -0.043799 -0.214150
v 0.509445 0.169252 -0.145733
v 0.435148 0.009718 -0.187489
v 0.271068 -0.221196 -0.248885
v 0.356669 0.061432 -0.174178
v 0.216653 -0.129482 -0.219767
v -0.004976 -0.320624 -0.260931
v 0.167757 -0.040409 -0.202323
v -0.022475 -0.205214 -0.231745
v -0.035477 -0.092721 -0.213439
v -0.300368 -0.317255 -0.266048
v -0.252162 -0.082505 -0.220858
v -0.277877 -0.198351 -0.238617
v -0.476254 -0.012924 -0.236496
v -0.539406 -0.111759 -0.254736
v -0.598371 -0.213923 -0.279803
v -0.660064 0.078790 -0.236578
v -0.751513 0.004230 -0.255674
v 0.216581 0.157042 -0.205410
v 0.167757 -0.040409 -0.202323
v 0.128062 0.044261 -0.204337
v 0.093887 0.126290 -0.218026
v -0.035477 -0.092721 -0.213439
v -0.040986 0.014912 -0.213268
v -0.041999 0.119628 -0.223978
v -0.186769 0.135931 -0.227255
v -0.221078 0.028242 -0.219219
v -0.252162 -0.082505 -0.220858
v -0.331805 0.170321 -0.229606
v -0.406124 0.080363 -0.229638
v -0.476254 -0.012924 -0.236496
v -0.450876 0.212263 -0.215295
v -0.558503 0.147332 -0.223986
v -0.660064 0.078790 -0.236578
v -0.523128 0.252117 -0.170706
v -0.646761 0.205737 -0.183036
v -0.763315 0.155825 -0.197953
v -0.695620 0.254337 -0.120773
v -0.817038 0.217122 -0.135688
v -0.936540 0.203449 0.107499
v -1.039660 0.182765 0.107726
v -1.142690 0.167793 0.116055
v -0.942350 0.118690 0.126488
v -1.046730 0.102120 0.130936
v -1.153500 0.088977 0.147027
v -0.940210 0.003113 0.130277
v -1.048430 -0.008624 0.134947
v -1.160070 -0.022969 0.150686
v -0.939400 -0.128775 0.132357
v -1.052640 -0.135696 0.133979
v -1.165910 -0.163454 0.141883
v -1.076200 -0.292215 0.130997
v -0.943420 -0.396398 0.133743
v -1.183020 -0.341215 0.129934
v -1.126640 -0.440163 0.126177
v -1.096060 -0.502492 0.126022
v -1.211050 -0.540380 0.121273
v -1.198780 -0.626700 0.119490
v -0.836894 -0.073942 -0.278668
v -0.763315 0.155825 -0.197953
v -0.868073 0.100028 -0.217181
v -0.965750 0.040698 -0.238997
v -0.817038 0.217122 -0.135688
v -0.926110 0.176480 -0.154531
v -1.027770 0.133782 -0.175732
v -0.861128 0.266628 -0.069275
v -0.972420 0.240906 -0.087232
v -1.076330 0.216515 -0.107249
v 0.819966 0.239872 0.117482
v 0.887297 0.287836 0.076981
v 0.908745 0.244613 0.126300
v 0.969838 0.307296 0.083335
v 0.825347 0.131344 0.145534
v 0.993057 0.256602 0.142529
v 0.921225 0.140208 0.154950
v 1.010626 0.137337 0.173872
v 0.945651 -0.043263 0.171087
v 0.822490 -0.205723 0.170499
v 1.036665 -0.070978 0.188005
v 0.996428 -0.229962 0.183799
v 0.974975 -0.331968 0.183030
v 1.073537 -0.335832 0.199389
v 1.070106 -0.469598 0.200345
v -0.744433 0.256128 0.149915
v -0.837527 0.229373 0.123448
v -0.936540 0.203449 0.107499
v -0.762497 0.158770 0.169865
v -0.847514 0.138323 0.142448
v -0.942350 0.118690 0.126488
v -0.756110 0.015462 0.169888
v -0.842978 0.010974 0.144678
v -0.940210 0.003113 0.130277
v -0.832862 -0.125042 0.141105
v -0.736138 -0.142732 0.155847
v -0.939400 -0.128775 0.132357
v -0.807845 -0.285356 0.137295
v -0.707030 -0.328454 0.140817
v -0.943420 -0.396398 0.133743
v -0.761020 -0.435784 0.135694
v -0.680390 -0.533741 0.134817
v -0.795382 -0.502338 0.136135
v -0.696936 -0.624503 0.135070
v 0.648707 -0.229444 0.183534
v 0.822490 -0.205723 0.170499
v 0.669733 -0.331668 0.183006
v 0.571177 -0.334901 0.199045
v 0.574347 -0.468986 0.200304
v 0.610771 -0.068663 0.185564
v 0.701837 -0.042176 0.169851
v 0.825347 0.131344 0.145534
v 0.640026 0.142624 0.167199
v 0.729572 0.142743 0.151588
v 0.819966 0.239872 0.117482
v 0.730881 0.247137 0.122646
v 0.646079 0.261017 0.135803
vn 1.0000 -0.0000 -0.0000
vn 0.7149 0.6206 -0.3221
vn 0.7345 0.6786 -0.0000
vn 0.7303 0.4162 -0.5418
vn 0.7342 -0.0000 -0.6789
vn 0.7342 0.6789 -0.0000
vn 0.7149 0.6206 0.3221
vn 0.7149 -0.6206 -0.3221
vn 0.7302 0.4162 0.5418
vn 0.7302 -0.4162 -0.5418
vn 0.7342 -0.0000 0.6789
vn 0.7342 -0.6789 -0.0000
vn 0.7345 -0.6786 -0.0000
vn 0.7149 -0.6206 0.3221
vn 0.7302 -0.4162 0.5418
vn 0.8976 0.4409 -0.0000
vn 0.9007 0.4345 -0.0000
vn 0.8944 -0.4473 -0.0000
vn 0.8944 0.4473 -0.0000
vn 0.9862 0.1657 -0.0000
vn 1.0000 -0.0000 0.0079
vn 1.0000 -0.0000 -0.0079
vn 1.0000 -0.0000 -0.0078
vn 0.9405 0.3398 -0.0000
vn 0.6750 -0.7378 -0.0000
vn 0.3468 0.9379 -0.0000
vn 0.9224 -0.3863 -0.0000
vn 0.9096 0.4156 -0.0000
vn 0.9196 -0.3929 -0.0000
vn 0.9195 -0.3930 -0.0000
vn 0.9563 0.2924 -0.0000
vn 0.8185 0.5745 -0.0000
vn 0.3303 0.9439 -0.0000
vn 0.3303 -0.9439 -0.0000
vn 0.6533 0.3542 -0.6691
vn 0.6933 -0.1969 -0.6933
vn 0.7301 -0.0235 -0.6830
vn 0.6675 0.3298 -0.6675
vn 0.6463 0.2602 -0.7173
vn 0.7049 0.0783 -0.7049
vn 0.2052 -0.6473 -0.7341
vn 0.4888 -0.4730 -0.7331
vn 0.6933 -0.1969 0.6932
vn 0.6533 0.3542 0.6691
vn 0.7301 -0.0235 0.6830
vn 0.6675 0.3298 0.6675
vn 0.6464 0.2602 0.7173
vn 0.4888 -0.4729 0.7331
vn 0.2052 -0.6473 0.7341
vn 0.7050 0.0783 0.7049
vn 0.6540 -0.7565 0.0001
vn 0.8019 -0.5974 -0.0000
vn 0.6540 -0.7565 -0.0000
vn 0.8678 -0.4970 -0.0000
vn 0.9955 -0.0948 -0.0000
vn 0.9997 0.0233 -0.0000
vn 0.6112 0.7915 -0.0000
vn 0.6541 -0.7564 -0.0000
vn 0.8697 -0.4935 -0.0000
vn 0.8697 -0.4936 -0.0000
vn 0.6765 -0.1730 -0.7158
vn 0.6381 0.2599 -0.7247
vn 0.5369 0.4421 -0.7185
vn 0.6381 0.2599 0.7247
vn 0.6765 -0.1730 0.7158
vn 0.5369 0.4421 0.7185
vn 0.2996 0.9541 -0.0000
vn 1.0000 0.0001 -0.0000
vn 1.0000 -0.0001 -0.0000
vn 0.2996 0.9541 -0.0002
vn 0.2996 -0.9541 -0.0000
vn 0.2996 -0.9541 0.0002
vn 0.6614 0.2676 -0.7007
vn 0.6774 -0.1968 -0.7088
vn 0.7008 0.1338 -0.7007
vn 0.6110 -0.3603 -0.7049
vn 0.7008 0.1338 0.7007
vn 0.6774 -0.1968 0.7088
vn 0.6613 0.2676 0.7007
vn 0.6110 -0.3603 0.7049
vn 0.6534 0.3542 0.6691
vn 0.6464 0.2602 -0.7173
vn 0.6534 0.3542 -0.6691
vn 0.6933 -0.1969 -0.6932
vn 0.4888 -0.4729 -0.7331
vn 0.6075 0.4496 -0.6548
vn 0.2129 0.6545 -0.7255
vn 0.7892 0.2841 -0.5445
vn 0.6075 0.4497 0.6548
vn 0.7892 0.2840 0.5446
vn 0.2129 0.6545 0.7255
vn 0.6112 0.7914 -0.0000
vn 0.6540 -0.7565 0.0002
vn 0.6773 -0.1969 0.7088
vn 0.7007 0.1338 0.7007
vn 0.6614 0.2677 -0.7007
vn 0.7007 0.1338 -0.7008
vn 0.9495 0.3139 -0.0000
vn 0.6237 -0.7816 -0.0000
vn 0.9563 -0.2924 -0.0000
vn 0.5975 -0.8019 -0.0000
vn 1.0000 -0.0079 -0.0000
vn 0.7892 0.2841 0.5445
vn 0.2128 0.6545 -0.7255
vn 0.7892 0.2840 -0.5446
vn 0.9939 -0.1104 -0.0000
vn 0.9899 0.1414 -0.0000
vn 0.9899 0.1415 -0.0000
vn 0.7189 -0.6951 -0.0000
vn 0.8764 -0.4816 -0.0000
vn 0.9862 0.1656 -0.0000
vn 0.9806 -0.1961 -0.0000
vn 0.3233 -0.9463 -0.0000
vn 1.0000 -0.0000 0.0078
vn 0.9998 0.0157 -0.0079
vn 0.9998 0.0157 0.0079
vn 0.2128 0.9771 -0.0000
vn -0.2686 0.8294 0.4898
vn -0.1568 0.8313 -0.5333
vn -0.2686 0.8294 -0.4898
vn -0.0000 0.9910 0.1337
vn -0.2756 0.9530 -0.1260
vn -0.2756 0.9530 0.1260
vn -0.0000 0.9910 -0.1337
vn -0.0000 1.0000 -0.0000
vn 0.2758 0.9612 -0.0000
vn 0.8975 0.4409 -0.0000
vn 0.9006 0.4346 -0.0000
vn -0.9021 0.4315 -0.0078
vn -0.2758 0.9612 -0.0000
vn -0.9006 0.4345 -0.0079
vn -0.2830 0.9591 -0.0000
vn -0.9021 0.4315 0.0078
vn -0.9006 0.4346 0.0079
vn -0.1414 0.9900 -0.0000
vn -0.1414 0.9899 -0.0000
vn -0.2685 0.9633 -0.0000
vn -0.8815 0.4723 -0.0000
vn 0.0158 0.9999 -0.0000
vn -0.2996 0.9541 -0.0000
vn 0.0157 0.9999 -0.0000
vn -0.0000 0.8084 0.5886
vn -0.0000 0.9224 0.3863
vn -0.0000 0.9224 -0.3862
vn -0.0000 0.9224 -0.3863
vn -0.0000 0.8084 -0.5886
vn -0.0000 0.9262 -0.3771
vn -0.0000 0.9939 -0.1104
vn -0.0000 0.9939 -0.1105
vn -0.0000 0.9939 0.1105
vn -0.0000 0.9939 0.1104
vn -0.0000 0.9264 0.3766
vn 0.3467 0.9380 -0.0000
vn 0.3233 0.9463 -0.0000
vn 0.9095 0.4156 -0.0000
vn -0.3303 0.9439 -0.0000
vn -0.6540 0.7565 -0.0000
vn -0.6324 0.7747 -0.0000
vn -0.0000 0.9900 -0.1414
vn -0.0000 0.9900 0.1414
vn -0.0157 0.9999 -0.0000
vn -0.0158 0.9999 -0.0000
vn -0.1422 0.6717 -0.7270
vn 0.2761 0.6390 -0.7179
vn -0.3005 0.6168 -0.7275
vn -0.3005 0.6168 0.7275
vn 0.2761 0.6390 0.7179
vn -0.1422 0.6717 0.7270
vn -0.0000 0.6992 -0.7149
vn -0.4392 0.5020 -0.7451
vn -0.2595 0.6214 -0.7393
vn -0.4392 0.5020 0.7451
vn -0.0000 0.6992 0.7149
vn -0.2595 0.6214 0.7393
vn -0.1733 0.9849 -0.0000
vn 0.1416 0.6921 -0.7078
vn -0.1260 0.6775 -0.7247
vn -0.0948 0.6798 -0.7272
vn -0.0631 0.7174 -0.6938
vn -0.5925 0.3634 -0.7189
vn -0.4261 0.5603 -0.7102
vn 0.0705 0.6975 -0.7131
vn -0.4818 0.4897 -0.7267
vn -0.2203 0.6451 -0.7316
vn 0.4403 0.5425 -0.7154
vn -0.0943 0.7156 -0.6921
vn -0.0630 0.7174 -0.6938
vn 0.2603 0.6627 -0.7022
vn -0.1260 0.6774 0.7247
vn 0.1416 0.6921 0.7078
vn -0.0948 0.6798 0.7272
vn -0.4818 0.4897 0.7267
vn 0.0705 0.6975 0.7131
vn -0.2203 0.6451 0.7316
vn -0.5925 0.3634 0.7189
vn -0.0631 0.7174 0.6937
vn -0.4261 0.5603 0.7102
vn 0.4402 0.5425 0.7155
vn -0.0630 0.7174 0.6938
vn -0.0943 0.7157 0.6921
vn 0.2603 0.6627 0.7022
vn -0.1342 0.6475 -0.7501
vn -0.2589 0.6044 -0.7535
vn -0.2590 0.6043 0.7535
vn -0.1342 0.6475 0.7501
vn -0.2595 0.6213 -0.7393
vn -0.0631 0.7174 0.6938
vn -0.5925 0.3634 0.7190
vn 0.4402 0.5425 0.7154
vn -0.0943 0.7157 0.6920
vn -0.1260 0.6774 -0.7247
vn -0.8730 0.4877 -0.0000
vn -0.7885 0.6151 -0.0000
vn -0.6871 0.7266 -0.0000
vn -0.2052 0.9787 -0.0000
vn 0.2591 0.9658 -0.0000
vn 0.2129 0.6545 0.7254
vn -0.9021 0.4315 -0.0079
vn -0.9006 0.4346 -0.0079
vn -0.9021 0.4315 0.0079
vn -0.5740 0.5426 -0.6133
vn -0.5745 0.8185 -0.0000
vn -0.5580 0.7309 -0.3930
vn -0.5740 0.5426 0.6133
vn -0.5580 0.7309 0.3930
vn -0.7110 -0.0000 0.7032
vn -0.2686 -0.8295 0.4898
vn -0.1569 0.8312 -0.5333
vn -0.1105 -0.0000 0.9939
vn -0.5518 0.1025 0.8277
vn -0.4722 -0.0000 0.8815
vn -0.4717 0.4560 0.7547
vn -0.0000 -0.0000 1.0000
vn -0.0008 0.4186 0.9082
vn -0.0000 -0.3863 0.9224
vn -0.0000 -0.8084 0.5886
vn -0.0000 -0.7565 0.6540
vn 0.2987 -0.5739 0.7625
vn -0.2754 -0.6139 0.7398
vn -0.1182 -0.6699 0.7330
vn -0.4102 -0.5522 0.7258
vn 0.1734 -0.6305 0.7566
vn 0.6378 -0.2126 0.7402
vn 0.6062 -0.2913 0.7400
vn 0.6228 0.1656 0.7647
vn 0.5576 0.3298 0.7618
vn 0.1574 0.6453 0.7476
vn 0.2910 0.5977 0.7471
vn -0.1181 0.6533 0.7478
vn -0.2124 0.6294 0.7475
vn -0.4641 0.4877 0.7394
vn -0.5987 0.3229 0.7330
vn -0.6782 0.1577 0.7177
vn -0.6711 0.1026 0.7343
vn -0.6783 0.1577 0.7177
vn -0.6793 0.1027 0.7267
vn -0.6693 0.1260 0.7323
vn -0.5821 0.3383 0.7394
vn -0.6226 0.2522 0.7408
vn -0.4649 0.4728 0.7486
vn -0.2992 0.5825 0.7557
vn -0.2210 0.6236 0.7499
vn 0.5417 -0.4554 0.7066
vn 0.6932 -0.1970 0.6933
vn 0.7301 -0.0236 0.6830
vn 0.3926 -0.5888 0.7066
vn 0.0788 -0.7088 0.7010
vn 0.1184 -0.7021 0.7021
vn 0.6049 0.4085 0.6835
vn 0.6675 0.3299 0.6675
vn 0.6464 0.2601 0.7173
vn 0.6716 -0.0948 0.7348
vn -0.1654 -0.7091 0.6854
vn 0.1183 -0.7021 0.7021
vn -0.2356 -0.6833 0.6911
vn 0.6677 -0.0943 0.7384
vn -0.1731 -0.6925 0.7003
vn 0.3626 -0.5754 0.7331
vn -0.1027 -0.7034 0.7034
vn 0.5031 -0.4481 0.7390
vn 0.4888 -0.4730 0.7331
vn 0.0471 -0.6905 0.7218
vn 0.0709 -0.6854 0.7248
vn -0.3924 -0.5494 0.7377
vn 0.6982 0.1177 0.7061
vn 0.7049 0.0784 0.7049
vn -0.2364 -0.6381 0.7327
vn 0.4635 0.5342 0.7070
vn 0.5512 0.4646 0.6930
vn 0.3788 0.5839 0.7180
vn -0.6008 -0.3320 0.7272
vn -0.6488 -0.2216 0.7280
vn -0.6437 0.1335 0.7536
vn -0.5663 0.3303 0.7551
vn -0.2600 0.6381 0.7247
vn -0.3698 0.5823 0.7240
vn 0.2045 0.6134 0.7628
vn 0.0472 0.6533 0.7556
vn 0.5270 0.4326 0.7315
vn 0.5753 0.3468 0.7408
vn 0.6066 0.2679 0.7485
vn 0.0315 0.3302 0.9434
vn -0.0314 0.3302 0.9434
vn -0.0000 -0.0863 0.9963
vn -0.0000 0.3233 0.9463
vn -0.1338 -0.7086 0.6928
vn 0.4084 -0.5577 0.7226
vn -0.5041 -0.5907 0.6301
vn 0.2367 -0.6548 0.7178
vn 0.6791 -0.1500 0.7186
vn 0.4085 -0.5576 0.7226
vn 0.6765 -0.1731 0.7158
vn 0.5369 0.4422 0.7185
vn 0.1577 0.6783 0.7177
vn 0.6381 0.2600 0.7247
vn -0.1423 0.6717 0.7270
vn -0.5662 0.4089 0.7156
vn -0.6381 0.2600 0.7247
vn -0.6611 -0.1653 0.7319
vn -0.6686 -0.1337 0.7315
vn -0.4108 -0.5608 0.7188
vn -0.5122 -0.4728 0.7171
vn -0.3291 -0.6190 0.7131
vn 0.2205 -0.6534 0.7242
vn 0.5609 -0.4107 0.7188
vn 0.3698 -0.5823 0.7240
vn 0.6293 -0.2832 0.7237
vn -0.1491 -0.6671 0.7299
vn 0.6527 0.1258 0.7471
vn 0.6474 0.1737 0.7421
vn -0.6054 -0.2752 0.7469
vn -0.0631 -0.6857 0.7251
vn 0.3917 0.5719 0.7208
vn -0.4781 -0.4781 0.7368
vn 0.4887 0.4966 0.7173
vn 0.3150 0.6222 0.7167
vn -0.6799 0.1423 0.7194
vn -0.6054 -0.2751 0.7469
vn -0.6868 0.1105 0.7184
vn -0.4393 0.5019 0.7451
vn -0.2596 0.6213 0.7393
vn 0.1021 0.6835 0.7228
vn 0.2600 0.6381 0.7248
vn -0.6284 0.2199 0.7462
vn -0.5592 0.2047 0.8033
vn 0.0157 -0.0000 0.9999
vn 0.0158 -0.0000 0.9999
vn -0.0000 0.1657 0.9862
vn -0.6782 0.1578 0.7177
vn -0.2755 -0.6139 0.7398
vn -0.3779 0.5668 0.7321
vn -0.6784 0.0395 0.7336
vn -0.4947 0.4712 0.7303
vn -0.6379 0.2127 0.7402
vn -0.0949 0.6798 0.7272
vn -0.1261 0.6774 0.7247
vn -0.6209 -0.3537 0.6995
vn -0.6465 -0.2996 0.7017
vn -0.6784 0.0394 0.7336
vn -0.6599 -0.2750 0.6992
vn -0.1260 0.6775 0.7247
vn 0.2120 0.6752 0.7066
vn -0.6073 -0.3865 0.6941
vn 0.1423 0.6879 0.7117
vn -0.4818 0.4897 0.7266
vn -0.6989 -0.0314 0.7146
vn -0.6987 -0.0393 0.7144
vn -0.0944 0.7156 0.6921
vn -0.1182 -0.7330 0.6699
vn -0.2120 -0.6911 0.6910
vn 0.4403 0.5425 0.7154
vn 0.6613 0.2677 0.7007
vn 0.2604 0.6627 0.7022
vn 0.7007 0.1339 0.7008
vn 0.6773 -0.1970 0.7088
vn 0.2207 -0.6857 0.6936
vn 0.6109 -0.3603 0.7049
vn 0.3537 -0.6209 0.6995
vn -0.2909 -0.6525 0.6997
vn -0.6533 -0.3542 0.6691
vn -0.1177 -0.7061 0.6983
vn -0.8183 0.1889 0.5429
vn -0.1655 -0.7091 0.6854
vn 0.1183 -0.7021 0.7022
vn -0.2364 -0.6382 0.7327
vn 0.4887 -0.4730 0.7331
vn 0.6067 0.2679 0.7485
vn -0.0000 0.3863 0.9224
vn -0.0158 -0.0000 0.9999
vn -0.0157 -0.0000 0.9999
vn 0.4579 -0.4895 0.7421
vn 0.1418 -0.6384 0.7566
vn 0.0551 -0.6530 0.7553
vn -0.2520 -0.6141 0.7479
vn 0.6048 -0.2985 0.7383
vn -0.3935 -0.5351 0.7476
vn 0.6835 -0.1021 0.7228
vn -0.6383 -0.1419 0.7566
vn 0.6786 -0.0316 0.7338
vn -0.5891 -0.2906 0.7540
vn 0.6705 -0.0237 0.7415
vn -0.5803 0.3293 0.7449
vn 0.6697 -0.0552 0.7406
vn -0.6213 0.2360 0.7472
vn 0.6428 -0.2352 0.7290
vn -0.1343 0.6475 0.7502
vn 0.6566 -0.1661 0.7357
vn -0.2591 0.6043 0.7534
vn 0.6073 -0.3234 0.7256
vn 0.5288 -0.4262 0.7340
vn 0.5043 -0.4570 0.7327
vn 0.6381 0.2600 0.7248
vn 0.2600 0.6381 0.7247
vn -0.2596 0.6214 0.7393
vn 0.3699 -0.5823 0.7240
vn -0.6378 0.2127 0.7402
vn -0.4818 0.4898 0.7266
vn -0.2120 -0.6910 0.6910
vn -0.6533 -0.3543 0.6691
vn -0.2590 0.6044 0.7534
vn 0.6075 0.4496 0.6548
vn 0.6786 -0.0315 0.7338
vn 0.5042 -0.4570 0.7327
vn -0.5745 -0.0000 0.8185
vn -0.5740 -0.5425 0.6134
vn -0.5580 -0.7309 0.3930
vn -0.5740 0.5425 0.6133
vn -1.0000 -0.0000 -0.0000
vn -0.9997 -0.0236 -0.0000
vn -0.9997 -0.0237 -0.0000
vn -0.4717 0.4559 0.7547
vn -0.7485 0.6225 0.2285
vn -0.7485 0.6225 -0.2285
vn -0.4717 0.4559 -0.7547
vn -0.5518 0.1025 -0.8277
vn -0.7071 -0.7071 -0.0000
vn -0.2685 -0.9633 -0.0000
vn -0.9998 0.0157 -0.0079
vn -0.9998 0.0157 0.0079
vn -1.0000 -0.0000 -0.0079
vn -1.0000 -0.0000 0.0079
vn -0.9006 0.4345 -0.0078
vn -1.0000 -0.0000 -0.0078
vn -0.9021 0.4314 -0.0078
vn -0.9021 0.4314 0.0078
vn -1.0000 -0.0000 0.0078
vn -0.9006 0.4345 0.0079
vn -1.0000 -0.0000 0.0080
vn -0.9806 -0.1961 -0.0000
vn -0.8815 0.4722 -0.0000
vn -0.9862 0.1657 -0.0000
vn -0.9955 0.0948 -0.0000
vn -0.9899 -0.1414 -0.0000
vn -0.8284 -0.5602 -0.0000
vn -0.8284 -0.5602 -0.0002
vn -0.9463 0.3233 -0.0000
vn -0.9154 0.4025 -0.0000
vn -0.9737 -0.2277 -0.0000
vn -0.7418 -0.6707 -0.0000
vn -0.6793 0.1027 -0.7267
vn -0.4641 0.4877 -0.7394
vn -0.6783 0.1577 -0.7177
vn -0.6783 0.1578 0.7177
vn -0.3303 -0.9439 -0.0000
vn -0.6541 0.7564 -0.0000
vn -0.6541 0.7564 0.0001
vn -0.9821 -0.1885 -0.0000
vn -0.2830 -0.9591 -0.0000
vn -0.9541 0.2996 -0.0000
vn -0.6324 0.7746 -0.0000
vn -0.9999 0.0158 -0.0000
vn -0.9997 -0.0233 -0.0000
vn -0.6112 -0.7915 -0.0000
vn -0.8697 -0.4936 -0.0000
vn -0.8697 -0.4935 -0.0000
vn -0.1338 -0.7086 -0.6928
vn -0.7566 -0.4256 -0.4965
vn -0.5041 -0.5907 -0.6301
vn -0.1338 -0.7085 0.6929
vn -0.5041 -0.5907 0.6300
vn -0.7566 -0.4256 0.4965
vn -0.6799 0.1423 -0.7194
vn -0.6054 -0.2751 -0.7469
vn -0.4781 -0.4781 -0.7368
vn -0.2996 0.9541 -0.0002
vn -1.0000 0.0001 -0.0000
vn -1.0000 -0.0001 -0.0000
vn -0.2996 -0.9541 -0.0000
vn -0.2996 -0.9541 0.0002
vn -0.6783 0.1578 -0.7177
vn -0.6210 -0.3537 -0.6995
vn -0.6379 0.2126 -0.7402
vn -0.6784 0.0394 -0.7336
vn -0.7149 -0.0000 -0.6992
vn -0.6599 -0.2749 -0.6992
vn -0.6074 -0.3865 -0.6941
vn -0.5926 0.3634 -0.7189
vn -0.4262 0.5603 -0.7102
vn -0.4819 0.4897 -0.7266
vn -0.6989 -0.0314 -0.7146
vn -0.6533 -0.3542 -0.6691
vn -0.8102 0.3776 -0.4484
vn -0.8183 0.1889 -0.5429
vn -0.6379 0.2126 0.7402
vn -0.6210 -0.3537 0.6995
vn -0.6599 -0.2749 0.6992
vn -0.7149 -0.0000 0.6992
vn -0.6073 -0.3864 0.6941
vn -0.5926 0.3634 0.7189
vn -0.2203 0.6451 0.7317
vn -0.4819 0.4897 0.7266
vn -0.8102 0.3776 0.4484
vn -0.6112 -0.7914 -0.0000
vn -0.9997 -0.0234 -0.0000
vn -0.4781 -0.4781 0.7367
vn -0.6600 -0.2749 0.6992
vn -0.4262 0.5603 0.7102
vn -0.6988 -0.0314 0.7146
vn -0.2202 0.6451 0.7316
vn -0.6989 -0.0314 -0.7145
vn -0.6533 -0.3543 -0.6691
vn -0.8731 0.4876 -0.0000
vn -0.9989 0.0472 -0.0000
vn -0.7885 0.6150 -0.0000
vn -0.9021 0.4314 0.0079
vn -0.9862 0.1656 -0.0000
vn -0.2686 -0.8294 0.4898
vn 0.2128 -0.9771 -0.0000
vn -0.1568 0.8312 -0.5333
vn -0.2686 -0.8294 -0.4898
vn -0.2684 -0.9633 -0.0000
vn -0.0000 -1.0000 -0.0000
vn -0.0000 -0.8084 -0.5886
vn -0.0000 -0.7565 -0.6540
vn 0.0001 -0.8084 0.5886
vn 0.1182 -0.9930 -0.0000
vn -0.2902 -0.9570 -0.0000
vn -0.2903 -0.9569 -0.0000
vn 0.1734 -0.6305 -0.7566
vn -0.1182 -0.6699 -0.7330
vn 0.2987 -0.5739 -0.7625
vn -0.1654 -0.7091 -0.6854
vn 0.1183 -0.7021 -0.7021
vn 0.0787 -0.7089 -0.7010
vn -0.1027 -0.7034 -0.7034
vn 0.0787 -0.7089 0.7009
vn 0.1886 -0.9821 -0.0000
vn 0.8019 -0.5975 -0.0000
vn 0.2758 -0.9612 -0.0000
vn 0.8677 -0.4970 -0.0000
vn 0.0158 -0.9999 -0.0000
vn -0.6112 -0.7915 0.0001
vn 0.6540 -0.7565 -0.0001
vn 0.4084 -0.5577 -0.7226
vn 0.2366 -0.6548 -0.7178
vn 0.2366 -0.6548 0.7178
vn 0.2204 -0.6534 -0.7242
vn -0.0630 -0.6857 -0.7251
vn -0.1491 -0.6671 -0.7299
vn 0.2204 -0.6534 0.7242
vn -0.0630 -0.6857 0.7251
vn -0.2121 -0.6910 -0.6910
vn 0.2672 -0.8172 -0.5107
vn -0.1182 -0.7330 -0.6699
vn -0.1176 -0.7061 -0.6983
vn 0.3537 -0.6209 -0.6995
vn 0.2207 -0.6857 -0.6936
vn -0.2909 -0.6526 -0.6997
vn 0.2672 -0.8172 0.5107
vn 0.3537 -0.6210 0.6995
vn -0.1176 -0.7061 0.6983
vn -0.2909 -0.6526 0.6997
vn 0.0157 -0.9999 -0.0000
vn 0.0787 -0.7088 0.7010
vn 0.0787 -0.7089 -0.7009
vn 0.1183 -0.7022 -0.7021
vn 0.4887 -0.4730 -0.7331
vn 0.0079 -1.0000 -0.0000
vn -0.0079 -1.0000 -0.0000
vn 0.1810 -0.9835 -0.0000
vn 0.2672 -0.8172 0.5108
vn -0.2120 -0.6910 0.6911
vn -0.2909 -0.6525 -0.6997
vn -0.2120 -0.6910 -0.6910
vn 0.6237 -0.7817 -0.0000
vn 0.1414 -0.9900 -0.0000
vn 0.1414 -0.9899 -0.0000
vn 0.1337 -0.9910 -0.0000
vn 0.2518 -0.9678 -0.0000
vn 0.8764 -0.4817 -0.0000
vn 0.0236 -0.9997 -0.0000
vn -0.5740 -0.5426 -0.6133
vn -0.5745 -0.8185 -0.0000
vn -0.5740 -0.5426 0.6133
vn -0.5580 -0.7309 -0.3929
vn -0.5580 -0.7309 0.3929
vn -0.7110 -0.0000 -0.7032
vn -0.2686 0.8295 -0.4897
vn -0.0000 0.4186 -0.9082
vn -0.2757 0.9529 -0.1260
vn -0.0001 0.9910 -0.1337
vn -0.4717 0.4560 -0.7547
vn -0.0000 -0.0000 -1.0000
vn -0.1105 -0.0000 -0.9939
vn -0.5518 0.1024 -0.8277
vn -0.4722 -0.0000 -0.8815
vn -0.0000 -0.3863 -0.9224
vn -0.2754 -0.6139 -0.7398
vn -0.4102 -0.5522 -0.7258
vn 0.6378 -0.2126 -0.7402
vn 0.2988 -0.5738 -0.7625
vn 0.6062 -0.2913 -0.7400
vn 0.6228 0.1656 -0.7647
vn 0.5576 0.3298 -0.7618
vn 0.1574 0.6453 -0.7476
vn 0.2909 0.5977 -0.7471
vn -0.1181 0.6533 -0.7478
vn -0.2124 0.6294 -0.7475
vn -0.5988 0.3231 -0.7328
vn -0.6711 0.1026 -0.7342
vn -0.6693 0.1260 -0.7323
vn -0.5821 0.3383 -0.7394
vn -0.6226 0.2522 -0.7408
vn -0.4649 0.4728 -0.7486
vn -0.2992 0.5825 -0.7557
vn -0.2210 0.6236 -0.7499
vn 0.6933 -0.1970 -0.6933
vn 0.3926 -0.5888 -0.7066
vn 0.5417 -0.4554 -0.7066
vn 0.0788 -0.7088 -0.7010
vn 0.7301 -0.0236 -0.6830
vn 0.1184 -0.7021 -0.7021
vn 0.1183 -0.7021 -0.7022
vn -0.2356 -0.6833 -0.6911
vn -0.1731 -0.6925 -0.7004
vn 0.6675 0.3299 -0.6675
vn 0.6049 0.4085 -0.6835
vn 0.6464 0.2601 -0.7173
vn 0.6716 -0.0948 -0.7348
vn 0.6677 -0.0943 -0.7384
vn 0.3626 -0.5754 -0.7331
vn 0.5031 -0.4481 -0.7390
vn 0.7049 0.0784 -0.7049
vn 0.6982 0.1177 -0.7061
vn 0.0471 -0.6905 -0.7218
vn 0.4635 0.5342 -0.7070
vn 0.5512 0.4646 -0.6930
vn 0.3788 0.5839 -0.7180
vn 0.0709 -0.6854 -0.7248
vn -0.3924 -0.5494 -0.7377
vn -0.2364 -0.6382 -0.7327
vn -0.6008 -0.3320 -0.7272
vn -0.6488 -0.2216 -0.7280
vn -0.6437 0.1335 -0.7536
vn -0.5663 0.3303 -0.7551
vn -0.2600 0.6381 -0.7248
vn -0.3698 0.5823 -0.7240
vn 0.2045 0.6134 -0.7628
vn 0.0472 0.6533 -0.7556
vn 0.5270 0.4326 -0.7315
vn 0.5753 0.3468 -0.7408
vn 0.6066 0.2679 -0.7485
vn 0.0314 0.3302 -0.9434
vn -0.0000 -0.0863 -0.9963
vn -0.0315 0.3302 -0.9434
vn -0.0003 0.9900 -0.1414
vn -0.0000 0.3233 -0.9463
vn 0.6791 -0.1500 -0.7186
vn 0.2367 -0.6548 -0.7178
vn 0.4085 -0.5576 -0.7226
vn 0.6765 -0.1731 -0.7158
vn 0.6381 0.2599 -0.7248
vn 0.6381 0.2600 -0.7247
vn 0.1577 0.6783 -0.7177
vn 0.5369 0.4422 -0.7185
vn -0.5662 0.4089 -0.7157
vn -0.1423 0.6717 -0.7270
vn -0.6381 0.2600 -0.7247
vn -0.6611 -0.1653 -0.7319
vn -0.6686 -0.1337 -0.7315
vn -0.4108 -0.5608 -0.7188
vn -0.5122 -0.4728 -0.7170
vn -0.3291 -0.6190 -0.7131
vn 0.3698 -0.5823 -0.7240
vn 0.6293 -0.2832 -0.7237
vn 0.5609 -0.4107 -0.7188
vn 0.6527 0.1258 -0.7471
vn 0.2205 -0.6534 -0.7242
vn 0.6474 0.1737 -0.7421
vn 0.3917 0.5719 -0.7208
vn 0.4887 0.4965 -0.7174
vn 0.3150 0.6222 -0.7167
vn -0.0631 -0.6857 -0.7251
vn -0.6054 -0.2752 -0.7469
vn -0.6868 0.1105 -0.7184
vn -0.4392 0.5019 -0.7451
vn -0.2596 0.6213 -0.7393
vn 0.1021 0.6835 -0.7228
vn 0.2600 0.6381 -0.7247
vn -0.6284 0.2199 -0.7462
vn -0.5592 0.2048 -0.8033
vn 0.0157 -0.0000 -0.9999
vn 0.0158 -0.0000 -0.9999
vn -0.0000 0.1657 -0.9862
vn 0.2910 0.5977 -0.7471
vn 0.2988 -0.5739 -0.7625
vn -0.1183 -0.6699 -0.7330
vn -0.0000 0.8084 -0.5887
vn -0.0000 -0.8084 -0.5887
vn -0.3779 0.5668 -0.7321
vn -0.6784 0.0395 -0.7336
vn -0.6379 0.2127 -0.7402
vn -0.4947 0.4712 -0.7303
vn -0.6465 -0.2996 -0.7017
vn -0.6209 -0.3537 -0.6995
vn -0.0949 0.6798 -0.7272
vn -0.6599 -0.2750 -0.6992
vn -0.1261 0.6774 -0.7247
vn -0.6073 -0.3865 -0.6941
vn 0.2120 0.6752 -0.7066
vn 0.1423 0.6879 -0.7117
vn -0.0944 0.7156 -0.6921
vn -0.6987 -0.0393 -0.7144
vn 0.6613 0.2677 -0.7007
vn 0.4403 0.5424 -0.7155
vn 0.2604 0.6627 -0.7021
vn 0.7007 0.1339 -0.7007
vn 0.6773 -0.1969 -0.7088
vn 0.6109 -0.3603 -0.7049
vn -0.1177 -0.7061 -0.6983
vn 0.6675 0.3299 -0.6676
vn 0.6933 -0.1970 -0.6932
vn 0.0788 -0.7088 -0.7009
vn -0.1655 -0.7091 -0.6855
vn -0.1731 -0.6925 -0.7003
vn -0.1028 -0.7034 -0.7034
vn 0.3788 0.5839 -0.7181
vn 0.5753 0.3467 -0.7408
vn 0.6067 0.2679 -0.7485
vn -0.0000 0.3863 -0.9224
vn -0.0157 -0.0000 -0.9999
vn -0.0158 -0.0000 -0.9999
vn 0.4579 -0.4895 -0.7421
vn 0.1418 -0.6384 -0.7566
vn 0.6048 -0.2985 -0.7383
vn 0.6835 -0.1021 -0.7228
vn 0.0551 -0.6530 -0.7553
vn 0.6786 -0.0316 -0.7338
vn -0.2520 -0.6141 -0.7479
vn 0.6705 -0.0237 -0.7415
vn -0.3934 -0.5351 -0.7476
vn 0.6697 -0.0551 -0.7406
vn -0.6383 -0.1419 -0.7566
vn 0.6428 -0.2352 -0.7290
vn -0.5891 -0.2906 -0.7540
vn 0.6566 -0.1661 -0.7357
vn -0.5802 0.3293 -0.7449
vn 0.6073 -0.3234 -0.7256
vn 0.5288 -0.4262 -0.7340
vn 0.5043 -0.4570 -0.7327
vn -0.6213 0.2360 -0.7472
vn -0.1343 0.6475 -0.7501
vn -0.2590 0.6043 -0.7535
vn -0.2590 0.6044 -0.7535
vn 0.6075 0.4497 -0.6548
vn -0.6381 0.2600 -0.7248
vn 0.4085 -0.5577 -0.7226
vn -0.4393 0.5019 -0.7451
vn -0.2596 0.6214 -0.7393
vn 0.3699 -0.5823 -0.7240
vn -0.6378 0.2127 -0.7402
vn 0.5042 -0.4570 -0.7327
vn -0.5745 -0.0000 -0.8185
vn -0.5580 -0.7309 -0.3930
vn -0.5740 -0.5425 -0.6134
vn -0.5740 0.5425 -0.6133
vn -0.5067 -0.4355 0.7441
vn -0.5066 -0.4354 0.7442
vn -0.4155 -0.5332 0.7370
vn -0.5888 -0.3298 0.7380
vn 0.4354 -0.5066 0.7441
vn 0.4355 -0.5067 0.7440
vn 0.5331 -0.4155 0.7370
vn 0.3297 -0.5888 0.7380
vn -0.4354 0.5066 0.7442
vn -0.4354 0.5067 0.7441
vn -0.5331 0.4155 0.7370
vn -0.3297 0.5888 0.7380
vn 0.5888 0.3297 0.7380
vn 0.5066 0.4354 0.7441
vn 0.5066 0.4354 0.7442
vn 0.4155 0.5331 0.7370
vn -0.5067 -0.4355 -0.7440
vn -0.4155 -0.5332 -0.7370
vn -0.5066 -0.4354 -0.7441
vn -0.5888 -0.3298 -0.7379
vn 0.4354 -0.5066 -0.7442
vn 0.5331 -0.4155 -0.7370
vn 0.4354 -0.5066 -0.7441
vn 0.3298 -0.5888 -0.7379
vn -0.4354 0.5066 -0.7442
vn -0.5331 0.4155 -0.7370
vn -0.4354 0.5067 -0.7441
vn -0.3297 0.5888 -0.7380
vn 0.5888 0.3297 -0.7380
vn 0.5067 0.4354 -0.7441
vn 0.5066 0.4354 -0.7442
vn 0.4155 0.5331 -0.7370
vn 0.9873 0.1422 0.0711
vn 0.9771 0.1340 0.1655
vn 0.9996 -0.0236 0.0157
vn 0.9996 -0.0236 0.0158
vn 0.2444 -0.9697 -0.0000
vn 0.2445 -0.9697 0.0001
vn -0.2841 -0.9549 0.0868
vn 0.7327 -0.6776 -0.0630
vn 0.7328 -0.6776 -0.0630
vn -0.2757 -0.9610 -0.0236
vn 0.6789 -0.7342 0.0079
vn 0.6789 -0.7342 0.0077
vn -0.2683 -0.9630 -0.0237
vn 0.9842 0.0629 0.1653
vn 0.2769 -0.9570 0.0869
vn 0.2748 -0.9576 0.0864
vn 0.9842 0.0630 0.1654
vn 0.9747 0.1415 0.1729
vn 0.9724 0.1568 0.1725
vn 0.9588 0.2751 0.0707
vn 0.9609 0.2678 0.0709
vn 0.9295 0.3466 -0.1260
vn 0.9286 0.3462 -0.1338
vn 0.9135 0.2756 -0.2993
vn 0.8782 0.1345 -0.4589
vn 0.8759 0.1263 -0.4656
vn 0.7593 -0.1819 -0.6248
vn 0.7475 -0.2124 -0.6294
vn 0.7474 -0.2125 -0.6294
vn 0.6603 -0.5110 -0.5503
vn 0.6556 -0.5056 -0.5608
vn 0.6791 -0.6238 -0.3869
vn 0.6352 -0.7058 -0.3137
vn 0.6305 -0.7093 -0.3152
vn 0.8307 0.4546 0.3213
vn 0.6960 0.6485 0.3084
vn 0.6769 0.6690 0.3069
vn 0.8337 0.4483 0.3225
vn 0.8368 0.3710 0.4026
vn 0.7937 0.2908 0.5343
vn 0.7907 0.2926 0.5377
vn 0.7738 0.1105 0.6237
vn 0.7738 0.1105 0.6238
vn 0.8493 -0.0315 0.5269
vn 0.8550 -0.0314 0.5177
vn 0.9379 -0.0000 0.3468
vn 0.9642 0.0862 0.2508
vn 0.9642 0.0863 0.2508
vn 0.1185 0.8768 0.4661
vn 0.1492 0.5340 0.8323
vn 0.1023 0.5037 0.8578
vn 0.1810 0.9048 0.3855
vn 0.2119 0.5493 0.8083
vn 0.2523 0.9226 0.2918
vn 0.1104 0.9939 0.0079
vn 0.1727 0.9812 -0.0863
vn 0.2360 0.9517 -0.1966
vn 0.1020 0.9414 -0.3216
vn 0.1654 0.8821 -0.4411
vn 0.2361 0.7949 -0.5589
vn 0.1104 0.7411 -0.6622
vn 0.1889 0.5429 -0.8183
vn 0.2676 0.3306 -0.9051
vn -0.1099 0.8952 0.4319
vn -0.1738 0.9794 0.1027
vn -0.1104 0.9931 0.0394
vn -0.1889 0.9604 -0.2047
vn -0.1264 0.9480 -0.2922
vn -0.1728 0.8562 0.4870
vn -0.1180 0.5270 0.8416
vn -0.2435 0.9583 -0.1493
vn -0.2289 0.9630 0.1421
vn -0.2522 0.8353 -0.4885
vn -0.2282 0.8185 0.5273
vn -0.1969 0.7641 -0.6143
vn -0.1179 0.6450 -0.7551
vn -0.1657 0.5918 -0.7889
vn -0.1500 0.5843 -0.7975
vn -0.1662 0.7754 -0.6092
vn -0.1572 0.7548 -0.6368
vn -0.1575 0.8584 -0.4882
vn -0.1422 0.7346 -0.6635
vn -0.1499 0.8594 -0.4888
vn -0.1421 0.8604 -0.4894
vn -0.1969 0.9453 -0.2600
vn -0.1964 0.9590 -0.2043
vn -0.1896 0.9715 -0.1422
vn -0.2844 0.9481 0.1422
vn -0.2828 0.9189 0.2749
vn -0.2669 0.8870 0.3768
vn -0.3609 0.6355 0.6825
vn -0.3146 0.5428 0.7787
vn -0.2532 0.4826 0.8385
vn 0.4164 0.8877 0.1964
vn 0.2682 0.9625 0.0395
vn 0.2683 0.9628 0.0315
vn 0.1653 0.9842 -0.0630
vn 0.4402 0.8725 0.2122
vn 0.1654 0.9847 -0.0551
vn 0.6769 0.6691 0.3070
vn 0.0316 0.9942 -0.1026
vn 0.6959 0.6485 0.3084
vn -0.1422 0.9796 -0.1422
vn -0.1420 0.9785 -0.1499
vn -0.3000 0.9316 -0.2053
vn -0.3071 0.9294 -0.2048
vn -0.4251 0.8738 -0.2362
vn -0.4713 0.8718 -0.1335
vn -0.4740 0.8690 -0.1422
vn -0.5430 0.8263 0.1495
vn -0.5492 0.8160 0.1805
vn -0.6919 0.5897 0.4167
vn -0.1739 0.4903 0.8540
vn -0.1182 0.6617 -0.7404
vn -0.1023 0.6376 -0.7635
vn -0.1026 0.8051 -0.5841
vn -0.1026 0.8052 -0.5841
vn -0.0867 0.7961 -0.5990
vn -0.1336 0.9663 -0.2200
vn -0.0630 0.7801 -0.6225
vn -0.1179 0.9749 -0.1887
vn -0.1027 0.9794 -0.1738
vn -0.1730 0.9279 0.3303
vn -0.1420 0.9146 0.3785
vn -0.1106 0.9085 0.4029
vn -0.1102 0.5747 0.8109
vn -0.0552 0.5593 0.8271
vn -0.0000 0.5420 0.8404
vn 0.1259 0.0315 0.9915
vn 0.0790 0.0474 0.9957
vn 0.1180 0.0629 0.9910
vn 0.1337 0.0236 0.9907
vn 0.0865 0.1651 0.9825
vn 0.1579 0.0237 0.9872
vn 0.1580 0.0158 0.9873
vn 0.1655 0.0394 0.9854
vn 0.1649 0.1571 0.9737
vn 0.1260 0.1733 0.9768
vn 0.1023 0.5036 0.8578
vn 0.1492 0.5339 0.8323
vn -0.3221 0.1492 0.9349
vn -0.3609 0.6355 0.6826
vn -0.3146 0.5427 0.7788
vn -0.2515 0.1336 0.9586
vn -0.2531 0.4825 0.8385
vn -0.1811 0.1181 0.9764
vn -0.2516 -0.0393 0.9670
vn -0.1961 -0.0157 0.9805
vn -0.1337 0.0079 0.9910
vn -0.0785 -0.0078 0.9969
vn -0.1259 -0.0393 0.9913
vn -0.1575 -0.0788 0.9844
vn -0.0628 -0.0314 0.9975
vn -0.0236 -0.0078 0.9997
vn -0.0628 -0.0393 0.9973
vn -0.0158 -0.0157 0.9998
vn -0.0000 -0.0079 1.0000
vn 0.0079 -0.0000 1.0000
vn -0.1740 0.4903 0.8540
vn -0.2282 0.8184 0.5273
vn -0.1728 0.8561 0.4870
vn -0.1106 0.1660 0.9799
vn -0.1180 0.5269 0.8417
vn -0.2204 0.4488 0.8660
vn -0.1573 0.1573 0.9750
vn -0.1974 0.1342 0.9711
vn -0.1412 0.0549 0.9885
vn -0.0790 0.0474 0.9957
vn -0.1808 0.0314 0.9830
vn -0.1337 0.0236 0.9907
vn -0.1657 0.0158 0.9861
vn -0.0394 -0.2682 0.9625
vn -0.1103 -0.1813 0.9772
vn -0.0314 -0.2517 0.9673
vn 0.0866 -0.4643 0.8814
vn -0.0314 -0.2276 0.9732
vn 0.0788 -0.4646 0.8820
vn 0.0631 -0.4495 0.8911
vn 0.1181 -0.6533 0.7478
vn 0.1028 -0.6329 0.7674
vn 0.0785 -0.6044 0.7928
vn 0.0868 -0.7893 0.6078
vn 0.1023 -0.7948 0.5981
vn 0.0631 -0.7731 0.6312
vn 0.0001 0.1657 0.9862
vn -0.0551 0.5593 0.8272
vn 0.0552 0.1654 0.9847
vn -0.0000 0.5419 0.8404
vn 0.1099 0.1570 0.9815
vn 0.0315 0.0236 0.9992
vn 0.0785 0.0079 0.9969
vn 0.1259 -0.0079 0.9920
vn 0.0472 -0.0236 0.9986
vn 0.0706 -0.0471 0.9964
vn 0.0079 -0.0315 0.9995
vn -0.0236 -0.0157 0.9996
vn 0.0157 -0.0394 0.9991
vn -0.0236 -0.0314 0.9992
vn -0.0315 -0.0236 0.9992
vn -0.1730 0.0629 0.9829
vn -0.2448 0.1658 0.9553
vn -0.1893 0.1499 0.9704
vn -0.0948 -0.0158 0.9954
vn -0.1414 -0.0314 0.9895
vn -0.1025 0.0552 0.9932
vn -0.1104 0.1262 0.9858
vn -0.0472 -0.0078 0.9989
vn -0.0393 0.0471 0.9981
vn -0.0395 0.1026 0.9939
vn -0.0235 0.0707 0.9972
vn -0.0393 0.0315 0.9987
vn -0.0079 -0.0000 1.0000
vn -0.0236 -0.0393 0.9989
vn -0.0471 -0.0550 0.9974
vn 0.0789 -0.2288 0.9703
vn 0.0706 -0.2823 0.9567
vn 0.0552 -0.2920 0.9548
vn 0.1725 -0.5960 0.7842
vn 0.1500 -0.5843 0.7975
vn 0.1337 -0.5820 0.8022
vn 0.1572 -0.7548 0.6369
vn 0.1414 -0.7382 0.6597
vn 0.2045 -0.7628 0.6134
vn 0.2441 -0.4803 0.8425
vn 0.2524 -0.8440 0.4733
vn 0.1576 -0.4098 0.8984
vn 0.1182 -0.6145 0.7800
vn 0.1819 -0.3322 0.9255
vn 0.0788 -0.2915 0.9533
vn 0.1022 -0.2909 0.9513
vn 0.1028 -0.3241 0.9404
vn 0.0314 -0.2590 0.9654
vn 0.0550 -0.2826 0.9577
vn -0.0001 -0.2370 0.9715
vn 0.0236 -0.2443 0.9694
vn 0.0079 -0.2444 0.9696
vn -0.0079 -0.1961 0.9806
vn -0.0079 -0.2127 0.9771
vn -0.0158 -0.1657 0.9861
vn -0.0708 -0.2122 0.9747
vn -0.0711 -0.1421 0.9873
vn -0.0707 -0.1805 0.9810
vn -0.0947 -0.1341 0.9864
vn -0.1021 -0.1572 0.9823
vn -0.1884 -0.5338 0.8244
vn -0.1262 -0.2052 0.9706
vn -0.1101 -0.7629 0.6370
vn -0.2677 -0.3070 0.9133
vn -0.2046 -0.0787 0.9757
vn -0.2598 0.1023 0.9602
vn -0.1415 -0.0078 0.9899
vn -0.2047 0.0709 0.9763
vn -0.9661 0.0864 0.2435
vn -0.9147 0.1419 0.3785
vn -0.9196 0.1336 0.3694
vn -0.9679 0.0865 0.2361
vn -0.9793 0.1264 0.1579
vn -0.9793 0.1264 0.1580
vn -0.9773 0.1498 0.1498
vn -0.6871 -0.7266 0.0008
vn 0.2443 -0.9697 -0.0000
vn -0.9855 0.0631 0.1577
vn -0.6871 -0.7265 -0.0000
vn -0.2841 -0.9548 0.0868
vn -0.9999 -0.0000 -0.0157
vn -0.2684 -0.9630 -0.0237
vn -0.9927 0.1182 0.0236
vn 0.2747 -0.9577 0.0863
vn -0.7328 -0.6776 -0.0630
vn -0.7403 -0.6693 -0.0630
vn 0.2768 -0.9570 0.0870
vn -0.9949 0.0711 0.0711
vn -0.9928 0.0473 0.1103
vn -0.9949 0.0790 0.0632
vn -0.9943 0.0789 0.0710
vn -0.9964 0.0706 -0.0471
vn -0.9959 0.0711 -0.0553
vn -0.9832 -0.0236 -0.1809
vn -0.9447 -0.1653 -0.2834
vn -0.9459 -0.1576 -0.2837
vn -0.9116 -0.2908 -0.2907
vn -0.9115 -0.2986 -0.2829
vn -0.8875 -0.4005 -0.2278
vn -0.8858 -0.4034 -0.2294
vn -0.7784 -0.5818 -0.2359
vn -0.7850 -0.5730 -0.2355
vn -0.5492 0.8159 0.1805
vn -0.7000 0.5741 0.4247
vn -0.6919 0.5896 0.4167
vn -0.8274 0.3152 0.4649
vn -0.8328 0.3143 0.4557
vn -0.0078 -0.9999 -0.0079
vn -0.6871 -0.7266 -0.0000
vn -0.0000 -1.0000 -0.0079
vn -0.0000 -0.9997 -0.0236
vn -0.7402 -0.6694 -0.0630
vn -0.7327 -0.6776 -0.0630
vn -0.5894 -0.7702 -0.2436
vn -0.7783 -0.5818 -0.2359
vn -0.7849 -0.5731 -0.2355
vn -0.4013 -0.8891 -0.2203
vn -0.1652 -0.9595 -0.2281
vn 0.4642 -0.8418 -0.2754
vn 0.6305 -0.7093 -0.3153
vn 0.1658 -0.9553 -0.2447
vn 0.1181 -0.6534 0.7478
vn 0.1023 -0.7949 0.5981
vn 0.1341 -0.9623 0.2366
vn 0.0631 -0.7731 0.6311
vn 0.1187 -0.9730 0.1978
vn 0.1027 -0.9794 0.1738
vn 0.1734 -0.9303 -0.3233
vn 0.1419 -0.9147 -0.3785
vn 0.1102 -0.9056 -0.4095
vn 0.1097 -0.5800 -0.8072
vn 0.0550 -0.5503 -0.8332
vn -0.0078 -0.5272 -0.8497
vn 0.1102 -0.5275 -0.8424
vn 0.1735 -0.8594 -0.4810
vn 0.1728 -0.4870 -0.8561
vn 0.2357 -0.8169 -0.5264
vn 0.2212 -0.4425 -0.8691
vn 0.1500 -0.5844 0.7975
vn 0.1725 -0.5961 0.7842
vn 0.1652 -0.7785 0.6055
vn 0.1572 -0.7548 0.6368
vn 0.1575 -0.8584 0.4882
vn 0.1413 -0.7382 0.6596
vn 0.1498 -0.8594 0.4888
vn 0.1417 -0.8657 0.4801
vn 0.1889 -0.9448 0.2677
vn 0.1886 -0.9588 0.2122
vn 0.1896 -0.9715 0.1422
vn 0.2756 -0.9530 -0.1260
vn 0.2834 -0.9209 -0.2676
vn 0.2679 -0.8827 -0.3862
vn 0.3609 -0.6355 -0.6826
vn 0.3140 -0.5339 -0.7851
vn 0.2517 -0.4640 -0.8493
vn 0.1739 -0.9802 -0.0949
vn 0.1025 -0.9064 -0.4099
vn 0.1104 -0.9936 -0.0237
vn 0.1892 -0.9619 0.1971
vn 0.2289 -0.9630 -0.1421
vn 0.2364 -0.9613 0.1418
vn 0.2356 -0.8170 -0.5263
vn 0.2524 -0.8440 0.4732
vn 0.1182 -0.9539 0.2759
vn 0.2045 -0.7629 0.6134
vn -0.1498 -0.5283 -0.8357
vn -0.1103 -0.8743 -0.4726
vn -0.0946 -0.4889 -0.8672
vn -0.2128 -0.5438 -0.8118
vn -0.1815 -0.9075 -0.3788
vn -0.2516 -0.9279 -0.2752
vn -0.1105 -0.9939 -0.0000
vn -0.1726 -0.9805 0.0941
vn -0.2356 -0.9501 0.2042
vn -0.1025 -0.9460 0.3075
vn -0.1654 -0.8898 0.4252
vn -0.2431 -0.7998 0.5489
vn -0.1884 -0.5339 0.8243
vn -0.2677 -0.3071 0.9133
vn 0.1338 0.2440 -0.9605
vn 0.1888 0.5429 -0.8183
vn 0.1103 0.7411 -0.6622
vn 0.2120 0.0863 -0.9735
vn 0.2676 0.3305 -0.9051
vn 0.2673 -0.0943 -0.9590
vn 0.1491 -0.0000 -0.9888
vn 0.2047 -0.0709 -0.9763
vn 0.2444 -0.1735 -0.9540
vn 0.1491 0.0314 -0.9883
vn 0.1730 -0.0629 -0.9829
vn 0.6556 -0.5055 -0.5609
vn 0.7474 -0.2124 -0.6295
vn -0.2364 0.4964 -0.8353
vn -0.1969 0.7640 -0.6144
vn -0.2522 0.8353 -0.4886
vn -0.1577 0.4258 -0.8910
vn -0.1180 0.6449 -0.7551
vn -0.1815 0.3392 -0.9230
vn -0.0790 0.3081 -0.9481
vn -0.1020 0.2981 -0.9491
vn -0.1027 0.3240 -0.9405
vn -0.0392 0.2589 -0.9651
vn -0.0549 0.2826 -0.9577
vn -0.0000 0.2370 -0.9715
vn -0.0236 0.2443 -0.9694
vn -0.0079 0.2444 -0.9696
vn 0.0079 0.1976 -0.9802
vn -0.0000 0.2127 -0.9771
vn 0.0158 0.1657 -0.9861
vn 0.0707 0.2122 -0.9747
vn 0.0711 0.1422 -0.9873
vn 0.0707 0.1805 -0.9810
vn 0.0947 0.1341 -0.9864
vn 0.1021 0.1572 -0.9823
vn 0.1103 0.1813 -0.9772
vn 0.0235 0.2277 -0.9735
vn 0.0236 0.2591 -0.9656
vn 0.1893 -0.1499 -0.9704
vn 0.0948 0.0158 -0.9954
vn 0.1025 -0.0552 -0.9932
vn 0.1026 -0.1263 -0.9867
vn 0.0472 -0.0000 -0.9989
vn 0.0393 -0.0471 -0.9981
vn 0.0394 -0.1026 -0.9939
vn 0.0236 -0.0707 -0.9972
vn 0.0393 -0.0315 -0.9987
vn 0.0550 0.0079 -0.9985
vn 0.0236 0.0393 -0.9989
vn 0.0393 0.0550 -0.9977
vn -0.0788 0.2362 -0.9685
vn -0.0628 0.2824 -0.9572
vn -0.0552 0.2920 -0.9548
vn -0.1657 0.5917 -0.7890
vn -0.1500 0.5843 -0.7976
vn -0.1334 0.5731 -0.8086
vn -0.1572 0.7548 -0.6369
vn -0.1422 0.7345 -0.6635
vn 0.0550 -0.5502 -0.8332
vn 0.1097 -0.5799 -0.8072
vn -0.0079 -0.1580 -0.9874
vn -0.0079 -0.5271 -0.8498
vn -0.0552 -0.1577 -0.9859
vn -0.1101 -0.1494 -0.9826
vn -0.0315 -0.0236 -0.9992
vn -0.0785 -0.0079 -0.9969
vn -0.1259 0.0079 -0.9920
vn -0.0472 0.0236 -0.9986
vn -0.0706 0.0471 -0.9964
vn -0.0079 0.0315 -0.9995
vn 0.0236 0.0158 -0.9996
vn -0.0157 0.0394 -0.9991
vn 0.0236 0.0314 -0.9992
vn 0.0315 0.0236 -0.9992
vn 0.0236 0.0236 -0.9994
vn 0.0316 0.2683 -0.9628
vn -0.0866 0.4643 -0.8814
vn -0.0787 0.4646 -0.8820
vn -0.0631 0.4495 -0.8911
vn -0.1182 0.6616 -0.7404
vn -0.1023 0.6376 -0.7636
vn -0.0785 0.6044 -0.7928
vn -0.0867 0.7960 -0.5990
vn -0.1026 0.8051 -0.5842
vn 0.1728 -0.4869 -0.8562
vn 0.1099 -0.1570 -0.9815
vn 0.1102 -0.5274 -0.8424
vn 0.2212 -0.4424 -0.8691
vn 0.1496 -0.1574 -0.9761
vn 0.1976 -0.1265 -0.9721
vn 0.1335 -0.0549 -0.9895
vn 0.0790 -0.0474 -0.9957
vn 0.1808 -0.0314 -0.9830
vn 0.1260 -0.0236 -0.9918
vn 0.1337 -0.0236 -0.9907
vn 0.1656 -0.0158 -0.9861
vn 0.1657 -0.0158 -0.9861
vn 0.3140 -0.5338 -0.7851
vn 0.3228 -0.1338 -0.9369
vn 0.2517 -0.4640 -0.8494
vn 0.2519 -0.1181 -0.9605
vn 0.1813 -0.1103 -0.9772
vn 0.2516 0.0393 -0.9670
vn 0.1961 0.0157 -0.9805
vn 0.1337 -0.0079 -0.9910
vn 0.1259 0.0393 -0.9913
vn 0.1575 0.0788 -0.9844
vn 0.0785 0.0079 -0.9969
vn 0.0628 0.0314 -0.9975
vn 0.0628 0.0471 -0.9969
vn 0.0236 0.0079 -0.9997
vn 0.0158 0.0157 -0.9998
vn -0.0000 0.0079 -1.0000
vn -0.1259 -0.0314 -0.9915
vn -0.0712 -0.0474 -0.9963
vn -0.1337 -0.0236 -0.9907
vn -0.1579 -0.0237 -0.9872
vn -0.1580 -0.0158 -0.9873
vn -0.1655 -0.0394 -0.9854
vn -0.1180 -0.0629 -0.9910
vn -0.0865 -0.1651 -0.9825
vn -0.1725 -0.1568 -0.9724
vn -0.1262 -0.1656 -0.9781
vn -0.0946 -0.4888 -0.8673
vn -0.1498 -0.5282 -0.8358
vt -0.048417 1.348300
vt -0.092297 1.299890
vt -0.068472 1.299890
vt -0.048417 1.251470
vt -0.065264 1.365150
vt -0.065264 1.234620
vt -0.000000 1.392180
vt -0.000000 1.231410
vt -0.000000 1.368360
vt -0.000000 1.207590
vt 0.048417 1.348300
vt 0.065264 1.234620
vt 0.065264 1.365150
vt 0.048417 1.251470
vt 0.092297 1.299890
vt 0.068472 1.299890
vt 0.085787 1.385670
vt -0.000000 1.421210
vt 0.121321 1.299890
vt -0.085787 1.385670
vt 0.085787 1.214100
vt -0.000000 1.178570
vt -0.121321 1.299890
vt -0.085787 1.214100
vt 0.062400 1.525650
vt -0.062400 1.525650
vt 0.062400 1.408110
vt -0.062400 1.408110
vt 0.062801 1.523190
vt 0.104401 1.408110
vt 0.104401 1.523190
vt 0.062801 1.408110
vt -0.062801 1.523190
vt -0.104401 1.408110
vt -0.062801 1.408110
vt -0.104401 1.523190
vt -0.188345 1.117420
vt 0.188345 1.117420
vt 0.188345 1.155630
vt -0.188345 1.155630
vt 0.188345 1.193840
vt -0.188345 1.193840
vt -0.002096 1.657270
vt 0.010483 1.606670
vt 0.002096 1.657270
vt -0.010483 1.606670
vt 0.116929 1.408110
vt 0.116929 1.562850
vt 0.035336 1.562850
vt 0.035336 1.408110
vt -0.035336 1.562850
vt -0.116929 1.408110
vt -0.035336 1.408110
vt -0.116929 1.562850
vt -0.000000 1.590590
vt 0.036769 1.402310
vt 0.036769 1.605820
vt -0.000000 1.402310
vt -0.036769 1.402310
vt -0.036769 1.605820
vt -0.000000 1.606590
vt 0.029416 1.618780
vt -0.029416 1.618780
vt 0.045255 1.625340
vt -0.045255 1.625340
vt 0.056568 1.614020
vt -0.056568 1.614020
vt 0.080000 1.670590
vt -0.080000 1.670590
vt 0.064000 1.670590
vt 0.068284 1.698880
vt 0.054628 1.693220
vt -0.064000 1.670590
vt -0.068284 1.698880
vt -0.054628 1.693220
vt 0.143373 0.488484
vt -0.143379 0.488484
vt 0.143373 0.446839
vt 0.143373 0.500851
vt -0.143379 0.446839
vt -0.143379 0.500851
vt 0.143373 0.643976
vt -0.143379 0.568855
vt 0.143373 0.568855
vt -0.143379 0.643976
vt 0.143373 0.914361
vt -0.143379 0.914361
vt 0.143373 1.001190
vt -0.143379 1.001190
vt 0.143373 1.055390
vt -0.143379 1.055390
vt -0.187020 1.310630
vt 0.187248 1.289510
vt 0.187248 1.310630
vt -0.187020 1.289510
vt 0.187248 1.268380
vt -0.187020 1.268380
vt 0.184140 0.684465
vt 0.184140 0.565799
vt 0.219980 0.577723
vt 0.221000 0.679236
vt 0.184140 0.767339
vt 0.217889 0.410440
vt 0.217865 0.467755
vt 0.184140 0.437204
vt -0.184140 0.565799
vt -0.184140 0.684465
vt -0.219980 0.577723
vt -0.221000 0.679236
vt -0.184140 0.767339
vt -0.184140 0.437204
vt -0.217865 0.467755
vt -0.217889 0.410440
vt 0.178676 0.312251
vt -0.178676 0.840829
vt -0.178676 0.312251
vt 0.178676 0.840829
vt -0.178676 1.046160
vt 0.178676 1.046160
vt 0.178676 1.121580
vt -0.178676 1.121580
vt -0.192216 1.163030
vt 0.192216 1.192680
vt -0.192216 1.192680
vt 0.192216 1.163030
vt -0.192216 1.132810
vt 0.192216 1.132810
vt -0.187020 1.224230
vt 0.187248 1.203110
vt 0.187248 1.224230
vt -0.187020 1.203110
vt 0.187248 1.181980
vt -0.187020 1.181980
vt 0.184140 0.597895
vt 0.206721 0.642495
vt 0.184140 0.654331
vt -0.206721 0.642495
vt -0.184140 0.597895
vt -0.184140 0.654331
vt 0.187248 1.258760
vt -0.187020 1.206670
vt 0.187248 1.206540
vt -0.187020 1.258890
vt -0.187020 1.154440
vt 0.187248 1.154310
vt 0.184140 0.881960
vt 0.219372 0.817004
vt 0.222285 0.868325
vt 0.184140 0.804580
vt -0.222285 0.868325
vt -0.219372 0.817004
vt -0.184140 0.881960
vt -0.184140 0.804580
vt -0.166148 0.376363
vt 0.166148 0.406011
vt -0.166148 0.406011
vt 0.166148 0.376363
vt -0.166148 0.346139
vt 0.166148 0.346139
vt 0.147280 0.679235
vt 0.148300 0.577723
vt 0.150391 0.410440
vt 0.150415 0.467756
vt -0.147280 0.679235
vt -0.148300 0.577723
vt -0.150391 0.410440
vt -0.150415 0.467756
vt -0.166148 0.976363
vt 0.166148 1.006010
vt -0.166148 1.006010
vt 0.166148 0.976363
vt -0.166148 0.946140
vt 0.166148 0.946140
vt 0.141683 0.686219
vt 0.127872 0.701428
vt 0.127871 0.651964
vt -0.141684 0.686219
vt -0.127872 0.651964
vt -0.127872 0.701428
vt -0.166148 1.056360
vt 0.166148 1.086010
vt -0.166148 1.086010
vt 0.166148 1.056360
vt -0.166148 1.026140
vt 0.166148 1.026140
vt 0.161559 0.642495
vt -0.161559 0.642495
vt 0.148908 0.817004
vt 0.145996 0.868325
vt -0.148908 0.817004
vt -0.145996 0.868325
vt 0.178676 0.349940
vt -0.178676 0.468673
vt -0.178676 0.349940
vt 0.178676 0.468673
vt 0.178676 0.802324
vt -0.178676 0.521995
vt 0.178676 0.521995
vt -0.178676 0.802324
vt 0.178676 1.046280
vt -0.178676 1.046280
vt 0.114060 0.686220
vt -0.114061 0.686220
vt 0.134575 0.598813
vt -0.134580 0.480553
vt 0.134575 0.480553
vt -0.134580 0.598813
vt 0.134575 1.049050
vt -0.134580 1.049050
vt 0.167964 0.527179
vt 0.167964 0.881583
vt -0.167964 0.881583
vt -0.167964 0.527179
vt 0.167964 0.402945
vt -0.167964 0.402945
vt 0.167964 0.309041
vt -0.167964 0.309041
vt -0.037129 1.605330
vt -0.037129 1.404510
vt -0.000000 1.589950
vt -0.000000 1.404510
vt 0.037129 1.404510
vt 0.037129 1.605330
vt -0.000000 1.606110
vt -0.045699 1.625040
vt 0.045699 1.625040
vt -0.057123 1.613610
vt 0.057123 1.613610
vt -0.080784 1.670730
vt 0.080784 1.670730
vt -0.064627 1.670730
vt 0.064627 1.670730
vt -0.045699 1.716430
vt 0.045699 1.716430
vt -0.057123 1.727860
vt 0.057123 1.727860
vt -0.000000 1.735360
vt -0.000000 1.751520
vt 0.188603 1.019690
vt 0.188603 1.342200
vt -0.188603 1.342200
vt -0.188603 1.019690
vt 0.117125 1.432690
vt -0.117125 1.432690
vt 0.186667 1.239470
vt -0.186667 1.239470
vt -0.186667 0.263999
vt 0.186667 0.263999
vt -0.116227 1.315650
vt 0.116227 1.315650
vt -2.043720 1.000000
vt -2.043720 0.951583
vt -1.903940 1.000000
vt -2.043720 1.048420
vt 1.883720 1.116230
vt 1.982470 0.883859
vt 1.982470 1.116140
vt 1.883720 0.883773
vt -1.486640 0.937600
vt -1.486640 1.062400
vt -1.511900 0.937600
vt -1.511900 1.062400
vt -1.591900 0.937600
vt -1.591900 1.062400
vt -1.551900 0.895599
vt -1.591900 0.937199
vt -1.591900 0.895599
vt -1.551900 0.937199
vt -1.499970 0.937199
vt -1.499970 0.895599
vt -1.591900 1.062800
vt -1.551900 1.104400
vt -1.591900 1.104400
vt -1.551900 1.062800
vt -1.499970 1.062800
vt -1.499970 1.104400
vt 0.700385 0.963060
vt 0.659666 0.882164
vt 0.699659 0.881467
vt 0.660391 0.963759
vt 0.567747 0.883071
vt 0.568473 0.964664
vt 0.659666 1.117840
vt 0.700385 1.036940
vt 0.699659 1.118530
vt 0.660391 1.036240
vt 0.567747 1.116930
vt 0.568473 1.035340
vt 1.011480 0.832036
vt 0.807842 1.167960
vt 0.807842 0.832036
vt 1.011480 1.167960
vt 1.304550 0.832036
vt 1.304550 1.167960
vt 1.596350 0.832036
vt 1.596350 1.167960
vt 1.716630 0.832036
vt 1.716630 1.167960
vt 1.924270 0.832036
vt 1.707130 1.167960
vt 1.707130 0.832036
vt 1.924270 1.167960
vt -1.440660 0.997904
vt -1.436470 0.997904
vt -1.436470 1.002100
vt -1.440660 1.002100
vt -1.470560 0.954745
vt -1.406560 0.954745
vt -1.470560 0.970584
vt -1.406560 0.970584
vt -1.470560 1.000000
vt -1.406560 1.000000
vt -1.470560 1.029420
vt -1.406560 1.029420
vt -1.470560 1.045250
vt -1.406560 1.045250
vt -1.406560 1.068280
vt -1.470560 1.068280
vt -1.406560 1.054630
vt -1.470560 1.054630
vt -1.406560 0.931716
vt -1.470560 0.945372
vt -1.470560 0.931716
vt -1.406560 0.945372
vt 0.660954 1.000000
vt 0.595250 0.942877
vt 0.660954 0.942877
vt 0.595250 1.000000
vt 0.660954 1.057120
vt 0.595250 1.057120
vt -1.556770 0.908731
vt 0.562655 0.908731
vt 0.562655 0.959939
vt -1.556770 0.959939
vt 0.562655 1.039030
vt -1.556770 1.039030
vt 0.562655 1.090230
vt -1.556770 1.090230
vt 0.410415 0.856627
vt 0.770830 1.143380
vt 0.410415 1.143380
vt 0.770830 0.856627
vt 0.812255 0.856627
vt 0.812255 1.143380
vt -0.732941 0.812752
vt 0.213221 0.812752
vt 0.213221 1.187020
vt -0.732941 1.187020
vt 0.187241 0.821324
vt 0.187241 1.178680
vt 0.054686 0.821324
vt 0.054686 1.178680
vt 0.845027 0.882875
vt 0.717095 1.117130
vt 0.717095 0.882875
vt 0.845027 1.117130
vt 0.529335 0.807784
vt 0.499689 1.192220
vt 0.499689 0.807784
vt 0.469463 1.192220
vt 0.529335 1.192220
vt 0.469463 0.807784
vt -0.219809 0.815860
vt -0.281573 0.790821
vt -0.229783 0.786749
vt -0.229783 1.213250
vt -0.281573 1.209180
vt -0.219809 1.184140
vt -0.264362 0.798508
vt -0.285074 0.815860
vt -0.297830 0.796731
vt -0.285074 1.184140
vt -0.264362 1.201490
vt -0.297830 1.203270
vt -1.178560 0.811655
vt 0.748417 0.811655
vt 0.748417 1.188350
vt -1.178560 1.188350
vt -1.374900 1.188350
vt -1.374900 0.811655
vt -1.635280 1.188350
vt -1.635280 0.811655
vt -1.697040 1.073980
vt -1.533980 1.000000
vt -1.533980 1.073980
vt -1.697040 1.000000
vt -1.533980 0.926016
vt -1.697040 0.926016
vt -1.185360 0.812752
vt -0.931531 1.187020
vt -1.185360 1.187020
vt -0.931531 0.812752
vt -1.721000 1.085790
vt -2.016910 1.085790
vt -1.721000 1.000000
vt -2.016910 1.000000
vt -1.721000 0.914213
vt -2.016910 0.914213
vt -0.153918 0.780572
vt -0.246674 0.815860
vt -0.260041 0.776765
vt -0.416781 0.815860
vt -0.354671 0.773115
vt -0.320797 0.815860
vt -0.082958 0.815860
vt -0.019075 0.782135
vt -0.002587 0.815860
vt -0.516742 0.773043
vt -0.428202 0.773152
vt -0.540562 0.815860
vt -0.246674 1.184140
vt -0.153918 1.219430
vt -0.260041 1.223230
vt -0.019075 1.217870
vt -0.082958 1.184140
vt -0.002587 1.184140
vt -0.354671 1.226890
vt -0.416781 1.184140
vt -0.320797 1.184140
vt -0.516742 1.226960
vt -0.428202 1.226850
vt -0.540562 1.184140
vt 0.142669 0.833852
vt 0.113022 1.166150
vt 0.113022 0.833852
vt 0.082797 1.166150
vt 0.142669 1.166150
vt 0.082797 0.833852
vt 0.660954 1.045700
vt 0.595250 1.045700
vt 0.595250 0.954301
vt 0.660954 0.954301
vt -0.643998 0.833852
vt -0.673645 1.166150
vt -0.673645 0.833852
vt -0.703870 1.166150
vt -0.643998 1.166150
vt -0.703870 0.833852
vt 0.718611 0.872128
vt 0.673419 0.872128
vt 0.710350 0.856699
vt 0.710350 1.143300
vt 0.673419 1.127870
vt 0.718611 1.127870
vt -1.390660 0.833852
vt -1.420310 1.166150
vt -1.420310 0.833852
vt -1.450540 1.166150
vt -1.390660 1.166150
vt -1.450540 0.833852
vt -0.281573 0.840899
vt -0.229783 0.844971
vt -0.281573 1.159100
vt -0.229783 1.155030
vt -0.264362 0.833212
vt -0.297829 0.834989
vt -0.297829 1.165010
vt -0.264362 1.166790
vt -0.354670 0.858605
vt -0.153918 0.851148
vt -0.260041 0.854955
vt -0.516742 0.858677
vt -0.428203 0.858568
vt -0.019075 0.849585
vt -0.354670 1.141390
vt -0.516742 1.141320
vt -0.428203 1.141430
vt -0.260041 1.145050
vt -0.153918 1.148850
vt -0.019075 1.150410
vt -1.541200 1.178680
vt -1.541200 0.821324
vt -1.448970 0.821324
vt -1.448970 1.178680
vt -0.766547 0.821324
vt -0.766547 1.178680
vt -0.652829 1.178680
vt -0.652829 0.821324
vt -0.445163 1.178680
vt -0.445163 0.821324
vt -0.329787 0.821324
vt -0.329787 1.178680
vt 0.154179 0.821324
vt 0.154179 1.178680
vt 0.195073 1.178680
vt 0.195073 0.821324
vt 0.710350 0.887559
vt 0.710350 1.112440
vt 0.514769 0.895599
vt 0.474769 0.937199
vt 0.474769 0.895599
vt 0.514769 0.937199
vt 0.566695 0.937199
vt 0.566695 0.895599
vt 0.474770 1.062800
vt 0.514769 1.104400
vt 0.474769 1.104400
vt 0.514769 1.062800
vt 0.566695 1.062800
vt 0.566695 1.104400
vt 0.580029 0.937600
vt 0.580029 1.062400
vt 0.554769 0.937600
vt 0.554769 1.062400
vt 0.474770 1.062400
vt 0.474769 0.937600
vt -1.366280 0.963060
vt -1.407000 0.882164
vt -1.367010 0.881467
vt -1.406280 0.963759
vt -1.498920 0.883071
vt -1.498190 0.964664
vt -1.407000 1.117840
vt -1.366280 1.036940
vt -1.367010 1.118530
vt -1.406280 1.036240
vt -1.498920 1.116930
vt -1.498190 1.035340
vt 2.043720 1.299890
vt 2.043720 1.348300
vt 1.903940 1.299890
vt 2.043720 1.251470
vt -1.982470 0.263999
vt -2.043720 1.177180
vt -2.043720 0.325417
vt -1.982470 1.239150
vt -1.883720 0.263999
vt -1.883720 1.239470
vt -1.982470 1.315650
vt -1.883720 1.315650
vt 1.470560 1.670590
vt 1.406560 1.693220
vt 1.406560 1.670590
vt 1.470560 1.693220
vt 1.470560 1.625340
vt 1.406560 1.625340
vt -0.660954 1.670730
vt -0.595250 1.727860
vt -0.660954 1.727860
vt -0.595250 1.670730
vt -0.660954 1.613610
vt -0.595250 1.613610
vt -0.660954 1.605330
vt -0.595250 1.404510
vt -0.595250 1.605330
vt -0.660954 1.404510
vt -0.702090 0.673375
vt -0.681570 0.671011
vt -0.677495 0.686219
vt -0.655658 0.651964
vt -0.710350 0.688907
vt -0.721745 0.646835
vt -0.742250 0.652468
vt -0.725646 0.616813
vt -0.745767 0.609935
vt -0.715777 0.577527
vt -0.704259 0.598447
vt -0.664895 0.569548
vt -0.668617 0.597520
vt -0.622094 0.597004
vt -0.644281 0.614440
vt -0.627647 0.668352
vt -0.619170 0.767245
vt -0.601975 0.676765
vt -0.599273 0.770121
vt -0.605598 0.823499
vt -0.589483 0.816297
vt -0.565029 0.855832
vt -0.571143 0.867204
vt -0.522278 0.884703
vt 0.380773 0.482872
vt 0.469503 0.565799
vt 0.436907 0.577723
vt 0.408722 0.452899
vt 0.272226 0.388049
vt 0.260041 0.424312
vt 0.346661 0.754037
vt 0.416479 0.679236
vt 0.376750 0.767339
vt 0.329335 0.839101
vt 0.152681 0.402331
vt 0.153918 0.438053
vt 0.366806 0.838397
vt 0.076694 0.437565
vt 0.354671 0.919427
vt 0.080170 0.471943
vt 0.391075 0.889885
vt 0.035665 0.437204
vt 0.428202 0.950196
vt 0.437414 0.904509
vt 0.490371 0.896112
vt 0.030407 0.410452
vt -0.004319 0.410440
vt 0.516742 0.934413
vt 0.025095 0.364057
vt 0.045945 0.391741
vt 0.088847 0.363885
vt 0.562573 0.868325
vt 0.523653 0.853757
vt 0.528502 0.831045
vt 0.565314 0.817004
vt 0.529103 0.781797
vt 0.509098 0.814800
vt 0.481831 0.807033
vt 0.472589 0.772845
vt 0.443835 0.803595
vt 0.473019 0.818493
vt 0.454483 0.860373
vt -0.717095 1.342200
vt -0.717095 1.432690
vt -0.845027 1.432690
vt -0.845027 1.342200
vt -0.845027 1.019690
vt -0.717095 1.019690
vt -0.562655 1.421020
vt 1.556770 1.456970
vt -0.562655 1.456970
vt 1.556770 1.421020
vt 0.263069 0.535940
vt 0.297830 0.557525
vt 0.264362 0.553901
vt 0.310353 0.542117
vt 0.322161 0.599751
vt 0.345749 0.597895
vt 0.317431 0.642495
vt 0.337786 0.654331
vt 0.289454 0.693561
vt 0.281573 0.668541
vt 0.219809 0.695403
vt 0.165677 0.644907
vt 0.229783 0.666504
vt 0.192953 0.631016
vt 0.151235 0.552744
vt 0.178707 0.555323
vt 0.193227 0.486361
vt 0.213905 0.504939
vt 0.302593 0.427377
vt 0.314451 0.452787
vt -0.468069 1.132810
vt -0.529335 1.191280
vt -0.497715 1.119710
vt -0.527939 1.131410
vt -0.541038 1.161060
vt -0.456366 1.163030
vt -0.469463 1.192680
vt -0.499689 1.204380
vt 1.388970 1.117420
vt 1.178560 1.112120
vt 1.195000 1.032460
vt -0.748417 1.032460
vt -0.748417 1.112120
vt 1.374900 1.193840
vt 1.635280 1.193840
vt 1.635280 1.117420
vt 1.654450 1.155630
vt 0.931531 1.154440
vt 0.931531 1.258890
vt 0.887343 1.206670
vt 1.185360 1.258890
vt 1.185360 1.154440
vt 1.229550 1.206670
vt -0.213221 1.268380
vt 0.732941 1.310630
vt -0.213221 1.310630
vt -0.225171 1.289510
vt 0.732941 1.268380
vt 0.744890 1.289510
vt -0.213221 1.181980
vt 0.732941 1.224230
vt -0.213221 1.224230
vt -0.225171 1.203110
vt 0.732941 1.181980
vt 0.744890 1.203110
vt 1.541200 1.074130
vt 1.484280 0.934600
vt 1.606640 1.046160
vt 1.614000 1.121580
vt 1.543580 1.121580
vt 1.448970 0.992395
vt 0.792739 0.925576
vt 0.766547 0.984473
vt 0.652829 0.888471
vt 0.699793 0.840829
vt 0.445163 0.377736
vt 0.478761 0.312251
vt 0.329787 0.316644
vt 0.345541 0.250276
vt -0.154179 0.315955
vt -0.173895 0.248483
vt -0.195073 0.349940
vt -0.270081 0.349311
vt -0.187241 0.507925
vt -0.140693 0.468673
vt -0.054686 0.574376
vt -0.013341 0.521995
vt 0.086766 0.801684
vt 0.159967 0.802324
vt 0.090269 1.046010
vt 0.161561 1.046280
vt 0.240207 0.637116
vt 0.220701 0.616809
vt 0.273602 0.642896
vt 0.206947 0.558460
vt 0.296434 0.630213
vt 0.234682 0.524020
vt 0.326291 0.478167
vt 0.298086 0.601984
vt 0.285074 0.573771
vt 0.266749 0.572481
vt 0.234958 0.585392
vt -1.601880 0.402945
vt -1.642190 0.527179
vt -1.678260 0.415449
vt -1.671550 0.309041
vt -1.718570 0.514656
vt -1.707130 0.377779
vt -1.922510 0.303331
vt -1.924270 0.380708
vt -1.646190 0.881583
vt -1.716630 0.913657
vt -1.596350 1.019180
vt -1.570000 0.946404
vt -1.304550 1.020110
vt -1.293070 0.943564
vt -0.999737 1.036900
vt -1.011480 1.113400
vt -0.807842 1.113650
vt -0.808102 1.036250
vt -0.081402 0.346139
vt -0.141273 0.344743
vt -0.111049 0.333040
vt -0.113022 0.417712
vt -0.069699 0.376363
vt -0.082797 0.406011
vt -0.142669 0.404615
vt -0.154371 0.374389
vt 0.705265 0.946140
vt 0.645394 0.944743
vt 0.675618 0.933040
vt 0.643998 1.004610
vt 0.632295 0.974391
vt 0.673645 1.017710
vt 0.716967 0.976363
vt 0.703870 1.006010
vt 1.451930 1.026140
vt 1.392060 1.024740
vt 1.422280 1.013040
vt 1.390660 1.084610
vt 1.378960 1.054390
vt 1.463630 1.056360
vt 1.420310 1.097710
vt 1.450540 1.086010
vt 1.697040 1.373870
vt 1.533980 1.373870
vt 1.697040 1.299890
vt 1.533980 1.299890
vt 1.697040 1.225900
vt 1.533980 1.225900
vt -0.400095 0.488484
vt -0.436342 0.434631
vt -0.403239 0.446839
vt -0.410415 0.500851
vt -0.770830 0.528069
vt -0.775950 0.460277
vt -0.862898 0.523497
vt -0.812255 0.568855
vt -0.874633 0.658540
vt -0.808226 0.643976
vt -0.656422 0.928925
vt -0.590015 0.914361
vt -0.651055 0.987972
vt -0.584367 1.001190
vt -0.622222 1.055390
vt -0.696161 1.065990
vt -0.425670 0.598813
vt -0.460299 0.484456
vt -0.408607 0.480553
vt -0.477363 0.602719
vt -0.326447 1.053930
vt -0.261831 1.049050
vt 1.498920 1.408110
vt 1.367010 1.523190
vt 1.367010 1.408110
vt 1.407000 1.562850
vt 1.498920 1.562850
vt 1.436470 1.657270
vt 1.428080 1.606670
vt 1.449050 1.606670
vt 1.440660 1.657270
vt -0.567747 1.408110
vt -0.699659 1.523190
vt -0.699659 1.408110
vt -0.659666 1.562850
vt -0.567747 1.562850
vt -0.514769 1.562850
vt -0.566695 1.485480
vt -0.474769 1.523190
vt -0.566695 1.562850
vt -0.474769 1.408110
vt -0.566695 1.408110
vt 1.551900 1.562850
vt 1.499970 1.485480
vt 1.591900 1.523190
vt 1.499970 1.562850
vt 1.591900 1.408110
vt 1.499970 1.408110
vt -0.622094 0.597005
vt -0.589483 0.816299
vt -0.677495 0.686220
vt 2.016910 1.299890
vt 1.721000 1.385670
vt 1.721000 1.299890
vt 2.016910 1.385670
vt 2.016910 1.214100
vt 1.721000 1.214100
vt 0.400030 0.588645
vt 0.350474 0.514131
vt 0.246674 0.464013
vt 0.380302 0.669757
vt 0.156559 0.474323
vt 0.319366 0.740251
vt 0.082958 0.507111
vt 0.019075 0.467755
vt -0.039310 0.410168
vt 0.416781 0.991195
vt 0.004215 0.335940
vt 0.598419 0.881960
vt 0.540562 0.970600
vt 0.548333 0.752243
vt 0.597569 0.804580
vt 0.420415 0.787889
vt 0.465885 0.743492
vt -0.580029 1.602850
vt -0.474770 1.525650
vt -0.554769 1.602850
vt -0.580029 1.408110
vt -0.474770 1.408110
vt 1.486640 1.602850
vt 1.591900 1.525650
vt 1.511900 1.602850
vt 1.486640 1.408110
vt 0.416478 0.679235
vt 0.346659 0.754036
vt 0.329334 0.839101
vt 0.380771 0.482873
vt 0.436906 0.577723
vt 0.354670 0.919428
vt 0.260041 0.424313
vt 0.428203 0.950199
vt 0.080171 0.471943
vt 0.529105 0.781799
vt 0.025095 0.364056
vt -0.660954 1.716430
vt -0.595250 1.716430
vt -0.595250 1.625040
vt -0.660954 1.625040
vt 1.406560 1.614020
vt 1.470560 1.614020
vt 1.470560 1.698880
vt 1.406560 1.698880
vt 1.406560 1.402310
vt 1.470560 1.605820
vt 1.406560 1.605820
vt 1.470560 1.402310
vt -0.700385 1.523190
vt -0.568473 1.408110
vt -0.660391 1.562850
vt -0.568473 1.562850
vt -0.700385 1.408110
vt -0.599906 0.579568
vt -0.661174 0.541575
vt -0.727294 0.556605
vt -0.576303 0.685180
vt -0.765889 0.603057
vt -0.762755 0.658099
vt -0.579375 0.772999
vt -0.718611 0.704437
vt -0.573369 0.809097
vt -0.558914 0.844461
vt -0.673419 0.701428
vt 1.366280 1.523190
vt 1.498190 1.408110
vt 1.406280 1.562850
vt 1.498190 1.562850
vt 1.366280 1.408110
vt 0.192951 0.631017
vt 0.322161 0.599752
vt 0.297829 0.557525
vt 0.264362 0.553903
vt 0.019075 0.467756
vt 0.153612 0.325417
vt 0.153612 1.177180
vt -0.153612 0.325417
vt -0.153612 1.177180
vt -0.082988 1.254230
vt 0.082988 1.254230
vt -0.167964 0.303331
vt 0.167964 0.303331
vt -0.167964 0.380708
vt 0.167964 0.380708
vt 0.186667 1.239150
vt 0.116141 1.315650
vt -0.116141 1.315650
vt -0.186667 1.239150
vt -0.118533 1.523190
vt -0.118533 1.408110
vt -0.036940 1.408110
vt -0.036940 1.523190
vt 0.036940 1.523190
vt 0.036940 1.408110
vt 0.118533 1.523190
vt 0.118533 1.408110
vt -0.188345 1.032460
vt 0.188345 1.032460
vt -0.188345 1.112120
vt 0.188345 1.112120
vt 0.000000 1.735360
vt 0.000000 1.751520
vt 0.000000 1.606110
vt 0.000000 1.589950
vt 0.000000 1.404510
vt -0.167964 0.514656
vt 0.167964 0.913657
vt -0.167964 0.913657
vt 0.167964 0.514656
vt -0.167964 0.415449
vt 0.167964 0.415449
vt -0.167964 0.377779
vt 0.167964 0.377779
vt -0.062400 1.602850
vt 0.062400 1.602850
vt -0.104401 1.562850
vt -0.104401 1.485480
vt -0.062801 1.485480
vt -0.062801 1.562850
vt 0.104401 1.485480
vt 0.104401 1.562850
vt 0.062801 1.485480
vt 0.062801 1.562850
vt 0.102445 1.421020
vt -0.040061 1.477810
vt -0.103480 1.421020
vt -0.091269 1.456970
vt 0.039027 1.477810
vt 0.090233 1.456970
vt -0.134575 0.602719
vt 0.134580 1.053930
vt -0.134575 1.053930
vt 0.134580 0.602719
vt -0.134575 0.484456
vt 0.134580 0.484456
vt -0.143373 0.523497
vt 0.143379 0.523497
vt 0.143379 0.658540
vt -0.143373 0.658540
vt 0.143379 0.928925
vt -0.143373 0.928925
vt 0.143379 0.987972
vt -0.143373 0.987972
vt 0.143379 1.065990
vt -0.143373 1.065990
vt -0.151569 0.676765
vt -0.152625 0.597004
vt -0.127871 0.668352
vt 0.152625 0.597004
vt 0.151569 0.676765
vt 0.127872 0.668352
vt -0.187248 1.289510
vt 0.187020 1.289510
vt -0.187248 1.310630
vt 0.187020 1.310630
vt 0.187020 1.268380
vt -0.187248 1.268380
vt 0.178676 0.507925
vt -0.178676 0.507925
vt -0.178676 0.349311
vt 0.178676 0.349311
vt -0.178676 0.248483
vt -0.178676 0.801684
vt -0.178676 0.574376
vt 0.178676 0.574376
vt 0.178676 0.248483
vt 0.178676 0.801684
vt -0.178676 1.046010
vt 0.178676 1.046010
vt -0.192216 1.161060
vt 0.192216 1.191280
vt -0.192216 1.191280
vt 0.192216 1.161060
vt -0.192216 1.131410
vt 0.192216 1.131410
vt -0.187248 1.203110
vt 0.187020 1.203110
vt -0.187248 1.224230
vt 0.187020 1.181980
vt -0.187248 1.181980
vt 0.187020 1.224230
vt -0.184140 0.535940
vt -0.184140 0.585392
vt -0.201492 0.553901
vt 0.184140 0.535940
vt 0.201492 0.553901
vt 0.184140 0.585392
vt -0.206732 0.599751
vt -0.184140 0.630213
vt 0.184140 0.630213
vt 0.206732 0.599751
vt -0.187248 1.258760
vt 0.187020 1.206670
vt 0.187020 1.258890
vt -0.187248 1.206540
vt -0.187248 1.154310
vt 0.187020 1.154440
vt 0.103119 0.597005
vt 0.104175 0.676765
vt -0.103119 0.597005
vt -0.104173 0.676765
vt -0.184140 0.588645
vt -0.184140 0.839215
vt -0.214945 0.754037
vt -0.184140 0.740251
vt -0.218432 0.839101
vt -0.226885 0.919427
vt -0.184140 0.945703
vt -0.184140 0.410168
vt -0.184140 0.498493
vt -0.184140 0.787889
vt -0.184140 0.860373
vt -0.213052 0.803595
vt 0.184140 0.588645
vt 0.214945 0.754037
vt 0.184140 0.839215
vt 0.184140 0.740251
vt 0.218432 0.839101
vt 0.226885 0.919427
vt 0.184140 0.945703
vt 0.184140 0.498493
vt 0.184140 0.410168
vt 0.184140 0.787889
vt 0.213052 0.803595
vt 0.184140 0.860373
vt -0.166148 0.374389
vt 0.166148 0.404615
vt -0.166148 0.404615
vt 0.166148 0.374389
vt -0.166148 0.344744
vt 0.166148 0.344743
vt -0.166148 0.974391
vt 0.166148 1.004610
vt -0.166148 1.004610
vt 0.166148 0.974391
vt -0.166148 0.944744
vt 0.166148 0.944743
vt -0.166148 1.054390
vt 0.166148 1.084610
vt -0.166148 1.084610
vt 0.166148 1.054390
vt -0.166148 1.024740
vt 0.166148 1.024740
vt -0.166788 0.553903
vt 0.166788 0.553903
vt -0.161548 0.599752
vt 0.161548 0.599752
vt -0.153335 0.754036
vt -0.149848 0.839101
vt -0.141395 0.919428
vt -0.155227 0.803595
vt 0.153335 0.754036
vt 0.149848 0.839101
vt 0.141395 0.919428
vt 0.155227 0.803595
vt 0.178676 1.074130
vt -0.178676 1.074130
vt -0.178676 0.888471
vt -0.178676 0.377736
vt 0.178676 0.888471
vt 0.178676 0.377736
vt 0.000000 1.590590
vt 0.000000 1.402310
vt 0.000000 1.606590
vt 2.043720 0.951583
vt 2.043720 1.000000
vt 1.903940 1.000000
vt 2.043720 1.048420
vt -1.982470 0.813333
vt -1.883720 1.186670
vt -1.982470 1.186670
vt -1.883720 0.813333
vt -0.660954 0.942877
vt -0.595250 0.942877
vt -0.595250 0.962871
vt -0.660954 0.962871
vt -0.660954 1.037130
vt -0.595250 1.057120
vt -0.660954 1.057120
vt -0.595250 1.037130
vt -0.436342 1.143380
vt -0.403239 0.856627
vt -0.403239 1.143380
vt -0.436342 0.856627
vt -0.775950 0.856627
vt -0.775950 1.143380
vt -0.862898 1.143380
vt -0.862898 0.856627
vt -0.710350 0.856699
vt -0.677495 0.858317
vt -0.702090 0.872129
vt -0.702090 1.127870
vt -0.677495 1.141680
vt -0.710350 1.143300
vt -0.213221 0.812752
vt 0.732941 1.187020
vt -0.213221 1.187020
vt 0.732941 0.812752
vt 0.152681 0.815860
vt 0.260041 0.776765
vt 0.272226 0.815860
vt 0.080170 0.782064
vt 0.035665 0.815860
vt 0.019075 0.782135
vt 0.260041 1.223230
vt 0.152681 1.184140
vt 0.272226 1.184140
vt 0.035665 1.184140
vt 0.080170 1.217940
vt 0.019075 1.217870
vt -0.173895 0.821324
vt 0.345541 1.178680
vt -0.173895 1.178680
vt 0.345541 0.821324
vt 0.478761 1.178680
vt 0.478761 0.821324
vt 0.699793 1.178680
vt 0.699793 0.821324
vt 0.792739 0.821324
vt 0.792739 1.178680
vt 1.484280 1.178680
vt 1.484280 0.821324
vt 1.606640 1.178680
vt 1.606640 0.821324
vt -0.497715 0.807784
vt -0.527939 1.192220
vt -0.527939 0.807784
vt -0.497715 1.192220
vt -0.468069 0.807784
vt -0.468069 1.192220
vt 0.263069 0.815860
vt 0.297830 0.796731
vt 0.310353 0.815860
vt 0.297830 1.203270
vt 0.263069 1.184140
vt 0.310353 1.184140
vt 0.229783 0.786749
vt 0.281573 0.790821
vt 0.273602 0.815860
vt 0.229783 1.213250
vt 0.273602 1.184140
vt 0.281573 1.209180
vt 1.697040 1.073980
vt 1.533980 1.073980
vt 1.697040 1.000000
vt 1.533980 1.000000
vt 1.697040 0.926016
vt 1.533980 0.926016
vt 0.931531 0.812752
vt 1.185360 0.812752
vt 1.185360 1.187020
vt 0.931531 1.187020
vt -0.677495 1.114060
vt -0.710350 1.112440
vt -0.677495 0.885940
vt -0.710350 0.887559
vt 1.721000 1.085790
vt 2.016910 1.000000
vt 2.016910 1.085790
vt 1.721000 1.000000
vt 2.016910 0.914213
vt 1.721000 0.914213
vt 0.025095 0.782179
vt 0.088847 0.815860
vt 0.004215 0.815860
vt 0.465885 0.815860
vt 0.529103 0.780519
vt 0.548333 0.815860
vt 0.472589 0.784635
vt 0.025095 1.217820
vt 0.004215 1.184140
vt 0.088847 1.184140
vt 0.529103 1.219480
vt 0.465885 1.184140
vt 0.548333 1.184140
vt 0.472589 1.215370
vt -0.111049 0.833852
vt -0.141273 1.166150
vt -0.141273 0.833852
vt -0.111049 1.166150
vt -0.081402 0.833852
vt -0.081402 1.166150
vt 0.260041 0.854955
vt 0.080171 0.849656
vt 0.019075 0.849585
vt 0.260041 1.145050
vt 0.019075 1.150410
vt 0.080171 1.150340
vt -0.595250 1.000000
vt -0.660954 1.045700
vt -0.660954 1.000000
vt -0.595250 1.045700
vt -0.595250 0.954301
vt -0.660954 0.954301
vt 0.675618 0.833852
vt 0.645394 1.166150
vt 0.645394 0.833852
vt 0.675618 1.166150
vt 0.705265 0.833852
vt 0.705265 1.166150
vt 1.406560 1.036770
vt 1.470560 1.056570
vt 1.406560 1.056570
vt 1.470560 1.036770
vt 1.406560 0.943432
vt 1.470560 0.943432
vt 1.470560 0.963231
vt 1.406560 0.963231
vt -0.717095 0.811397
vt -0.845027 1.188600
vt -0.845027 0.811397
vt -0.717095 1.188600
vt 1.422280 0.833852
vt 1.392060 1.166150
vt 1.392060 0.833852
vt 1.422280 1.166150
vt 1.451930 0.833852
vt 1.451930 1.166150
vt 1.388970 0.811655
vt 1.635280 0.811655
vt 1.388970 1.188350
vt 1.635280 1.188350
vt 1.195000 1.188350
vt 1.195000 0.811655
vt -0.748417 1.188350
vt -0.748417 0.811655
vt 0.297829 0.834989
vt 0.297829 1.165010
vt 0.229783 0.844971
vt 0.281573 0.840899
vt 0.229783 1.155030
vt 0.281573 1.159100
vt 0.025095 0.849541
vt 0.529105 0.851201
vt 0.472589 0.847085
vt 0.529105 1.148800
vt 0.472589 1.152910
vt 0.025095 1.150460
vt -0.013341 0.821324
vt -0.140693 1.178680
vt -0.140693 0.821324
vt -0.013341 1.178680
vt -0.580029 0.937600
vt -0.474769 0.937600
vt -0.474770 1.062400
vt -0.580029 1.062400
vt -0.567747 0.883071
vt -0.700385 0.963060
vt -0.699659 0.881467
vt -0.568473 0.964664
vt -0.700385 1.036940
vt -0.567747 1.116930
vt -0.699659 1.118530
vt -0.568473 1.035340
vt 1.486640 0.937600
vt 1.591900 0.937600
vt 1.591900 1.062400
vt 1.486640 1.062400
vt 1.498920 0.883071
vt 1.366280 0.963060
vt 1.367010 0.881467
vt 1.498190 0.964664
vt 1.366280 1.036940
vt 1.498920 1.116930
vt 1.367010 1.118530
vt 1.498190 1.035340
vt -0.999737 1.167960
vt -0.999737 0.832036
vt -0.808102 0.832036
vt -0.808102 1.167960
vt -1.293070 0.832036
vt -1.293070 1.167960
vt -1.570000 0.832036
vt -1.570000 1.167960
vt -1.646190 0.832036
vt -1.646190 1.167960
vt -1.922510 0.832036
vt -1.671550 0.832036
vt -1.671550 1.167960
vt -1.922510 1.167960
vt -2.043720 1.348300
vt -2.043720 1.299890
vt -1.903940 1.299890
vt -2.043720 1.251470
vt 1.883720 1.239470
vt 1.982470 1.315650
vt 1.883720 1.315650
vt 1.982470 1.239150
vt 1.883720 0.263999
vt 1.982470 0.263999
vt 2.043720 1.177180
vt 2.043720 0.325417
vt -1.406560 1.625340
vt -1.470560 1.670590
vt -1.470560 1.625340
vt -1.406560 1.670590
vt -1.470560 1.693220
vt -1.406560 1.693220
vt 0.660954 1.727860
vt 0.595250 1.727860
vt 0.595250 1.670730
vt 0.660954 1.670730
vt 0.660954 1.613610
vt 0.595250 1.613610
vt 0.660954 1.404510
vt 0.660954 1.605330
vt 0.595250 1.605330
vt 0.595250 1.404510
vt 0.702090 0.673375
vt 0.677495 0.686219
vt 0.681570 0.671011
vt 0.655658 0.651964
vt 0.721745 0.646835
vt 0.710350 0.688907
vt 0.742250 0.652468
vt 0.725646 0.616813
vt 0.745767 0.609935
vt 0.715777 0.577527
vt 0.704259 0.598447
vt 0.664895 0.569548
vt 0.668617 0.597520
vt 0.622094 0.597004
vt 0.644281 0.614440
vt 0.627647 0.668352
vt 0.601975 0.676765
vt 0.619170 0.767245
vt 0.599273 0.770121
vt 0.605598 0.823499
vt 0.589483 0.816297
vt 0.565029 0.855832
vt 0.571143 0.867204
vt 0.522278 0.884703
vt -0.469503 0.565799
vt -0.408722 0.452899
vt -0.380773 0.482872
vt -0.272226 0.388049
vt -0.436907 0.577723
vt -0.260041 0.424312
vt -0.152681 0.402331
vt -0.153918 0.438053
vt -0.076694 0.437565
vt -0.416479 0.679236
vt -0.346661 0.754037
vt -0.376750 0.767339
vt -0.080170 0.471943
vt -0.329335 0.839101
vt -0.035665 0.437204
vt -0.366806 0.838397
vt -0.354671 0.919427
vt -0.391075 0.889885
vt 0.004319 0.410440
vt -0.030407 0.410452
vt -0.428202 0.950196
vt -0.025095 0.364057
vt -0.045945 0.391741
vt -0.088847 0.363885
vt -0.437414 0.904509
vt -0.490371 0.896112
vt -0.516742 0.934413
vt -0.562573 0.868325
vt -0.523653 0.853757
vt -0.528502 0.831045
vt -0.565314 0.817004
vt -0.529103 0.781797
vt -0.509098 0.814800
vt -0.481831 0.807033
vt -0.472589 0.772845
vt -0.443835 0.803595
vt -0.473019 0.818493
vt -0.454483 0.860373
vt 0.717095 1.342200
vt 0.717095 1.019690
vt 0.845027 1.342200
vt 0.845027 1.019690
vt 0.717095 1.432690
vt 0.845027 1.432690
vt -1.556770 1.421020
vt 0.562655 1.421020
vt -1.556770 1.456970
vt 0.562655 1.456970
vt -0.297830 0.557525
vt -0.263069 0.535940
vt -0.264362 0.553901
vt -0.322161 0.599751
vt -0.310353 0.542117
vt -0.345749 0.597895
vt -0.317431 0.642495
vt -0.289454 0.693561
vt -0.337786 0.654331
vt -0.281573 0.668541
vt -0.219809 0.695403
vt -0.165677 0.644907
vt -0.229783 0.666504
vt -0.192953 0.631016
vt -0.151235 0.552744
vt -0.178707 0.555323
vt -0.193227 0.486361
vt -0.213905 0.504939
vt -0.302593 0.427377
vt -0.314451 0.452787
vt 0.469463 1.192680
vt 0.529335 1.191280
vt 0.499689 1.204380
vt 0.456366 1.163030
vt 0.468069 1.132810
vt 0.497715 1.119710
vt 0.527939 1.131410
vt 0.541038 1.161060
vt -1.388970 1.117420
vt -1.195000 1.032460
vt -1.178560 1.112120
vt 0.748417 1.032460
vt 0.748417 1.112120
vt -1.374900 1.193840
vt -1.635280 1.193840
vt -1.635280 1.117420
vt -1.654450 1.155630
vt -0.931531 1.258760
vt -0.931531 1.154310
vt -0.887343 1.206540
vt -1.185360 1.154310
vt -1.185360 1.258760
vt -1.229550 1.206540
vt 0.213221 1.310630
vt 0.213221 1.268380
vt 0.225171 1.289510
vt -0.732941 1.268380
vt -0.732941 1.310630
vt -0.744890 1.289510
vt 0.213221 1.224230
vt 0.213221 1.181980
vt 0.225171 1.203110
vt -0.732941 1.181980
vt -0.732941 1.224230
vt -0.744890 1.203110
vt 0.187241 0.507925
vt 0.054686 0.574376
vt 0.140693 0.468673
vt 0.013341 0.521995
vt 0.195073 0.349940
vt -0.086766 0.801684
vt 0.270081 0.349311
vt -0.159967 0.802324
vt -0.090269 1.046010
vt -0.161561 1.046280
vt 0.173895 0.248483
vt 0.154179 0.315955
vt -0.345541 0.250276
vt -0.329787 0.316644
vt -0.478761 0.312251
vt -0.445163 0.377736
vt -0.699793 0.840829
vt -0.652829 0.888471
vt -0.792739 0.925576
vt -0.766547 0.984473
vt -1.448970 0.992395
vt -1.484280 0.934600
vt -1.541200 1.074130
vt -1.606640 1.046160
vt -1.614000 1.121580
vt -1.543580 1.121580
vt -0.240207 0.637116
vt -0.220701 0.616809
vt -0.206947 0.558460
vt -0.273602 0.642896
vt -0.234682 0.524020
vt -0.326291 0.478167
vt -0.296434 0.630213
vt -0.298086 0.601984
vt -0.285074 0.573771
vt -0.266749 0.572481
vt -0.234958 0.585392
vt 1.716630 0.913657
vt 1.596350 1.019180
vt 1.646190 0.881583
vt 1.718570 0.514656
vt 1.570000 0.946404
vt 1.642190 0.527179
vt 1.304550 1.020110
vt 1.678260 0.415449
vt 1.293070 0.943564
vt 1.601880 0.402945
vt 0.999737 1.036900
vt 1.671550 0.309041
vt 1.011480 1.113400
vt 0.807842 1.113650
vt 0.808102 1.036250
vt 1.707130 0.377779
vt 1.922510 0.303331
vt 1.924270 0.380708
vt 0.113022 0.417712
vt 0.069699 0.376363
vt 0.081402 0.346139
vt 0.082797 0.406011
vt 0.141273 0.344744
vt 0.111049 0.333040
vt 0.142669 0.404615
vt 0.154371 0.374389
vt -0.673645 1.017710
vt -0.716967 0.976363
vt -0.705265 0.946140
vt -0.703870 1.006010
vt -0.645394 0.944744
vt -0.675618 0.933040
vt -0.643998 1.004610
vt -0.632295 0.974391
vt -1.463630 1.056360
vt -1.390660 1.084610
vt -1.420310 1.097710
vt -1.450540 1.086010
vt -1.392060 1.024740
vt -1.378960 1.054390
vt -1.451930 1.026140
vt -1.422280 1.013040
vt -1.533980 1.373870
vt -1.697040 1.373870
vt -1.533980 1.299890
vt -1.697040 1.299890
vt -1.533980 1.225900
vt -1.697040 1.225900
vt 0.770830 0.528069
vt 0.410415 0.500851
vt 0.436342 0.434631
vt 0.400095 0.488484
vt 0.403239 0.446839
vt 0.775950 0.460277
vt 0.862898 0.523497
vt 0.812255 0.568855
vt 0.874633 0.658540
vt 0.808226 0.643976
vt 0.656422 0.928925
vt 0.590015 0.914361
vt 0.651055 0.987972
vt 0.584367 1.001190
vt 0.622222 1.055390
vt 0.696161 1.065990
vt 0.326447 1.053930
vt 0.425670 0.598813
vt 0.477363 0.602719
vt 0.261831 1.049050
vt 0.460299 0.484456
vt 0.408607 0.480553
vt -1.498920 1.408110
vt -1.407000 1.562850
vt -1.498920 1.562850
vt -1.367010 1.523190
vt -1.367010 1.408110
vt -1.428080 1.606670
vt -1.440660 1.657270
vt -1.449050 1.606670
vt -1.436470 1.657270
vt 0.567747 1.408110
vt 0.659666 1.562850
vt 0.567747 1.562850
vt 0.699659 1.523190
vt 0.699659 1.408110
vt 0.622093 0.597005
vt 0.589483 0.816299
vt 0.677495 0.686220
vt 0.514769 1.562850
vt 0.566695 1.485480
vt 0.566695 1.562850
vt 0.474769 1.523190
vt 0.474769 1.408110
vt 0.566695 1.408110
vt -1.551900 1.562850
vt -1.499970 1.485480
vt -1.499970 1.562850
vt -1.591900 1.523190
vt -1.591900 1.408110
vt -1.499970 1.408110
vt -2.016910 1.385670
vt -1.721000 1.299890
vt -1.721000 1.385670
vt -2.016910 1.299890
vt -1.721000 1.214100
vt -2.016910 1.214100
vt -0.400030 0.588645
vt -0.350474 0.514131
vt -0.380302 0.669757
vt -0.246674 0.464013
vt -0.319366 0.740251
vt -0.156559 0.474323
vt -0.082958 0.507111
vt -0.019075 0.467755
vt -0.416781 0.991195
vt 0.039310 0.410168
vt -0.004215 0.335940
vt -0.598419 0.881960
vt -0.540562 0.970600
vt -0.548333 0.752243
vt -0.597569 0.804580
vt -0.420415 0.787889
vt -0.465885 0.743492
vt 0.580029 1.602850
vt 0.474769 1.525650
vt 0.580029 1.408110
vt 0.554769 1.602850
vt -1.486640 1.602850
vt -1.591900 1.525650
vt -1.486640 1.408110
vt -1.511900 1.602850
vt -0.416478 0.679235
vt -0.346659 0.754036
vt -0.329334 0.839101
vt -0.354670 0.919428
vt -0.380771 0.482873
vt -0.436906 0.577723
vt -0.428203 0.950199
vt -0.260041 0.424313
vt -0.080171 0.471943
vt -0.529105 0.781799
vt -0.025095 0.364056
vt 0.595250 1.716430
vt 0.660954 1.716430
vt 0.660954 1.625040
vt 0.595250 1.625040
vt -1.470560 1.614020
vt -1.406560 1.698880
vt -1.470560 1.698880
vt -1.406560 1.614020
vt -1.406560 1.402310
vt -1.406560 1.605820
vt -1.470560 1.605820
vt -1.470560 1.402310
vt 0.568473 1.562850
vt 0.568473 1.408110
vt 0.660391 1.562850
vt 0.700385 1.523190
vt 0.700385 1.408110
vt 0.599906 0.579568
vt 0.661174 0.541575
vt 0.576303 0.685180
vt 0.727294 0.556605
vt 0.579375 0.772999
vt 0.765889 0.603057
vt 0.573369 0.809097
vt 0.762755 0.658099
vt 0.558914 0.844461
vt 0.718611 0.704437
vt 0.673419 0.701428
vt -1.498190 1.562850
vt -1.498190 1.408110
vt -1.406280 1.562850
vt -1.366280 1.523190
vt -1.366280 1.408110
vt 0.474770 1.523190
vt 0.474770 1.408110
vt -0.192951 0.631017
vt -0.322161 0.599752
vt -0.297829 0.557525
vt -0.264362 0.553903
vt -0.019075 0.467756
vt 0.112116 0.940048
vt 0.127700 0.953442
vt 0.091477 0.956178
vt 0.124964 0.917221
vt 0.141094 0.937860
vt 0.163921 0.950707
vt 0.114305 0.969025
vt 0.130435 0.989664
vt 0.143282 0.966837
vt 0.143282 0.940048
vt 0.163921 0.956178
vt 0.127699 0.953442
vt 0.130434 0.917221
vt 0.114304 0.937860
vt 0.091477 0.950707
vt 0.141093 0.969025
vt 0.124963 0.989664
vt 0.112116 0.966837
vt -0.267606 0.739138
vt -0.234462 0.989050
vt -0.286995 0.985014
vt -0.214422 0.741421
vt -0.259754 0.467435
vt -0.206422 0.467705
vt -0.206761 0.346689
vt -0.260091 0.346730
vt -0.293738 0.554045
vt -0.323525 0.738478
vt -0.346373 0.555085
vt -0.270674 0.737135
vt -0.239275 0.342547
vt -0.194695 0.509370
vt -0.247983 0.508217
vt -0.185986 0.343759
vt -0.292519 0.731583
vt -0.346403 0.554191
vt -0.293794 0.553229
vt -0.345110 0.732549
vt -0.329775 1.086360
vt -0.277339 1.084720
vt -0.258497 1.362480
vt -0.310310 1.369560
vt -0.216706 1.521500
vt -0.262893 1.545400
vt -0.166050 1.632580
vt -0.137779 1.589090
vt -0.041779 1.657450
vt -0.034058 1.606150
vt 0.077478 1.643880
vt 0.069657 1.592720
vt 0.160979 1.598300
vt 0.134939 1.553800
vt 0.148079 1.488880
vt 0.192530 1.515540
vt 0.212425 1.361450
vt 0.163099 1.343590
vt 0.258867 1.120960
vt 0.208714 1.103710
vt 0.117622 1.565350
vt 0.158991 1.483810
vt 0.200942 1.515520
vt 0.085147 1.523980
vt 0.029714 1.611150
vt 0.003686 1.565350
vt -0.067043 1.638890
vt -0.081027 1.588470
vt -0.174703 1.629240
vt -0.167054 1.578680
vt -0.262959 1.554800
vt -0.226554 1.520860
vt -0.303043 1.399110
vt -0.253153 1.391050
vt -0.304707 1.197700
vt -0.253183 1.199980
vt -1.159300 1.149440
vt -1.075070 1.234610
vt -1.184920 1.228870
vt -1.052570 1.151430
vt -0.965218 1.250860
vt -0.945930 1.158160
vt -1.116040 1.049030
vt -1.006560 1.046370
vt -0.897179 1.040820
vt -1.058180 0.950777
vt -0.939965 0.942901
vt -0.821698 0.924869
vt -0.988603 0.879919
vt -0.859855 0.866109
vt -0.730945 0.836486
vt -1.225660 1.046850
vt -1.176300 0.941727
vt -1.266170 1.155370
vt -1.294370 0.922522
vt -1.335370 1.041780
vt -1.245380 0.839021
vt -1.373140 1.166050
vt -1.117070 0.867377
vt 0.605094 0.799058
vt 0.769938 0.782618
vt 0.663314 0.882378
vt 0.835083 0.865635
vt 0.716375 0.970286
vt 0.996974 0.845750
vt 0.890986 0.953666
vt 1.055760 0.934301
vt 0.779682 1.067040
vt 0.947321 1.048580
vt 1.107130 1.029760
vt 0.856527 1.174700
vt 1.002170 1.151180
vt 1.145110 1.132820
vt 0.919345 1.262960
vt 1.040860 1.232790
vt 1.165890 1.214080
vt 0.508758 0.739606
vt 0.350123 0.773857
vt 0.349997 0.720525
vt 0.156615 0.723659
vt 0.504605 0.791282
vt 0.157793 0.776834
vt -0.034246 0.781029
vt 0.596179 0.841009
vt -0.036411 0.728029
vt -0.211906 0.788557
vt -0.217593 0.735965
vt -0.371087 0.804543
vt -0.381185 0.752787
vt -0.507822 0.823339
vt -0.520931 0.772451
vt -0.619614 0.843666
vt -0.633902 0.792534
vt -0.716691 0.884801
vt -1.294790 1.240630
vt 1.142400 0.820625
vt 1.204150 0.910358
vt 1.342700 0.883669
vt 1.253900 1.010360
vt 1.392840 0.990606
vt 1.283560 1.123080
vt 1.419310 1.118520
vt 1.296750 1.214470
vt 1.431130 1.226310
vt 0.963934 0.875031
vt 1.188920 0.907565
vt 1.034670 1.126380
vt 0.992423 0.738478
vt 1.192160 1.363330
vt 0.862545 0.733919
vt 0.866746 0.555085
vt 0.915430 1.090010
vt 0.954767 1.378040
vt 1.071980 1.379110
vt 1.184920 1.526900
vt 1.075070 1.537250
vt 0.965218 1.556630
vt -0.941294 1.399110
vt -0.919345 1.554800
vt -1.040860 1.514260
vt -1.051010 1.370810
vt -1.165890 1.479070
vt -1.168840 1.345320
vt -0.929323 1.197700
vt -1.042030 1.193080
vt -1.163940 1.184250
vt -1.161940 1.007440
vt -1.024810 1.010380
vt -0.897374 0.985014
vt -0.988007 0.797165
vt -1.166810 0.650309
vt -0.853578 0.739138
vt -0.923273 0.597526
vt -0.968001 0.509473
vt -0.814663 0.467435
vt -0.836214 0.346730
vt 1.294790 1.531630
vt 1.373140 1.632580
vt 1.266170 1.608730
vt 1.404650 1.545400
vt 1.312420 1.374870
vt 1.429440 1.369560
vt 1.345920 1.124500
vt 1.465020 1.086360
vt 1.414030 0.874074
vt 1.385200 0.737966
vt 1.514980 0.732549
vt 1.510520 0.554191
vt -1.025330 1.066620
vt -0.711198 0.884323
vt -0.911066 1.171290
vt -0.919485 1.359580
vt -0.787045 1.270660
vt -1.061000 1.287950
vt -1.191960 1.209670
vt -0.989955 1.431620
vt -1.137090 1.380810
vt -1.273620 1.325560
vt -1.199520 1.458100
vt -1.049100 1.490300
vt -1.339120 1.426480
vt -1.296750 1.452790
vt -1.300200 1.324520
vt -1.431130 1.431860
vt -1.439680 1.306540
vt -1.301210 1.168370
vt -1.447680 1.148280
vt -1.308590 0.997291
vt -1.458180 0.958933
vt -1.342120 0.788278
vt -1.484160 0.722141
vt -1.410860 0.590943
vt -1.370860 0.508217
vt -1.523790 0.457475
vt -1.507760 0.342547
vt 0.462570 1.329560
vt 0.507822 1.460020
vt 0.371087 1.396740
vt 0.313618 1.119390
vt 0.564221 1.253810
vt 0.257695 1.241220
vt 0.211906 1.354540
vt 0.043529 1.050830
vt 0.035509 1.201700
vt 0.034246 1.344410
vt -0.157793 1.364550
vt -0.204315 1.218600
vt -0.247047 1.065180
vt -0.350123 1.406310
vt -0.450186 1.284340
vt -0.546275 1.156970
vt -0.504605 1.449850
vt -0.648718 1.360750
vt -0.596179 1.483810
vt -0.762125 1.422570
vt -0.826870 1.478190
vt 1.127730 1.535020
vt 1.186190 1.488880
vt 1.259020 1.553800
vt 1.046980 1.484150
vt 0.989269 1.526800
vt 1.041690 1.343590
vt 0.901918 1.488740
vt 0.906633 1.367210
vt 0.788038 1.103710
vt 0.768591 1.397860
vt 0.675446 1.177160
vt 0.456793 0.869514
vt 0.382703 0.993759
vt 0.086195 0.738759
vt 0.062250 0.894567
vt -0.311898 0.745074
vt -0.281862 0.905378
vt -0.632131 1.021770
vt 0.849701 1.540560
vt 0.716691 1.567840
vt 0.757477 1.504580
vt 0.619614 1.525600
vt 0.634349 1.431560
vt 0.250861 1.556630
vt 0.158158 1.640100
vt 0.142623 1.590840
vt 0.207737 1.527380
vt 0.301473 1.378040
vt 0.249598 1.369520
vt 0.326665 1.090010
vt 0.274085 1.087810
vt 0.208179 0.509575
vt 0.206761 0.346689
vt 0.260091 0.346730
vt 0.292059 0.732825
vt 0.261513 0.509473
vt 0.344690 0.733919
vt 0.346373 0.555085
vt 0.293738 0.554045
vt 0.241659 0.457475
vt 0.185986 0.343759
vt 0.239275 0.342547
vt 0.188365 0.458853
vt 0.199911 0.724406
vt 0.293794 0.553229
vt 0.323542 0.737966
vt 0.270707 0.736735
vt 0.253191 0.722141
vt 0.346403 0.554191
vt 0.215843 0.961421
vt 0.268971 0.958933
vt 0.227582 1.148730
vt 0.280494 1.148280
vt 0.222702 1.298000
vt 0.275014 1.306540
vt 0.226313 1.431860
vt 0.181407 1.403080
vt 0.118517 1.514500
vt 0.096931 1.466090
vt -0.000119 1.479170
vt -0.009394 1.531390
vt -0.116331 1.468050
vt -0.083103 1.426480
vt -0.207643 1.357740
vt -0.165326 1.325560
vt -0.244462 1.209670
vt -0.291997 1.233620
vt -0.115199 1.567840
vt -0.045162 1.591730
vt -0.075131 1.633980
vt 0.040819 1.656590
vt 0.051362 1.605870
vt -1.166810 1.258300
vt -0.968099 1.208180
vt -0.968001 1.261510
vt -1.165490 1.204990
vt -1.370860 1.247980
vt -1.369000 1.194700
vt 0.985387 1.270670
vt 1.188920 1.307270
vt 0.992423 1.323520
vt 1.189060 1.254000
vt 1.392380 1.270710
vt 1.385200 1.323540
vt -1.025330 0.706498
vt -1.191960 0.755538
vt -1.195260 0.708003
vt -1.023450 0.655109
vt -0.711198 0.705702
vt -0.705418 0.653597
vt -0.311898 0.723923
vt 0.456793 0.745941
vt 0.782435 0.741133
vt 0.788038 0.791286
vt -0.308081 0.671935
vt 0.453834 0.694821
vt 0.086195 0.730455
vt 0.085775 0.678758
vt -1.137090 0.861489
vt -0.989955 0.883287
vt -1.049100 0.962829
vt -1.199520 0.942286
vt -1.098340 1.039410
vt -1.339120 0.916897
vt -1.247410 1.020570
vt -1.387220 0.999881
vt -1.133530 1.113930
vt -1.275980 1.102820
vt -1.413380 1.096930
vt -1.156310 1.170000
vt -1.293810 1.170300
vt -1.431180 1.181410
vt 1.185700 1.183310
vt 1.275470 1.129310
vt 1.304070 1.195070
vt 1.385530 1.137780
vt 1.416490 1.216710
vt -0.762125 0.825231
vt -0.596179 0.841009
vt -0.654461 0.914853
vt -0.826870 0.899613
vt -0.708022 0.996314
vt -0.882955 0.979685
vt -0.769349 1.081030
vt -0.936857 1.059350
vt -0.841377 1.167050
vt -0.987042 1.136340
vt -0.900167 1.226550
vt -1.024290 1.191260
vt 1.234960 1.041340
vt 1.159420 1.125440
vt 1.116340 1.047820
vt 1.186350 0.952554
vt 1.347730 1.034060
vt 1.307240 0.930343
vt 1.259020 0.865061
vt 1.059280 0.967090
vt 1.127730 0.899971
vt 0.989269 0.918231
vt 1.066920 1.190200
vt 0.953849 1.207740
vt 1.043000 1.131010
vt 0.932659 1.142620
vt 0.997375 1.051190
vt 0.884497 1.051360
vt 0.931202 0.966385
vt 0.809007 0.954838
vt 0.849701 0.909810
vt 0.716691 0.884801
vt -0.903413 1.503560
vt -0.859855 1.569390
vt -0.988603 1.563900
vt -0.768591 1.509330
vt -0.730945 1.585360
vt -0.633902 1.520520
vt -0.771670 1.405030
vt -0.645394 1.427750
vt -0.520931 1.450910
vt -0.567969 1.261270
vt -0.471982 1.326210
vt -1.173630 1.515540
vt -1.245380 1.598300
vt -1.259020 1.553800
vt -1.117070 1.575860
vt -1.038460 1.506840
vt -1.032080 1.361450
vt -0.900967 1.383020
vt -0.782435 1.120960
vt -0.672607 1.192320
vt -0.453834 0.884431
vt -0.381281 1.006720
vt -0.085775 0.751861
vt -0.316086 1.125480
vt -0.062443 0.905741
vt -0.045107 1.055730
vt 0.308081 0.756353
vt 0.243806 1.069350
vt 0.278093 0.914891
vt 0.542595 1.162130
vt 0.626798 1.030350
vt 0.705418 0.894129
vt 0.787675 1.284410
vt 0.909607 1.185000
vt -0.381185 1.388750
vt -0.263159 1.238370
vt -0.217593 1.347750
vt -0.037762 1.199240
vt -0.036411 1.338860
vt 0.156615 1.360600
vt 0.202361 1.217020
vt 0.349997 1.406450
vt 0.449089 1.286510
vt 0.508758 1.462380
vt 0.652261 1.375800
vt 0.605094 1.515520
vt 0.769938 1.453680
vt 0.925343 1.387130
vt 0.835083 1.518480
vt 0.996974 1.468860
vt 1.293810 1.423050
vt 1.156310 1.450620
vt 1.164060 1.337610
vt 1.431180 1.403080
vt 1.303230 1.315520
vt 1.445590 1.298000
vt 1.161200 1.183510
vt 1.305500 1.167860
vt 1.454360 1.148730
vt 1.160130 1.007660
vt 1.311110 0.998431
vt 1.462140 0.961421
vt 1.342520 0.789739
vt 1.165490 0.650829
vt 1.484960 0.724406
vt 1.409770 0.592475
vt 1.369000 0.509370
vt 1.522330 0.458853
vt 1.505960 0.343759
vt 1.023450 1.080770
vt 1.065020 1.312730
vt 1.195260 1.233620
vt 1.142400 1.414670
vt 1.277960 1.357740
vt 1.204150 1.500570
vt 1.055760 1.534860
vt 1.342700 1.468050
vt -1.385530 1.589090
vt -1.304070 1.505510
vt -1.275470 1.563140
vt -1.192870 1.354480
vt -1.185700 1.499190
vt -1.416490 1.521500
vt -1.320710 1.366300
vt -1.439910 1.362480
vt -1.353280 1.121680
vt -1.189060 0.905062
vt -1.474630 1.084720
vt -1.420980 0.872743
vt -1.392380 0.736735
vt -1.523790 0.731583
vt -1.519220 0.553229
vt 1.024290 1.485190
vt 0.900167 1.520860
vt 0.924253 1.391050
vt 1.037610 1.363790
vt 0.915737 1.199980
vt 1.031560 1.193990
vt 1.018070 1.012640
vt 0.889107 0.989050
vt 0.984717 0.798885
vt 0.850297 0.741421
vt 0.922283 0.598314
vt 0.814777 0.467705
vt 0.968099 0.509575
vt 0.836838 0.346689
vt -0.957353 0.873434
vt -0.985387 0.737135
vt -0.853979 0.732825
vt -0.858206 0.554045
vt -0.906771 1.087810
vt -1.028190 1.123120
vt -0.945778 1.369520
vt -1.065170 1.369680
vt -1.066920 1.508880
vt -0.953849 1.527380
s 1
usemtl Meshpart1Mtl.001
f 1/1/1 2/2/1 3/3/1
f 4/4/1 3/3/1 2/2/1
f 2/2/1 1/1/1 5/5/1
f 2/2/1 6/6/1 4/4/1
f 7/7/1 5/5/1 1/1/1
f 6/6/1 8/8/1 4/4/1
f 7/7/1 1/1/1 9/9/1
f 8/8/1 6/6/1 10/10/1
f 11/11/1 7/7/1 9/9/1
f 12/12/1 8/8/1 10/10/1
f 7/7/1 11/11/1 13/13/1
f 8/8/1 12/12/1 14/14/1
f 11/11/1 15/15/1 13/13/1
f 15/15/1 14/14/1 12/12/1
f 15/15/1 11/11/1 16/16/1
f 14/14/1 15/15/1 16/16/1
f 17/17/2 18/7/3 19/13/4
f 20/15/5 17/17/2 19/13/4
f 18/7/3 17/17/2 21/18/6
f 17/17/2 20/15/5 22/19/5
f 23/20/7 18/7/3 21/18/6
f 24/21/8 22/19/5 20/15/5
f 18/7/3 23/20/7 25/5/9
f 24/21/8 20/15/5 26/12/10
f 27/2/11 25/5/9 23/20/7
f 26/12/10 28/22/12 24/21/8
f 23/20/7 29/23/11 27/2/11
f 26/12/10 30/10/13 28/22/12
f 31/24/14 27/2/11 29/23/11
f 32/6/15 28/22/12 30/10/13
f 27/2/11 31/24/14 32/6/15
f 28/22/12 32/6/15 31/24/14
f 33/25/16 34/26/16 35/27/1
f 35/27/1 34/26/16 36/28/1
f 37/29/17 38/30/1 39/31/17
f 38/30/1 37/29/17 40/32/1
f 41/33/17 42/34/1 43/35/1
f 42/34/1 41/33/17 44/36/17
f 45/37/18 46/38/18 47/39/1
f 47/39/1 48/40/1 45/37/18
f 48/40/1 47/39/1 49/41/19
f 49/41/19 50/42/19 48/40/1
f 51/43/20 52/44/20 53/45/20
f 52/44/20 51/43/20 54/46/20
f 55/47/21 56/48/21 57/49/21
f 55/47/21 57/49/21 58/50/21
f 59/51/22 60/52/22 61/53/23
f 60/52/22 59/51/22 62/54/23
f 63/55/1 64/56/1 65/57/1
f 64/56/1 63/55/1 66/58/1
f 66/58/1 63/55/1 67/59/1
f 68/60/1 67/59/1 63/55/1
f 65/57/1 69/61/1 63/55/1
f 69/61/1 68/60/1 63/55/1
f 69/61/1 65/57/1 70/62/1
f 68/60/1 69/61/1 71/63/1
f 72/64/1 70/62/1 65/57/1
f 73/65/1 68/60/1 71/63/1
f 65/57/1 74/66/1 72/64/1
f 68/60/1 73/65/1 75/67/1
f 76/68/1 72/64/1 74/66/1
f 77/69/1 75/67/1 73/65/1
f 72/64/1 76/68/1 78/70/1
f 79/71/1 78/70/1 76/68/1
f 78/70/1 79/71/1 80/72/1
f 73/65/1 81/73/1 77/69/1
f 81/73/1 82/74/1 77/69/1
f 82/74/1 81/73/1 83/75/1
f 84/76/24 85/77/24 86/78/25
f 85/77/24 84/76/24 87/79/26
f 86/78/25 85/77/24 88/80/25
f 87/79/26 89/81/26 85/77/24
f 92/82/27 91/83/28 90/84/28
f 91/83/28 92/82/27 93/85/27
f 94/86/29 93/85/27 92/82/27
f 93/85/27 94/86/29 95/87/30
f 96/88/31 95/87/30 94/86/29
f 95/87/30 96/88/31 97/89/31
f 98/90/32 97/89/31 96/88/31
f 97/89/31 98/90/32 99/91/32
f 101/92/33 103/93/1 100/94/33
f 103/93/1 101/92/33 105/95/1
f 104/96/34 105/95/1 102/97/34
f 105/95/1 104/96/34 103/93/1
f 108/98/35 106/99/36 107/100/37
f 107/100/37 109/101/38 108/98/35
f 110/102/39 108/98/35 109/101/38
f 113/103/40 112/104/41 111/105/42
f 114/106/43 116/107/44 115/108/45
f 117/109/46 115/108/45 116/107/44
f 116/107/44 118/110/47 117/109/46
f 119/111/48 120/112/49 121/113/50
f 123/114/51 124/115/52 122/116/53
f 125/117/52 124/115/52 123/114/51
f 126/118/54 127/119/54 128/120/55
f 128/120/55 129/121/55 126/118/54
f 132/122/56 131/123/57 130/124/57
f 131/123/57 132/122/56 133/125/56
f 134/126/58 133/125/56 132/122/56
f 133/125/56 134/126/58 135/127/53
f 137/128/33 138/129/1 136/130/33
f 138/129/1 137/128/33 139/131/1
f 139/131/1 140/132/59 138/129/1
f 140/132/59 139/131/1 141/133/60
f 142/134/61 143/135/62 144/136/63
f 146/137/64 145/138/65 147/139/66
f 148/140/67 149/141/68 150/142/69
f 149/141/68 148/140/67 151/143/70
f 152/144/71 150/142/69 149/141/68
f 150/142/69 152/144/71 153/145/72
f 154/146/73 156/147/74 155/148/75
f 154/146/73 157/149/76 156/147/74
f 159/150/77 160/151/78 158/152/79
f 161/153/80 158/152/79 160/151/78
f 164/154/56 163/155/57 162/156/57
f 163/155/57 164/154/56 165/157/56
f 166/158/58 165/157/56 164/154/56
f 165/157/56 166/158/58 167/159/58
f 168/102/47 169/160/46 170/98/81
f 171/161/45 170/98/81 169/160/46
f 170/98/81 171/161/45 172/99/43
f 175/162/50 173/105/48 174/163/49
f 177/164/38 176/110/82 178/107/83
f 178/107/83 179/165/37 177/164/38
f 179/165/37 178/107/83 180/106/84
f 181/111/85 183/166/40 182/167/41
f 186/168/56 185/169/57 184/170/57
f 185/169/57 186/168/56 187/171/56
f 188/172/53 187/171/56 186/168/56
f 187/171/56 188/172/53 189/173/53
f 191/174/86 190/175/87 192/176/88
f 194/177/89 195/178/90 193/179/91
f 198/180/56 197/181/57 196/182/92
f 197/181/57 198/180/56 199/183/56
f 200/184/53 199/183/56 198/180/56
f 199/183/56 200/184/53 201/185/93
f 204/134/65 203/136/66 202/186/64
f 206/139/63 207/138/61 205/187/62
f 210/188/94 208/146/79 209/189/95
f 208/146/79 210/188/94 211/149/80
f 212/152/96 214/190/74 213/191/97
f 214/190/74 212/152/96 215/153/76
f 217/192/98 218/193/99 216/194/98
f 218/193/99 217/192/98 219/195/99
f 222/196/100 221/197/101 220/198/101
f 221/197/101 222/196/100 223/199/100
f 224/200/102 223/199/100 222/196/100
f 223/199/100 224/200/102 225/201/102
f 226/175/91 227/202/89 228/176/103
f 229/179/104 231/178/105 230/203/86
f 232/29/17 233/30/1 234/31/17
f 233/30/1 232/29/17 235/32/1
f 236/33/17 237/34/1 238/35/1
f 237/34/1 236/33/17 239/36/17
f 241/25/16 240/26/16 242/27/1
f 242/27/1 240/26/16 243/28/1
f 244/204/106 245/205/107 246/206/108
f 245/205/107 244/204/106 247/207/106
f 248/208/109 247/207/106 244/204/106
f 247/207/106 248/208/109 249/209/109
f 252/210/20 250/211/110 251/212/110
f 252/210/20 251/212/110 253/213/111
f 252/210/20 253/213/111 254/214/112
f 254/214/112 253/213/111 255/215/112
f 254/214/112 255/215/112 256/216/113
f 256/216/113 255/215/112 257/217/113
f 258/47/114 259/48/21 260/49/114
f 258/47/114 260/49/114 261/50/21
f 262/51/23 263/52/23 264/53/23
f 263/52/23 262/51/23 265/54/23
f 266/218/1 267/219/1 268/220/1
f 269/221/1 268/220/1 267/219/1
f 270/222/1 268/220/1 269/221/1
f 268/220/1 270/222/1 271/223/1
f 266/218/1 268/220/1 272/224/1
f 271/223/1 272/224/1 268/220/1
f 273/225/1 266/218/1 272/224/1
f 274/226/1 272/224/1 271/223/1
f 266/218/1 273/225/1 275/227/1
f 271/223/1 276/228/1 274/226/1
f 273/225/1 277/229/1 275/227/1
f 278/230/1 274/226/1 276/228/1
f 277/229/1 273/225/1 279/231/1
f 274/226/1 278/230/1 280/232/1
f 281/233/1 277/229/1 279/231/1
f 278/230/1 282/234/1 280/232/1
f 277/229/1 281/233/1 283/235/1
f 282/234/1 278/230/1 284/236/1
f 285/237/1 283/235/1 281/233/1
f 284/236/1 285/237/1 282/234/1
f 283/235/1 285/237/1 286/238/1
f 284/236/1 286/238/1 285/237/1
f 287/239/22 288/240/115 289/241/116
f 287/239/22 289/241/116 290/242/21
f 291/243/1 289/241/116 288/240/115
f 289/241/116 291/243/1 292/244/1
f 293/245/1 294/246/1 295/247/1
f 293/245/1 295/247/1 296/248/1
f 294/246/1 293/245/1 297/249/1
f 297/249/1 293/245/1 298/250/1
f 302/251/117 300/252/118 299/253/119
f 301/254/120 302/251/117 299/253/119
f 304/255/121 305/256/122 303/257/123
f 305/256/122 304/255/121 306/258/124
f 307/259/125 308/260/125 309/261/126
f 309/261/126 308/260/125 310/262/126
f 309/261/126 310/262/126 311/263/127
f 311/263/127 310/262/126 312/264/127
f 315/265/126 313/266/128 314/267/128
f 313/266/128 315/265/126 316/268/126
f 315/265/126 317/269/125 316/268/126
f 315/265/126 318/270/125 317/269/125
f 319/271/128 321/272/126 320/273/128
f 322/274/126 321/272/126 319/271/128
f 322/274/126 323/275/125 321/272/126
f 323/275/125 324/276/125 321/272/126
f 326/277/129 327/278/130 325/279/131
f 327/278/130 326/277/129 328/280/132
f 327/278/130 328/280/132 329/281/125
f 329/281/125 328/280/132 330/282/125
f 333/283/130 331/284/133 332/285/134
f 331/284/133 333/283/130 334/286/132
f 335/287/125 334/286/132 333/283/130
f 334/286/132 335/287/125 336/288/125
f 337/289/135 338/290/125 339/291/125
f 338/290/125 337/289/135 340/292/136
f 341/293/136 340/292/136 337/289/135
f 340/292/136 341/293/136 342/294/136
f 343/295/137 342/294/136 341/293/136
f 342/294/136 343/295/137 344/296/137
f 345/297/138 344/296/137 343/295/137
f 344/296/137 345/297/138 346/298/138
f 349/299/139 348/300/140 347/301/140
f 348/300/140 349/299/139 350/302/141
f 351/303/125 352/304/125 353/305/125
f 351/303/125 353/305/125 354/306/125
f 355/307/142 356/308/142 357/309/143
f 358/310/143 357/309/143 356/308/142
f 357/309/143 358/310/143 359/311/125
f 360/312/125 359/311/125 358/310/143
f 359/311/125 360/312/125 361/313/144
f 362/314/145 361/313/144 360/312/125
f 361/313/144 362/314/145 363/315/146
f 364/316/146 363/315/146 362/314/145
f 365/317/145 366/318/145 367/319/145
f 368/320/145 367/319/145 366/318/145
f 369/321/143 370/322/143 371/323/143
f 370/322/143 369/321/143 372/324/143
f 375/325/125 374/326/146 373/327/146
f 374/326/146 375/325/125 376/328/125
f 377/329/142 376/328/125 375/325/125
f 376/328/125 377/329/142 378/330/142
f 379/331/147 380/332/147 381/333/148
f 379/331/147 381/333/148 382/334/149
f 383/335/150 382/334/149 381/333/148
f 382/334/149 383/335/150 384/336/151
f 385/337/152 384/336/151 383/335/150
f 384/336/151 385/337/152 386/338/152
f 387/339/153 389/340/154 388/341/153
f 387/339/153 390/342/154 389/340/154
f 391/343/155 389/340/154 390/342/154
f 389/340/154 391/343/155 392/344/155
f 395/345/33 393/346/156 394/347/156
f 395/345/33 394/347/156 396/348/33
f 398/349/157 397/350/157 399/351/158
f 399/351/158 397/350/157 400/352/158
f 402/353/159 403/354/160 401/355/159
f 403/354/160 402/353/159 404/356/160
f 405/357/157 406/358/161 407/359/162
f 408/360/57 407/359/162 406/358/161
f 406/358/161 405/357/157 409/361/157
f 407/359/162 408/360/57 410/362/57
f 413/345/33 411/346/156 412/347/156
f 413/345/33 412/347/156 414/348/33
f 416/363/163 415/364/164 417/365/165
f 420/366/166 418/367/167 419/368/168
f 423/369/169 421/370/170 422/371/171
f 424/372/172 426/373/173 425/374/174
f 427/375/175 428/376/125 429/377/125
f 427/375/175 429/377/125 430/378/175
f 427/375/175 430/378/175 431/379/175
f 431/379/175 432/380/175 427/375/175
f 432/380/175 431/379/175 433/381/125
f 434/382/125 432/380/175 433/381/125
f 435/383/142 437/384/125 436/385/142
f 437/384/125 435/383/142 438/386/125
f 438/386/125 439/387/146 437/384/125
f 439/387/146 438/386/125 440/388/146
f 441/389/67 443/390/140 442/391/67
f 441/389/67 444/392/140 443/390/140
f 445/393/142 446/394/142 447/395/125
f 448/396/125 447/395/125 446/394/142
f 447/395/125 448/396/125 449/397/146
f 450/398/146 449/397/146 448/396/125
f 453/399/176 452/400/177 451/401/178
f 458/402/179 454/403/180 456/404/181
f 455/405/182 457/406/183 459/407/184
f 461/408/185 460/409/186 458/402/187
f 461/408/185 458/402/187 462/410/188
f 464/411/189 465/412/190 463/413/191
f 467/414/192 466/415/193 469/416/194
f 468/417/195 471/418/196 470/419/197
f 473/420/198 471/418/199 472/421/200
f 474/422/201 471/418/199 473/420/198
f 475/423/157 476/424/161 477/425/162
f 478/426/57 477/425/162 476/424/161
f 476/424/161 475/423/157 479/427/157
f 477/425/162 478/426/57 480/428/57
f 484/325/125 481/429/146 482/430/146
f 486/328/125 484/325/125 482/430/146
f 483/431/142 485/432/142 486/328/125
f 485/432/142 484/325/125 486/328/125
f 487/433/157 488/434/161 489/435/161
f 490/436/57 489/435/161 488/434/161
f 488/434/161 487/433/157 491/437/157
f 489/435/161 490/436/57 492/438/57
f 493/439/202 495/440/87 494/441/203
f 497/442/204 498/443/91 496/444/205
f 499/445/157 500/446/161 501/447/161
f 502/448/57 501/447/161 500/446/161
f 500/446/161 499/445/157 503/449/157
f 501/447/161 502/448/57 504/450/57
f 507/451/167 506/363/168 505/452/166
f 509/368/163 510/453/164 508/454/165
f 512/370/172 511/455/173 513/456/174
f 514/457/206 515/458/169 516/372/170
f 520/402/207 518/404/197 517/459/208
f 523/460/190 519/461/191 521/400/189
f 524/462/209 520/402/199 522/463/210
f 520/402/199 524/462/209 525/410/201
f 526/405/193 528/407/194 527/464/192
f 530/419/181 531/418/179 529/465/180
f 531/418/187 534/466/185 532/467/186
f 534/466/185 531/418/187 536/422/188
f 533/468/178 537/469/176 535/411/211
f 538/415/182 539/470/183 540/416/184
f 541/471/212 542/472/212 543/473/130
f 543/473/130 544/474/130 541/471/212
f 543/473/130 545/475/137 544/474/130
f 546/476/137 544/474/130 545/475/137
f 545/475/137 547/477/213 546/476/137
f 548/478/213 547/477/213 545/475/137
f 550/479/214 549/480/214 551/481/215
f 551/481/215 552/482/215 550/479/214
f 551/481/215 553/483/216 552/482/215
f 553/483/216 554/484/216 552/482/215
f 553/483/216 555/485/98 554/484/216
f 555/485/98 553/483/216 556/486/98
f 558/487/204 557/440/217 559/439/205
f 560/443/87 561/488/203 562/444/202
f 565/489/126 563/490/128 564/491/128
f 563/490/128 565/489/126 566/492/126
f 565/489/126 567/493/125 566/492/126
f 565/489/126 568/494/125 567/493/125
f 569/495/128 571/496/126 570/497/128
f 572/498/126 571/496/126 569/495/128
f 572/498/126 573/499/125 571/496/126
f 573/499/125 574/500/125 571/496/126
f 575/501/125 576/502/125 577/503/126
f 577/503/126 576/502/125 578/504/126
f 579/505/127 577/503/126 578/504/126
f 577/503/126 579/505/127 580/506/127
f 582/507/218 583/508/130 581/509/219
f 583/508/130 582/507/218 584/510/132
f 583/508/130 584/510/132 585/511/125
f 585/511/125 584/510/132 586/512/125
f 589/513/130 587/514/220 588/515/134
f 587/514/220 589/513/130 590/516/132
f 591/517/125 590/516/132 589/513/130
f 590/516/132 591/517/125 592/518/125
f 593/388/221 597/395/222 595/397/223
f 597/395/222 594/383/224 596/393/225
f 597/395/222 593/388/221 598/386/222
f 594/383/224 597/395/222 598/386/222
f 601/519/226 599/520/227 600/521/228
f 602/522/118 601/519/226 600/521/228
f 605/523/229 604/524/230 606/525/231
f 605/523/229 603/526/232 604/524/230
f 603/526/232 605/523/229 607/527/233
f 607/527/233 608/528/234 603/526/232
f 608/528/234 609/529/123 603/526/232
f 609/529/123 608/528/234 610/530/121
f 611/531/233 612/532/235 613/533/233
f 612/532/235 611/531/233 614/534/235
f 613/533/233 615/535/142 611/531/233
f 615/535/142 613/533/233 616/536/142
f 619/537/233 618/538/142 617/539/142
f 619/537/233 620/540/233 618/538/142
f 621/541/236 620/540/233 619/537/233
f 621/541/236 622/542/236 620/540/233
f 623/543/237 625/544/233 624/545/237
f 625/544/233 623/543/237 626/546/233
f 627/547/238 628/548/239 629/549/240
f 628/548/239 630/550/241 629/549/240
f 631/551/242 632/552/243 627/547/238
f 631/551/242 633/553/244 632/552/243
f 634/554/245 632/552/243 633/553/244
f 633/553/244 635/555/246 634/554/245
f 636/556/247 634/554/245 635/555/246
f 634/554/245 636/556/247 637/557/248
f 638/558/249 637/557/248 636/556/247
f 637/557/248 638/558/249 639/559/250
f 640/560/251 639/559/250 638/558/249
f 639/559/250 640/560/251 641/561/252
f 642/562/253 641/561/252 640/560/251
f 644/563/254 642/562/255 643/564/256
f 643/564/256 645/565/257 644/563/254
f 646/566/258 644/563/254 645/565/257
f 646/566/258 645/565/257 647/567/259
f 648/568/260 646/566/258 647/567/259
f 646/566/258 648/568/260 649/569/261
f 648/568/260 650/570/262 649/569/261
f 651/571/263 652/572/264 653/573/265
f 652/572/264 651/571/263 654/574/266
f 651/571/263 656/575/267 654/574/266
f 656/575/267 651/571/263 658/576/268
f 659/577/269 655/578/270 657/579/271
f 657/579/271 661/580/272 659/577/269
f 660/581/273 658/576/274 662/582/275
f 661/580/272 657/579/271 663/583/276
f 662/582/275 664/584/277 660/581/273
f 663/583/276 665/585/278 661/580/272
f 664/584/277 662/582/275 666/586/279
f 665/585/278 663/583/276 667/587/280
f 666/586/279 668/588/281 664/584/277
f 667/587/280 669/589/282 665/585/278
f 669/589/282 667/587/280 670/590/283
f 672/591/284 669/589/282 670/590/283
f 673/592/285 668/588/48 671/593/286
f 672/591/284 674/594/287 669/589/282
f 673/592/285 671/593/286 675/595/288
f 673/592/285 675/595/288 676/596/289
f 676/596/289 675/595/288 677/597/290
f 672/591/284 678/598/291 674/594/287
f 678/598/291 672/591/284 679/599/292
f 678/598/291 679/599/292 680/600/293
f 680/600/293 681/601/294 678/598/291
f 680/600/293 682/602/295 681/601/294
f 682/602/295 680/600/293 683/603/296
f 684/604/297 682/602/295 683/603/296
f 685/605/298 682/602/295 684/604/297
f 684/604/297 686/606/299 685/605/298
f 686/606/299 684/604/297 687/607/300
f 686/606/299 687/607/300 688/608/301
f 691/609/302 689/610/160 690/611/160
f 692/612/303 691/609/302 690/611/160
f 693/613/304 691/609/302 692/612/303
f 694/614/304 691/609/302 693/613/304
f 695/615/305 696/616/305 697/617/305
f 696/616/305 695/615/305 698/618/305
f 700/619/306 699/620/307 702/621/308
f 701/622/309 703/623/310 699/620/311
f 703/623/310 701/622/309 704/624/312
f 704/624/312 705/625/64 703/623/310
f 706/626/313 707/627/314 705/625/315
f 705/625/315 707/627/314 708/628/167
f 707/627/314 709/629/168 708/628/167
f 709/629/316 711/630/317 710/631/166
f 711/630/317 712/632/318 710/631/166
f 713/633/319 712/632/318 711/630/317
f 714/634/320 712/632/318 713/633/319
f 713/633/319 715/635/321 714/634/320
f 714/634/320 715/635/321 716/636/322
f 715/635/321 717/637/323 716/636/322
f 716/636/322 717/637/323 718/638/323
f 719/639/233 720/640/233 721/641/233
f 720/640/233 722/642/233 721/641/233
f 722/642/233 720/640/233 723/643/233
f 724/644/233 720/640/233 719/639/233
f 720/640/233 724/644/233 725/645/233
f 720/640/233 725/645/233 726/646/233
f 727/647/233 728/648/233 729/649/233
f 728/648/233 730/650/233 729/649/233
f 730/650/233 728/648/233 731/651/233
f 728/648/233 727/647/233 732/652/233
f 732/652/233 727/647/233 733/653/233
f 734/654/233 733/653/233 727/647/233
f 733/653/233 734/654/233 735/655/233
f 736/656/233 737/657/233 738/658/233
f 737/657/233 736/656/233 739/659/233
f 736/656/233 740/660/233 739/659/233
f 739/659/233 740/660/233 741/661/233
f 742/662/233 743/663/233 744/664/233
f 742/662/233 744/664/233 745/665/233
f 746/666/233 743/663/233 742/662/233
f 743/663/233 746/666/233 747/667/233
f 748/668/233 749/669/233 750/670/233
f 748/668/233 750/670/233 751/671/233
f 752/672/233 749/669/233 748/668/233
f 749/669/233 752/672/233 753/673/233
f 754/674/233 755/675/233 756/676/233
f 757/677/233 754/674/233 756/676/233
f 754/674/233 757/677/233 758/678/233
f 755/675/233 754/674/233 759/679/233
f 759/679/233 760/680/233 755/675/233
f 760/680/233 759/679/233 761/681/233
f 762/682/233 760/680/233 761/681/233
f 760/680/233 762/682/233 763/683/233
f 762/682/233 764/684/233 763/683/233
f 765/685/233 763/683/233 764/684/233
f 765/685/233 764/684/233 766/686/233
f 765/685/233 766/686/233 767/687/233
f 768/688/233 767/687/233 766/686/233
f 767/687/233 768/688/233 769/689/233
f 770/690/233 769/689/233 768/688/233
f 769/689/233 770/690/233 771/691/233
f 772/692/233 771/691/233 770/690/233
f 772/692/233 770/690/233 773/693/233
f 773/693/233 774/694/233 772/692/233
f 774/694/233 773/693/233 775/695/233
f 775/695/233 776/696/233 774/694/233
f 775/695/233 777/697/233 776/696/233
f 778/698/233 776/696/233 777/697/233
f 777/697/233 779/699/233 778/698/233
f 780/631/324 781/632/325 782/700/326
f 781/632/325 783/701/327 782/700/326
f 784/702/328 780/631/324 782/700/326
f 781/632/325 785/703/329 783/701/327
f 785/703/329 781/632/325 787/634/330
f 788/704/331 786/628/332 784/702/328
f 787/634/330 789/636/333 785/703/329
f 790/625/334 786/628/332 788/704/331
f 785/703/329 789/636/333 791/705/335
f 789/636/333 792/638/336 791/705/335
f 791/705/335 792/638/336 793/706/336
f 794/623/337 788/704/338 795/707/339
f 796/708/340 794/623/337 795/707/339
f 794/623/337 796/708/340 797/620/341
f 798/621/173 796/708/172 799/709/342
f 798/621/173 799/709/342 800/710/343
f 801/711/233 802/712/233 803/713/233
f 803/713/233 804/714/233 801/711/233
f 802/712/233 805/715/233 803/713/233
f 804/714/233 803/713/233 806/716/233
f 806/716/233 807/717/233 804/714/233
f 807/717/233 806/716/233 808/718/233
f 802/712/233 809/719/233 805/715/233
f 805/715/233 809/719/233 810/720/233
f 809/719/233 811/721/233 810/720/233
f 811/721/233 809/719/233 812/722/233
f 812/722/233 813/723/233 811/721/233
f 813/723/233 812/722/233 814/724/233
f 814/724/233 815/725/233 813/723/233
f 816/726/233 813/723/233 815/725/233
f 815/725/233 817/727/233 816/726/233
f 817/727/233 815/725/233 818/728/233
f 819/729/233 820/730/233 821/731/233
f 819/729/233 822/732/233 820/730/233
f 823/733/233 822/732/233 819/729/233
f 822/732/233 823/733/233 824/734/233
f 820/730/233 822/732/233 825/735/233
f 820/730/233 825/735/233 826/736/233
f 827/737/233 828/738/233 829/739/233
f 827/737/233 830/740/233 828/738/233
f 828/738/233 830/740/233 831/741/233
f 830/740/233 827/737/233 832/742/233
f 833/743/233 832/742/233 827/737/233
f 832/742/233 833/743/233 834/744/233
f 835/745/233 836/746/233 837/747/233
f 835/745/233 838/748/233 836/746/233
f 836/746/233 838/748/233 839/749/233
f 840/750/233 838/748/233 835/745/233
f 838/748/233 840/750/233 841/751/233
f 841/751/233 840/750/233 842/752/233
f 843/753/142 844/754/142 845/755/233
f 846/756/233 845/755/233 844/754/142
f 845/755/233 846/756/233 847/757/236
f 848/758/236 847/757/236 846/756/233
f 849/759/233 850/760/233 851/761/233
f 852/762/233 850/760/233 849/759/233
f 853/763/233 850/760/233 852/762/233
f 850/760/233 853/763/233 854/764/233
f 853/763/233 855/765/233 854/764/233
f 855/765/233 853/763/233 856/766/233
f 856/766/233 857/767/233 855/765/233
f 857/767/233 856/766/233 858/768/233
f 858/768/233 859/769/233 857/767/233
f 859/769/233 858/768/233 860/770/233
f 860/770/233 861/771/233 859/769/233
f 861/771/233 860/770/233 862/772/233
f 863/773/233 861/771/233 862/772/233
f 861/771/233 863/773/233 864/774/233
f 865/775/233 866/776/233 867/777/233
f 866/776/233 865/775/233 868/778/233
f 865/775/233 869/779/344 868/778/233
f 869/779/344 865/775/233 870/780/345
f 871/781/346 872/782/347 873/783/347
f 871/781/346 874/784/346 872/782/347
f 874/784/346 871/781/346 875/785/347
f 876/786/348 877/787/348 878/788/348
f 878/788/348 879/789/348 876/786/348
f 880/790/346 881/791/347 882/792/347
f 880/790/346 883/793/347 881/791/347
f 883/793/347 880/790/346 884/794/347
f 885/795/233 886/796/233 887/797/233
f 886/796/233 885/795/233 888/798/233
f 886/796/233 889/799/233 887/797/233
f 889/799/233 886/796/233 890/800/233
f 891/801/233 892/802/233 893/803/233
f 892/802/233 891/801/233 894/804/233
f 892/802/233 895/805/233 893/803/233
f 895/805/233 892/802/233 896/806/233
f 897/559/250 898/807/251 899/561/252
f 898/807/251 900/562/349 899/561/252
f 901/558/249 898/807/251 897/559/250
f 901/558/249 897/559/250 903/557/248
f 902/564/256 904/563/254 900/562/255
f 905/556/247 901/558/249 903/557/248
f 904/563/254 902/564/256 906/565/257
f 907/554/245 905/556/247 903/557/248
f 906/565/257 908/566/258 904/563/254
f 905/556/247 907/554/245 909/555/246
f 908/566/258 906/565/257 910/808/259
f 907/554/245 911/553/244 909/555/246
f 910/808/259 912/568/260 908/566/258
f 913/569/261 908/566/258 912/568/260
f 913/569/261 912/568/260 914/570/262
f 911/553/244 907/554/245 915/552/243
f 915/552/243 916/551/242 911/553/244
f 916/551/242 915/552/243 917/547/238
f 918/809/240 917/547/238 919/548/350
f 918/809/240 919/548/350 920/550/241
f 921/810/233 922/811/142 923/812/233
f 922/811/142 921/810/233 924/813/142
f 923/812/233 925/814/236 921/810/233
f 925/814/236 923/812/233 926/815/236
f 927/571/351 928/816/352 929/817/353
f 928/816/352 927/571/351 930/573/354
f 929/817/353 931/576/355 927/571/351
f 931/576/355 929/817/353 933/818/356
f 932/578/357 934/819/358 928/816/359
f 932/578/357 936/577/360 934/819/358
f 935/582/190 933/818/361 937/820/362
f 938/821/363 934/819/358 936/577/360
f 937/820/362 939/586/364 935/582/190
f 939/586/364 937/820/362 940/822/193
f 940/822/193 941/823/365 939/586/364
f 941/823/192 943/824/366 945/593/367
f 944/825/207 942/585/195 946/589/368
f 943/824/366 947/826/369 945/593/367
f 945/593/367 947/826/369 948/595/370
f 949/594/371 951/827/372 950/828/373
f 951/827/372 949/594/371 952/598/374
f 953/601/375 955/829/376 954/830/377
f 955/829/376 953/601/375 956/602/378
f 958/605/379 959/831/380 957/832/381
f 959/831/380 958/605/379 960/606/382
f 961/833/233 962/834/233 963/835/233
f 964/836/233 962/834/233 961/833/233
f 962/834/233 964/836/233 965/837/233
f 966/838/233 967/839/233 968/840/233
f 969/841/233 967/839/233 966/838/233
f 967/839/233 969/841/233 970/805/233
f 972/842/270 971/579/271 974/843/269
f 971/579/271 976/844/272 974/843/269
f 977/845/263 975/572/264 973/846/265
f 976/844/272 971/579/271 978/583/276
f 975/572/264 977/845/263 979/574/266
f 978/583/276 980/847/278 976/844/272
f 981/575/267 979/574/266 977/845/263
f 980/847/278 978/583/276 982/587/280
f 977/845/263 983/848/268 981/575/267
f 984/849/282 980/847/278 982/587/280
f 986/590/283 984/849/282 982/587/280
f 985/581/383 983/848/384 987/582/275
f 988/591/284 984/849/282 986/590/283
f 989/584/277 985/581/383 987/582/275
f 984/849/282 988/591/284 990/594/385
f 989/584/277 987/582/275 991/850/279
f 992/598/291 990/594/385 988/591/284
f 993/588/386 989/584/277 991/850/279
f 992/598/291 988/591/284 994/599/292
f 995/600/293 992/598/291 994/599/292
f 992/598/291 995/600/293 997/601/294
f 993/588/48 996/593/286 998/592/285
f 995/600/293 999/851/295 997/601/294
f 1000/852/288 998/592/285 996/593/286
f 998/592/285 1000/852/288 1001/596/289
f 1000/852/288 1002/597/290 1001/596/289
f 995/600/293 1003/603/296 999/851/295
f 1004/604/297 999/851/295 1003/603/296
f 999/851/295 1004/604/297 1005/605/298
f 1004/604/297 1006/606/299 1005/605/298
f 1006/606/299 1004/604/297 1007/607/300
f 1007/607/300 1008/608/387 1006/606/299
f 1010/853/236 1011/540/233 1009/854/236
f 1011/540/233 1010/853/236 1012/537/233
f 1012/537/233 1013/855/142 1011/540/233
f 1013/855/142 1012/537/233 1014/856/142
f 1015/857/236 1016/858/236 1017/531/233
f 1015/857/236 1017/531/233 1019/533/233
f 1019/533/233 1017/531/233 1020/859/388
f 1019/533/233 1020/859/388 1021/860/388
f 1023/861/233 1022/862/237 1018/863/237
f 1024/864/233 1022/862/237 1023/861/233
f 1025/865/389 1026/866/389 1027/867/390
f 1026/866/389 1028/868/390 1027/867/390
f 1029/869/389 1026/866/389 1025/865/389
f 1030/870/391 1031/558/392 1032/871/393
f 1033/872/394 1032/871/393 1031/558/392
f 1031/558/392 1030/870/391 1034/560/395
f 1033/872/394 1031/558/392 1035/556/396
f 1036/564/397 1034/560/395 1030/870/391
f 1037/555/398 1033/872/394 1035/556/396
f 1030/870/391 1038/873/399 1036/564/397
f 1033/872/394 1037/555/398 1039/874/400
f 1040/565/401 1036/564/397 1038/873/399
f 1041/875/402 1039/874/400 1037/555/398
f 1038/873/399 1042/876/403 1040/565/401
f 1037/555/398 1043/553/404 1041/875/402
f 1044/567/405 1040/565/401 1042/876/403
f 1045/877/406 1041/875/402 1043/553/404
f 1044/567/405 1042/876/403 1046/878/407
f 1045/877/406 1043/553/404 1047/551/408
f 1048/879/409 1044/567/405 1046/878/407
f 1044/567/405 1048/879/409 1049/568/410
f 1048/879/409 1050/570/411 1049/568/410
f 1047/551/204 1052/549/89 1051/880/91
f 1053/881/389 1054/882/390 1055/883/389
f 1054/882/390 1056/884/390 1055/883/389
f 1057/885/389 1054/882/390 1053/881/389
f 1058/795/233 1059/796/233 1060/797/233
f 1059/796/233 1058/795/233 1061/798/233
f 1060/797/233 1059/796/233 1062/799/233
f 1063/800/233 1062/799/233 1059/796/233
f 1064/801/233 1065/802/233 1066/803/233
f 1065/802/233 1064/801/233 1067/804/233
f 1066/803/233 1065/802/233 1068/805/233
f 1069/806/233 1068/805/233 1065/802/233
f 1070/630/317 1071/631/166 1072/629/316
f 1071/631/166 1070/630/317 1074/886/318
f 1072/629/168 1073/628/167 1075/627/314
f 1076/633/319 1074/886/318 1070/630/317
f 1077/625/412 1075/627/314 1073/628/167
f 1074/886/318 1076/633/319 1078/634/320
f 1075/627/314 1077/625/412 1079/626/313
f 1080/635/321 1078/634/320 1076/633/319
f 1078/634/320 1080/635/321 1082/636/322
f 1083/637/323 1082/636/322 1080/635/321
f 1082/636/322 1083/637/323 1084/638/323
f 1081/624/312 1077/625/64 1085/887/310
f 1085/887/310 1086/622/309 1081/624/312
f 1086/622/309 1085/887/310 1087/888/311
f 1088/619/306 1087/888/307 1089/889/308
f 1090/709/342 1091/889/173 1092/708/172
f 1090/709/342 1093/710/413 1091/889/173
f 1095/887/337 1092/708/340 1094/888/414
f 1092/708/340 1095/887/337 1096/707/339
f 1095/887/337 1097/704/338 1096/707/339
f 1099/628/332 1097/704/331 1098/625/334
f 1097/704/331 1099/628/332 1100/702/328
f 1100/702/328 1101/631/324 1102/700/415
f 1103/886/325 1102/700/415 1101/631/324
f 1102/700/415 1103/886/325 1104/701/327
f 1103/886/325 1105/703/329 1104/701/327
f 1105/703/329 1103/886/325 1106/634/330
f 1107/636/333 1105/703/329 1106/634/330
f 1105/703/329 1107/636/333 1108/705/335
f 1109/638/336 1108/705/335 1107/636/333
f 1108/705/335 1109/638/336 1110/706/336
f 1111/843/360 1112/819/358 1113/842/357
f 1112/819/358 1111/843/360 1114/821/363
f 1115/816/359 1113/842/357 1112/819/358
f 1115/816/352 1117/845/351 1116/846/416
f 1115/816/352 1119/817/353 1117/845/351
f 1120/848/355 1117/845/351 1119/817/353
f 1119/817/353 1122/818/356 1120/848/355
f 1118/847/195 1123/849/368 1121/825/207
f 1124/582/190 1122/818/361 1126/820/362
f 1128/850/364 1124/582/190 1126/820/362
f 1129/827/372 1127/828/373 1125/594/371
f 1128/850/364 1126/820/362 1130/822/193
f 1129/827/372 1125/594/371 1131/598/374
f 1130/822/193 1132/890/417 1128/850/364
f 1133/601/375 1136/829/376 1134/830/377
f 1132/890/192 1135/824/366 1137/593/367
f 1133/601/375 1138/851/378 1136/829/376
f 1139/826/369 1137/593/367 1135/824/366
f 1137/593/367 1139/826/369 1140/852/418
f 1142/605/379 1143/831/419 1141/832/381
f 1143/831/419 1142/605/379 1144/606/382
f 1145/880/91 1146/551/420 1147/809/421
f 1148/877/406 1149/553/404 1146/551/408
f 1149/553/404 1148/877/406 1150/875/402
f 1150/875/402 1151/555/398 1149/553/404
f 1151/555/398 1150/875/402 1152/874/400
f 1153/872/394 1151/555/398 1152/874/400
f 1151/555/398 1153/872/394 1154/556/396
f 1153/872/394 1155/558/392 1154/556/396
f 1155/558/392 1153/872/394 1156/871/393
f 1156/871/393 1157/870/391 1155/558/392
f 1155/558/392 1157/870/391 1158/807/395
f 1157/870/391 1159/564/397 1158/807/395
f 1159/564/397 1157/870/391 1160/873/422
f 1160/873/422 1161/565/401 1159/564/397
f 1161/565/401 1160/873/422 1162/876/403
f 1162/876/403 1163/808/405 1161/565/401
f 1163/808/405 1162/876/403 1164/878/407
f 1164/878/407 1165/879/409 1163/808/405
f 1166/568/410 1163/808/405 1165/879/409
f 1166/568/410 1165/879/409 1167/570/423
f 1170/812/424 1168/757/425 1169/815/426
f 1168/757/425 1170/812/424 1171/755/424
f 1172/753/427 1171/755/424 1170/812/424
f 1170/812/424 1173/811/225 1172/753/427
f 1174/891/428 1175/892/428 1176/893/428
f 1175/892/428 1177/894/428 1176/893/428
f 1177/894/428 1175/892/428 1178/895/428
f 1178/895/428 1175/892/428 1179/896/428
f 1180/897/429 1181/898/429 1182/899/429
f 1182/899/429 1181/898/429 1183/900/430
f 1184/901/431 1185/896/432 1186/892/230
f 1185/896/432 1184/901/431 1187/902/123
f 1187/902/123 1188/895/433 1185/896/432
f 1188/895/433 1187/902/123 1189/903/122
f 1190/904/434 1188/895/433 1189/903/122
f 1188/895/433 1190/904/434 1191/894/435
f 1192/893/436 1193/248/437 1194/891/436
f 1193/248/437 1192/893/436 1195/247/437
f 1196/241/438 1197/240/439 1198/244/428
f 1198/244/428 1197/240/439 1199/243/428
f 1197/240/439 1196/241/438 1200/242/440
f 1200/242/440 1201/239/441 1197/240/439
f 1202/905/442 1203/906/440 1204/907/443
f 1202/905/442 1204/907/443 1205/908/444
f 1206/909/445 1207/910/446 1208/911/447
f 1207/910/446 1209/912/448 1208/911/447
f 1210/913/428 1211/914/428 1212/915/428
f 1212/915/428 1211/914/428 1213/916/428
f 1214/917/428 1215/236/428 1216/918/428
f 1216/918/428 1217/235/428 1214/917/428
f 1215/236/428 1214/917/428 1218/234/428
f 1214/917/428 1217/235/428 1219/233/428
f 1218/234/428 1220/230/428 1215/236/428
f 1221/229/428 1219/233/428 1217/235/428
f 1220/230/428 1218/234/428 1222/232/428
f 1219/233/428 1221/229/428 1223/231/428
f 1224/226/428 1220/230/428 1222/232/428
f 1221/229/428 1225/225/428 1223/231/428
f 1220/230/428 1224/226/428 1226/228/428
f 1221/229/428 1227/227/428 1225/225/428
f 1228/223/428 1226/228/428 1224/226/428
f 1229/218/428 1225/225/428 1227/227/428
f 1230/919/428 1228/223/428 1224/226/428
f 1225/225/428 1229/218/428 1230/919/428
f 1228/223/428 1230/919/428 1231/920/428
f 1230/919/428 1229/218/428 1231/920/428
f 1231/920/428 1232/222/428 1228/223/428
f 1233/219/428 1231/920/428 1229/218/428
f 1232/222/428 1231/920/428 1234/921/428
f 1231/920/428 1233/219/428 1234/921/428
f 1237/922/449 1236/923/450 1235/924/450
f 1236/923/450 1237/922/449 1238/925/449
f 1239/926/451 1238/925/449 1237/922/449
f 1238/925/449 1239/926/451 1240/927/451
f 1241/928/140 1240/927/451 1239/926/451
f 1240/927/451 1241/928/140 1242/929/140
f 1243/930/428 1244/28/428 1245/27/428
f 1243/930/428 1245/27/428 1246/931/428
f 1247/932/428 1248/933/428 1249/934/428
f 1247/932/428 1249/934/428 1250/935/428
f 1248/933/428 1251/35/428 1249/934/428
f 1248/933/428 1252/34/428 1251/35/428
f 1253/936/428 1254/937/428 1255/938/428
f 1256/939/428 1255/938/428 1254/937/428
f 1255/938/428 1257/32/428 1253/936/428
f 1258/30/428 1253/936/428 1257/32/428
f 1259/940/428 1260/941/428 1261/942/428
f 1261/942/428 1260/941/428 1262/943/428
f 1260/941/428 1259/940/428 1263/944/428
f 1263/944/428 1259/940/428 1264/945/428
f 1265/946/452 1266/947/214 1267/948/214
f 1266/947/214 1265/946/452 1268/949/452
f 1269/950/453 1268/949/452 1265/946/452
f 1268/949/452 1269/950/453 1270/951/453
f 1272/952/454 1271/953/455 1273/954/456
f 1273/954/456 1274/955/456 1272/952/454
f 1274/955/456 1273/954/456 1275/956/457
f 1276/957/457 1274/955/456 1275/956/457
f 1276/957/457 1275/956/457 1277/958/458
f 1277/958/458 1278/959/458 1276/957/457
f 1278/959/458 1277/958/458 1279/960/459
f 1279/960/459 1280/961/459 1278/959/458
f 1283/962/460 1281/963/461 1282/964/462
f 1284/965/251 1286/966/256 1285/967/463
f 1287/968/428 1288/969/428 1289/970/156
f 1289/970/156 1288/969/428 1290/971/156
f 1287/968/428 1291/972/464 1288/969/428
f 1292/973/464 1291/972/464 1287/968/428
f 1293/974/465 1294/975/466 1295/976/467
f 1295/976/467 1297/977/467 1293/974/465
f 1297/977/467 1295/976/467 1299/978/468
f 1300/979/469 1296/980/470 1298/981/470
f 1299/978/468 1301/982/468 1297/977/467
f 1300/979/469 1298/981/470 1302/983/469
f 1303/984/471 1300/979/469 1302/983/469
f 1303/984/471 1302/983/469 1304/985/471
f 1307/986/472 1306/987/157 1305/988/157
f 1306/987/157 1307/986/472 1308/989/429
f 1309/990/473 1308/989/429 1307/986/472
f 1308/989/429 1309/990/473 1310/991/473
f 1311/992/428 1312/993/428 1313/994/156
f 1311/992/428 1314/995/474 1312/993/428
f 1315/996/475 1314/995/474 1311/992/428
f 1313/994/156 1312/993/428 1316/997/156
f 1317/998/476 1319/999/477 1318/1000/478
f 1320/1001/479 1321/1002/480 1322/1003/481
f 1325/1004/482 1323/1005/483 1324/137/484
f 1326/1006/338 1328/1007/337 1327/135/334
f 1330/1008/485 1332/1009/486 1329/1010/140
f 1334/1011/487 1332/1009/486 1330/1008/485
f 1331/1012/488 1333/1013/489 1334/1011/487
f 1334/1011/487 1333/1013/489 1332/1009/486
f 1335/1014/461 1336/967/490 1337/1015/460
f 1339/964/463 1338/1016/251 1340/1017/256
f 1343/109/491 1342/108/492 1341/1018/493
f 1346/1019/494 1344/1020/495 1345/1021/496
f 1344/1020/495 1346/1019/494 1347/1022/494
f 1346/1019/494 1348/1023/497 1347/1022/494
f 1348/1023/497 1346/1019/494 1349/1024/498
f 1350/112/499 1352/1025/500 1351/1026/184
f 1353/1027/501 1355/1028/502 1354/1029/503
f 1357/100/504 1358/101/505 1356/1030/359
f 1359/1031/506 1361/1032/507 1360/1033/508
f 1361/1032/507 1359/1031/506 1362/1034/507
f 1364/1035/509 1361/1032/507 1362/1034/507
f 1366/1036/197 1361/1032/507 1364/1035/509
f 1365/1037/510 1367/1038/366 1363/104/511
f 1368/1039/380 1369/1040/382 1370/1041/512
f 1373/1042/472 1372/1043/157 1371/1044/157
f 1372/1043/157 1373/1042/472 1374/1045/472
f 1375/1046/513 1374/1045/472 1373/1042/472
f 1374/1045/472 1375/1046/513 1376/1047/473
f 1379/1048/472 1378/1049/465 1377/1050/157
f 1378/1049/465 1379/1048/472 1380/1051/472
f 1381/1052/473 1380/1051/472 1379/1048/472
f 1380/1051/472 1381/1052/473 1382/1053/473
f 1385/1054/514 1384/1055/157 1383/1056/465
f 1384/1055/157 1385/1054/514 1386/1057/514
f 1387/1058/513 1386/1057/514 1385/1054/514
f 1386/1057/514 1387/1058/513 1388/1059/473
f 1390/1060/308 1391/999/481 1389/998/306
f 1393/1061/478 1392/1001/476 1394/1003/477
f 1395/1062/337 1397/187/515 1396/1005/338
f 1400/186/484 1398/1063/482 1399/1006/483
f 1405/1019/507 1403/1021/508 1401/1064/516
f 1402/164/357 1404/1018/359 1406/165/504
f 1405/1019/507 1401/1064/516 1407/1065/507
f 1408/1066/509 1405/1019/507 1407/1065/507
f 1405/1019/507 1408/1066/509 1409/1024/517
f 1412/1025/518 1410/167/192 1411/1026/519
f 1414/1067/382 1415/1028/512 1413/1027/419
f 1418/1032/494 1416/1068/495 1417/1033/496
f 1416/1068/495 1418/1032/494 1420/1069/494
f 1418/1032/494 1422/1070/497 1420/1069/494
f 1421/1030/493 1419/160/491 1423/161/492
f 1422/1070/497 1418/1032/494 1424/1036/498
f 1425/163/183 1427/1038/520 1426/1037/184
f 1429/1071/503 1428/1039/521 1430/1041/502
f 1431/1072/522 1432/121/523 1433/1073/522
f 1432/121/523 1431/1072/522 1434/120/523
f 1436/1074/524 1437/1075/214 1435/1076/524
f 1437/1075/214 1438/1077/214 1435/1076/524
f 1439/905/131 1440/906/443 1441/907/440
f 1439/905/131 1441/907/440 1442/908/444
f 1443/909/525 1444/910/441 1445/911/447
f 1444/910/441 1446/912/446 1445/911/447
f 1447/43/451 1448/46/451 1449/44/526
f 1447/43/451 1449/44/526 1450/45/526
f 1451/56/428 1452/1078/428 1453/1079/428
f 1452/1078/428 1454/59/428 1453/1079/428
f 1452/1078/428 1451/56/428 1455/57/428
f 1454/59/428 1452/1078/428 1456/60/428
f 1455/57/428 1457/1080/428 1452/1078/428
f 1456/60/428 1452/1078/428 1457/1080/428
f 1457/1080/428 1455/57/428 1458/62/428
f 1457/1080/428 1459/63/428 1456/60/428
f 1455/57/428 1460/64/428 1458/62/428
f 1461/65/428 1456/60/428 1459/63/428
f 1462/66/428 1460/64/428 1455/57/428
f 1456/60/428 1461/65/428 1463/67/428
f 1464/68/428 1460/64/428 1462/66/428
f 1461/65/428 1465/69/428 1463/67/428
f 1460/64/428 1464/68/428 1466/70/428
f 1467/71/428 1466/70/428 1464/68/428
f 1466/70/428 1467/71/428 1468/72/428
f 1465/69/428 1461/65/428 1469/73/428
f 1470/74/428 1465/69/428 1469/73/428
f 1470/74/428 1469/73/428 1471/75/428
f 1472/930/428 1473/28/428 1474/27/428
f 1472/930/428 1474/27/428 1475/931/428
f 1476/932/428 1477/933/428 1478/934/428
f 1476/932/428 1478/934/428 1479/935/428
f 1477/933/428 1480/35/428 1478/934/428
f 1477/933/428 1481/34/428 1480/35/428
f 1482/936/428 1483/937/428 1484/938/428
f 1485/939/428 1484/938/428 1483/937/428
f 1484/938/428 1486/32/428 1482/936/428
f 1487/30/428 1482/936/428 1486/32/428
f 1488/1081/527 1489/1082/528 1490/1083/529
f 1489/1082/528 1491/1084/530 1490/1083/529
f 1493/1085/531 1494/1086/532 1492/1087/531
f 1495/1088/532 1494/1086/532 1493/1085/531
f 1496/1089/533 1497/1090/533 1498/1091/534
f 1496/1089/533 1498/1091/534 1499/1092/534
f 1502/1093/237 1501/1094/236 1500/1095/535
f 1502/1093/237 1503/1096/237 1501/1094/236
f 1506/1097/536 1504/1098/25 1505/1099/25
f 1504/1098/25 1506/1097/536 1507/1100/536
f 1508/1101/537 1507/1100/536 1506/1097/536
f 1508/1101/537 1506/1097/536 1509/1102/538
f 1508/1101/537 1509/1102/538 1510/1103/454
f 1510/1103/454 1511/1104/454 1508/1101/537
f 1512/1105/539 1513/1106/540 1514/1107/541
f 1515/1108/238 1516/1109/240 1517/1110/242
f 1519/1111/464 1520/1112/34 1518/1113/464
f 1520/1112/34 1519/1111/464 1521/1114/34
f 1524/1115/542 1523/1116/543 1522/1117/544
f 1525/1118/545 1526/1119/42 1527/1120/41
f 1529/1121/274 1530/1122/273 1528/1123/546
f 1532/1124/386 1531/1125/279 1533/1126/49
f 1534/1127/468 1536/1128/547 1535/1129/468
f 1536/1128/547 1534/1127/468 1537/1130/547
f 1537/1130/547 1538/1131/53 1536/1128/547
f 1539/1132/53 1538/1131/53 1537/1130/547
f 1540/1133/548 1541/1134/548 1542/1135/549
f 1542/1135/549 1543/1136/549 1540/1133/548
f 1542/1135/549 1544/1137/549 1543/1136/549
f 1542/1135/549 1545/1138/549 1544/1137/549
f 1545/1138/549 1546/1139/550 1544/1137/549
f 1546/1139/550 1545/1138/549 1547/1140/550
f 1552/1141/551 1550/1142/473 1548/1143/552
f 1553/1144/551 1551/1145/53 1549/1146/553
f 1550/1142/473 1552/1141/551 1553/1144/551
f 1551/1145/53 1553/1144/551 1552/1141/551
f 1555/1147/476 1554/1148/554 1556/1149/555
f 1557/1150/307 1558/1151/306 1559/1152/556
f 1560/1153/557 1562/1154/558 1561/1155/559
f 1563/1156/560 1564/1157/328 1565/1158/561
f 1566/1159/236 1567/1160/236 1568/1161/532
f 1569/1162/532 1568/1161/532 1567/1160/236
f 1568/1161/532 1569/1162/532 1570/1163/533
f 1571/1164/533 1570/1163/533 1569/1162/532
f 1574/1165/488 1573/1166/71 1572/1167/71
f 1574/1165/488 1572/1167/71 1575/1168/488
f 1578/1169/540 1577/1108/541 1576/1170/539
f 1580/1107/238 1581/1171/240 1579/1172/242
f 1583/1173/236 1584/1174/532 1582/1175/236
f 1584/1174/532 1583/1173/236 1585/1176/532
f 1585/1176/532 1586/1177/533 1584/1174/532
f 1586/1177/533 1585/1176/532 1587/1178/533
f 1589/1179/562 1590/1180/563 1588/1181/564
f 1593/1182/565 1592/1183/566 1591/1184/567
f 1592/1183/566 1593/1182/565 1594/1185/568
f 1596/1186/418 1595/1187/369 1597/1188/569
f 1599/1189/570 1600/1190/571 1598/1191/376
f 1600/1190/571 1599/1189/570 1601/1192/572
f 1606/1193/573 1604/1194/473 1602/1195/473
f 1607/1196/551 1605/1197/53 1603/1198/53
f 1604/1194/473 1606/1193/573 1607/1196/551
f 1605/1197/53 1607/1196/551 1606/1193/573
f 1610/1115/273 1608/1117/574 1609/1199/384
f 1611/1200/279 1613/1201/49 1612/1119/386
f 1614/1123/575 1616/1122/542 1615/1202/576
f 1619/1203/41 1617/1204/545 1618/1124/577
f 1620/1205/532 1621/1206/533 1622/1207/532
f 1621/1206/533 1620/1205/532 1623/1208/533
f 1622/1207/532 1624/1209/236 1620/1205/532
f 1624/1209/236 1622/1207/532 1625/1210/236
f 1630/1211/551 1628/1212/473 1626/1213/473
f 1631/1214/573 1629/1215/53 1627/1216/53
f 1628/1212/473 1630/1211/551 1631/1214/573
f 1629/1215/53 1631/1214/573 1630/1211/551
f 1634/1217/237 1633/1218/236 1632/1219/236
f 1634/1217/237 1635/1220/237 1633/1218/236
f 1637/1221/533 1636/1222/533 1638/1223/534
f 1637/1221/533 1638/1223/534 1639/1224/534
f 1640/1225/578 1641/1226/579 1642/1227/579
f 1641/1226/579 1640/1225/578 1643/1228/578
f 1648/1229/551 1646/1230/473 1644/1231/473
f 1649/1232/551 1647/1233/53 1645/1234/53
f 1646/1230/473 1648/1229/551 1649/1232/551
f 1647/1233/53 1649/1232/551 1648/1229/551
f 1650/1235/580 1651/1236/532 1652/1237/580
f 1651/1236/532 1653/1238/532 1652/1237/580
f 1650/1235/580 1652/1237/580 1654/1239/580
f 1654/1239/580 1655/1240/580 1650/1235/580
f 1654/1239/580 1656/1241/532 1655/1240/580
f 1657/1242/532 1655/1240/580 1656/1241/532
f 1660/1147/306 1658/1149/556 1659/1243/307
f 1661/1152/555 1663/1151/476 1662/1244/554
f 1666/1245/560 1665/1155/328 1664/1246/561
f 1668/1157/559 1669/1247/557 1667/1248/558
f 1670/1112/532 1671/1111/532 1672/1114/532
f 1671/1111/532 1670/1112/532 1673/1113/532
f 1676/1181/369 1678/1180/581 1677/1249/582
f 1679/1182/571 1674/1184/376 1675/1250/570
f 1679/1182/571 1675/1250/570 1680/1251/379
f 1681/1191/567 1683/1190/565 1682/1252/566
f 1682/1252/566 1683/1190/565 1684/1253/583
f 1685/1187/564 1686/1254/584 1687/1188/563
f 1690/1255/101 1688/1256/585 1689/1257/585
f 1688/1256/585 1690/1255/101 1691/1258/101
f 1692/1259/532 1693/1260/532 1694/1261/532
f 1692/1259/532 1694/1261/532 1695/1262/532
f 1696/1263/532 1697/1264/532 1698/1265/532
f 1697/1264/532 1696/1263/532 1699/1266/532
f 1700/1267/532 1701/1268/532 1702/1269/532
f 1701/1268/532 1700/1267/532 1703/1270/532
f 1704/1271/532 1705/1272/532 1706/1273/532
f 1704/1271/532 1706/1273/532 1707/1274/532
f 1708/1275/532 1709/1276/532 1710/1277/532
f 1709/1276/532 1708/1275/532 1711/1278/532
f 1712/1279/532 1713/1280/532 1714/1281/532
f 1713/1280/532 1712/1279/532 1715/1282/532
f 1716/1283/586 1717/1284/587 1718/1285/532
f 1718/1285/532 1719/1286/532 1716/1283/586
f 1720/1287/588 1717/1284/587 1716/1283/586
f 1720/1287/588 1716/1283/586 1721/1288/588
f 1722/1289/589 1720/1287/588 1721/1288/588
f 1722/1289/589 1721/1288/588 1723/1290/589
f 1722/1289/589 1723/1290/589 1724/1291/590
f 1724/1291/590 1723/1290/589 1725/1292/590
f 1728/1293/591 1726/1294/113 1727/1295/113
f 1728/1293/591 1727/1295/113 1729/1296/591
f 1730/1163/592 1731/1176/593 1732/1161/593
f 1733/1159/594 1732/1161/593 1731/1176/593
f 1731/1176/593 1730/1163/592 1734/1178/595
f 1731/1176/593 1735/1173/596 1733/1159/594
f 1737/1297/530 1738/1298/597 1736/1299/119
f 1738/1298/597 1739/1300/598 1736/1299/119
f 1742/1301/599 1740/1302/600 1741/1303/601
f 1740/1302/600 1742/1301/599 1743/1304/602
f 1744/1305/603 1743/1304/602 1742/1301/599
f 1743/1304/602 1744/1305/603 1746/1306/604
f 1746/1306/604 1745/1307/605 1743/1304/602
f 1745/1307/605 1746/1306/604 1747/1308/606
f 1749/1309/146 1750/1310/603 1748/1311/146
f 1750/1310/603 1749/1309/146 1751/1312/603
f 1751/1312/603 1752/1313/607 1750/1310/603
f 1752/1313/607 1751/1312/603 1753/1314/607
f 1754/1315/146 1755/1316/146 1756/1317/603
f 1754/1315/146 1756/1317/603 1757/1318/603
f 1756/1317/603 1758/1319/533 1757/1318/603
f 1758/1319/533 1756/1317/603 1759/1320/533
f 1762/1321/603 1761/1322/534 1760/1323/534
f 1760/1323/534 1763/1324/603 1762/1321/603
f 1766/1325/541 1765/1326/540 1767/1327/608
f 1767/1327/608 1765/1326/540 1768/1328/609
f 1769/1329/610 1764/1330/539 1766/1325/611
f 1770/1331/612 1764/1330/539 1769/1329/610
f 1769/1329/610 1771/1332/613 1770/1331/612
f 1770/1331/612 1771/1332/613 1772/1333/614
f 1771/1332/613 1773/1334/615 1772/1333/614
f 1773/1334/615 1771/1332/613 1774/1335/616
f 1774/1335/616 1775/1336/617 1773/1334/615
f 1775/1336/617 1774/1335/616 1776/1337/618
f 1776/1337/618 1777/1338/461 1775/1336/617
f 1777/1338/461 1776/1337/618 1778/1339/619
f 1777/1338/461 1778/1339/619 1779/1340/462
f 1780/1341/460 1779/1340/462 1781/1342/620
f 1782/1343/621 1780/1341/460 1781/1342/620
f 1782/1343/621 1781/1342/620 1783/1344/622
f 1784/1345/623 1782/1343/621 1783/1344/622
f 1783/1344/622 1785/1346/624 1784/1345/623
f 1785/1346/624 1783/1344/622 1786/1347/625
f 1785/1346/624 1786/1347/625 1787/1348/626
f 1788/1349/627 1789/1350/628 1790/1351/629
f 1791/1352/630 1790/1351/629 1789/1350/628
f 1788/1349/627 1790/1351/629 1792/1353/631
f 1790/1351/629 1791/1352/630 1793/1354/632
f 1793/1354/633 1794/1355/542 1796/1356/634
f 1798/1357/635 1796/1356/634 1794/1355/542
f 1795/1358/636 1799/1359/637 1797/1360/638
f 1796/1356/634 1798/1357/635 1800/1361/545
f 1801/1362/639 1797/1360/638 1799/1359/637
f 1802/1363/577 1800/1361/545 1798/1357/635
f 1797/1360/638 1801/1362/639 1803/1364/640
f 1804/1365/641 1803/1364/640 1801/1362/639
f 1803/1364/640 1804/1365/641 1806/1366/642
f 1805/1367/643 1802/1363/85 1807/1368/644
f 1808/1369/645 1806/1366/642 1804/1365/641
f 1809/1370/646 1805/1367/643 1807/1368/644
f 1809/1370/646 1807/1368/644 1810/1371/647
f 1810/1371/647 1811/1372/648 1809/1370/646
f 1806/1366/642 1808/1369/645 1812/1373/649
f 1808/1369/645 1813/1374/650 1812/1373/649
f 1808/1369/645 1814/1375/651 1813/1374/650
f 1815/1376/652 1813/1374/650 1814/1375/651
f 1813/1374/650 1815/1376/652 1816/1377/653
f 1816/1377/653 1815/1376/652 1817/1378/654
f 1815/1376/652 1818/1379/655 1817/1378/654
f 1819/1380/656 1817/1378/654 1818/1379/655
f 1817/1378/654 1819/1380/656 1820/1381/657
f 1819/1380/656 1821/1382/658 1820/1381/657
f 1819/1380/656 1822/1383/659 1821/1382/658
f 1823/1384/660 1821/1382/658 1822/1383/659
f 1821/1382/658 1823/1384/660 1824/1385/661
f 1823/1384/660 1825/1386/662 1824/1385/661
f 1826/1387/663 1827/1388/664 1828/1389/665
f 1828/1389/665 1827/1388/664 1829/1390/664
f 1830/1391/666 1826/1387/663 1828/1389/665
f 1831/1392/159 1830/1391/666 1828/1389/665
f 1832/1393/667 1833/1394/667 1834/1395/667
f 1835/1396/667 1834/1395/667 1833/1394/667
f 1836/1397/554 1837/1398/476 1838/1399/478
f 1840/1400/668 1839/1401/669 1836/1397/670
f 1839/1401/669 1840/1400/668 1841/1402/671
f 1842/1403/672 1841/1402/671 1840/1400/668
f 1842/1403/673 1844/1404/674 1843/1405/675
f 1844/1404/674 1842/1403/673 1845/1406/164
f 1846/1407/163 1844/1404/674 1845/1406/164
f 1848/1408/676 1846/1407/677 1847/1409/165
f 1847/1409/165 1849/1410/678 1848/1408/676
f 1850/1411/679 1848/1408/676 1849/1410/678
f 1849/1410/678 1851/1412/680 1850/1411/679
f 1852/1413/681 1850/1411/679 1851/1412/680
f 1852/1413/681 1851/1412/680 1853/1414/682
f 1853/1414/682 1854/1415/683 1852/1413/681
f 1854/1415/683 1853/1414/682 1855/1416/683
f 1856/1417/603 1857/1418/603 1858/1419/603
f 1859/1420/603 1857/1418/603 1856/1417/603
f 1857/1418/603 1859/1420/603 1860/1421/603
f 1861/1422/603 1857/1418/603 1860/1421/603
f 1862/1423/603 1857/1418/603 1861/1422/603
f 1857/1418/603 1862/1423/603 1863/1424/603
f 1864/1425/603 1865/1426/603 1866/1427/603
f 1865/1426/603 1867/1428/603 1866/1427/603
f 1868/1429/603 1866/1427/603 1867/1428/603
f 1866/1427/603 1869/1430/603 1864/1425/603
f 1870/1431/603 1864/1425/603 1869/1430/603
f 1870/1431/603 1871/1432/603 1864/1425/603
f 1871/1432/603 1870/1431/603 1872/1433/603
f 1873/1434/603 1874/1435/603 1875/1436/603
f 1874/1435/603 1873/1434/603 1876/1437/603
f 1873/1434/603 1877/1438/603 1876/1437/603
f 1876/1437/603 1877/1438/603 1878/1439/603
f 1879/1440/603 1880/1441/603 1881/1442/603
f 1880/1441/603 1879/1440/603 1882/1443/603
f 1879/1440/603 1883/1444/603 1882/1443/603
f 1882/1443/603 1883/1444/603 1884/1445/603
f 1885/1446/603 1886/1447/603 1887/1448/603
f 1886/1447/603 1885/1446/603 1888/1449/603
f 1885/1446/603 1889/1450/603 1888/1449/603
f 1888/1449/603 1889/1450/603 1890/1451/603
f 1891/1452/603 1892/1453/603 1893/1454/603
f 1893/1454/603 1892/1453/603 1894/1455/603
f 1893/1454/603 1895/1456/603 1891/1452/603
f 1892/1453/603 1896/1457/603 1894/1455/603
f 1897/1458/603 1891/1452/603 1895/1456/603
f 1898/1459/603 1894/1455/603 1896/1457/603
f 1899/1460/603 1898/1459/603 1896/1457/603
f 1900/1461/603 1898/1459/603 1899/1460/603
f 1895/1456/603 1901/1462/603 1897/1458/603
f 1901/1462/603 1895/1456/603 1902/1463/603
f 1902/1463/603 1903/1464/603 1901/1462/603
f 1902/1463/603 1904/1465/603 1903/1464/603
f 1904/1465/603 1905/1466/603 1903/1464/603
f 1905/1466/603 1904/1465/603 1906/1467/603
f 1907/1468/603 1905/1466/603 1906/1467/603
f 1906/1467/603 1908/1469/603 1907/1468/603
f 1908/1469/603 1909/1470/603 1907/1468/603
f 1909/1470/603 1908/1469/603 1910/1471/603
f 1910/1471/603 1911/1472/603 1909/1470/603
f 1912/1473/603 1909/1470/603 1911/1472/603
f 1913/1474/603 1912/1473/603 1911/1472/603
f 1912/1473/603 1913/1474/603 1914/1475/603
f 1913/1474/603 1915/1476/603 1914/1475/603
f 1915/1476/603 1913/1474/603 1916/1477/603
f 1917/1478/684 1918/1479/685 1919/1410/686
f 1920/1480/687 1919/1410/686 1918/1479/685
f 1919/1410/686 1921/1409/688 1917/1478/684
f 1919/1410/686 1920/1480/687 1922/1412/689
f 1921/1409/688 1923/1481/559 1917/1478/684
f 1924/1414/690 1922/1412/689 1920/1480/687
f 1924/1414/690 1920/1480/687 1926/1482/691
f 1926/1482/691 1927/1416/692 1924/1414/690
f 1927/1416/692 1926/1482/691 1928/1483/692
f 1925/1406/693 1929/1484/694 1923/1481/559
f 1929/1484/694 1925/1406/693 1930/1403/484
f 1929/1484/483 1931/1400/482 1932/1485/695
f 1931/1400/482 1933/1486/696 1932/1485/695
f 1933/1486/696 1931/1400/482 1934/1397/697
f 1933/1486/170 1935/1399/169 1936/1487/698
f 1935/1399/169 1937/1488/699 1936/1487/698
f 1938/1489/603 1939/1490/603 1940/1491/603
f 1940/1491/603 1941/1492/603 1938/1489/603
f 1940/1491/603 1939/1490/603 1942/1493/603
f 1941/1492/603 1940/1491/603 1943/1494/603
f 1944/1495/603 1942/1493/603 1939/1490/603
f 1943/1494/603 1945/1496/603 1941/1492/603
f 1942/1493/603 1944/1495/603 1946/1497/603
f 1945/1496/603 1943/1494/603 1947/1498/603
f 1944/1495/603 1948/1499/603 1946/1497/603
f 1947/1498/603 1949/1500/603 1945/1496/603
f 1948/1499/603 1944/1495/603 1950/1501/603
f 1951/1502/603 1948/1499/603 1950/1501/603
f 1948/1499/603 1951/1502/603 1952/1503/603
f 1945/1496/603 1949/1500/603 1953/1504/603
f 1954/1505/603 1953/1504/603 1949/1500/603
f 1953/1504/603 1954/1505/603 1955/1506/603
f 1956/1507/603 1957/1508/603 1958/1509/603
f 1957/1508/603 1956/1507/603 1959/1510/603
f 1960/1511/603 1956/1507/603 1958/1509/603
f 1960/1511/603 1958/1509/603 1961/1512/603
f 1956/1507/603 1960/1511/603 1962/1513/603
f 1962/1513/603 1960/1511/603 1963/1514/603
f 1964/1515/603 1965/1516/603 1966/1517/603
f 1965/1516/603 1964/1515/603 1967/1518/603
f 1968/1519/603 1964/1515/603 1966/1517/603
f 1968/1519/603 1966/1517/603 1969/1520/603
f 1964/1515/603 1968/1519/603 1970/1521/603
f 1970/1521/603 1968/1519/603 1971/1522/603
f 1972/1523/603 1973/1524/603 1974/1525/603
f 1972/1523/603 1974/1525/603 1975/1526/603
f 1972/1523/603 1976/1527/603 1973/1524/603
f 1973/1524/603 1976/1527/603 1977/1528/603
f 1976/1527/603 1972/1523/603 1978/1529/603
f 1976/1527/603 1978/1529/603 1979/1530/603
f 1980/1531/146 1981/1532/146 1982/1533/603
f 1984/1534/603 1982/1533/603 1981/1532/146
f 1982/1533/603 1984/1534/603 1985/1535/533
f 1983/1536/533 1985/1535/533 1984/1534/603
f 1986/1537/603 1987/1538/603 1988/1539/603
f 1988/1539/603 1987/1538/603 1989/1540/603
f 1988/1539/603 1989/1540/603 1990/1541/603
f 1986/1537/603 1988/1539/603 1991/1542/603
f 1991/1542/603 1992/1543/603 1986/1537/603
f 1986/1537/603 1992/1543/603 1993/1544/603
f 1994/1545/603 1993/1544/603 1992/1543/603
f 1994/1545/603 1995/1546/603 1993/1544/603
f 1994/1545/603 1996/1547/603 1995/1546/603
f 1997/1548/603 1995/1546/603 1996/1547/603
f 1998/1549/603 1997/1548/603 1996/1547/603
f 1998/1549/603 1999/1550/603 1997/1548/603
f 1998/1549/603 2000/1551/603 1999/1550/603
f 2000/1551/603 1998/1549/603 2001/1552/603
f 2002/1553/700 2003/1554/603 2004/1555/603
f 2003/1554/603 2002/1553/700 2005/1556/701
f 2006/1557/603 2004/1555/603 2003/1554/603
f 2003/1554/603 2007/1558/603 2006/1557/603
f 2008/1559/702 2009/1560/703 2010/1561/703
f 2009/1560/703 2008/1559/702 2011/1562/703
f 2011/1562/703 2008/1559/702 2012/1563/703
f 2013/1564/704 2014/1565/704 2015/1566/704
f 2014/1565/704 2013/1564/704 2016/1567/704
f 2017/1568/702 2018/1569/703 2019/1570/703
f 2018/1569/703 2017/1568/702 2020/1571/703
f 2020/1571/703 2017/1568/702 2021/1572/703
f 2022/1337/618 2023/1573/461 2024/1336/617
f 2023/1573/461 2022/1337/618 2025/1339/619
f 2026/1335/705 2022/1337/618 2024/1336/617
f 2027/1340/490 2023/1573/461 2025/1339/619
f 2024/1336/617 2028/1334/615 2026/1335/705
f 2028/1334/615 2030/1332/613 2026/1335/705
f 2031/1342/620 2029/1341/460 2027/1340/462
f 2028/1334/615 2032/1333/614 2030/1332/613
f 2029/1341/460 2031/1342/620 2033/1343/621
f 2034/1331/612 2030/1332/613 2032/1333/614
f 2035/1344/622 2033/1343/621 2031/1342/620
f 2030/1332/613 2034/1331/612 2036/1329/610
f 2033/1343/621 2035/1344/622 2037/1574/623
f 2038/1330/539 2036/1329/610 2034/1331/612
f 2039/1346/624 2037/1574/623 2035/1344/622
f 2035/1344/622 2040/1347/625 2039/1346/624
f 2040/1347/625 2041/1348/626 2039/1346/624
f 2036/1329/610 2038/1330/539 2042/1325/706
f 2042/1325/541 2043/1575/707 2044/1327/608
f 2043/1575/707 2045/1328/609 2044/1327/608
f 2046/1576/603 2047/1577/603 2048/1578/603
f 2049/1579/603 2047/1577/603 2046/1576/603
f 2047/1577/603 2049/1579/603 2050/1580/603
f 2047/1577/603 2050/1580/603 2051/1581/603
f 2052/1582/603 2053/1583/603 2054/1584/603
f 2055/1585/603 2053/1583/603 2052/1582/603
f 2053/1583/603 2055/1585/603 2056/1586/603
f 2053/1583/603 2056/1586/603 2057/1587/603
f 2059/1588/708 2061/1589/603 2058/1590/708
f 2061/1589/603 2059/1588/708 2063/1591/603
f 2062/1592/709 2063/1591/603 2060/1593/533
f 2063/1591/603 2062/1592/709 2061/1589/603
f 2064/1351/710 2065/1594/711 2066/1353/712
f 2065/1594/711 2064/1351/710 2068/1595/713
f 2065/1594/493 2069/1596/714 2067/1358/715
f 2070/1354/716 2068/1595/713 2064/1351/710
f 2071/1359/717 2067/1358/715 2069/1596/714
f 2068/1595/713 2070/1354/716 2072/1597/718
f 2069/1596/714 2073/1598/719 2071/1359/717
f 2072/1597/211 2074/1356/176 2075/1599/720
f 2076/1361/721 2075/1599/720 2074/1356/176
f 2075/1599/720 2076/1361/721 2078/1600/182
f 2079/1601/183 2078/1600/182 2076/1361/721
f 2077/1365/180 2080/1602/179 2081/1369/722
f 2079/1601/183 2084/1367/723 2082/1603/500
f 2086/1604/564 2082/1603/500 2084/1367/723
f 2086/1604/564 2084/1367/723 2087/1370/584
f 2088/1605/724 2083/1375/725 2085/1606/726
f 2083/1375/725 2088/1605/724 2089/1376/727
f 2092/1607/567 2090/1379/728 2091/1608/729
f 2090/1379/728 2092/1607/567 2093/1380/566
f 2096/1609/501 2095/1383/583 2094/1610/730
f 2095/1383/583 2096/1609/501 2097/1384/503
f 2098/1611/603 2099/1612/603 2100/1613/603
f 2100/1613/603 2099/1612/603 2101/1580/603
f 2099/1612/603 2098/1611/603 2102/1614/603
f 2103/1615/603 2104/1616/603 2105/1617/603
f 2105/1617/603 2104/1616/603 2106/1586/603
f 2104/1616/603 2103/1615/603 2107/1618/603
f 2108/1360/638 2109/1619/731 2110/1620/637
f 2110/1620/637 2111/1621/639 2108/1360/638
f 2108/1360/638 2111/1621/639 2112/1364/640
f 2114/1622/641 2112/1364/640 2111/1621/639
f 2112/1364/640 2114/1622/641 2116/1366/642
f 2115/1349/732 2117/1623/629 2113/1624/631
f 2114/1622/641 2118/1625/645 2116/1366/642
f 2117/1623/629 2115/1349/732 2119/1350/628
f 2118/1625/645 2120/1373/649 2116/1366/642
f 2117/1623/629 2119/1350/628 2121/1352/733
f 2118/1625/645 2122/1374/650 2120/1373/649
f 2123/1626/632 2117/1623/629 2121/1352/733
f 2122/1374/650 2118/1625/645 2124/1375/651
f 2122/1374/650 2124/1375/651 2126/1376/652
f 2127/1356/634 2123/1626/633 2125/1355/734
f 2128/1377/653 2122/1374/650 2126/1376/652
f 2125/1355/734 2129/1357/735 2127/1356/634
f 2126/1376/652 2130/1378/654 2128/1377/653
f 2131/1627/736 2127/1356/634 2129/1357/735
f 2130/1378/654 2126/1376/652 2132/1379/655
f 2131/1627/736 2129/1357/735 2133/1363/577
f 2134/1628/656 2130/1378/654 2132/1379/655
f 2130/1378/654 2134/1628/656 2135/1381/657
f 2134/1628/656 2137/1382/658 2135/1381/657
f 2136/1367/643 2133/1363/85 2138/1368/644
f 2137/1382/658 2134/1628/656 2139/1383/659
f 2138/1368/644 2140/1629/646 2136/1367/643
f 2140/1629/646 2138/1368/644 2141/1371/647
f 2140/1629/646 2141/1371/647 2142/1372/737
f 2139/1383/659 2143/1384/660 2137/1382/658
f 2137/1382/658 2143/1384/660 2144/1385/738
f 2144/1385/738 2143/1384/660 2145/1386/739
f 2147/1630/533 2148/1318/603 2146/1631/533
f 2148/1318/603 2147/1630/533 2149/1317/603
f 2149/1317/603 2150/1632/146 2148/1318/603
f 2150/1632/146 2149/1317/603 2151/1633/146
f 2152/1312/603 2153/1310/603 2154/1634/533
f 2155/1635/740 2153/1310/603 2152/1312/603
f 2155/1635/740 2156/1636/740 2153/1310/603
f 2152/1312/603 2154/1634/533 2157/1637/533
f 2160/1638/603 2159/1639/534 2158/1640/534
f 2158/1640/534 2161/1641/603 2160/1638/603
f 2162/1642/741 2163/1643/742 2164/1644/741
f 2163/1643/742 2165/1645/742 2164/1644/741
f 2165/1645/742 2163/1643/742 2166/1646/742
f 2167/1647/743 2168/1336/744 2169/1338/745
f 2167/1647/743 2169/1338/745 2170/1341/746
f 2168/1336/744 2167/1647/743 2171/1648/747
f 2172/1649/748 2167/1647/743 2170/1341/746
f 2171/1648/747 2173/1650/749 2168/1336/744
f 2174/1343/750 2172/1649/748 2170/1341/746
f 2168/1336/744 2173/1650/749 2175/1334/751
f 2176/1651/752 2172/1649/748 2174/1343/750
f 2173/1650/749 2177/1333/753 2175/1334/751
f 2176/1651/752 2174/1343/750 2178/1345/754
f 2177/1333/753 2173/1650/749 2179/1652/755
f 2180/1653/756 2176/1651/752 2178/1345/754
f 2181/1654/757 2177/1333/753 2179/1652/755
f 2178/1345/754 2182/1655/758 2180/1653/756
f 2182/1655/758 2178/1345/754 2183/1346/759
f 2182/1655/758 2183/1346/759 2184/1348/760
f 2185/1331/761 2177/1333/753 2181/1654/757
f 2181/1654/757 2186/1656/762 2185/1331/761
f 2185/1331/761 2186/1656/762 2187/1330/763
f 2187/1330/764 2188/1657/87 2189/1326/765
f 2190/1658/741 2191/1659/741 2192/1660/742
f 2191/1659/741 2193/1661/742 2192/1660/742
f 2193/1661/742 2191/1659/741 2194/1662/742
f 2195/1578/603 2196/1576/603 2197/1577/603
f 2198/1663/603 2197/1577/603 2196/1576/603
f 2199/1664/603 2197/1577/603 2198/1663/603
f 2197/1577/603 2199/1664/603 2200/1581/603
f 2201/1584/603 2202/1582/603 2203/1583/603
f 2204/1585/603 2203/1583/603 2202/1582/603
f 2205/1586/603 2203/1583/603 2204/1585/603
f 2203/1583/603 2205/1586/603 2206/1587/603
f 2207/1408/676 2208/1409/165 2209/1665/766
f 2208/1409/165 2207/1408/676 2210/1407/677
f 2209/1665/766 2211/1411/679 2207/1408/676
f 2211/1411/679 2209/1665/766 2213/1412/680
f 2212/1406/164 2210/1407/163 2214/1404/674
f 2213/1412/680 2215/1413/681 2211/1411/679
f 2214/1404/674 2216/1403/673 2212/1406/164
f 2215/1413/681 2213/1412/680 2217/1414/682
f 2217/1414/682 2218/1415/683 2215/1413/681
f 2218/1415/683 2217/1414/682 2219/1416/683
f 2216/1403/673 2214/1404/674 2220/1405/675
f 2216/1403/672 2221/1402/671 2222/1666/668
f 2221/1402/671 2223/1401/669 2222/1666/668
f 2222/1666/668 2223/1401/669 2224/1667/767
f 2226/1668/478 2224/1667/554 2225/1398/476
f 2229/1486/170 2228/1668/169 2230/1487/698
f 2230/1487/698 2228/1668/169 2231/1488/699
f 2229/1486/768 2232/1666/482 2227/1667/769
f 2232/1666/482 2229/1486/768 2233/1485/695
f 2234/1484/483 2232/1666/482 2233/1485/695
f 2234/1484/694 2236/1406/693 2235/1403/484
f 2236/1406/693 2234/1484/694 2237/1481/559
f 2238/1409/688 2237/1481/559 2239/1478/770
f 2239/1478/770 2240/1665/686 2238/1409/688
f 2240/1665/686 2239/1478/770 2241/1479/685
f 2242/1480/687 2240/1665/686 2241/1479/685
f 2240/1665/686 2242/1480/687 2243/1412/689
f 2242/1480/687 2244/1414/690 2243/1412/689
f 2244/1414/690 2242/1480/687 2245/1482/691
f 2245/1482/691 2246/1416/692 2244/1414/690
f 2246/1416/692 2245/1482/691 2247/1483/692
f 2248/1620/717 2249/1596/714 2250/1598/719
f 2249/1596/714 2248/1620/717 2251/1619/715
f 2251/1619/715 2252/1594/493 2249/1596/714
f 2255/1623/710 2252/1594/711 2254/1624/771
f 2252/1594/711 2255/1623/710 2257/1595/713
f 2256/1602/179 2258/1625/722 2253/1622/180
f 2257/1595/713 2255/1623/710 2259/1626/716
f 2261/1597/718 2257/1595/713 2259/1626/716
f 2262/1606/726 2264/1605/724 2260/1375/185
f 2265/1599/720 2261/1597/211 2263/1356/176
f 2266/1376/727 2260/1375/185 2264/1605/724
f 2263/1356/176 2267/1627/721 2265/1599/720
f 2269/1600/182 2265/1599/720 2267/1627/721
f 2271/1669/183 2269/1600/182 2267/1627/721
f 2272/1607/567 2268/1379/728 2270/1608/729
f 2268/1379/728 2272/1607/567 2273/1628/566
f 2274/1603/500 2271/1669/183 2276/1367/723
f 2276/1367/723 2278/1604/564 2274/1603/500
f 2278/1604/564 2276/1367/723 2279/1629/584
f 2275/1610/730 2280/1609/501 2277/1383/583
f 2277/1383/583 2280/1609/501 2281/1384/503
f 2283/1330/763 2282/1657/87 2285/1575/765
f 2286/1331/761 2284/1656/762 2283/1330/763
f 2284/1656/762 2286/1331/761 2287/1654/757
f 2288/1333/753 2287/1654/757 2286/1331/761
f 2287/1654/757 2288/1333/753 2289/1652/755
f 2290/1650/749 2289/1652/755 2288/1333/753
f 2290/1650/749 2288/1333/753 2291/1334/751
f 2292/1336/744 2290/1650/749 2291/1334/751
f 2290/1650/749 2292/1336/744 2293/1648/747
f 2292/1336/744 2294/1647/743 2293/1648/747
f 2294/1647/743 2292/1336/744 2295/1573/745
f 2296/1341/746 2294/1647/743 2295/1573/745
f 2294/1647/743 2296/1341/746 2297/1649/748
f 2298/1343/750 2297/1649/748 2296/1341/746
f 2297/1649/748 2298/1343/750 2299/1651/752
f 2300/1574/754 2299/1651/752 2298/1343/750
f 2299/1651/752 2300/1574/754 2301/1653/756
f 2302/1655/758 2301/1653/756 2300/1574/754
f 2300/1574/754 2303/1346/759 2302/1655/758
f 2303/1346/759 2304/1348/772 2302/1655/758
f 2307/1589/773 2306/1592/774 2305/1536/775
f 2305/1536/775 2308/1534/773 2307/1589/773
f 2309/1532/776 2307/1589/773 2308/1534/773
f 2307/1589/773 2309/1532/776 2310/1590/223
usemtl Meshpart2Mtl.001
f 2311/1670/777 2312/1671/778 2313/1672/779
f 2314/1673/780 2312/1671/778 2311/1670/777
f 2315/1674/781 2316/1671/782 2317/1673/783
f 2318/1675/784 2316/1671/782 2315/1674/781
f 2319/1676/785 2320/1671/786 2321/1677/787
f 2322/1672/788 2320/1671/786 2319/1676/785
f 2323/1677/789 2324/1671/790 2325/1678/791
f 2325/1678/791 2324/1671/790 2326/1675/792
f 2327/1679/793 2328/1680/794 2329/1681/795
f 2330/1682/796 2327/1679/793 2329/1681/795
f 2331/1683/797 2332/1682/798 2333/1681/799
f 2334/1684/800 2331/1683/797 2333/1681/799
f 2335/1685/801 2336/1686/802 2337/1681/803
f 2338/1680/804 2335/1685/801 2337/1681/803
f 2339/1686/805 2340/1687/806 2341/1681/807
f 2340/1687/806 2342/1684/808 2341/1681/807
usemtl Meshpart3Mtl.001
f 2343/1688/809 2344/1689/810 2345/1690/810
f 2344/1689/810 2343/1688/809 2346/1691/809
f 2347/1692/811 2346/1691/809 2343/1688/809
f 2346/1691/809 2347/1692/811 2348/1693/812
f 2349/1694/813 2348/1693/812 2347/1692/811
f 2349/1694/813 2347/1692/811 2350/1695/814
f 2352/1696/815 2354/1697/816 2351/1698/815
f 2352/1696/815 2356/1699/817 2354/1697/816
f 2357/1700/818 2355/1701/819 2353/1702/820
f 2355/1701/819 2357/1700/818 2358/1703/821
f 2361/1704/822 2360/1705/823 2359/1706/824
f 2360/1705/823 2361/1704/822 2362/1707/825
f 2361/1704/822 2363/1708/826 2362/1707/825
f 2361/1704/822 2364/1709/826 2363/1708/826
f 2365/1710/827 2363/1708/826 2364/1709/826
f 2363/1708/826 2365/1710/827 2366/1711/827
f 2367/1712/828 2366/1711/827 2365/1710/827
f 2366/1711/827 2367/1712/828 2368/1713/829
f 2367/1712/828 2369/1714/830 2368/1713/829
f 2369/1714/830 2367/1712/828 2370/1715/831
f 2371/1716/832 2369/1714/830 2370/1715/831
f 2371/1716/832 2370/1715/831 2372/1717/832
f 2373/1718/833 2371/1716/832 2372/1717/832
f 2372/1717/832 2374/1719/834 2373/1718/833
f 2375/1720/835 2373/1718/833 2374/1719/834
f 2374/1719/834 2376/1721/836 2375/1720/835
f 2376/1721/837 2378/1722/838 2377/1723/839
f 2378/1722/838 2379/1724/840 2377/1723/839
f 2379/1724/840 2378/1722/838 2380/1725/840
f 2380/1725/840 2381/1726/841 2379/1724/840
f 2381/1726/841 2380/1725/840 2382/1727/842
f 2385/1728/843 2384/1729/844 2383/1730/845
f 2384/1729/844 2385/1728/843 2386/1731/846
f 2387/1732/847 2386/1731/846 2385/1728/843
f 2386/1731/846 2387/1732/847 2388/1733/847
f 2389/1734/848 2388/1733/847 2387/1732/847
f 2388/1733/847 2389/1734/848 2390/1735/849
f 2391/1736/850 2390/1735/849 2389/1734/848
f 2390/1735/849 2391/1736/850 2392/1737/851
f 2393/1738/852 2392/1737/851 2391/1736/850
f 2392/1737/851 2393/1738/852 2394/1739/853
f 2395/1740/854 2394/1739/853 2393/1738/852
f 2394/1739/853 2395/1740/854 2396/1741/854
f 2397/1742/855 2396/1741/854 2395/1740/854
f 2396/1741/854 2397/1742/855 2398/1743/856
f 2345/1690/810 2398/1743/856 2397/1742/855
f 2398/1743/856 2345/1690/810 2344/1689/810
f 2402/1744/857 2400/1745/858 2399/1746/859
f 2403/1747/860 2401/1748/861 2400/1745/858
f 2400/1745/858 2402/1744/857 2403/1747/860
f 2401/1748/861 2403/1747/860 2404/1749/862
f 2405/1750/863 2403/1747/860 2402/1744/857
f 2406/1751/864 2404/1749/862 2403/1747/860
f 2403/1747/860 2405/1750/863 2406/1751/864
f 2404/1749/862 2406/1751/864 2407/1752/865
f 2408/1753/866 2406/1751/864 2405/1750/863
f 2409/1754/867 2407/1752/865 2406/1751/864
f 2406/1751/864 2408/1753/866 2409/1754/867
f 2407/1752/865 2409/1754/867 2410/1755/868
f 2411/1756/869 2409/1754/867 2408/1753/866
f 2412/1757/870 2410/1755/868 2409/1754/867
f 2409/1754/867 2411/1756/869 2412/1757/870
f 2410/1755/868 2412/1757/870 2413/1758/871
f 2414/1744/872 2415/1759/873 2416/1750/874
f 2417/1760/875 2416/1750/874 2415/1759/873
f 2416/1750/874 2417/1760/875 2418/1753/876
f 2415/1759/873 2414/1744/872 2419/1761/877
f 2420/1746/878 2419/1761/877 2414/1744/872
f 2415/1759/873 2421/1762/879 2417/1760/875
f 2421/1762/879 2415/1759/873 2422/1763/880
f 2419/1761/877 2422/1763/880 2415/1759/873
f 2423/1764/881 2417/1760/875 2421/1762/879
f 2422/1763/880 2419/1761/877 2424/1765/882
f 2417/1760/875 2423/1764/881 2425/1766/883
f 2425/1766/883 2418/1753/876 2417/1760/875
f 2418/1753/876 2425/1766/883 2426/1756/884
f 2427/1767/885 2428/1768/886 2429/1769/887
f 2429/1769/887 2428/1768/886 2430/1770/888
f 2429/1769/887 2430/1770/888 2432/1771/889
f 2430/1770/888 2431/1772/890 2433/1773/891
f 2432/1771/889 2430/1770/888 2433/1773/891
f 2433/1773/891 2431/1772/890 2434/1774/892
f 2432/1771/889 2433/1773/891 2435/1775/893
f 2433/1773/891 2434/1774/892 2436/1776/894
f 2435/1775/893 2433/1773/891 2436/1776/894
f 2436/1776/894 2434/1774/892 2437/1777/895
f 2435/1775/893 2436/1776/894 2438/1778/896
f 2436/1776/894 2437/1777/895 2439/1779/897
f 2438/1778/896 2436/1776/894 2439/1779/897
f 2439/1779/897 2437/1777/895 2440/1780/898
f 2438/1778/896 2439/1779/897 2441/1781/899
f 2440/1780/898 2442/1782/900 2439/1779/897
f 2441/1781/899 2439/1779/897 2442/1782/900
f 2442/1782/900 2440/1780/898 2443/1783/901
f 2444/1784/902 2445/1785/903 2446/1786/904
f 2447/1787/905 2446/1786/904 2445/1785/903
f 2445/1785/903 2444/1784/902 2448/1788/906
f 2447/1787/905 2445/1785/903 2449/1789/907
f 2450/1767/908 2448/1788/906 2444/1784/902
f 2451/1790/909 2447/1787/905 2449/1789/907
f 2448/1788/906 2450/1767/908 2452/1791/910
f 2447/1787/905 2451/1790/909 2453/1792/909
f 2454/1793/911 2453/1792/909 2451/1790/909
f 2453/1792/909 2454/1793/911 2455/1794/912
f 2456/1795/913 2455/1794/912 2454/1793/911
f 2455/1794/912 2456/1795/913 2457/1796/914
f 2458/1797/915 2457/1796/914 2456/1795/913
f 2457/1796/914 2458/1797/915 2459/1798/915
f 2460/1799/916 2459/1798/915 2458/1797/915
f 2459/1798/915 2460/1799/916 2461/1800/917
f 2462/1758/918 2461/1800/917 2460/1799/916
f 2462/1758/918 2460/1799/916 2463/1801/919
f 2464/1755/920 2462/1758/918 2463/1801/919
f 2419/1761/877 2420/1746/878 2465/1802/921
f 2466/1772/922 2467/1803/923 2468/1774/924
f 2468/1774/925 2469/1804/926 2471/1777/927
f 2470/1805/928 2472/1806/929 2469/1804/926
f 2471/1777/927 2469/1804/926 2472/1806/929
f 2472/1806/929 2470/1805/928 2473/1807/930
f 2472/1806/929 2474/1780/931 2471/1777/927
f 2473/1807/930 2475/1808/932 2472/1806/929
f 2474/1780/931 2472/1806/929 2475/1808/932
f 2475/1808/932 2473/1807/930 2476/1809/933
f 2475/1808/932 2477/1783/934 2474/1780/931
f 2476/1809/933 2478/1810/935 2475/1808/932
f 2477/1783/934 2475/1808/932 2478/1810/935
f 2478/1810/935 2476/1809/933 2479/1811/936
f 2480/1812/937 2481/1813/938 2482/1814/939
f 2481/1813/938 2480/1812/937 2483/1815/940
f 2484/1816/941 2482/1814/939 2481/1813/938
f 2485/1817/942 2483/1815/940 2480/1812/937
f 2483/1815/940 2485/1817/942 2486/1818/943
f 2487/1819/944 2485/1817/942 2480/1812/937
f 2487/1819/944 2480/1812/937 2482/1814/939
f 2482/1814/939 2488/1820/945 2487/1819/944
f 2482/1814/939 2484/1816/941 2489/1821/946
f 2488/1820/945 2482/1814/939 2489/1821/946
f 2490/1822/947 2489/1821/946 2484/1816/941
f 2491/1823/948 2488/1820/945 2489/1821/946
f 2489/1821/946 2490/1822/947 2491/1823/948
f 2488/1820/945 2491/1823/948 2492/1824/861
f 2499/1825/949 2496/1826/950 2497/1827/951
f 2500/1828/952 2497/1827/951 2498/1829/953
f 2500/1828/952 2499/1825/949 2497/1827/951
f 2501/1830/954 2500/1828/952 2498/1829/953
f 2502/1831/955 2499/1825/949 2500/1828/952
f 2503/1832/956 2500/1828/952 2501/1830/954
f 2503/1832/956 2502/1831/955 2500/1828/952
f 2504/1833/957 2503/1832/956 2501/1830/954
f 2505/1834/958 2503/1832/956 2504/1833/957
f 2506/1835/959 2502/1831/955 2503/1832/956
f 2503/1832/956 2505/1834/958 2506/1835/959
f 2502/1831/955 2506/1835/959 2507/1836/960
f 2508/1837/961 2506/1835/959 2505/1834/958
f 2508/1837/961 2507/1836/960 2506/1835/959
f 2509/1838/962 2508/1837/961 2505/1834/958
f 2507/1836/960 2508/1837/961 2510/1839/963
f 2511/1840/964 2508/1837/961 2509/1838/962
f 2510/1839/963 2508/1837/961 2511/1840/964
f 2509/1838/962 2512/1841/233 2511/1840/964
f 2513/1842/965 2510/1839/963 2511/1840/964
f 2512/1841/233 2513/1842/965 2511/1840/964
f 2513/1842/965 2512/1841/233 2514/1843/966
f 2515/1844/967 2495/1845/968 2493/1846/969
f 2516/1816/970 2515/1844/967 2494/1822/971
f 2495/1845/968 2515/1844/967 2517/1847/972
f 2518/1848/973 2517/1847/972 2515/1844/967
f 2515/1844/967 2516/1816/970 2518/1848/973
f 2517/1847/972 2518/1848/973 2519/1849/974
f 2516/1816/970 2520/1850/975 2518/1848/973
f 2520/1850/975 2519/1849/974 2518/1848/973
f 2516/1816/970 2521/1813/976 2520/1850/975
f 2519/1849/974 2520/1850/975 2522/1851/977
f 2523/1852/978 2520/1850/975 2521/1813/976
f 2522/1851/977 2520/1850/975 2523/1852/978
f 2521/1813/976 2524/1853/978 2523/1852/978
f 2525/1854/979 2522/1851/977 2523/1852/978
f 2524/1853/978 2525/1854/979 2523/1852/978
f 2525/1854/979 2524/1853/978 2526/1855/979
f 2527/1856/980 2528/1857/981 2529/1858/982
f 2530/1859/983 2529/1858/982 2531/1860/984
f 2532/1861/985 2527/1856/980 2529/1858/982
f 2532/1861/985 2529/1858/982 2530/1859/983
f 2533/1862/986 2527/1856/980 2532/1861/985
f 2530/1859/983 2534/1863/987 2532/1861/985
f 2532/1861/985 2535/1864/988 2533/1862/986
f 2534/1863/987 2535/1864/988 2532/1861/985
f 2535/1864/988 2536/1865/989 2533/1862/986
f 2535/1864/988 2538/1866/990 2536/1865/989
f 2537/1867/991 2538/1866/990 2535/1864/988
f 2538/1866/990 2539/1868/992 2536/1865/989
f 2543/1830/993 2540/1829/934 2541/1869/994
f 2544/1870/995 2541/1869/994 2542/1871/996
f 2544/1870/995 2543/1830/993 2541/1869/994
f 2545/1872/997 2544/1870/995 2542/1871/996
f 2546/1833/998 2543/1830/993 2544/1870/995
f 2547/1873/999 2544/1870/995 2545/1872/997
f 2547/1873/999 2546/1833/998 2544/1870/995
f 2548/1874/1000 2547/1873/999 2545/1872/997
f 2549/1834/346 2546/1833/998 2547/1873/999
f 2550/1875/1001 2547/1873/999 2548/1874/1000
f 2550/1875/1001 2549/1834/346 2547/1873/999
f 2551/1876/1002 2550/1875/1001 2548/1874/1000
f 2552/1877/1003 2549/1834/346 2550/1875/1001
f 2552/1877/1003 2550/1875/1001 2551/1876/1002
f 2549/1834/346 2552/1877/1003 2553/1838/1004
f 2554/1878/1005 2552/1877/1003 2551/1876/1002
f 2555/1879/1006 2553/1838/1004 2552/1877/1003
f 2555/1879/1006 2552/1877/1003 2554/1878/1005
f 2553/1838/1004 2555/1879/1006 2556/1880/1007
f 2554/1878/1005 2557/1881/1007 2555/1879/1006
f 2557/1881/1007 2556/1880/1007 2555/1879/1006
f 2556/1880/1007 2557/1881/1007 2558/1882/1007
f 2559/1883/1008 2560/1884/1009 2561/1885/1010
f 2559/1883/1008 2562/1886/1011 2563/1887/1012
f 2561/1885/1010 2564/1888/1013 2559/1883/1008
f 2562/1886/1011 2559/1883/1008 2564/1888/1013
f 2564/1888/1013 2561/1885/1010 2565/1889/1014
f 2564/1888/1013 2566/1890/1015 2562/1886/1011
f 2565/1889/1014 2567/1891/1016 2564/1888/1013
f 2566/1890/1015 2564/1888/1013 2567/1891/1016
f 2567/1891/1016 2565/1889/1014 2568/1892/1017
f 2569/1893/1018 2567/1891/1016 2568/1892/1017
f 2570/1894/1019 2566/1890/1015 2567/1891/1016
f 2567/1891/1016 2569/1893/1018 2570/1894/1019
f 2566/1890/1015 2570/1894/1019 2571/1895/1015
f 2572/1896/1020 2570/1894/1019 2569/1893/1018
f 2573/1897/1021 2571/1895/1015 2570/1894/1019
f 2573/1897/1021 2570/1894/1019 2572/1896/1020
f 2574/1898/1022 2571/1895/1015 2573/1897/1021
f 2575/1899/1023 2573/1897/1021 2572/1896/1020
f 2576/1900/1024 2574/1898/1022 2573/1897/1021
f 2576/1900/1024 2573/1897/1021 2575/1899/1023
f 2577/1860/1025 2574/1898/1022 2576/1900/1024
f 2575/1899/1023 2578/1901/1026 2576/1900/1024
f 2576/1900/1024 2579/1902/1027 2577/1860/1025
f 2578/1901/1026 2579/1902/1027 2576/1900/1024
f 2579/1902/1027 2580/1859/1028 2577/1860/1025
f 2580/1859/1028 2579/1902/1027 2581/1903/1029
f 2581/1903/1029 2582/1863/1030 2580/1859/1028
f 2584/1904/1031 2585/1905/1032 2583/1906/1033
f 2585/1905/1032 2584/1904/1031 2587/1907/1034
f 2586/1908/1035 2587/1907/1034 2584/1904/1031
f 2587/1907/1034 2588/1909/1036 2585/1905/1032
f 2587/1907/1034 2586/1908/1035 2589/1910/1037
f 2588/1909/1036 2587/1907/1034 2590/1911/1038
f 2589/1910/1037 2590/1911/1038 2587/1907/1034
f 2590/1911/1038 2591/1912/1039 2588/1909/1036
f 2590/1911/1038 2589/1910/1037 2592/1913/1040
f 2591/1912/1039 2590/1911/1038 2593/1914/1041
f 2592/1913/1040 2593/1914/1041 2590/1911/1038
f 2593/1914/1041 2594/1915/1041 2591/1912/1039
f 2593/1914/1041 2592/1913/1040 2595/1887/1042
f 2594/1915/1041 2593/1914/1041 2596/1916/1043
f 2595/1887/1042 2596/1916/1043 2593/1914/1041
f 2596/1916/1043 2597/1917/1044 2594/1915/1041
f 2596/1916/1043 2595/1887/1042 2598/1886/1045
f 2597/1917/1044 2596/1916/1043 2599/1918/1046
f 2598/1886/1045 2599/1918/1046 2596/1916/1043
f 2599/1918/1046 2598/1886/1045 2600/1890/1047
f 2599/1918/1046 2601/1919/1048 2597/1917/1044
f 2602/1895/1049 2599/1918/1046 2600/1890/1047
f 2599/1918/1046 2602/1895/1049 2603/1920/1050
f 2601/1919/1048 2599/1918/1046 2603/1920/1050
f 2604/1898/1051 2603/1920/1050 2602/1895/1049
f 2605/1921/1052 2601/1919/1048 2603/1920/1050
f 2605/1921/1052 2603/1920/1050 2604/1898/1051
f 2528/1857/981 2601/1919/1048 2605/1921/1052
f 2531/1860/984 2605/1921/1052 2604/1898/1051
f 2529/1858/982 2528/1857/981 2605/1921/1052
f 2529/1858/982 2605/1921/1052 2531/1860/984
f 2607/1922/1053 2609/1910/1054 2606/1908/1055
f 2608/1923/1056 2610/1924/1057 2607/1922/1053
f 2609/1910/1054 2607/1922/1053 2610/1924/1057
f 2610/1924/1057 2608/1923/1056 2611/1925/1058
f 2610/1924/1057 2612/1913/1059 2609/1910/1054
f 2611/1925/1058 2613/1926/1060 2610/1924/1057
f 2612/1913/1059 2610/1924/1057 2613/1926/1060
f 2613/1926/1060 2611/1925/1058 2560/1884/1009
f 2613/1926/1060 2563/1887/1012 2612/1913/1059
f 2560/1884/1009 2559/1883/1008 2613/1926/1060
f 2563/1887/1012 2613/1926/1060 2559/1883/1008
f 2614/1927/1061 2615/1928/1062 2616/1929/1063
f 2614/1927/1061 2616/1929/1063 2617/1930/1064
f 2618/1931/1065 2614/1927/1061 2617/1930/1064
f 2617/1930/1064 2619/1932/1066 2618/1931/1065
f 2619/1932/1066 2621/1933/1067 2618/1931/1065
f 2619/1932/1066 2623/1934/1067 2621/1933/1067
f 2624/1935/1068 2620/1936/1069 2622/1937/813
f 2625/1938/1070 2621/1933/1067 2623/1934/1067
f 2624/1935/1068 2622/1937/813 2626/1939/1071
f 2621/1933/1067 2625/1938/1070 2627/1940/1070
f 2625/1938/1070 2628/1941/1072 2627/1940/1070
f 2625/1938/1070 2629/1942/815 2628/1941/1072
f 2632/1943/1073 2631/1944/1074 2630/1945/818
f 2631/1944/1074 2632/1943/1073 2634/1946/1073
f 2636/1947/1075 2634/1946/1073 2632/1943/1073
f 2637/1948/1076 2635/1949/1077 2633/1950/1078
f 2636/1947/1075 2632/1943/1073 2638/1951/1075
f 2635/1949/1077 2637/1948/1076 2639/1952/1079
f 2640/1953/1080 2636/1947/1075 2638/1951/1075
f 2640/1953/1080 2638/1951/1075 2641/1954/1080
f 2642/1955/1081 2640/1953/1080 2641/1954/1080
f 2642/1955/1081 2641/1954/1080 2643/1956/1081
f 2644/1957/1082 2642/1955/1081 2643/1956/1081
f 2644/1957/1082 2643/1956/1081 2645/1958/1083
f 2646/1959/1084 2644/1957/1082 2645/1958/1083
f 2644/1957/1082 2646/1959/1084 2647/1960/1085
f 2648/1961/1086 2647/1960/1085 2646/1959/1084
f 2647/1960/1085 2648/1961/1086 2649/1962/1086
f 2648/1961/1086 2650/1963/1087 2649/1962/1086
f 2650/1963/1087 2648/1961/1086 2651/1964/1088
f 2652/1965/1089 2650/1963/1087 2651/1964/1088
f 2650/1963/1087 2652/1965/1089 2653/1966/1090
f 2654/1967/1091 2653/1966/1090 2652/1965/1089
f 2653/1966/1090 2654/1967/1091 2655/1968/1092
f 2656/1969/1093 2655/1968/1092 2654/1967/1091
f 2654/1967/1091 2657/1970/1094 2656/1969/1093
f 2658/1971/1095 2660/1972/1096 2659/1973/1097
f 2660/1972/1096 2661/1974/1098 2659/1973/1097
f 2661/1974/1098 2660/1972/1096 2662/1975/1099
f 2662/1975/1099 2615/1928/1062 2661/1974/1098
f 2615/1928/1062 2662/1975/1099 2616/1929/1063
f 2665/1976/1100 2663/1977/1101 2664/1978/1101
f 2663/1977/1101 2665/1976/1100 2666/1979/1102
f 2667/1980/819 2666/1979/1102 2665/1976/1100
f 2666/1979/1102 2667/1980/819 2669/1981/819
f 2670/1982/816 2671/1983/1103 2668/1984/816
f 2670/1982/816 2672/1985/1103 2671/1983/1103
f 2673/1986/1104 2671/1983/1103 2672/1985/1103
f 2671/1983/1103 2673/1986/1104 2674/1987/1105
f 2677/1988/1106 2675/1989/1107 2676/1990/1108
f 2676/1990/1108 2678/1991/1106 2677/1988/1106
f 2678/1991/1106 2679/1992/1109 2677/1988/1106
f 2678/1991/1106 2681/1993/1109 2679/1992/1109
f 2681/1993/1109 2683/1994/1110 2679/1992/1109
f 2684/1995/1111 2680/1996/841 2682/1997/1112
f 2683/1994/1110 2681/1993/1109 2685/1998/1110
f 2680/1996/841 2684/1995/1111 2686/1999/1111
f 2685/1998/1110 2687/2000/1113 2683/1994/1110
f 2687/2000/1113 2686/1999/1111 2684/1995/1111
f 2687/2000/1113 2685/1998/1110 2688/2001/1113
f 2686/1999/1111 2687/2000/1113 2688/2001/1113
f 2690/2002/988 2689/2003/1114 2691/2004/991
f 2692/2005/990 2691/2004/1115 2694/2006/1116
f 2693/2007/1117 2692/2005/990 2695/2008/1118
f 2694/2006/1116 2695/2008/1118 2692/2005/990
f 2695/2008/1118 2696/2009/1119 2693/2007/1117
f 2695/2008/1118 2694/2006/1116 2697/2010/1120
f 2696/2009/1119 2695/2008/1118 2698/2011/1121
f 2697/2010/1120 2698/2011/1121 2695/2008/1118
f 2698/2011/1121 2699/2012/1122 2696/2009/1119
f 2698/2011/1121 2697/2010/1120 2700/2013/1123
f 2699/2012/1122 2698/2011/1121 2701/2014/1124
f 2700/2013/1123 2701/2014/1124 2698/2011/1121
f 2701/2014/1124 2702/2015/1125 2699/2012/1122
f 2703/2016/1126 2704/2017/1127 2705/2018/1128
f 2705/2018/1128 2706/2019/1129 2707/2020/1130
f 2709/2021/1131 2708/2022/1132 2710/2023/1133
f 2710/2023/1133 2711/2024/1134 2709/2021/1131
f 2711/2024/1134 2710/2023/1133 2713/2025/1135
f 2712/2003/1136 2711/2024/1134 2714/2026/1137
f 2713/2025/1135 2714/2026/1137 2711/2024/1134
f 2714/2026/1137 2715/2004/1138 2712/2003/1136
f 2714/2026/1137 2713/2025/1135 2716/2027/1139
f 2715/2004/1138 2714/2026/1137 2717/2028/1140
f 2716/2027/1139 2717/2028/1140 2714/2026/1137
f 2717/2028/1140 2718/2006/1141 2715/2004/1138
f 2717/2028/1140 2716/2027/1139 2719/2029/1142
f 2718/2006/1141 2717/2028/1140 2720/2030/1143
f 2719/2029/1142 2720/2030/1143 2717/2028/1140
f 2720/2030/1143 2721/2010/1144 2718/2006/1141
f 2720/2030/1143 2719/2029/1142 2722/2031/1145
f 2721/2010/1144 2720/2030/1143 2723/2032/1146
f 2722/2031/1145 2723/2032/1146 2720/2030/1143
f 2723/2032/1146 2724/2013/1147 2721/2010/1144
f 2725/2033/1148 2726/2034/1149 2727/2035/1150
f 2726/2034/1149 2725/2033/1148 2704/2017/1127
f 2704/2017/1127 2703/2016/1126 2726/2034/1149
f 2727/2035/1150 2728/2036/1151 2725/2033/1148
f 2729/2037/1152 2704/2017/1127 2725/2033/1148
f 2725/2033/1148 2730/2038/1153 2729/2037/1152
f 2730/2038/1153 2725/2033/1148 2728/2036/1151
f 2704/2017/1127 2729/2037/1152 2706/2019/1154
f 2728/2036/1151 2731/2039/1155 2730/2038/1153
f 2728/2036/1151 2727/2035/1150 2732/2040/1156
f 2731/2039/1155 2728/2036/1151 2733/2041/1157
f 2732/2040/1156 2733/2041/1157 2728/2036/1151
f 2733/2041/1157 2732/2040/1156 2734/2042/1035
f 2736/2043/1158 2738/2034/1159 2735/2016/1160
f 2737/2044/1161 2739/2045/1162 2736/2043/1158
f 2738/2034/1159 2736/2043/1158 2739/2045/1162
f 2739/2045/1162 2737/2044/1161 2740/2046/1163
f 2739/2045/1162 2741/2035/1164 2738/2034/1159
f 2740/2046/1163 2742/2047/1165 2739/2045/1162
f 2741/2035/1164 2739/2045/1162 2742/2047/1165
f 2742/2047/1165 2740/2046/1163 2743/2048/1166
f 2742/2047/1165 2744/2040/1167 2741/2035/1164
f 2743/2048/1166 2745/2049/1168 2742/2047/1165
f 2744/2040/1167 2742/2047/1165 2745/2049/1168
f 2745/2049/1168 2743/2048/1166 2746/2050/1169
f 2745/2049/1168 2747/2042/1055 2744/2040/1167
f 2746/2050/1169 2748/2051/1170 2745/2049/1168
f 2747/2042/1055 2745/2049/1168 2748/2051/1170
f 2748/2051/1170 2746/2050/1169 2749/2052/1171
f 2753/2053/1172 2751/2054/1173 2750/2055/1174
f 2754/2056/1175 2752/2057/1176 2751/2054/1173
f 2751/2054/1173 2753/2053/1172 2754/2056/1175
f 2752/2057/1176 2754/2056/1175 2755/2058/1177
f 2756/2059/1178 2754/2056/1175 2753/2053/1172
f 2757/2060/1179 2755/2058/1177 2754/2056/1175
f 2754/2056/1175 2756/2059/1178 2757/2060/1179
f 2755/2058/1177 2757/2060/1179 2758/2061/1180
f 2759/2062/1181 2757/2060/1179 2756/2059/1178
f 2760/2063/1182 2758/2061/1180 2757/2060/1179
f 2757/2060/1179 2759/2062/1181 2760/2063/1182
f 2763/2064/1183 2761/2065/835 2762/2066/1184
f 2766/2064/1185 2765/2067/1186 2764/2065/1187
f 2765/2067/1186 2766/2064/1185 2768/2068/1188
f 2768/2068/1188 2767/2055/1189 2765/2067/1186
f 2769/2069/1190 2768/2068/1188 2766/2064/1185
f 2767/2055/1189 2768/2068/1188 2770/2053/1191
f 2768/2068/1188 2769/2069/1190 2771/2070/1192
f 2771/2070/1192 2770/2053/1191 2768/2068/1188
f 2772/2071/1193 2771/2070/1192 2769/2069/1190
f 2770/2053/1191 2771/2070/1192 2773/2059/1194
f 2771/2070/1192 2772/2071/1193 2774/2072/1195
f 2774/2072/1195 2773/2059/1194 2771/2070/1192
f 2775/2073/1195 2774/2072/1195 2772/2071/1193
f 2773/2059/1194 2774/2072/1195 2776/2062/1196
f 2774/2072/1195 2775/2073/1195 2777/2074/1197
f 2777/2074/1197 2776/2062/1196 2774/2072/1195
f 2778/2075/1198 2777/2074/1197 2775/2073/1195
f 2776/2062/1196 2777/2074/1197 2779/2076/1199
f 2777/2074/1197 2778/2075/1198 2780/2077/1200
f 2780/2077/1200 2779/2076/1199 2777/2074/1197
f 2779/2076/1199 2780/2077/1200 2781/2078/1201
f 2782/2079/1202 2780/2077/1200 2778/2075/1198
f 2780/2077/1200 2783/2080/1203 2781/2078/1201
f 2783/2080/1203 2780/2077/1200 2784/2081/1204
f 2780/2077/1200 2782/2079/1202 2784/2081/1204
f 2784/2081/1204 2785/2082/1205 2783/2080/1203
f 2782/2079/1202 2786/2083/1206 2784/2081/1204
f 2785/2082/1205 2784/2081/1204 2786/2083/1206
f 2786/2083/1206 2782/2079/1202 2787/2084/1207
f 2786/2083/1206 2788/2085/1208 2785/2082/1205
f 2787/2084/1207 2789/2086/1209 2786/2083/1206
f 2788/2085/1208 2786/2083/1206 2789/2086/1209
f 2758/2061/1180 2760/2063/1182 2790/2087/1210
f 2791/2076/1211 2760/2063/1182 2759/2062/1181
f 2792/2088/1212 2790/2087/1210 2760/2063/1182
f 2760/2063/1182 2791/2076/1211 2792/2088/1212
f 2790/2087/1210 2792/2088/1212 2793/2089/1213
f 2794/2078/1214 2792/2088/1212 2791/2076/1211
f 2795/2090/1215 2793/2089/1213 2792/2088/1212
f 2792/2088/1212 2794/2078/1214 2795/2090/1215
f 2793/2089/1213 2795/2090/1215 2796/2091/1216
f 2795/2090/1215 2797/2092/1217 2796/2091/1216
f 2794/2078/1214 2798/2093/1218 2795/2090/1215
f 2797/2092/1217 2795/2090/1215 2798/2093/1218
f 2798/2093/1218 2794/2078/1214 2799/2080/1219
f 2798/2093/1218 2800/2094/603 2797/2092/1217
f 2799/2080/1219 2801/2095/1220 2798/2093/1218
f 2800/2094/603 2798/2093/1218 2801/2095/1220
f 2801/2095/1220 2799/2080/1219 2802/2082/1221
f 2801/2095/1220 2803/2096/1222 2800/2094/603
f 2802/2082/1221 2804/2097/1223 2801/2095/1220
f 2801/2095/1220 2804/2097/1223 2803/2096/1222
f 2802/2082/1221 2805/2085/1224 2804/2097/1223
f 2804/2097/1223 2806/2098/1225 2803/2096/1222
f 2805/2085/1224 2807/2099/1226 2804/2097/1223
f 2804/2097/1223 2807/2099/1226 2806/2098/1225
f 2805/2085/1224 2808/2100/1227 2807/2099/1226
f 2809/2101/1228 2807/2099/1226 2808/2100/1227
f 2810/2102/1229 2809/2101/1228 2808/2100/1227
f 2812/2103/1230 2811/2104/1231 2814/2105/1232
f 2813/2106/1233 2812/2103/1230 2815/2107/1234
f 2812/2103/1230 2814/2105/1232 2815/2107/1234
f 2813/2106/1233 2815/2107/1234 2816/2108/1235
f 2815/2107/1234 2814/2105/1232 2817/2109/1236
f 2816/2108/1235 2815/2107/1234 2818/2110/1237
f 2815/2107/1234 2817/2109/1236 2818/2110/1237
f 2816/2108/1235 2818/2110/1237 2819/2111/1238
f 2818/2110/1237 2817/2109/1236 2820/2112/742
f 2819/2111/1238 2818/2110/1237 2821/2113/1239
f 2818/2110/1237 2820/2112/742 2821/2113/1239
f 2819/2111/1238 2821/2113/1239 2822/2114/1240
f 2820/2112/742 2823/2115/1241 2821/2113/1239
f 2822/2114/1240 2821/2113/1239 2823/2115/1241
f 2823/2115/1241 2820/2112/742 2824/2116/1242
f 2822/2114/1240 2823/2115/1241 2825/2117/1243
f 2824/2116/1242 2826/2118/1244 2823/2115/1241
f 2823/2115/1241 2826/2118/1244 2825/2117/1243
f 2826/2118/1244 2824/2116/1242 2827/2119/1245
f 2828/2120/1246 2825/2117/1243 2826/2118/1244
f 2827/2119/1245 2828/2120/1246 2826/2118/1244
f 2828/2120/1246 2827/2119/1245 2829/2121/1245
f 2789/2086/1209 2787/2084/1207 2830/2122/1247
f 2789/2086/1209 2831/2100/1248 2788/2085/1208
f 2830/2122/1247 2832/2123/1249 2789/2086/1209
f 2789/2086/1209 2832/2123/1249 2831/2100/1248
f 2830/2122/1247 2833/2124/1250 2832/2123/1249
f 2832/2123/1249 2834/2102/1251 2831/2100/1248
f 2833/2124/1250 2835/2125/1252 2832/2123/1249
f 2832/2123/1249 2835/2125/1252 2834/2102/1251
f 2833/2124/1250 2836/2126/1253 2835/2125/1252
f 2838/2127/1254 2835/2125/1252 2836/2126/1253
f 2837/2128/1255 2835/2125/1252 2838/2127/1254
f 2836/2126/1253 2839/2129/928 2838/2127/1254
f 2843/2130/1129 2842/2131/1128 2841/2132/1127
f 2842/2131/1256 2844/2133/1257 2840/2134/1258
f 2845/2135/1259 2846/2136/1260 2842/2131/1256
f 2844/2133/1257 2842/2131/1256 2846/2136/1260
f 2846/2136/1260 2845/2135/1259 2847/2137/1261
f 2846/2136/1260 2848/2138/1262 2844/2133/1257
f 2847/2137/1261 2848/2138/1262 2846/2136/1260
f 2849/2139/1263 2844/2133/1257 2848/2138/1262
f 2848/2138/1262 2847/2137/1261 2850/2140/1264
f 2849/2139/1263 2848/2138/1262 2851/2141/1265
f 2851/2141/1265 2848/2138/1262 2850/2140/1264
f 2852/2142/1266 2849/2139/1263 2851/2141/1265
f 2850/2140/1264 2853/2143/1267 2851/2141/1265
f 2853/2143/1267 2852/2142/1266 2851/2141/1265
f 2852/2142/1266 2853/2143/1267 2854/2144/1268
f 2856/2145/1269 2855/2146/1145 2858/2147/1270
f 2857/2104/1271 2856/2145/1269 2859/2148/1272
f 2856/2145/1269 2858/2147/1270 2859/2148/1272
f 2857/2104/1271 2859/2148/1272 2860/2105/1273
f 2859/2148/1272 2858/2147/1270 2861/2149/1274
f 2860/2105/1273 2859/2148/1272 2862/2150/1275
f 2859/2148/1272 2861/2149/1274 2862/2150/1275
f 2860/2105/1273 2862/2150/1275 2863/2109/1276
f 2861/2149/1274 2864/2151/1277 2862/2150/1275
f 2863/2109/1276 2862/2150/1275 2864/2151/1277
f 2864/2151/1277 2861/2149/1274 2865/2152/1278
f 2863/2109/1276 2864/2151/1277 2866/2112/1279
f 2865/2152/1278 2867/2153/1280 2864/2151/1277
f 2867/2153/1280 2866/2112/1279 2864/2151/1277
f 2867/2153/1280 2865/2152/1278 2868/2154/1281
f 2866/2112/1279 2867/2153/1280 2869/2116/1282
f 2870/2155/1283 2867/2153/1280 2868/2154/1281
f 2869/2116/1282 2867/2153/1280 2870/2155/1283
f 2868/2154/1281 2871/2156/1284 2870/2155/1283
f 2872/2157/603 2869/2116/1282 2870/2155/1283
f 2871/2156/1284 2872/2157/603 2870/2155/1283
f 2872/2157/603 2871/2156/1284 2873/2158/742
f 2874/2159/1285 2875/2139/1286 2876/2160/1287
f 2876/2160/1287 2877/2161/1288 2874/2159/1285
f 2877/2161/1288 2876/2160/1287 2878/2162/1289
f 2877/2161/1288 2879/2163/1290 2874/2159/1285
f 2875/2139/1286 2874/2159/1285 2880/2164/1291
f 2880/2164/1291 2874/2159/1285 2879/2163/1290
f 2880/2164/1291 2881/2133/1292 2875/2139/1286
f 2882/2165/1293 2880/2164/1291 2879/2163/1290
f 2881/2133/1292 2880/2164/1291 2883/2166/1294
f 2883/2166/1294 2880/2164/1291 2882/2165/1293
f 2883/2166/1294 2884/2134/1295 2881/2133/1292
f 2882/2165/1293 2885/2167/1296 2883/2166/1294
f 2884/2134/1295 2883/2166/1294 2885/2167/1296
f 2885/2167/1296 2882/2165/1293 2886/2168/1161
