# This file is brought to you by Roblox Corporation
# Generated by Roblox Studio

mtllib keylison 1.mtl

g Meshpart1

v 0.006032 0.386036 0.051150
v 0.002997 0.323261 0.039950
v 0.020070 0.141441 0.051150
v 0.006032 0.386036 -0.051150
v 0.002997 0.323261 -0.040050
v 0.020070 0.141441 -0.051150
v -0.010364 0.394533 0.014150
v -0.010364 0.394533 0.039450
v -0.011248 0.343345 0.039550
v -0.011248 0.343345 0.014150
v 0.002997 0.323261 0.013750
v 0.002997 0.323261 0.039950
v 0.004256 0.130264 0.014050
v 0.004256 0.130264 0.039650
v 0.019568 0.123480 0.039950
v 0.019570 0.123480 0.013750
v 0.035766 0.104153 0.040050
v 0.035766 0.104153 0.013650
v 0.035485 0.086077 0.013750
v 0.035484 0.086077 0.039950
v 0.020216 0.060309 0.039550
v 0.032436 -0.430279 0.014150
v 0.020216 0.060309 0.014150
v 0.032436 -0.430279 0.039550
v 0.046222 -0.026199 0.013350
v -0.011987 -0.373619 0.039550
v 0.046222 -0.026199 0.040350
v -0.011985 -0.373619 0.014150
v 0.032838 -0.039879 0.013550
v -0.011640 -0.334299 0.014050
v 0.032838 -0.039879 0.040050
v -0.011640 -0.334299 0.039650
v 0.005459 -0.041769 0.039650
v 0.003216 -0.320589 0.039850
v 0.005459 -0.041769 0.014050
v 0.003216 -0.320589 0.013850
v -0.010364 0.394533 -0.014250
v -0.010364 0.394533 -0.039550
v -0.011248 0.343345 -0.039550
v -0.011248 0.343345 -0.014150
v 0.002997 0.323261 -0.013750
v 0.002997 0.323261 -0.040050
v 0.004256 0.130264 -0.014050
v 0.004256 0.130264 -0.039750
v 0.019568 0.123480 -0.039950
v 0.019570 0.123480 -0.013850
v 0.035766 0.104153 -0.040050
v 0.035766 0.104153 -0.013650
v 0.035485 0.086077 -0.013750
v 0.035484 0.086077 -0.039950
v 0.020216 0.060309 -0.039550
v 0.032436 -0.430279 -0.014150
v 0.020216 0.060309 -0.014150
v 0.032436 -0.430279 -0.039550
v 0.046222 -0.026199 -0.013350
v -0.011987 -0.373619 -0.039550
v 0.046222 -0.026199 -0.040350
v -0.011985 -0.373619 -0.014150
v 0.032838 -0.039879 -0.013650
v -0.011640 -0.334299 -0.014050
v 0.032838 -0.039879 -0.040150
v -0.011640 -0.334299 -0.039650
v 0.005459 -0.041769 -0.039650
v 0.003216 -0.320589 -0.039950
v 0.005459 -0.041769 -0.014050
v 0.003216 -0.320589 -0.013850
v 0.050050 0.399430 0.002550
v 0.078900 0.382773 0.051150
v 0.078900 0.382773 0.002550
v 0.078900 0.349460 0.002550
v 0.078900 0.349460 0.051150
v 0.078900 -0.345899 0.002550
v 0.078900 -0.345899 0.051150
v 0.078900 -0.379219 0.002550
v 0.021200 -0.345899 0.051150
v 0.021200 -0.345899 0.002550
v 0.078900 -0.379219 0.051150
v 0.050050 -0.395869 0.002550
v 0.050050 -0.395869 0.051150
v 0.050050 0.399430 -0.002550
v 0.078900 0.382773 -0.051150
v 0.078900 0.382773 -0.002550
v 0.078900 0.349460 -0.002550
v 0.078900 0.349460 -0.051150
v 0.032050 -0.249099 0.051150
v 0.032050 -0.132459 0.002550
v 0.068049 -0.249099 0.051150
v 0.068049 -0.249099 0.002550
v 0.068049 -0.132459 0.051150
v 0.068049 -0.132459 0.002550
v 0.032050 -0.132459 -0.002550
v 0.032050 -0.249099 -0.051150
v 0.068049 -0.132459 -0.051150
v 0.068049 -0.132459 -0.002550
v 0.068049 -0.249099 -0.051150
v 0.068049 -0.249099 -0.002550
v 0.078900 -0.345899 -0.002550
v 0.021200 -0.345899 -0.051150
v 0.021200 -0.345899 -0.002550
v 0.078900 -0.345899 -0.051150
v 0.078900 -0.379219 -0.002550
v 0.078900 -0.379219 -0.051150
v 0.050050 -0.395869 -0.002550
v 0.050050 -0.395869 -0.051150
v 0.032050 0.280041 0.051150
v 0.068049 0.198393 0.051150
v 0.068049 0.198393 0.002550
v 0.068049 0.280041 0.051150
v 0.068049 0.280041 0.002550
v 0.032050 0.280041 -0.051150
v 0.068049 0.280041 -0.051150
v 0.068049 0.280041 -0.002550
v 0.068049 0.198393 -0.051150
v 0.068049 0.198393 -0.002550
v 0.006032 0.386036 0.051150
v -0.010364 0.394533 0.039450
v 0.092898 0.386863 0.051150
v 0.110461 0.394449 0.039650
v 0.006032 0.386036 -0.051150
v -0.010364 0.394533 -0.039550
v 0.092898 0.386863 -0.051150
v 0.110461 0.394449 -0.039650
v 0.110461 0.394449 0.014050
v 0.110461 0.394449 0.039650
v 0.050050 0.430279 0.014250
v 0.050050 0.430279 0.039450
v -0.010364 0.394533 0.014150
v -0.010364 0.394533 0.039450
v 0.096660 -0.320529 0.013350
v 0.096660 -0.320529 0.040250
v 0.111721 -0.334299 0.039650
v 0.111722 -0.334299 0.014050
v 0.032838 -0.039879 0.013550
v -0.011640 -0.334299 0.014050
v 0.032838 -0.039879 0.040050
v -0.011640 -0.334299 0.039650
v 0.005459 -0.041769 0.039650
v 0.003216 -0.320589 0.039850
v 0.005459 -0.041769 0.014050
v 0.003216 -0.320589 0.013850
v 0.110461 0.394449 -0.014050
v 0.110461 0.394449 -0.039650
v 0.050050 0.430279 -0.014350
v 0.050050 0.430279 -0.039450
v -0.010364 0.394533 -0.014250
v -0.010364 0.394533 -0.039550
v 0.096660 -0.320529 -0.013450
v 0.096660 -0.320529 -0.040350
v 0.111721 -0.334299 -0.039750
v 0.111722 -0.334299 -0.014050
v 0.032838 -0.039879 -0.013650
v -0.011640 -0.334299 -0.014050
v 0.032838 -0.039879 -0.040150
v -0.011640 -0.334299 -0.039650
v 0.005459 -0.041769 -0.039650
v 0.003216 -0.320589 -0.039950
v 0.005459 -0.041769 -0.014050
v 0.003216 -0.320589 -0.013850
v 0.021200 0.382773 0.002550
v 0.078900 0.349460 0.002550
v 0.021200 0.382773 0.051150
v 0.078900 0.349460 0.051150
v 0.021200 0.349460 0.002550
v 0.050050 0.332803 0.002550
v 0.021200 0.349460 0.051150
v 0.050050 0.332803 0.051150
v 0.078900 -0.345899 0.051150
v 0.078900 -0.379219 0.002550
v 0.078900 -0.379219 0.051150
v 0.050050 -0.395869 0.002550
v 0.050050 -0.395869 0.051150
v 0.021200 -0.379219 0.002550
v 0.021200 -0.379219 0.051150
v 0.021200 -0.345899 0.002550
v 0.021200 -0.345899 0.051150
v 0.078900 0.349460 -0.002550
v 0.078900 0.349460 -0.051150
v 0.021200 0.382773 -0.002550
v 0.050050 0.332803 -0.002550
v 0.021200 0.382773 -0.051150
v 0.050050 0.332803 -0.051150
v 0.021200 0.349460 -0.002550
v 0.021200 0.349460 -0.051150
v 0.032050 -0.249099 0.002550
v 0.032050 -0.249099 0.051150
v 0.050050 -0.266599 0.051150
v 0.050050 -0.266599 0.002550
v 0.068049 -0.249099 0.051150
v 0.068049 -0.249099 0.002550
v 0.032050 -0.249099 -0.002550
v 0.032050 -0.249099 -0.051150
v 0.050050 -0.266599 -0.051150
v 0.050050 -0.266599 -0.002550
v 0.068049 -0.249099 -0.051150
v 0.068049 -0.249099 -0.002550
v 0.078900 -0.345899 -0.051150
v 0.078900 -0.379219 -0.002550
v 0.078900 -0.379219 -0.051150
v 0.050050 -0.395869 -0.002550
v 0.050050 -0.395869 -0.051150
v 0.021200 -0.379219 -0.002550
v 0.021200 -0.379219 -0.051150
v 0.021200 -0.345899 -0.002550
v 0.021200 -0.345899 -0.051150
v 0.032050 0.198393 0.051150
v 0.032050 0.198393 0.002550
v 0.050050 0.186146 0.051150
v 0.050050 0.186146 0.002550
v 0.068049 0.198393 0.051150
v 0.068049 0.198393 0.002550
v 0.032050 0.198393 -0.002550
v 0.032050 0.198393 -0.051150
v 0.050050 0.186146 -0.051150
v 0.050050 0.186146 -0.002550
v 0.068049 0.198393 -0.051150
v 0.068049 0.198393 -0.002550
v 0.092944 0.347143 -0.051150
v 0.078900 0.382773 -0.051150
v 0.092898 0.386863 -0.051150
v 0.050050 0.412160 -0.051150
v 0.078900 0.349460 -0.051150
v 0.050050 0.399430 -0.051150
v 0.021200 0.382773 -0.051150
v 0.006032 0.386036 -0.051150
v 0.006032 0.348753 -0.051150
v 0.021200 0.349460 -0.051150
v 0.080028 0.328629 -0.051150
v 0.020070 0.328629 -0.051150
v 0.050050 0.332803 -0.051150
v 0.050050 0.292288 -0.051150
v 0.068049 0.280041 -0.051150
v 0.032050 0.280041 -0.051150
v 0.068049 0.198393 -0.051150
v 0.032050 0.198393 -0.051150
v 0.080028 0.146338 -0.051150
v 0.020070 0.141441 -0.051150
v 0.050050 0.186146 -0.051150
v 0.029861 0.138084 -0.051150
v 0.070028 0.130719 -0.051150
v 0.052671 0.110181 -0.051150
v 0.052671 0.081273 -0.051150
v 0.064022 -0.030049 -0.051150
v 0.038481 0.057916 -0.051150
v 0.070028 -0.048759 -0.051150
v 0.039459 -0.056759 -0.051150
v 0.080120 -0.067169 -0.051150
v 0.050050 -0.114969 -0.051150
v 0.018170 -0.056749 -0.051150
v 0.068049 -0.132459 -0.051150
v 0.032050 -0.132459 -0.051150
v 0.068049 -0.249099 -0.051150
v 0.032050 -0.249099 -0.051150
v 0.080251 -0.328829 -0.051150
v 0.018170 -0.330329 -0.051150
v 0.050050 -0.266599 -0.051150
v 0.050050 -0.329249 -0.051150
v 0.021200 -0.345899 -0.051150
v 0.005209 -0.342589 -0.051150
v 0.078900 -0.345899 -0.051150
v 0.005209 -0.367749 -0.051150
v 0.094890 -0.343569 -0.051150
v 0.021200 -0.379219 -0.051150
v 0.094890 -0.367749 -0.051150
v 0.040617 -0.413599 -0.051150
v 0.078900 -0.379219 -0.051150
v 0.050050 -0.395869 -0.051150
v 0.059482 -0.413599 -0.051150
v -0.011248 0.343345 -0.039550
v 0.006032 0.386036 -0.051150
v 0.006032 0.348753 -0.051150
v -0.010364 0.394533 -0.039550
v 0.002997 0.323261 -0.040050
v 0.050050 0.430279 -0.039450
v 0.020070 0.328629 -0.051150
v 0.050050 0.412160 -0.051150
v 0.020070 0.141441 -0.051150
v 0.092898 0.386863 -0.051150
v 0.004256 0.130264 -0.039750
v 0.110461 0.394449 -0.039650
v 0.019568 0.123480 -0.039950
v 0.111325 0.343431 -0.039750
v 0.029861 0.138084 -0.051150
v 0.092944 0.347143 -0.051150
v 0.035766 0.104153 -0.040050
v 0.097093 0.323267 -0.040050
v 0.052671 0.110181 -0.051150
v 0.080028 0.328629 -0.051150
v 0.052671 0.081273 -0.051150
v 0.080028 0.146338 -0.051150
v 0.035484 0.086077 -0.039950
v 0.097356 0.141267 -0.039550
v 0.038481 0.057916 -0.051150
v 0.087163 0.125705 -0.039950
v 0.020216 0.060309 -0.039550
v 0.070028 0.130719 -0.051150
v 0.046222 -0.026199 -0.040350
v 0.070028 -0.048759 -0.051150
v 0.064022 -0.030049 -0.051150
v 0.087156 -0.043859 -0.040050
v 0.039459 -0.056759 -0.051150
v 0.080120 -0.067169 -0.051150
v 0.032838 -0.039879 -0.040150
v 0.097326 -0.059289 -0.039650
v 0.018170 -0.056749 -0.051150
v 0.096660 -0.320529 -0.040350
v 0.005459 -0.041769 -0.039650
v 0.080251 -0.328829 -0.051150
v 0.003216 -0.320589 -0.039950
v 0.094890 -0.343569 -0.051150
v 0.018170 -0.330329 -0.051150
v 0.111721 -0.334299 -0.039750
v 0.005209 -0.342589 -0.051150
v 0.112085 -0.373619 -0.039550
v -0.011640 -0.334299 -0.039650
v 0.094890 -0.367749 -0.051150
v -0.011987 -0.373619 -0.039550
v 0.059482 -0.413599 -0.051150
v 0.005209 -0.367749 -0.051150
v 0.067663 -0.430279 -0.039550
v 0.040617 -0.413599 -0.051150
v 0.032436 -0.430279 -0.039550
v 0.067663 -0.430279 0.014150
v 0.020216 0.060309 0.014150
v 0.032436 -0.430279 0.039550
v 0.046222 -0.026199 0.013350
v -0.011987 -0.373619 0.039550
v -0.011985 -0.373619 0.014150
v 0.032838 -0.039879 0.013550
v 0.005459 -0.041769 0.039650
v -0.010364 0.394533 -0.014250
v 0.078900 0.382773 0.002550
v 0.078900 -0.345899 0.051150
v 0.078900 -0.379219 0.002550
v 0.050050 -0.395869 0.002550
v 0.021200 -0.345899 0.002550
v 0.032050 -0.249099 0.002550
v 0.021200 -0.345899 -0.051150
v 0.078900 -0.345899 -0.051150
v 0.050050 -0.395869 -0.002550
v 0.032050 0.280041 0.002550
v 0.068049 0.198393 0.051150
v 0.068049 0.198393 0.002550
v 0.068049 0.280041 0.002550
v 0.050050 0.412160 0.002550
v 0.078900 0.382773 0.002550
v 0.050050 0.399430 0.002550
v 0.021200 0.382773 0.002550
v 0.092898 0.386863 0.002550
v 0.006032 0.386036 0.002550
v 0.092944 0.347143 0.002550
v 0.006032 0.348753 0.002550
v 0.078900 0.349460 0.002550
v 0.021200 0.349460 0.002550
v 0.080028 0.328629 0.002550
v 0.020070 0.328629 0.002550
v 0.050050 0.332803 0.002550
v 0.050050 0.292288 0.002550
v 0.068049 0.280041 0.002550
v 0.032050 0.280041 0.002550
v 0.068049 0.198393 0.002550
v 0.032050 0.198393 0.002550
v 0.080028 0.146338 0.002550
v 0.020070 0.141441 0.002550
v 0.050050 0.186146 0.002550
v 0.029861 0.138084 0.002550
v 0.070028 0.130719 0.002550
v 0.052671 0.110181 0.002550
v 0.052671 0.081273 0.002550
v 0.064022 -0.030049 0.002550
v 0.038481 0.057916 0.002550
v 0.070028 -0.048759 0.002550
v 0.039459 -0.056759 0.002550
v 0.080120 -0.067169 0.002550
v 0.050050 -0.114969 0.002550
v 0.018170 -0.056749 0.002550
v 0.068049 -0.132459 0.002550
v 0.032050 -0.132459 0.002550
v 0.068049 -0.249099 0.002550
v 0.032050 -0.249099 0.002550
v 0.080251 -0.328829 0.002550
v 0.018170 -0.330329 0.002550
v 0.050050 -0.266599 0.002550
v 0.050050 -0.329249 0.002550
v 0.078900 -0.345899 0.002550
v 0.021200 -0.345899 0.002550
v 0.094890 -0.343539 0.002550
v 0.005209 -0.342589 0.002550
v 0.094890 -0.367749 0.002550
v 0.005209 -0.367749 0.002550
v 0.078900 -0.379219 0.002550
v 0.021200 -0.379219 0.002550
v 0.059482 -0.413599 0.002550
v 0.040617 -0.413599 0.002550
v 0.050050 -0.395869 0.002550
v 0.111325 0.343431 0.014050
v 0.092898 0.386863 0.002550
v 0.110461 0.394449 0.014050
v 0.050050 0.430279 0.014250
v 0.092944 0.347143 0.002550
v 0.050050 0.412160 0.002550
v 0.097093 0.323267 0.013650
v 0.006032 0.386036 0.002550
v 0.080028 0.328629 0.002550
v -0.010364 0.394533 0.014150
v 0.080028 0.146338 0.002550
v -0.011248 0.343345 0.014150
v 0.097356 0.141267 0.014150
v 0.006032 0.348753 0.002550
v 0.087163 0.125705 0.013750
v 0.002997 0.323261 0.013750
v 0.070028 0.130719 0.002550
v 0.020070 0.328629 0.002550
v 0.070028 -0.048759 0.002550
v 0.020070 0.141441 0.002550
v 0.087156 -0.043859 0.013650
v 0.004256 0.130264 0.014050
v 0.080120 -0.067169 0.002550
v 0.019570 0.123480 0.013750
v 0.097326 -0.059289 0.014050
v 0.029861 0.138084 0.002550
v 0.096660 -0.320529 0.013350
v 0.035766 0.104153 0.013650
v 0.080251 -0.328829 0.002550
v 0.052671 0.110181 0.002550
v 0.094890 -0.343539 0.002550
v 0.052671 0.081273 0.002550
v 0.111722 -0.334299 0.014050
v 0.035485 0.086077 0.013750
v 0.112085 -0.373619 0.014150
v 0.038481 0.057916 0.002550
v 0.094890 -0.367749 0.002550
v 0.020216 0.060309 0.014150
v 0.059482 -0.413599 0.002550
v 0.046222 -0.026199 0.013350
v 0.067663 -0.430279 0.014150
v 0.064022 -0.030049 0.002550
v 0.040617 -0.413599 0.002550
v 0.039459 -0.056759 0.002550
v 0.032436 -0.430279 0.014150
v 0.032838 -0.039879 0.013550
v -0.011985 -0.373619 0.014150
v 0.018170 -0.056749 0.002550
v 0.005209 -0.367749 0.002550
v 0.005459 -0.041769 0.014050
v 0.005209 -0.342589 0.002550
v 0.003216 -0.320589 0.013850
v -0.011640 -0.334299 0.014050
v 0.018170 -0.330329 0.002550
v 0.111325 0.343431 0.014050
v 0.110461 0.394449 0.014050
v 0.111325 0.343431 0.039650
v 0.097093 0.323267 0.013650
v 0.110461 0.394449 0.039650
v 0.097093 0.323267 0.039950
v 0.097356 0.141267 0.014150
v 0.097356 0.141267 0.039550
v 0.087163 0.125705 0.039950
v 0.087163 0.125705 0.013750
v 0.087156 -0.043859 0.013650
v 0.087156 -0.043859 0.040050
v 0.097326 -0.059289 0.014050
v 0.097326 -0.059289 0.039650
v 0.096660 -0.320529 0.013350
v 0.096660 -0.320529 0.040250
v 0.111721 -0.334299 0.039650
v 0.111722 -0.334299 0.014050
v 0.112085 -0.373619 0.039550
v 0.112085 -0.373619 0.014150
v 0.067663 -0.430279 0.014150
v 0.067663 -0.430279 0.039550
v 0.110461 0.394449 -0.014050
v 0.111325 0.343431 -0.014050
v 0.111325 0.343431 -0.039750
v 0.097093 0.323267 -0.013750
v 0.110461 0.394449 -0.039650
v 0.097093 0.323267 -0.040050
v 0.097356 0.141267 -0.014150
v 0.097356 0.141267 -0.039550
v 0.087163 0.125705 -0.039950
v 0.087163 0.125705 -0.013750
v 0.087156 -0.043859 -0.013650
v 0.087156 -0.043859 -0.040050
v 0.097326 -0.059289 -0.014150
v 0.097326 -0.059289 -0.039650
v 0.096660 -0.320529 -0.013450
v 0.096660 -0.320529 -0.040350
v 0.111721 -0.334299 -0.039750
v 0.111722 -0.334299 -0.014050
v 0.112085 -0.373619 -0.039550
v 0.112085 -0.373619 -0.014150
v 0.067663 -0.430279 -0.014150
v 0.067663 -0.430279 -0.039550
v 0.021200 0.382773 0.002550
v 0.021200 0.382773 0.051150
v 0.021200 0.349460 0.002550
v 0.021200 0.349460 0.051150
v 0.050050 -0.395869 0.002550
v 0.050050 -0.395869 0.051150
v 0.021200 -0.379219 0.002550
v 0.021200 -0.379219 0.051150
v 0.021200 -0.345899 0.002550
v 0.021200 -0.345899 0.051150
v 0.021200 0.382773 -0.002550
v 0.021200 0.382773 -0.051150
v 0.021200 0.349460 -0.002550
v 0.021200 0.349460 -0.051150
v 0.032050 -0.249099 0.002550
v 0.032050 -0.132459 0.051150
v 0.032050 -0.249099 0.051150
v 0.032050 -0.132459 0.002550
v 0.068049 -0.249099 0.002550
v 0.068049 -0.132459 0.051150
v 0.032050 -0.249099 -0.002550
v 0.032050 -0.132459 -0.051150
v 0.032050 -0.132459 -0.002550
v 0.032050 -0.249099 -0.051150
v 0.068049 -0.249099 -0.002550
v 0.050050 -0.395869 -0.002550
v 0.050050 -0.395869 -0.051150
v 0.021200 -0.379219 -0.002550
v 0.021200 -0.379219 -0.051150
v 0.021200 -0.345899 -0.002550
v 0.021200 -0.345899 -0.051150
v 0.032050 0.198393 0.051150
v 0.032050 0.198393 0.002550
v 0.032050 0.280041 0.051150
v 0.032050 0.280041 0.002550
v 0.032050 0.198393 -0.002550
v 0.032050 0.280041 -0.051150
v 0.032050 0.280041 -0.002550
v 0.032050 0.198393 -0.051150
v 0.112085 -0.373619 0.039550
v 0.059482 -0.413599 0.051150
v 0.032436 -0.430279 0.039550
v 0.112085 -0.373619 -0.039550
v 0.094890 -0.367749 -0.051150
v -0.011987 -0.373619 -0.039550
v 0.059482 -0.413599 -0.051150
v 0.005209 -0.367749 -0.051150
v 0.032436 -0.430279 -0.039550
v 0.004256 0.130264 0.014050
v 0.004256 0.130264 0.039650
v 0.019568 0.123480 0.039950
v 0.019570 0.123480 0.013750
v 0.112085 -0.373619 0.039550
v 0.067663 -0.430279 0.014150
v 0.067663 -0.430279 0.039550
v 0.032436 -0.430279 0.014150
v 0.032436 -0.430279 0.039550
v -0.011987 -0.373619 0.039550
v -0.011985 -0.373619 0.014150
v 0.004256 0.130264 -0.014050
v 0.004256 0.130264 -0.039750
v 0.019568 0.123480 -0.039950
v 0.019570 0.123480 -0.013850
v 0.112085 -0.373619 -0.039550
v 0.067663 -0.430279 -0.014150
v 0.067663 -0.430279 -0.039550
v 0.032436 -0.430279 -0.014150
v 0.032436 -0.430279 -0.039550
v -0.011987 -0.373619 -0.039550
v -0.011985 -0.373619 -0.014150
v 0.050050 0.399430 0.051150
v 0.050050 0.399430 0.002550
v 0.078900 0.382773 0.051150
v 0.078900 0.382773 0.002550
v 0.021200 0.382773 0.002550
v 0.021200 0.382773 0.051150
v 0.078900 0.349460 0.051150
v 0.050050 -0.329249 0.051150
v 0.078900 -0.345899 0.002550
v 0.078900 -0.345899 0.051150
v 0.050050 -0.329249 0.002550
v 0.021200 -0.345899 0.051150
v 0.021200 -0.345899 0.002550
v 0.050050 0.399430 -0.002550
v 0.078900 0.382773 -0.051150
v 0.078900 0.382773 -0.002550
v 0.050050 0.399430 -0.051150
v 0.078900 0.349460 -0.051150
v 0.021200 0.382773 -0.002550
v 0.021200 0.382773 -0.051150
v 0.032050 -0.132459 0.051150
v 0.032050 -0.132459 0.002550
v 0.050050 -0.114969 0.051150
v 0.050050 -0.114969 0.002550
v 0.068049 -0.132459 0.051150
v 0.068049 -0.132459 0.002550
v 0.032050 -0.132459 -0.051150
v 0.032050 -0.132459 -0.002550
v 0.050050 -0.114969 -0.051150
v 0.050050 -0.114969 -0.002550
v 0.068049 -0.132459 -0.051150
v 0.068049 -0.132459 -0.002550
v 0.050050 -0.329249 -0.002550
v 0.050050 -0.329249 -0.051150
v 0.078900 -0.345899 -0.002550
v 0.021200 -0.345899 -0.051150
v 0.021200 -0.345899 -0.002550
v 0.078900 -0.345899 -0.051150
v 0.032050 0.280041 0.051150
v 0.032050 0.280041 0.002550
v 0.050050 0.292288 0.051150
v 0.050050 0.292288 0.002550
v 0.068049 0.280041 0.051150
v 0.068049 0.280041 0.002550
v 0.032050 0.280041 -0.051150
v 0.032050 0.280041 -0.002550
v 0.050050 0.292288 -0.051150
v 0.050050 0.292288 -0.002550
v 0.068049 0.280041 -0.051150
v 0.068049 0.280041 -0.002550
v 0.078900 0.382773 0.051150
v 0.092944 0.347143 0.051150
v 0.092898 0.386863 0.051150
v 0.050050 0.412160 0.051150
v 0.078900 0.349460 0.051150
v 0.050050 0.399430 0.051150
v 0.021200 0.382773 0.051150
v 0.006032 0.386036 0.051150
v 0.006032 0.348753 0.051150
v 0.021200 0.349460 0.051150
v 0.080028 0.328629 0.051150
v 0.020070 0.328629 0.051150
v 0.050050 0.332803 0.051150
v 0.050050 0.292288 0.051150
v 0.068049 0.280041 0.051150
v 0.032050 0.280041 0.051150
v 0.068049 0.198393 0.051150
v 0.032050 0.198393 0.051150
v 0.080028 0.146338 0.051150
v 0.020070 0.141441 0.051150
v 0.050050 0.186146 0.051150
v 0.029861 0.138084 0.051150
v 0.070028 0.130719 0.051150
v 0.052671 0.110181 0.051150
v 0.052671 0.081273 0.051150
v 0.064022 -0.030049 0.051150
v 0.038481 0.057916 0.051150
v 0.070028 -0.048759 0.051150
v 0.039459 -0.056759 0.051150
v 0.080120 -0.067169 0.051150
v 0.050050 -0.114969 0.051150
v 0.018170 -0.056749 0.051150
v 0.068049 -0.132459 0.051150
v 0.032050 -0.132459 0.051150
v 0.068049 -0.249099 0.051150
v 0.032050 -0.249099 0.051150
v 0.080251 -0.328829 0.051150
v 0.018170 -0.330329 0.051150
v 0.050050 -0.266599 0.051150
v 0.050050 -0.329249 0.051150
v 0.021200 -0.345899 0.051150
v 0.078900 -0.345899 0.051150
v 0.005209 -0.342589 0.051150
v 0.094890 -0.343569 0.051150
v 0.005209 -0.367749 0.051150
v 0.094890 -0.367749 0.051150
v 0.021200 -0.379219 0.051150
v 0.078900 -0.379219 0.051150
v 0.040617 -0.413599 0.051150
v 0.059482 -0.413599 0.051150
v 0.050050 -0.395869 0.051150
v 0.006032 0.386036 0.051150
v -0.011248 0.343345 0.039550
v 0.006032 0.348753 0.051150
v -0.010364 0.394533 0.039450
v 0.002997 0.323261 0.039950
v 0.050050 0.430279 0.039450
v 0.020070 0.328629 0.051150
v 0.050050 0.412160 0.051150
v 0.020070 0.141441 0.051150
v 0.092898 0.386863 0.051150
v 0.004256 0.130264 0.039650
v 0.110461 0.394449 0.039650
v 0.019568 0.123480 0.039950
v 0.111325 0.343431 0.039650
v 0.029861 0.138084 0.051150
v 0.092944 0.347143 0.051150
v 0.035766 0.104153 0.040050
v 0.097093 0.323267 0.039950
v 0.052671 0.110181 0.051150
v 0.080028 0.328629 0.051150
v 0.052671 0.081273 0.051150
v 0.080028 0.146338 0.051150
v 0.035484 0.086077 0.039950
v 0.097356 0.141267 0.039550
v 0.038481 0.057916 0.051150
v 0.087163 0.125705 0.039950
v 0.020216 0.060309 0.039550
v 0.070028 0.130719 0.051150
v 0.046222 -0.026199 0.040350
v 0.070028 -0.048759 0.051150
v 0.064022 -0.030049 0.051150
v 0.087156 -0.043859 0.040050
v 0.039459 -0.056759 0.051150
v 0.080120 -0.067169 0.051150
v 0.032838 -0.039879 0.040050
v 0.097326 -0.059289 0.039650
v 0.018170 -0.056749 0.051150
v 0.096660 -0.320529 0.040250
v 0.005459 -0.041769 0.039650
v 0.080251 -0.328829 0.051150
v 0.003216 -0.320589 0.039850
v 0.094890 -0.343569 0.051150
v 0.018170 -0.330329 0.051150
v 0.111721 -0.334299 0.039650
v 0.005209 -0.342589 0.051150
v 0.112085 -0.373619 0.039550
v -0.011640 -0.334299 0.039650
v 0.094890 -0.367749 0.051150
v -0.011987 -0.373619 0.039550
v 0.059482 -0.413599 0.051150
v 0.005209 -0.367749 0.051150
v 0.067663 -0.430279 0.039550
v 0.040617 -0.413599 0.051150
v 0.032436 -0.430279 0.039550
v 0.046222 -0.026199 0.013350
v -0.011985 -0.373619 0.014150
v -0.010364 0.394533 -0.014250
v 0.067663 -0.430279 -0.014150
v 0.020216 0.060309 -0.014150
v 0.032436 -0.430279 -0.039550
v -0.011987 -0.373619 -0.039550
v 0.032838 -0.039879 -0.013650
v 0.005459 -0.041769 -0.039650
v 0.078900 0.382773 0.002550
v 0.078900 -0.345899 0.051150
v 0.078900 -0.379219 0.002550
v 0.021200 -0.345899 0.051150
v 0.050050 -0.395869 0.002550
v 0.032050 -0.249099 0.002550
v 0.078900 -0.345899 -0.051150
v 0.050050 -0.395869 -0.002550
v 0.021200 -0.345899 -0.002550
v 0.032050 0.280041 0.002550
v 0.068049 0.198393 0.051150
v 0.068049 0.198393 0.002550
v 0.068049 0.280041 0.002550
v 0.078900 0.382773 -0.002550
v 0.050050 0.412160 -0.002550
v 0.050050 0.399430 -0.002550
v 0.021200 0.382773 -0.002550
v 0.092898 0.386863 -0.002550
v 0.006032 0.386036 -0.002550
v 0.092944 0.347143 -0.002550
v 0.006032 0.348753 -0.002550
v 0.078900 0.349460 -0.002550
v 0.021200 0.349460 -0.002550
v 0.080028 0.328629 -0.002550
v 0.020070 0.328629 -0.002550
v 0.050050 0.332803 -0.002550
v 0.050050 0.292288 -0.002550
v 0.068049 0.280041 -0.002550
v 0.032050 0.280041 -0.002550
v 0.068049 0.198393 -0.002550
v 0.032050 0.198393 -0.002550
v 0.080028 0.146338 -0.002550
v 0.020070 0.141441 -0.002550
v 0.050050 0.186146 -0.002550
v 0.029861 0.138084 -0.002550
v 0.070028 0.130719 -0.002550
v 0.052671 0.110181 -0.002550
v 0.052671 0.081273 -0.002550
v 0.064022 -0.030049 -0.002550
v 0.038481 0.057916 -0.002550
v 0.070028 -0.048759 -0.002550
v 0.039459 -0.056759 -0.002550
v 0.080120 -0.067169 -0.002550
v 0.050050 -0.114969 -0.002550
v 0.018170 -0.056749 -0.002550
v 0.068049 -0.132459 -0.002550
v 0.032050 -0.132459 -0.002550
v 0.068049 -0.249099 -0.002550
v 0.032050 -0.249099 -0.002550
v 0.080251 -0.328829 -0.002550
v 0.018170 -0.330329 -0.002550
v 0.050050 -0.266599 -0.002550
v 0.050050 -0.329249 -0.002550
v 0.078900 -0.345899 -0.002550
v 0.021200 -0.345899 -0.002550
v 0.094890 -0.343539 -0.002550
v 0.005209 -0.342589 -0.002550
v 0.094890 -0.367749 -0.002550
v 0.005209 -0.367749 -0.002550
v 0.078900 -0.379219 -0.002550
v 0.021200 -0.379219 -0.002550
v 0.059482 -0.413599 -0.002550
v 0.040617 -0.413599 -0.002550
v 0.050050 -0.395869 -0.002550
v 0.020216 0.060309 0.014150
v 0.032838 -0.039879 0.013550
v 0.018170 -0.056749 0.002550
v 0.092898 0.386863 -0.002550
v 0.111325 0.343431 -0.014050
v 0.110461 0.394449 -0.014050
v 0.050050 0.430279 -0.014350
v 0.092944 0.347143 -0.002550
v 0.050050 0.412160 -0.002550
v 0.097093 0.323267 -0.013750
v 0.006032 0.386036 -0.002550
v 0.080028 0.328629 -0.002550
v -0.010364 0.394533 -0.014250
v 0.080028 0.146338 -0.002550
v -0.011248 0.343345 -0.014150
v 0.097356 0.141267 -0.014150
v 0.006032 0.348753 -0.002550
v 0.087163 0.125705 -0.013750
v 0.002997 0.323261 -0.013750
v 0.070028 0.130719 -0.002550
v 0.020070 0.328629 -0.002550
v 0.070028 -0.048759 -0.002550
v 0.020070 0.141441 -0.002550
v 0.087156 -0.043859 -0.013650
v 0.004256 0.130264 -0.014050
v 0.080120 -0.067169 -0.002550
v 0.019570 0.123480 -0.013850
v 0.097326 -0.059289 -0.014150
v 0.029861 0.138084 -0.002550
v 0.096660 -0.320529 -0.013450
v 0.035766 0.104153 -0.013650
v 0.080251 -0.328829 -0.002550
v 0.052671 0.110181 -0.002550
v 0.094890 -0.343539 -0.002550
v 0.052671 0.081273 -0.002550
v 0.111722 -0.334299 -0.014050
v 0.035485 0.086077 -0.013750
v 0.112085 -0.373619 -0.014150
v 0.038481 0.057916 -0.002550
v 0.094890 -0.367749 -0.002550
v 0.020216 0.060309 -0.014150
v 0.059482 -0.413599 -0.002550
v 0.046222 -0.026199 -0.013350
v 0.067663 -0.430279 -0.014150
v 0.064022 -0.030049 -0.002550
v 0.040617 -0.413599 -0.002550
v 0.039459 -0.056759 -0.002550
v 0.032436 -0.430279 -0.014150
v 0.032838 -0.039879 -0.013650
v -0.011985 -0.373619 -0.014150
v 0.018170 -0.056749 -0.002550
v 0.005209 -0.367749 -0.002550
v 0.005459 -0.041769 -0.014050
v 0.005209 -0.342589 -0.002550
v 0.003216 -0.320589 -0.013850
v -0.011640 -0.334299 -0.014050
v 0.018170 -0.330329 -0.002550

vn -0.456693 0.275591 0.850394 
vn -0.519685 -0.15748 0.84252 
vn -0.409449 -0.275591 0.874016 
vn -0.456693 0.275591 -0.850394 
vn -0.519685 -0.15748 -0.84252 
vn -0.409449 -0.275591 -0.874016 
vn -0.866142 0.503937 0 
vn -0.866142 0.503937 0 
vn -0.952756 -0.299213 0 
vn -0.952756 -0.299213 0 
vn -0.952756 -0.307087 0 
vn -0.952756 -0.307087 0 
vn -0.834646 -0.551181 0 
vn -0.834646 -0.551181 0 
vn -0.606299 -0.795276 0 
vn -0.606299 -0.795276 0 
vn -0.944882 -0.330709 0 
vn -0.944882 -0.330709 0 
vn -0.96063 0.267717 0 
vn -0.96063 0.267717 0 
vn -0.992126 0.11811 0 
vn -0.440945 -0.897638 0 
vn -0.992126 0.11811 0 
vn -0.440945 -0.897638 0 
vn -0.968504 0.23622 0 
vn -0.944882 -0.322835 0 
vn -0.968504 0.23622 0 
vn -0.944882 -0.322835 0 
vn -0.425197 0.905512 0 
vn -0.913386 0.409449 0 
vn -0.425197 0.905512 0 
vn -0.913386 0.409449 0 
vn -0.724409 0.685039 0 
vn -0.913386 0.401575 0 
vn -0.724409 0.685039 0 
vn -0.913386 0.401575 0 
vn -0.866142 0.503937 0 
vn -0.866142 0.503937 0 
vn -0.952756 -0.299213 0 
vn -0.952756 -0.299213 0 
vn -0.952756 -0.307087 0 
vn -0.952756 -0.307087 0 
vn -0.834646 -0.551181 0 
vn -0.834646 -0.551181 0 
vn -0.606299 -0.795276 0 
vn -0.606299 -0.795276 0 
vn -0.944882 -0.330709 0 
vn -0.944882 -0.330709 0 
vn -0.96063 0.267717 0 
vn -0.96063 0.267717 0 
vn -0.992126 0.11811 0 
vn -0.440945 -0.897638 0 
vn -0.992126 0.11811 0 
vn -0.440945 -0.897638 0 
vn -0.968504 0.23622 0 
vn -0.944882 -0.322835 0 
vn -0.968504 0.23622 0 
vn -0.944882 -0.322835 0 
vn -0.425197 0.905512 0 
vn -0.913386 0.409449 0 
vn -0.425197 0.905512 0 
vn -0.913386 0.409449 0 
vn -0.724409 0.685039 0 
vn -0.913386 0.401575 0 
vn -0.724409 0.685039 0 
vn -0.913386 0.401575 0 
vn 0 -1 0 
vn -0.866142 -0.496063 0 
vn -0.866142 -0.496063 0 
vn -0.866142 0.496063 0 
vn -0.866142 0.496063 0 
vn -0.866142 -0.496063 0 
vn -0.866142 -0.496063 0 
vn -0.866142 0.496063 0 
vn 0.496063 -0.866142 0 
vn 0.496063 -0.866142 0 
vn -0.866142 0.496063 0 
vn 0 1 0 
vn 0 1 0 
vn 0 -1 0 
vn -0.866142 -0.496063 0 
vn -0.866142 -0.496063 0 
vn -0.866142 0.496063 0 
vn -0.866142 0.496063 0 
vn 0.92126 0.385827 0 
vn 0.92126 -0.385827 0 
vn -0.92126 0.385827 0 
vn -0.92126 0.385827 0 
vn -0.92126 -0.385827 0 
vn -0.92126 -0.385827 0 
vn 0.92126 -0.385827 0 
vn 0.92126 0.385827 0 
vn -0.92126 -0.385827 0 
vn -0.92126 -0.385827 0 
vn -0.92126 0.385827 0 
vn -0.92126 0.385827 0 
vn -0.866142 -0.496063 0 
vn 0.496063 -0.866142 0 
vn 0.496063 -0.866142 0 
vn -0.866142 -0.496063 0 
vn -0.866142 0.496063 0 
vn -0.866142 0.496063 0 
vn 0 1 0 
vn 0 1 0 
vn 0.88189 -0.464567 0 
vn -0.88189 0.464567 0 
vn -0.88189 0.464567 0 
vn -0.88189 -0.464567 0 
vn -0.88189 -0.464567 0 
vn 0.88189 -0.464567 0 
vn -0.88189 -0.464567 0 
vn -0.88189 -0.464567 0 
vn -0.88189 0.464567 0 
vn -0.88189 0.464567 0 
vn -0.456693 0.275591 0.850394 
vn -0.456693 0.259843 0.850394 
vn 0.433071 0.283465 0.858268 
vn 0.448819 0.251969 0.858268 
vn -0.456693 0.275591 -0.850394 
vn -0.456693 0.259843 -0.850394 
vn 0.433071 0.283465 -0.858268 
vn 0.448819 0.251969 -0.858268 
vn 0.866142 0.503937 0 
vn 0.866142 0.503937 0 
vn 0 1 0 
vn 0 1 0 
vn -0.866142 0.503937 0 
vn -0.866142 0.503937 0 
vn 0.913386 0.401575 0 
vn 0.913386 0.401575 0 
vn 0.913386 0.409449 0 
vn 0.913386 0.409449 0 
vn -0.425197 0.905512 0 
vn -0.913386 0.409449 0 
vn -0.425197 0.905512 0 
vn -0.913386 0.409449 0 
vn -0.724409 0.685039 0 
vn -0.913386 0.401575 0 
vn -0.724409 0.685039 0 
vn -0.913386 0.401575 0 
vn 0.866142 0.503937 0 
vn 0.866142 0.503937 0 
vn 0 1 0 
vn 0 1 0 
vn -0.866142 0.503937 0 
vn -0.866142 0.503937 0 
vn 0.913386 0.401575 0 
vn 0.913386 0.401575 0 
vn 0.913386 0.409449 0 
vn 0.913386 0.409449 0 
vn -0.425197 0.905512 0 
vn -0.913386 0.409449 0 
vn -0.425197 0.905512 0 
vn -0.913386 0.409449 0 
vn -0.724409 0.685039 0 
vn -0.913386 0.401575 0 
vn -0.724409 0.685039 0 
vn -0.913386 0.401575 0 
vn 0.866142 -0.496063 0 
vn -0.866142 0.496063 0 
vn 0.866142 -0.496063 0 
vn -0.866142 0.496063 0 
vn 0.866142 0.496063 0 
vn 0 1 0 
vn 0.866142 0.496063 0 
vn 0 1 0 
vn -0.866142 -0.496063 0 
vn -0.866142 0.496063 0 
vn -0.866142 0.496063 0 
vn 0 1 0 
vn 0 1 0 
vn 0.866142 0.496063 0 
vn 0.866142 0.496063 0 
vn 1 0 0 
vn 1 0 0 
vn -0.866142 0.496063 0 
vn -0.866142 0.496063 0 
vn 0.866142 -0.496063 0 
vn 0 1 0 
vn 0.866142 -0.496063 0 
vn 0 1 0 
vn 0.866142 0.496063 0 
vn 0.866142 0.496063 0 
vn 0.92126 0.385827 0 
vn 0.92126 0.385827 0 
vn 0 1 0 
vn 0 1 0 
vn -0.92126 0.385827 0 
vn -0.92126 0.385827 0 
vn 0.92126 0.385827 0 
vn 0.92126 0.385827 0 
vn 0 1 0 
vn 0 1 0 
vn -0.92126 0.385827 0 
vn -0.92126 0.385827 0 
vn -0.866142 -0.496063 0 
vn -0.866142 0.496063 0 
vn -0.866142 0.496063 0 
vn 0 1 0 
vn 0 1 0 
vn 0.866142 0.496063 0 
vn 0.866142 0.496063 0 
vn 1 0 0 
vn 1 0 0 
vn 0.88189 0.464567 0 
vn 0.88189 0.464567 0 
vn 0 1 0 
vn 0 1 0 
vn -0.88189 0.464567 0 
vn -0.88189 0.464567 0 
vn 0.88189 0.464567 0 
vn 0.88189 0.464567 0 
vn 0 1 0 
vn 0 1 0 
vn -0.88189 0.464567 0 
vn -0.88189 0.464567 0 
vn 0 0 -1 
vn 0 0 -1 
vn 0 0 -1 
vn 0 0 -1 
vn 0 0 -1 
vn 0 0 -1 
vn 0 0 -1 
vn 0 0 -1 
vn 0 0 -1 
vn 0 0 -1 
vn 0 0 -1 
vn 0 0 -1 
vn 0 0 -1 
vn 0 0 -1 
vn 0 0 -1 
vn 0 0 -1 
vn 0 0 -1 
vn 0 0 -1 
vn 0 0 -1 
vn 0 0 -1 
vn 0 0 -1 
vn 0 0 -1 
vn 0 0 -1 
vn 0 0 -1 
vn 0 0 -1 
vn 0 0 -1 
vn 0 0 -1 
vn 0 0 -1 
vn 0 0 -1 
vn 0 0 -1 
vn 0 0 -1 
vn 0 0 -1 
vn 0 0 -1 
vn 0 0 -1 
vn 0 0 -1 
vn 0 0 -1 
vn 0 0 -1 
vn 0 0 -1 
vn 0 0 -1 
vn 0 0 -1 
vn 0 0 -1 
vn 0 0 -1 
vn 0 0 -1 
vn 0 0 -1 
vn 0 0 -1 
vn 0 0 -1 
vn 0 0 -1 
vn 0 0 -1 
vn 0 0 -1 
vn 0 0 -1 
vn 0 0 -1 
vn -0.519685 -0.15748 -0.84252 
vn -0.456693 0.275591 -0.850394 
vn -0.519685 -0.15748 -0.84252 
vn -0.456693 0.259843 -0.850394 
vn -0.519685 -0.15748 -0.84252 
vn 0 0.543307 -0.84252 
vn -0.519685 -0.15748 -0.84252 
vn 0 0.543307 -0.84252 
vn -0.409449 -0.275591 -0.874016 
vn 0.433071 0.283465 -0.858268 
vn -0.409449 -0.275591 -0.874016 
vn 0.448819 0.251969 -0.858268 
vn -0.322835 -0.433071 -0.84252 
vn 0.503937 -0.141732 -0.850394 
vn -0.322835 -0.433071 -0.84252 
vn 0.503937 -0.165354 -0.850394 
vn -0.496063 -0.173228 -0.850394 
vn 0.511811 -0.15748 -0.84252 
vn -0.496063 -0.173228 -0.850394 
vn 0.511811 -0.15748 -0.84252 
vn -0.519685 0.141732 -0.84252 
vn 0.511811 -0.149606 -0.84252 
vn -0.519685 0.141732 -0.84252 
vn 0.511811 -0.149606 -0.84252 
vn -0.519685 0.0629921 -0.850394 
vn 0.511811 -0.149606 -0.850394 
vn -0.519685 0.0629921 -0.850394 
vn 0.511811 -0.149606 -0.850394 
vn -0.496063 0.11811 -0.858268 
vn 0.503937 0.133858 -0.850394 
vn -0.496063 0.11811 -0.858268 
vn 0.503937 0.133858 -0.850394 
vn -0.220472 0.488189 -0.84252 
vn 0.519685 0.125984 -0.850394 
vn -0.228346 0.480315 -0.84252 
vn 0.503937 0.141732 -0.850394 
vn -0.370079 0.307087 -0.874016 
vn 0.472441 0.188976 -0.858268 
vn -0.330709 0.338583 -0.88189 
vn 0.472441 0.19685 -0.858268 
vn -0.527559 0.188976 -0.826772 
vn 0.480315 0.181102 -0.858268 
vn -0.503937 0.228346 -0.834646 
vn 0.472441 0.19685 -0.858268 
vn -0.480315 0.19685 -0.850394 
vn 0.511811 -0.173228 -0.84252 
vn -0.480315 0.204724 -0.850394 
vn 0.511811 -0.173228 -0.84252 
vn -0.511811 -0.173228 -0.84252 
vn 0.228346 -0.472441 -0.850394 
vn -0.511811 -0.173228 -0.84252 
vn 0.228346 -0.472441 -0.850394 
vn -0.228346 -0.472441 -0.850394 
vn -0.228346 -0.472441 -0.850394 
vn 0.440945 -0.897638 0 
vn -0.992126 0.11811 0 
vn -0.440945 -0.897638 0 
vn -0.968504 0.23622 0 
vn -0.944882 -0.322835 0 
vn -0.944882 -0.322835 0 
vn -0.425197 0.905512 0 
vn -0.724409 0.685039 0 
vn -0.866142 0.503937 0 
vn -0.866142 -0.496063 0 
vn -0.866142 -0.496063 0 
vn -0.866142 0.496063 0 
vn 0 1 0 
vn 1 0 0 
vn 0.92126 0.385827 0 
vn 0.496063 -0.866142 0 
vn -0.866142 -0.496063 0 
vn 0 1 0 
vn 0.88189 -0.464567 0 
vn -0.88189 0.464567 0 
vn -0.88189 0.464567 0 
vn -0.88189 -0.464567 0 
vn 0 0 -1 
vn 0 0 -1 
vn 0 0 -1 
vn 0 0 -1 
vn 0 0 -1 
vn 0 0 -1 
vn 0 0 -1 
vn 0 0 -1 
vn 0 0 -1 
vn 0 0 -1 
vn 0 0 -1 
vn 0 0 -1 
vn 0 0 -1 
vn 0 0 -1 
vn 0 0 -1 
vn 0 0 -1 
vn 0 0 -1 
vn 0 0 -1 
vn 0 0 -1 
vn 0 0 -1 
vn 0 0 -1 
vn 0 0 -1 
vn 0 0 -1 
vn 0 0 -1 
vn 0 0 -1 
vn 0 0 -1 
vn 0 0 -1 
vn 0 0 -1 
vn 0 0 -1 
vn 0 0 -1 
vn 0 0 -1 
vn 0 0 -1 
vn 0 0 -1 
vn 0 0 -1 
vn 0 0 -1 
vn 0 0 -1 
vn 0 0 -1 
vn 0 0 -1 
vn 0 0 -1 
vn 0 0 -1 
vn 0 0 -1 
vn 0 0 -1 
vn 0 0 -1 
vn 0 0 -1 
vn 0 0 -1 
vn 0 0 -1 
vn 0 0 -1 
vn 0 0 -1 
vn 0 0 -1 
vn 0 0 -1 
vn 0 0 -1 
vn 0.503937 -0.141732 -0.850394 
vn 0.433071 0.283465 -0.858268 
vn 0.448819 0.251969 -0.858268 
vn 0 0.543307 -0.84252 
vn 0.503937 -0.165354 -0.850394 
vn 0 0.543307 -0.84252 
vn 0.511811 -0.15748 -0.84252 
vn -0.456693 0.275591 -0.850394 
vn 0.511811 -0.15748 -0.84252 
vn -0.456693 0.259843 -0.850394 
vn 0.511811 -0.149606 -0.84252 
vn -0.519685 -0.15748 -0.84252 
vn 0.511811 -0.149606 -0.84252 
vn -0.519685 -0.15748 -0.84252 
vn 0.511811 -0.149606 -0.850394 
vn -0.519685 -0.15748 -0.84252 
vn 0.511811 -0.149606 -0.850394 
vn -0.519685 -0.15748 -0.84252 
vn 0.503937 0.133858 -0.850394 
vn -0.409449 -0.275591 -0.874016 
vn 0.503937 0.133858 -0.850394 
vn -0.409449 -0.275591 -0.874016 
vn 0.519685 0.125984 -0.850394 
vn -0.322835 -0.433071 -0.84252 
vn 0.503937 0.141732 -0.850394 
vn -0.322835 -0.433071 -0.84252 
vn 0.472441 0.188976 -0.858268 
vn -0.496063 -0.173228 -0.850394 
vn 0.472441 0.19685 -0.858268 
vn -0.496063 -0.173228 -0.850394 
vn 0.480315 0.181102 -0.858268 
vn -0.519685 0.141732 -0.84252 
vn 0.472441 0.19685 -0.858268 
vn -0.519685 0.141732 -0.84252 
vn 0.511811 -0.173228 -0.84252 
vn -0.519685 0.0629921 -0.850394 
vn 0.511811 -0.173228 -0.84252 
vn -0.519685 0.0629921 -0.850394 
vn 0.228346 -0.472441 -0.850394 
vn -0.496063 0.11811 -0.858268 
vn 0.228346 -0.472441 -0.850394 
vn -0.496063 0.11811 -0.858268 
vn -0.228346 -0.472441 -0.850394 
vn -0.220472 0.488189 -0.84252 
vn -0.228346 -0.472441 -0.850394 
vn -0.228346 0.480315 -0.84252 
vn -0.511811 -0.173228 -0.84252 
vn -0.370079 0.307087 -0.874016 
vn -0.511811 -0.173228 -0.84252 
vn -0.330709 0.338583 -0.88189 
vn -0.480315 0.19685 -0.850394 
vn -0.527559 0.188976 -0.826772 
vn -0.480315 0.204724 -0.850394 
vn -0.503937 0.228346 -0.834646 
vn 0.952756 -0.299213 0 
vn 0.866142 0.503937 0 
vn 0.952756 -0.299213 0 
vn 0.952756 -0.299213 0 
vn 0.866142 0.503937 0 
vn 0.952756 -0.299213 0 
vn 0.96063 -0.283465 0 
vn 0.96063 -0.283465 0 
vn 0.96063 -0.283465 0 
vn 0.96063 -0.283465 0 
vn 0.96063 0.283465 0 
vn 0.96063 0.283465 0 
vn 0.96063 0.291339 0 
vn 0.96063 0.291339 0 
vn 0.913386 0.401575 0 
vn 0.913386 0.401575 0 
vn 0.913386 0.409449 0 
vn 0.913386 0.409449 0 
vn 0.944882 -0.322835 0 
vn 0.944882 -0.322835 0 
vn 0.440945 -0.897638 0 
vn 0.440945 -0.897638 0 
vn 0.866142 0.503937 0 
vn 0.952756 -0.299213 0 
vn 0.952756 -0.299213 0 
vn 0.952756 -0.299213 0 
vn 0.866142 0.503937 0 
vn 0.952756 -0.299213 0 
vn 0.96063 -0.283465 0 
vn 0.96063 -0.283465 0 
vn 0.96063 -0.283465 0 
vn 0.96063 -0.283465 0 
vn 0.96063 0.283465 0 
vn 0.96063 0.283465 0 
vn 0.96063 0.291339 0 
vn 0.96063 0.291339 0 
vn 0.913386 0.401575 0 
vn 0.913386 0.401575 0 
vn 0.913386 0.409449 0 
vn 0.913386 0.409449 0 
vn 0.944882 -0.322835 0 
vn 0.944882 -0.322835 0 
vn 0.440945 -0.897638 0 
vn 0.440945 -0.897638 0 
vn 0.866142 -0.496063 0 
vn 0.866142 -0.496063 0 
vn 0.866142 0.496063 0 
vn 0.866142 0.496063 0 
vn 0 1 0 
vn 0 1 0 
vn 0.866142 0.496063 0 
vn 0.866142 0.496063 0 
vn 1 0 0 
vn 1 0 0 
vn 0.866142 -0.496063 0 
vn 0.866142 -0.496063 0 
vn 0.866142 0.496063 0 
vn 0.866142 0.496063 0 
vn 0.92126 0.385827 0 
vn 0.92126 -0.385827 0 
vn 0.92126 0.385827 0 
vn 0.92126 -0.385827 0 
vn -0.92126 0.385827 0 
vn -0.92126 -0.385827 0 
vn 0.92126 0.385827 0 
vn 0.92126 -0.385827 0 
vn 0.92126 -0.385827 0 
vn 0.92126 0.385827 0 
vn -0.92126 0.385827 0 
vn 0 1 0 
vn 0 1 0 
vn 0.866142 0.496063 0 
vn 0.866142 0.496063 0 
vn 1 0 0 
vn 1 0 0 
vn 0.88189 0.464567 0 
vn 0.88189 0.464567 0 
vn 0.88189 -0.464567 0 
vn 0.88189 -0.464567 0 
vn 0.88189 0.464567 0 
vn 0.88189 -0.464567 0 
vn 0.88189 -0.464567 0 
vn 0.88189 0.464567 0 
vn 0.511811 -0.173228 0.84252 
vn 0.228346 -0.472441 0.850394 
vn -0.228346 -0.472441 0.850394 
vn 0.511811 -0.173228 -0.84252 
vn 0.511811 -0.173228 -0.84252 
vn -0.511811 -0.173228 -0.84252 
vn 0.228346 -0.472441 -0.850394 
vn -0.511811 -0.173228 -0.84252 
vn -0.228346 -0.472441 -0.850394 
vn -0.834646 -0.551181 0 
vn -0.834646 -0.551181 0 
vn -0.606299 -0.795276 0 
vn -0.606299 -0.795276 0 
vn 0.944882 -0.322835 0 
vn 0.440945 -0.897638 0 
vn 0.440945 -0.897638 0 
vn -0.440945 -0.897638 0 
vn -0.440945 -0.897638 0 
vn -0.944882 -0.322835 0 
vn -0.944882 -0.322835 0 
vn -0.834646 -0.551181 0 
vn -0.834646 -0.551181 0 
vn -0.606299 -0.795276 0 
vn -0.606299 -0.795276 0 
vn 0.944882 -0.322835 0 
vn 0.440945 -0.897638 0 
vn 0.440945 -0.897638 0 
vn -0.440945 -0.897638 0 
vn -0.440945 -0.897638 0 
vn -0.944882 -0.322835 0 
vn -0.944882 -0.322835 0 
vn 0 -1 0 
vn 0 -1 0 
vn -0.866142 -0.496063 0 
vn -0.866142 -0.496063 0 
vn 0.866142 -0.496063 0 
vn 0.866142 -0.496063 0 
vn -0.866142 0.496063 0 
vn 0 -1 0 
vn -0.866142 -0.496063 0 
vn -0.866142 -0.496063 0 
vn 0 -1 0 
vn 0.496063 -0.866142 0 
vn 0.496063 -0.866142 0 
vn 0 -1 0 
vn -0.866142 -0.496063 0 
vn -0.866142 -0.496063 0 
vn 0 -1 0 
vn -0.866142 0.496063 0 
vn 0.866142 -0.496063 0 
vn 0.866142 -0.496063 0 
vn 0.92126 -0.385827 0 
vn 0.92126 -0.385827 0 
vn 0 -1 0 
vn 0 -1 0 
vn -0.92126 -0.385827 0 
vn -0.92126 -0.385827 0 
vn 0.92126 -0.385827 0 
vn 0.92126 -0.385827 0 
vn 0 -1 0 
vn 0 -1 0 
vn -0.92126 -0.385827 0 
vn -0.92126 -0.385827 0 
vn 0 -1 0 
vn 0 -1 0 
vn -0.866142 -0.496063 0 
vn 0.496063 -0.866142 0 
vn 0.496063 -0.866142 0 
vn -0.866142 -0.496063 0 
vn 0.88189 -0.464567 0 
vn 0.88189 -0.464567 0 
vn 0 -1 0 
vn 0 -1 0 
vn -0.88189 -0.464567 0 
vn -0.88189 -0.464567 0 
vn 0.88189 -0.464567 0 
vn 0.88189 -0.464567 0 
vn 0 -1 0 
vn 0 -1 0 
vn -0.88189 -0.464567 0 
vn -0.88189 -0.464567 0 
vn 0 0 1 
vn 0 0 1 
vn 0 0 1 
vn 0 0 1 
vn 0 0 1 
vn 0 0 1 
vn 0 0 1 
vn 0 0 1 
vn 0 0 1 
vn 0 0 1 
vn 0 0 1 
vn 0 0 1 
vn 0 0 1 
vn 0 0 1 
vn 0 0 1 
vn 0 0 1 
vn 0 0 1 
vn 0 0 1 
vn 0 0 1 
vn 0 0 1 
vn 0 0 1 
vn 0 0 1 
vn 0 0 1 
vn 0 0 1 
vn 0 0 1 
vn 0 0 1 
vn 0 0 1 
vn 0 0 1 
vn 0 0 1 
vn 0 0 1 
vn 0 0 1 
vn 0 0 1 
vn 0 0 1 
vn 0 0 1 
vn 0 0 1 
vn 0 0 1 
vn 0 0 1 
vn 0 0 1 
vn 0 0 1 
vn 0 0 1 
vn 0 0 1 
vn 0 0 1 
vn 0 0 1 
vn 0 0 1 
vn 0 0 1 
vn 0 0 1 
vn 0 0 1 
vn 0 0 1 
vn 0 0 1 
vn 0 0 1 
vn 0 0 1 
vn -0.456693 0.275591 0.850394 
vn -0.519685 -0.15748 0.84252 
vn -0.519685 -0.15748 0.84252 
vn -0.456693 0.259843 0.850394 
vn -0.519685 -0.15748 0.84252 
vn 0 0.543307 0.84252 
vn -0.519685 -0.15748 0.84252 
vn 0 0.543307 0.84252 
vn -0.409449 -0.275591 0.874016 
vn 0.433071 0.283465 0.858268 
vn -0.409449 -0.275591 0.874016 
vn 0.448819 0.251969 0.858268 
vn -0.322835 -0.433071 0.84252 
vn 0.503937 -0.141732 0.850394 
vn -0.322835 -0.433071 0.84252 
vn 0.503937 -0.165354 0.850394 
vn -0.496063 -0.173228 0.850394 
vn 0.511811 -0.15748 0.84252 
vn -0.496063 -0.173228 0.850394 
vn 0.511811 -0.15748 0.84252 
vn -0.519685 0.141732 0.84252 
vn 0.511811 -0.149606 0.84252 
vn -0.519685 0.141732 0.84252 
vn 0.511811 -0.149606 0.84252 
vn -0.519685 0.0629921 0.850394 
vn 0.511811 -0.149606 0.850394 
vn -0.519685 0.0629921 0.850394 
vn 0.511811 -0.149606 0.850394 
vn -0.496063 0.11811 0.858268 
vn 0.503937 0.133858 0.850394 
vn -0.496063 0.11811 0.858268 
vn 0.503937 0.133858 0.850394 
vn -0.220472 0.488189 0.84252 
vn 0.519685 0.125984 0.850394 
vn -0.228346 0.480315 0.84252 
vn 0.503937 0.141732 0.850394 
vn -0.370079 0.307087 0.874016 
vn 0.472441 0.188976 0.858268 
vn -0.330709 0.338583 0.88189 
vn 0.472441 0.19685 0.858268 
vn -0.527559 0.188976 0.826772 
vn 0.480315 0.181102 0.858268 
vn -0.503937 0.228346 0.834646 
vn 0.472441 0.19685 0.858268 
vn -0.480315 0.19685 0.850394 
vn 0.511811 -0.173228 0.84252 
vn -0.480315 0.204724 0.850394 
vn 0.511811 -0.173228 0.84252 
vn -0.511811 -0.173228 0.84252 
vn 0.228346 -0.472441 0.850394 
vn -0.511811 -0.173228 0.84252 
vn 0.228346 -0.472441 0.850394 
vn -0.228346 -0.472441 0.850394 
vn -0.228346 -0.472441 0.850394 
vn -0.968504 0.23622 0 
vn -0.944882 -0.322835 0 
vn -0.866142 0.503937 0 
vn 0.440945 -0.897638 0 
vn -0.992126 0.11811 0 
vn -0.440945 -0.897638 0 
vn -0.944882 -0.322835 0 
vn -0.425197 0.905512 0 
vn -0.724409 0.685039 0 
vn -0.866142 -0.496063 0 
vn -0.866142 -0.496063 0 
vn -0.866142 0.496063 0 
vn 0.496063 -0.866142 0 
vn 0 1 0 
vn 0.92126 0.385827 0 
vn -0.866142 -0.496063 0 
vn 0 1 0 
vn 1 0 0 
vn 0.88189 -0.464567 0 
vn -0.88189 0.464567 0 
vn -0.88189 0.464567 0 
vn -0.88189 -0.464567 0 
vn 0 0 1 
vn 0 0 1 
vn 0 0 1 
vn 0 0 1 
vn 0 0 1 
vn 0 0 1 
vn 0 0 1 
vn 0 0 1 
vn 0 0 1 
vn 0 0 1 
vn 0 0 1 
vn 0 0 1 
vn 0 0 1 
vn 0 0 1 
vn 0 0 1 
vn 0 0 1 
vn 0 0 1 
vn 0 0 1 
vn 0 0 1 
vn 0 0 1 
vn 0 0 1 
vn 0 0 1 
vn 0 0 1 
vn 0 0 1 
vn 0 0 1 
vn 0 0 1 
vn 0 0 1 
vn 0 0 1 
vn 0 0 1 
vn 0 0 1 
vn 0 0 1 
vn 0 0 1 
vn 0 0 1 
vn 0 0 1 
vn 0 0 1 
vn 0 0 1 
vn 0 0 1 
vn 0 0 1 
vn 0 0 1 
vn 0 0 1 
vn 0 0 1 
vn 0 0 1 
vn 0 0 1 
vn 0 0 1 
vn 0 0 1 
vn 0 0 1 
vn 0 0 1 
vn 0 0 1 
vn 0 0 1 
vn 0 0 1 
vn 0 0 1 
vn -0.519685 0.0629921 -0.850394 
vn -0.228346 0.480315 -0.84252 
vn -0.370079 0.307087 -0.874016 
vn 0.433071 0.283465 0.858268 
vn 0.503937 -0.141732 0.850394 
vn 0.448819 0.251969 0.858268 
vn 0 0.543307 0.84252 
vn 0.503937 -0.165354 0.850394 
vn 0 0.543307 0.84252 
vn 0.511811 -0.15748 0.84252 
vn -0.456693 0.275591 0.850394 
vn 0.511811 -0.15748 0.84252 
vn -0.456693 0.259843 0.850394 
vn 0.511811 -0.149606 0.84252 
vn -0.519685 -0.15748 0.84252 
vn 0.511811 -0.149606 0.84252 
vn -0.519685 -0.15748 0.84252 
vn 0.511811 -0.149606 0.850394 
vn -0.519685 -0.15748 0.84252 
vn 0.511811 -0.149606 0.850394 
vn -0.519685 -0.15748 0.84252 
vn 0.503937 0.133858 0.850394 
vn -0.409449 -0.275591 0.874016 
vn 0.503937 0.133858 0.850394 
vn -0.409449 -0.275591 0.874016 
vn 0.519685 0.125984 0.850394 
vn -0.322835 -0.433071 0.84252 
vn 0.503937 0.141732 0.850394 
vn -0.322835 -0.433071 0.84252 
vn 0.472441 0.188976 0.858268 
vn -0.496063 -0.173228 0.850394 
vn 0.472441 0.19685 0.858268 
vn -0.496063 -0.173228 0.850394 
vn 0.480315 0.181102 0.858268 
vn -0.519685 0.141732 0.84252 
vn 0.472441 0.19685 0.858268 
vn -0.519685 0.141732 0.84252 
vn 0.511811 -0.173228 0.84252 
vn -0.519685 0.0629921 0.850394 
vn 0.511811 -0.173228 0.84252 
vn -0.519685 0.0629921 0.850394 
vn 0.228346 -0.472441 0.850394 
vn -0.496063 0.11811 0.858268 
vn 0.228346 -0.472441 0.850394 
vn -0.496063 0.11811 0.858268 
vn -0.228346 -0.472441 0.850394 
vn -0.220472 0.488189 0.84252 
vn -0.228346 -0.472441 0.850394 
vn -0.228346 0.480315 0.84252 
vn -0.511811 -0.173228 0.84252 
vn -0.370079 0.307087 0.874016 
vn -0.511811 -0.173228 0.84252 
vn -0.330709 0.338583 0.88189 
vn -0.480315 0.19685 0.850394 
vn -0.527559 0.188976 0.826772 
vn -0.480315 0.204724 0.850394 
vn -0.503937 0.228346 0.834646 

vt -0.305018 0.572468 
vt -0.307811 0.556774 
vt -0.305018 0.511319 
vt -0.330593 0.572468 
vt -0.3278 0.556774 
vt -0.330593 0.511319 
vt -0.314258 0.574592 
vt -0.307925 0.574592 
vt -0.307918 0.561795 
vt -0.314265 0.561795 
vt -0.314372 0.556774 
vt -0.307811 0.556774 
vt -0.314298 0.508525 
vt -0.307885 0.508525 
vt -0.307825 0.506829 
vt -0.314358 0.506829 
vt -0.307789 0.501997 
vt -0.314394 0.501997 
vt -0.314362 0.497478 
vt -0.307821 0.497478 
vt -0.307913 0.491036 
vt -0.314272 0.368389 
vt -0.31427 0.491036 
vt -0.307911 0.368389 
vt -0.314462 0.469409 
vt -0.307918 0.382554 
vt -0.307721 0.469409 
vt -0.314265 0.382554 
vt -0.314407 0.465988 
vt -0.31429 0.392384 
vt -0.307776 0.465988 
vt -0.307893 0.392384 
vt -0.307888 0.465515 
vt -0.307834 0.39581 
vt -0.314295 0.465515 
vt -0.314349 0.39581 
vt -0.321353 0.574592 
vt -0.327686 0.574592 
vt -0.327693 0.561795 
vt -0.321346 0.561795 
vt -0.321239 0.556774 
vt -0.3278 0.556774 
vt -0.321313 0.508525 
vt -0.327726 0.508525 
vt -0.327786 0.506829 
vt -0.321253 0.506829 
vt -0.327822 0.501997 
vt -0.321217 0.501997 
vt -0.321249 0.497478 
vt -0.32779 0.497478 
vt -0.327698 0.491036 
vt -0.321339 0.368389 
vt -0.321341 0.491036 
vt -0.3277 0.368389 
vt -0.321149 0.469409 
vt -0.327693 0.382554 
vt -0.327891 0.469409 
vt -0.321346 0.382554 
vt -0.321205 0.465988 
vt -0.321322 0.392384 
vt -0.327835 0.465988 
vt -0.327718 0.392384 
vt -0.327723 0.465515 
vt -0.327777 0.39581 
vt -0.321316 0.465515 
vt -0.321263 0.39581 
vt -0.317165 0.575816 
vt -0.305018 0.571652 
vt -0.317165 0.571652 
vt -0.317165 0.563323 
vt -0.305018 0.563323 
vt -0.317165 0.389483 
vt -0.305018 0.389483 
vt -0.317165 0.381155 
vt -0.305018 0.389483 
vt -0.317165 0.389483 
vt -0.305018 0.381155 
vt -0.317165 0.37699 
vt -0.305018 0.37699 
vt -0.318446 0.575816 
vt -0.330593 0.571652 
vt -0.318446 0.571652 
vt -0.318446 0.563323 
vt -0.330593 0.563323 
vt -0.305018 0.413683 
vt -0.317165 0.442843 
vt -0.305018 0.413683 
vt -0.317165 0.413683 
vt -0.305018 0.442843 
vt -0.317165 0.442843 
vt -0.318446 0.442843 
vt -0.330593 0.413683 
vt -0.330593 0.442843 
vt -0.318446 0.442843 
vt -0.330593 0.413683 
vt -0.318446 0.413683 
vt -0.318446 0.389483 
vt -0.330593 0.389483 
vt -0.318446 0.389483 
vt -0.330593 0.389483 
vt -0.318446 0.381155 
vt -0.330593 0.381155 
vt -0.318446 0.37699 
vt -0.330593 0.37699 
vt -0.305018 0.545969 
vt -0.305018 0.525557 
vt -0.317165 0.525557 
vt -0.305018 0.545969 
vt -0.317165 0.545969 
vt -0.330593 0.545969 
vt -0.330593 0.545969 
vt -0.318446 0.545969 
vt -0.330593 0.525557 
vt -0.318446 0.525557 
vt -0.32881 0.463171 
vt -0.332909 0.466078 
vt -0.307093 0.463171 
vt -0.302703 0.466045 
vt -0.32881 0.488746 
vt -0.332909 0.485839 
vt -0.307093 0.488746 
vt -0.302703 0.485872 
vt -0.302703 0.472444 
vt -0.302703 0.466045 
vt -0.317805 0.472388 
vt -0.317805 0.466101 
vt -0.332909 0.472411 
vt -0.332909 0.466078 
vt -0.306153 0.472605 
vt -0.306153 0.465885 
vt -0.302388 0.466036 
vt -0.302387 0.472454 
vt -0.322108 0.47256 
vt -0.333228 0.472443 
vt -0.322108 0.46593 
vt -0.333228 0.466047 
vt -0.328953 0.466041 
vt -0.329514 0.465988 
vt -0.328953 0.472448 
vt -0.329514 0.472502 
vt -0.302703 0.479474 
vt -0.302703 0.485872 
vt -0.317805 0.47953 
vt -0.317805 0.485816 
vt -0.332909 0.479506 
vt -0.332909 0.485839 
vt -0.306153 0.479313 
vt -0.306153 0.486033 
vt -0.302388 0.485882 
vt -0.302387 0.479464 
vt -0.322108 0.479358 
vt -0.333228 0.479475 
vt -0.322108 0.485988 
vt -0.333228 0.485871 
vt -0.328953 0.485876 
vt -0.329514 0.48593 
vt -0.328953 0.479469 
vt -0.329514 0.479416 
vt -0.325018 0.475318 
vt -0.310593 0.475318 
vt -0.325018 0.463171 
vt -0.310593 0.463171 
vt -0.325018 0.475318 
vt -0.317805 0.475318 
vt -0.325018 0.463171 
vt -0.317805 0.463171 
vt -0.310593 0.463171 
vt -0.310593 0.475318 
vt -0.310593 0.463171 
vt -0.317805 0.475318 
vt -0.317805 0.463171 
vt -0.325018 0.475318 
vt -0.325018 0.463171 
vt -0.325018 0.475318 
vt -0.325018 0.463171 
vt -0.310593 0.4766 
vt -0.310593 0.488746 
vt -0.325018 0.4766 
vt -0.317805 0.4766 
vt -0.325018 0.488746 
vt -0.317805 0.488746 
vt -0.325018 0.4766 
vt -0.325018 0.488746 
vt -0.322305 0.475318 
vt -0.322305 0.463171 
vt -0.317805 0.463171 
vt -0.317805 0.475318 
vt -0.313305 0.463171 
vt -0.313305 0.475318 
vt -0.322305 0.4766 
vt -0.322305 0.488746 
vt -0.317805 0.488746 
vt -0.317805 0.4766 
vt -0.313305 0.488746 
vt -0.313305 0.4766 
vt -0.310593 0.488746 
vt -0.310593 0.4766 
vt -0.310593 0.488746 
vt -0.317805 0.4766 
vt -0.317805 0.488746 
vt -0.325018 0.4766 
vt -0.325018 0.488746 
vt -0.325018 0.4766 
vt -0.325018 0.488746 
vt -0.322305 0.463171 
vt -0.322305 0.475318 
vt -0.317805 0.463171 
vt -0.317805 0.475318 
vt -0.313305 0.463171 
vt -0.313305 0.475318 
vt -0.322305 0.4766 
vt -0.322305 0.488746 
vt -0.317805 0.488746 
vt -0.317805 0.4766 
vt -0.313305 0.488746 
vt -0.313305 0.4766 
vt -0.328529 0.562744 
vt -0.325018 0.571652 
vt -0.328518 0.572674 
vt -0.317806 0.578999 
vt -0.325018 0.563323 
vt -0.317806 0.575816 
vt -0.310593 0.571652 
vt -0.306801 0.572468 
vt -0.306801 0.563147 
vt -0.310593 0.563323 
vt -0.3253 0.558116 
vt -0.310311 0.558116 
vt -0.317806 0.559159 
vt -0.317806 0.549031 
vt -0.322306 0.545969 
vt -0.313306 0.545969 
vt -0.322306 0.525557 
vt -0.313306 0.525557 
vt -0.3253 0.512543 
vt -0.310311 0.511319 
vt -0.317806 0.522495 
vt -0.312758 0.51048 
vt -0.3228 0.508638 
vt -0.318461 0.503504 
vt -0.318461 0.496277 
vt -0.321299 0.468446 
vt -0.314913 0.490438 
vt -0.3228 0.463768 
vt -0.315158 0.46177 
vt -0.325323 0.459167 
vt -0.317806 0.447217 
vt -0.309836 0.461773 
vt -0.322306 0.442843 
vt -0.313306 0.442843 
vt -0.322306 0.413683 
vt -0.313306 0.413683 
vt -0.325356 0.393752 
vt -0.309836 0.393378 
vt -0.317806 0.409309 
vt -0.317806 0.393647 
vt -0.310593 0.389483 
vt -0.306595 0.390311 
vt -0.325018 0.389483 
vt -0.306595 0.384021 
vt -0.329016 0.390066 
vt -0.310593 0.381155 
vt -0.329016 0.384021 
vt -0.315447 0.372559 
vt -0.325018 0.381155 
vt -0.317806 0.37699 
vt -0.320164 0.372559 
vt -0.302481 0.561795 
vt -0.306801 0.572468 
vt -0.306801 0.563147 
vt -0.302702 0.574592 
vt -0.306043 0.556774 
vt -0.317806 0.583528 
vt -0.310311 0.558116 
vt -0.317806 0.578999 
vt -0.310311 0.511319 
vt -0.328518 0.572674 
vt -0.306357 0.508525 
vt -0.332908 0.574571 
vt -0.310185 0.506829 
vt -0.333124 0.561816 
vt -0.312758 0.51048 
vt -0.328529 0.562744 
vt -0.314235 0.501997 
vt -0.329566 0.556775 
vt -0.318461 0.503504 
vt -0.3253 0.558116 
vt -0.318461 0.496277 
vt -0.3253 0.512543 
vt -0.314164 0.497478 
vt -0.329632 0.511275 
vt -0.314913 0.490438 
vt -0.327084 0.507385 
vt -0.310347 0.491036 
vt -0.3228 0.508638 
vt -0.316849 0.469409 
vt -0.3228 0.463768 
vt -0.321299 0.468446 
vt -0.327082 0.464995 
vt -0.315158 0.46177 
vt -0.325323 0.459167 
vt -0.313503 0.465988 
vt -0.329625 0.461137 
vt -0.309836 0.461773 
vt -0.329458 0.395827 
vt -0.306658 0.465515 
vt -0.325356 0.393752 
vt -0.306097 0.39581 
vt -0.329016 0.390066 
vt -0.309836 0.393378 
vt -0.333223 0.392385 
vt -0.306595 0.390311 
vt -0.333314 0.382554 
vt -0.302383 0.392384 
vt -0.329016 0.384021 
vt -0.302297 0.382554 
vt -0.320164 0.372559 
vt -0.306595 0.384021 
vt -0.322209 0.368389 
vt -0.315447 0.372559 
vt -0.313402 0.368389 
vt -0.322209 0.368389 
vt -0.310347 0.491036 
vt -0.313402 0.368389 
vt -0.316849 0.469409 
vt -0.302297 0.382554 
vt -0.302297 0.382554 
vt -0.313503 0.465988 
vt -0.306658 0.465515 
vt -0.302702 0.574592 
vt -0.325018 0.571652 
vt -0.325018 0.389483 
vt -0.325018 0.381155 
vt -0.317806 0.37699 
vt -0.310593 0.389483 
vt -0.313306 0.413683 
vt -0.310593 0.389483 
vt -0.325018 0.389483 
vt -0.317806 0.37699 
vt -0.313306 0.545969 
vt -0.322306 0.525557 
vt -0.322306 0.525557 
vt -0.322306 0.545969 
vt -0.317806 0.578999 
vt -0.325018 0.571652 
vt -0.317806 0.575816 
vt -0.310593 0.571652 
vt -0.328518 0.572674 
vt -0.306801 0.572468 
vt -0.328529 0.562744 
vt -0.306801 0.563147 
vt -0.325018 0.563323 
vt -0.310593 0.563323 
vt -0.3253 0.558116 
vt -0.310311 0.558116 
vt -0.317806 0.559159 
vt -0.317806 0.549031 
vt -0.322306 0.545969 
vt -0.313306 0.545969 
vt -0.322306 0.525557 
vt -0.313306 0.525557 
vt -0.3253 0.512543 
vt -0.310311 0.511319 
vt -0.317806 0.522495 
vt -0.312758 0.51048 
vt -0.3228 0.508638 
vt -0.318461 0.503504 
vt -0.318461 0.496277 
vt -0.321299 0.468446 
vt -0.314913 0.490438 
vt -0.3228 0.463768 
vt -0.315158 0.46177 
vt -0.325323 0.459167 
vt -0.317806 0.447217 
vt -0.309836 0.461773 
vt -0.322306 0.442843 
vt -0.313306 0.442843 
vt -0.322306 0.413683 
vt -0.313306 0.413683 
vt -0.325356 0.393752 
vt -0.309836 0.393378 
vt -0.317806 0.409309 
vt -0.317806 0.393647 
vt -0.325018 0.389483 
vt -0.310593 0.389483 
vt -0.329016 0.390074 
vt -0.306595 0.390311 
vt -0.329016 0.384021 
vt -0.306595 0.384021 
vt -0.325018 0.381155 
vt -0.310593 0.381155 
vt -0.320164 0.372559 
vt -0.315447 0.372559 
vt -0.317806 0.37699 
vt -0.333124 0.561816 
vt -0.328518 0.572674 
vt -0.332908 0.574571 
vt -0.317806 0.583528 
vt -0.328529 0.562744 
vt -0.317806 0.578999 
vt -0.329566 0.556775 
vt -0.306801 0.572468 
vt -0.3253 0.558116 
vt -0.302702 0.574592 
vt -0.3253 0.512543 
vt -0.302481 0.561795 
vt -0.329632 0.511275 
vt -0.306801 0.563147 
vt -0.327084 0.507385 
vt -0.306043 0.556774 
vt -0.3228 0.508638 
vt -0.310311 0.558116 
vt -0.3228 0.463768 
vt -0.310311 0.511319 
vt -0.327082 0.464995 
vt -0.306357 0.508525 
vt -0.325323 0.459167 
vt -0.310186 0.506829 
vt -0.329625 0.461137 
vt -0.312758 0.51048 
vt -0.329458 0.395827 
vt -0.314235 0.501997 
vt -0.325356 0.393752 
vt -0.318461 0.503504 
vt -0.329016 0.390074 
vt -0.318461 0.496277 
vt -0.333224 0.392385 
vt -0.314164 0.497478 
vt -0.333314 0.382554 
vt -0.314913 0.490438 
vt -0.329016 0.384021 
vt -0.310347 0.491036 
vt -0.320164 0.372559 
vt -0.316849 0.469409 
vt -0.322209 0.368389 
vt -0.321299 0.468446 
vt -0.315447 0.372559 
vt -0.315158 0.46177 
vt -0.313402 0.368389 
vt -0.313503 0.465988 
vt -0.302297 0.382554 
vt -0.309836 0.461773 
vt -0.306595 0.384021 
vt -0.306658 0.465515 
vt -0.306595 0.390311 
vt -0.306097 0.39581 
vt -0.302383 0.392384 
vt -0.309836 0.393378 
vt -0.321312 0.561816 
vt -0.32132 0.574571 
vt -0.327727 0.561816 
vt -0.321235 0.556775 
vt -0.327719 0.574571 
vt -0.327805 0.556775 
vt -0.321343 0.511275 
vt -0.327696 0.511275 
vt -0.327799 0.507385 
vt -0.321241 0.507385 
vt -0.321218 0.464995 
vt -0.327821 0.464995 
vt -0.321327 0.461137 
vt -0.327712 0.461137 
vt -0.32116 0.395827 
vt -0.32788 0.395827 
vt -0.327729 0.392385 
vt -0.321311 0.392385 
vt -0.327693 0.382554 
vt -0.321346 0.382554 
vt -0.321339 0.368389 
vt -0.3277 0.368389 
vt -0.314291 0.574571 
vt -0.314299 0.561816 
vt -0.307884 0.561816 
vt -0.314376 0.556775 
vt -0.307892 0.574571 
vt -0.307807 0.556775 
vt -0.314268 0.511275 
vt -0.307915 0.511275 
vt -0.307813 0.507385 
vt -0.314371 0.507385 
vt -0.314393 0.464995 
vt -0.30779 0.464995 
vt -0.314284 0.461137 
vt -0.307899 0.461137 
vt -0.314451 0.395827 
vt -0.307731 0.395827 
vt -0.307883 0.392385 
vt -0.3143 0.392385 
vt -0.307918 0.382554 
vt -0.314265 0.382554 
vt -0.314272 0.368389 
vt -0.307911 0.368389 
vt -0.318446 0.571652 
vt -0.330593 0.571652 
vt -0.318446 0.563323 
vt -0.330593 0.563323 
vt -0.318446 0.37699 
vt -0.330593 0.37699 
vt -0.318446 0.381155 
vt -0.330593 0.381155 
vt -0.318446 0.389483 
vt -0.330593 0.389483 
vt -0.317165 0.571652 
vt -0.305018 0.571652 
vt -0.317165 0.563323 
vt -0.305018 0.563323 
vt -0.318446 0.413683 
vt -0.330593 0.442843 
vt -0.330593 0.413683 
vt -0.318446 0.442843 
vt -0.318446 0.413683 
vt -0.330593 0.442843 
vt -0.317165 0.413683 
vt -0.305018 0.442843 
vt -0.317165 0.442843 
vt -0.305018 0.413683 
vt -0.317165 0.413683 
vt -0.317165 0.37699 
vt -0.305018 0.37699 
vt -0.317165 0.381155 
vt -0.305018 0.381155 
vt -0.317165 0.389483 
vt -0.305018 0.389483 
vt -0.330593 0.525557 
vt -0.318446 0.525557 
vt -0.330593 0.545969 
vt -0.318446 0.545969 
vt -0.317165 0.525557 
vt -0.305018 0.545969 
vt -0.317165 0.545969 
vt -0.305018 0.525557 
vt -0.333314 0.466071 
vt -0.320164 0.463171 
vt -0.313402 0.466064 
vt -0.333314 0.485846 
vt -0.329016 0.488746 
vt -0.302297 0.485846 
vt -0.320164 0.488746 
vt -0.306595 0.488746 
vt -0.313402 0.485853 
vt -0.306357 0.472451 
vt -0.306357 0.466038 
vt -0.310185 0.465978 
vt -0.310186 0.472511 
vt -0.333314 0.466071 
vt -0.322209 0.472426 
vt -0.322209 0.466064 
vt -0.313402 0.472426 
vt -0.313402 0.466064 
vt -0.302297 0.466071 
vt -0.302297 0.472418 
vt -0.306357 0.479466 
vt -0.306357 0.48588 
vt -0.310185 0.48594 
vt -0.310186 0.479406 
vt -0.333314 0.485846 
vt -0.322209 0.479492 
vt -0.322209 0.485853 
vt -0.313402 0.479492 
vt -0.313402 0.485853 
vt -0.302297 0.485846 
vt -0.302297 0.479499 
vt -0.317806 0.463171 
vt -0.317806 0.475318 
vt -0.325018 0.463171 
vt -0.325018 0.475318 
vt -0.310593 0.475318 
vt -0.310593 0.463171 
vt -0.325018 0.463171 
vt -0.317806 0.463171 
vt -0.325018 0.475318 
vt -0.325018 0.463171 
vt -0.317806 0.475318 
vt -0.310593 0.463171 
vt -0.310593 0.475318 
vt -0.317806 0.4766 
vt -0.325018 0.488746 
vt -0.325018 0.4766 
vt -0.317806 0.488746 
vt -0.325018 0.488746 
vt -0.310593 0.4766 
vt -0.310593 0.488746 
vt -0.313306 0.463171 
vt -0.313306 0.475318 
vt -0.317806 0.463171 
vt -0.317806 0.475318 
vt -0.322306 0.463171 
vt -0.322306 0.475318 
vt -0.313306 0.488746 
vt -0.313306 0.4766 
vt -0.317806 0.488746 
vt -0.317806 0.4766 
vt -0.322306 0.488746 
vt -0.322306 0.4766 
vt -0.317806 0.4766 
vt -0.317806 0.488746 
vt -0.325018 0.4766 
vt -0.310593 0.488746 
vt -0.310593 0.4766 
vt -0.325018 0.488746 
vt -0.313306 0.463171 
vt -0.313306 0.475318 
vt -0.317806 0.463171 
vt -0.317806 0.475318 
vt -0.322306 0.463171 
vt -0.322306 0.475318 
vt -0.313306 0.488746 
vt -0.313306 0.4766 
vt -0.317806 0.488746 
vt -0.317806 0.4766 
vt -0.322306 0.488746 
vt -0.322306 0.4766 
vt -0.310593 0.571652 
vt -0.307082 0.562744 
vt -0.307093 0.572674 
vt -0.317805 0.578999 
vt -0.310593 0.563323 
vt -0.317805 0.575816 
vt -0.325018 0.571652 
vt -0.32881 0.572468 
vt -0.32881 0.563147 
vt -0.325018 0.563323 
vt -0.310311 0.558116 
vt -0.3253 0.558116 
vt -0.317805 0.559159 
vt -0.317805 0.549031 
vt -0.313305 0.545969 
vt -0.322305 0.545969 
vt -0.313305 0.525557 
vt -0.322305 0.525557 
vt -0.310311 0.512543 
vt -0.3253 0.511319 
vt -0.317805 0.522495 
vt -0.322853 0.51048 
vt -0.312811 0.508638 
vt -0.31715 0.503504 
vt -0.31715 0.496277 
vt -0.314312 0.468446 
vt -0.320698 0.490438 
vt -0.312811 0.463768 
vt -0.320453 0.46177 
vt -0.310288 0.459167 
vt -0.317805 0.447217 
vt -0.325775 0.461773 
vt -0.313305 0.442843 
vt -0.322305 0.442843 
vt -0.313305 0.413683 
vt -0.322305 0.413683 
vt -0.310255 0.393752 
vt -0.325775 0.393378 
vt -0.317805 0.409309 
vt -0.317805 0.393647 
vt -0.325018 0.389483 
vt -0.310593 0.389483 
vt -0.329016 0.390311 
vt -0.306595 0.390066 
vt -0.329016 0.384021 
vt -0.306595 0.384021 
vt -0.325018 0.381155 
vt -0.310593 0.381155 
vt -0.320164 0.372559 
vt -0.315447 0.372559 
vt -0.317805 0.37699 
vt -0.32881 0.572468 
vt -0.33313 0.561795 
vt -0.32881 0.563147 
vt -0.332909 0.574592 
vt -0.329568 0.556774 
vt -0.317805 0.583528 
vt -0.3253 0.558116 
vt -0.317805 0.578999 
vt -0.3253 0.511319 
vt -0.307093 0.572674 
vt -0.329254 0.508525 
vt -0.302703 0.574571 
vt -0.325426 0.506829 
vt -0.302487 0.561816 
vt -0.322853 0.51048 
vt -0.307082 0.562744 
vt -0.321376 0.501997 
vt -0.306045 0.556775 
vt -0.31715 0.503504 
vt -0.310311 0.558116 
vt -0.31715 0.496277 
vt -0.310311 0.512543 
vt -0.321447 0.497478 
vt -0.305979 0.511275 
vt -0.320698 0.490438 
vt -0.308527 0.507385 
vt -0.325264 0.491036 
vt -0.312811 0.508638 
vt -0.318762 0.469409 
vt -0.312811 0.463768 
vt -0.314312 0.468446 
vt -0.308529 0.464995 
vt -0.320453 0.46177 
vt -0.310288 0.459167 
vt -0.322108 0.465988 
vt -0.305986 0.461137 
vt -0.325775 0.461773 
vt -0.306153 0.395827 
vt -0.328953 0.465515 
vt -0.310255 0.393752 
vt -0.329514 0.39581 
vt -0.306595 0.390066 
vt -0.325775 0.393378 
vt -0.302388 0.392385 
vt -0.329016 0.390311 
vt -0.302297 0.382554 
vt -0.333228 0.392384 
vt -0.306595 0.384021 
vt -0.333314 0.382554 
vt -0.315447 0.372559 
vt -0.329016 0.384021 
vt -0.313402 0.368389 
vt -0.320164 0.372559 
vt -0.322209 0.368389 
vt -0.318762 0.469409 
vt -0.333314 0.382554 
vt -0.332909 0.574592 
vt -0.313402 0.368389 
vt -0.325264 0.491036 
vt -0.322209 0.368389 
vt -0.333314 0.382554 
vt -0.322108 0.465988 
vt -0.328953 0.465515 
vt -0.310593 0.571652 
vt -0.310593 0.389483 
vt -0.310593 0.381155 
vt -0.325018 0.389483 
vt -0.317805 0.37699 
vt -0.322305 0.413683 
vt -0.310593 0.389483 
vt -0.317805 0.37699 
vt -0.325018 0.389483 
vt -0.322305 0.545969 
vt -0.313305 0.525557 
vt -0.313305 0.525557 
vt -0.313305 0.545969 
vt -0.310593 0.571652 
vt -0.317805 0.578999 
vt -0.317805 0.575816 
vt -0.325018 0.571652 
vt -0.307093 0.572674 
vt -0.32881 0.572468 
vt -0.307082 0.562744 
vt -0.32881 0.563147 
vt -0.310593 0.563323 
vt -0.325018 0.563323 
vt -0.310311 0.558116 
vt -0.3253 0.558116 
vt -0.317805 0.559159 
vt -0.317805 0.549031 
vt -0.313305 0.545969 
vt -0.322305 0.545969 
vt -0.313305 0.525557 
vt -0.322305 0.525557 
vt -0.310311 0.512543 
vt -0.3253 0.511319 
vt -0.317805 0.522495 
vt -0.322853 0.51048 
vt -0.312811 0.508638 
vt -0.31715 0.503504 
vt -0.31715 0.496277 
vt -0.314312 0.468446 
vt -0.320698 0.490438 
vt -0.312811 0.463768 
vt -0.320453 0.46177 
vt -0.310288 0.459167 
vt -0.317805 0.447217 
vt -0.325775 0.461773 
vt -0.313305 0.442843 
vt -0.322305 0.442843 
vt -0.313305 0.413683 
vt -0.322305 0.413683 
vt -0.310255 0.393752 
vt -0.325775 0.393378 
vt -0.317805 0.409309 
vt -0.317805 0.393647 
vt -0.310593 0.389483 
vt -0.325018 0.389483 
vt -0.306595 0.390074 
vt -0.329016 0.390311 
vt -0.306595 0.384021 
vt -0.329016 0.384021 
vt -0.310593 0.381155 
vt -0.325018 0.381155 
vt -0.315447 0.372559 
vt -0.320164 0.372559 
vt -0.317805 0.37699 
vt -0.325264 0.491036 
vt -0.322108 0.465988 
vt -0.325775 0.461773 
vt -0.307093 0.572674 
vt -0.302487 0.561816 
vt -0.302703 0.574571 
vt -0.317805 0.583528 
vt -0.307082 0.562744 
vt -0.317805 0.578999 
vt -0.306045 0.556775 
vt -0.32881 0.572468 
vt -0.310311 0.558116 
vt -0.332909 0.574592 
vt -0.310311 0.512543 
vt -0.33313 0.561795 
vt -0.305979 0.511275 
vt -0.32881 0.563147 
vt -0.308527 0.507385 
vt -0.329568 0.556774 
vt -0.312811 0.508638 
vt -0.3253 0.558116 
vt -0.312811 0.463768 
vt -0.3253 0.511319 
vt -0.308529 0.464995 
vt -0.329254 0.508525 
vt -0.310288 0.459167 
vt -0.325425 0.506829 
vt -0.305986 0.461137 
vt -0.322853 0.51048 
vt -0.306153 0.395827 
vt -0.321376 0.501997 
vt -0.310255 0.393752 
vt -0.31715 0.503504 
vt -0.306595 0.390074 
vt -0.31715 0.496277 
vt -0.302387 0.392385 
vt -0.321447 0.497478 
vt -0.302297 0.382554 
vt -0.320698 0.490438 
vt -0.306595 0.384021 
vt -0.325264 0.491036 
vt -0.315447 0.372559 
vt -0.318762 0.469409 
vt -0.313402 0.368389 
vt -0.314312 0.468446 
vt -0.320164 0.372559 
vt -0.320453 0.46177 
vt -0.322209 0.368389 
vt -0.322108 0.465988 
vt -0.333314 0.382554 
vt -0.325775 0.461773 
vt -0.329016 0.384021 
vt -0.328953 0.465515 
vt -0.329016 0.390311 
vt -0.329514 0.39581 
vt -0.333228 0.392384 
vt -0.325775 0.393378 

usemtl Meshpart1Mtl

f 7/7/7 9/9/9 8/8/8 
f 9/9/9 7/7/7 10/10/10 
f 11/11/11 9/9/9 10/10/10 
f 9/9/9 11/11/11 12/12/12 
f 13/13/13 12/12/12 11/11/11 
f 12/12/12 13/13/13 14/14/14 
f 16/16/16 17/17/17 15/15/15 
f 17/17/17 16/16/16 18/18/18 
f 17/17/17 18/18/18 19/19/19 
f 20/20/20 17/17/17 19/19/19 
f 19/19/19 21/21/21 20/20/20 
f 21/21/21 19/19/19 23/23/23 
f 23/23/23 25/25/25 21/21/21 
f 24/24/24 26/26/26 22/22/22 
f 27/27/27 21/21/21 25/25/25 
f 28/28/28 22/22/22 26/26/26 
f 29/29/29 27/27/27 25/25/25 
f 26/26/26 30/30/30 28/28/28 
f 27/27/27 29/29/29 31/31/31 
f 30/30/30 26/26/26 32/32/32 
f 36/36/36 33/33/33 35/35/35 
f 33/33/33 36/36/36 34/34/34 
f 39/39/39 37/37/37 38/38/38 
f 37/37/37 39/39/39 40/40/40 
f 39/39/39 41/41/41 40/40/40 
f 41/41/41 39/39/39 42/42/42 
f 42/42/42 43/43/43 41/41/41 
f 43/43/43 42/42/42 44/44/44 
f 47/47/47 46/46/46 45/45/45 
f 46/46/46 47/47/47 48/48/48 
f 49/49/49 48/48/48 47/47/47 
f 49/49/49 47/47/47 50/50/50 
f 51/51/51 49/49/49 50/50/50 
f 49/49/49 51/51/51 53/53/53 
f 55/55/55 53/53/53 51/51/51 
f 52/52/52 56/56/56 54/54/54 
f 55/55/55 51/51/51 57/57/57 
f 52/52/52 58/58/58 56/56/56 
f 55/55/55 57/57/57 59/59/59 
f 60/60/60 56/56/56 58/58/58 
f 59/59/59 57/57/57 61/61/61 
f 56/56/56 60/60/60 62/62/62 
f 66/66/66 63/63/63 64/64/64 
f 63/63/63 66/66/66 65/65/65 
f 68/68/68 69/69/69 70/70/70 
f 71/71/71 68/68/68 70/70/70 
f 73/73/73 72/72/72 74/74/74 
f 77/77/77 73/73/73 74/74/74 
f 83/83/83 82/82/82 81/81/81 
f 83/83/83 81/81/81 84/84/84 
f 89/89/89 88/88/88 87/87/87 
f 88/88/88 89/89/89 90/90/90 
f 96/96/96 94/94/94 93/93/93 
f 96/96/96 93/93/93 95/95/95 
f 101/101/101 97/97/97 100/100/100 
f 101/101/101 100/100/100 102/102/102 
f 108/108/108 107/107/107 106/106/106 
f 107/107/107 108/108/108 109/109/109 
f 111/111/111 114/114/114 112/112/112 
f 114/114/114 111/111/111 113/113/113 
f 125/125/125 124/124/124 123/123/123 
f 124/124/124 125/125/125 126/126/126 
f 127/127/127 126/126/126 125/125/125 
f 126/126/126 127/127/127 128/128/128 
f 131/131/131 129/129/129 130/130/130 
f 129/129/129 131/131/131 132/132/132 
f 133/133/133 137/137/137 135/135/135 
f 136/136/136 138/138/138 134/134/134 
f 137/137/137 133/133/133 139/139/139 
f 138/138/138 140/140/140 134/134/134 
f 142/142/142 143/143/143 141/141/141 
f 143/143/143 142/142/142 144/144/144 
f 144/144/144 145/145/145 143/143/143 
f 145/145/145 144/144/144 146/146/146 
f 147/147/147 149/149/149 148/148/148 
f 149/149/149 147/147/147 150/150/150 
f 155/155/155 151/151/151 153/153/153 
f 152/152/152 156/156/156 154/154/154 
f 151/151/151 155/155/155 157/157/157 
f 158/158/158 156/156/156 152/152/152 
f 164/164/164 162/162/162 160/160/160 
f 162/162/162 164/164/164 166/166/166 
f 166/166/166 163/163/163 165/165/165 
f 163/163/163 166/166/166 164/164/164 
f 170/170/170 169/169/169 168/168/168 
f 169/169/169 170/170/170 171/171/171 
f 172/172/172 171/171/171 170/170/170 
f 171/171/171 172/172/172 173/173/173 
f 177/177/177 179/179/179 176/176/176 
f 179/179/179 177/177/177 181/181/181 
f 181/181/181 182/182/182 179/179/179 
f 182/182/182 181/181/181 183/183/183 
f 186/186/186 184/184/184 185/185/185 
f 184/184/184 186/186/186 187/187/187 
f 188/188/188 187/187/187 186/186/186 
f 187/187/187 188/188/188 189/189/189 
f 190/190/190 192/192/192 191/191/191 
f 193/193/193 192/192/192 190/190/190 
f 193/193/193 194/194/194 192/192/192 
f 195/195/195 194/194/194 193/193/193 
f 198/198/198 199/199/199 197/197/197 
f 199/199/199 198/198/198 200/200/200 
f 200/200/200 201/201/201 199/199/199 
f 201/201/201 200/200/200 202/202/202 
f 207/207/207 206/206/206 205/205/205 
f 206/206/206 207/207/207 208/208/208 
f 209/209/209 208/208/208 207/207/207 
f 208/208/208 209/209/209 210/210/210 
f 211/211/211 213/213/213 212/212/212 
f 214/214/214 213/213/213 211/211/211 
f 214/214/214 215/215/215 213/213/213 
f 216/216/216 215/215/215 214/214/214 
f 217/217/217 218/218/218 219/219/219 
f 220/220/220 219/219/219 218/218/218 
f 218/218/218 217/217/217 221/221/221 
f 220/220/220 218/218/218 222/222/222 
f 223/223/223 220/220/220 222/222/222 
f 220/220/220 223/223/223 224/224/224 
f 223/223/223 225/225/225 224/224/224 
f 225/225/225 223/223/223 226/226/226 
f 227/227/227 221/221/221 217/217/217 
f 225/225/225 226/226/226 228/228/228 
f 221/221/221 227/227/227 229/229/229 
f 229/229/229 228/228/228 226/226/226 
f 227/227/227 230/230/230 229/229/229 
f 230/230/230 228/228/228 229/229/229 
f 230/230/230 227/227/227 231/231/231 
f 228/228/228 230/230/230 232/232/232 
f 227/227/227 233/233/233 231/231/231 
f 234/234/234 228/228/228 232/232/232 
f 227/227/227 235/235/235 233/233/233 
f 228/228/228 234/234/234 236/236/236 
f 237/237/237 236/236/236 234/234/234 
f 235/235/235 237/237/237 233/233/233 
f 236/236/236 237/237/237 238/238/238 
f 235/235/235 238/238/238 237/237/237 
f 238/238/238 235/235/235 239/239/239 
f 238/238/238 239/239/239 240/240/240 
f 241/241/241 240/240/240 239/239/239 
f 239/239/239 242/242/242 241/241/241 
f 242/242/242 243/243/243 241/241/241 
f 242/242/242 239/239/239 244/244/244 
f 244/244/244 245/245/245 242/242/242 
f 244/244/244 246/246/246 245/245/245 
f 247/247/247 245/245/245 246/246/246 
f 245/245/245 247/247/247 248/248/248 
f 247/247/247 246/246/246 249/249/249 
f 247/247/247 250/250/250 248/248/248 
f 246/246/246 251/251/251 249/249/249 
f 252/252/252 248/248/248 250/250/250 
f 251/251/251 246/246/246 253/253/253 
f 254/254/254 248/248/248 252/252/252 
f 255/255/255 254/254/254 252/252/252 
f 251/251/251 256/256/256 255/255/255 
f 254/254/254 255/255/255 256/256/256 
f 256/256/256 251/251/251 253/253/253 
f 256/256/256 257/257/257 254/254/254 
f 254/254/254 257/257/257 258/258/258 
f 256/256/256 253/253/253 259/259/259 
f 257/257/257 260/260/260 258/258/258 
f 253/253/253 261/261/261 259/259/259 
f 257/257/257 262/262/262 260/260/260 
f 263/263/263 259/259/259 261/261/261 
f 264/264/264 260/260/260 262/262/262 
f 259/259/259 263/263/263 265/265/265 
f 266/266/266 264/264/264 262/262/262 
f 263/263/263 267/267/267 265/265/265 
f 264/264/264 266/266/266 267/267/267 
f 266/266/266 265/265/265 267/267/267 
f 268/268/268 269/269/269 270/270/270 
f 269/269/269 268/268/268 271/271/271 
f 270/270/270 272/272/272 268/268/268 
f 273/273/273 269/269/269 271/271/271 
f 272/272/272 270/270/270 274/274/274 
f 275/275/275 269/269/269 273/273/273 
f 276/276/276 272/272/272 274/274/274 
f 273/273/273 277/277/277 275/275/275 
f 278/278/278 272/272/272 276/276/276 
f 277/277/277 273/273/273 279/279/279 
f 276/276/276 280/280/280 278/278/278 
f 279/279/279 281/281/281 277/277/277 
f 280/280/280 276/276/276 282/282/282 
f 277/277/277 281/281/281 283/283/283 
f 282/282/282 284/284/284 280/280/280 
f 285/285/285 283/283/283 281/281/281 
f 284/284/284 282/282/282 286/286/286 
f 283/283/283 285/285/285 287/287/287 
f 288/288/288 284/284/284 286/286/286 
f 285/285/285 289/289/289 287/287/287 
f 284/284/284 288/288/288 290/290/290 
f 289/289/289 285/285/285 291/291/291 
f 292/292/292 290/290/290 288/288/288 
f 289/289/289 291/291/291 293/293/293 
f 290/290/290 292/292/292 294/294/294 
f 295/295/295 289/289/289 293/293/293 
f 292/292/292 296/296/296 294/294/294 
f 293/293/293 297/297/297 295/295/295 
f 296/296/296 292/292/292 298/298/298 
f 297/297/297 293/293/293 299/299/299 
f 300/300/300 296/296/296 298/298/298 
f 299/299/299 301/301/301 297/297/297 
f 296/296/296 300/300/300 302/302/302 
f 301/301/301 299/299/299 303/303/303 
f 300/300/300 304/304/304 302/302/302 
f 303/303/303 305/305/305 301/301/301 
f 304/304/304 306/306/306 302/302/302 
f 307/307/307 301/301/301 305/305/305 
f 304/304/304 308/308/308 306/306/306 
f 305/305/305 309/309/309 307/307/307 
f 308/308/308 304/304/304 310/310/310 
f 309/309/309 305/305/305 311/311/311 
f 308/308/308 310/310/310 312/312/312 
f 313/313/313 309/309/309 311/311/311 
f 314/314/314 308/308/308 312/312/312 
f 313/313/313 315/315/315 309/309/309 
f 312/312/312 316/316/316 314/314/314 
f 313/313/313 317/317/317 315/315/315 
f 316/316/316 312/312/312 318/318/318 
f 317/317/317 313/313/313 319/319/319 
f 320/320/320 316/316/316 318/318/318 
f 319/319/319 320/320/320 317/317/317 
f 316/316/316 320/320/320 321/321/321 
f 320/320/320 319/319/319 321/321/321 
f 344/344/344 345/345/345 346/346/346 
f 347/347/347 344/344/344 346/346/346 
f 345/345/345 344/344/344 348/348/348 
f 344/344/344 347/347/347 349/349/349 
f 350/350/350 345/345/345 348/348/348 
f 347/347/347 351/351/351 349/349/349 
f 345/345/345 350/350/350 352/352/352 
f 353/353/353 351/351/351 347/347/347 
f 352/352/352 350/350/350 354/354/354 
f 351/351/351 353/353/353 355/355/355 
f 354/354/354 356/356/356 352/352/352 
f 355/355/355 353/353/353 356/356/356 
f 356/356/356 354/354/354 357/357/357 
f 356/356/356 357/357/357 355/355/355 
f 357/357/357 354/354/354 358/358/358 
f 355/355/355 357/357/357 359/359/359 
f 354/354/354 360/360/360 358/358/358 
f 361/361/361 355/355/355 359/359/359 
f 360/360/360 354/354/354 362/362/362 
f 355/355/355 361/361/361 363/363/363 
f 364/364/364 363/363/363 361/361/361 
f 362/362/362 364/364/364 360/360/360 
f 363/363/363 364/364/364 365/365/365 
f 365/365/365 364/364/364 362/362/362 
f 365/365/365 362/362/362 366/366/366 
f 365/365/365 366/366/366 367/367/367 
f 366/366/366 368/368/368 367/367/367 
f 366/366/366 369/369/369 368/368/368 
f 369/369/369 370/370/370 368/368/368 
f 369/369/369 366/366/366 371/371/371 
f 371/371/371 372/372/372 369/369/369 
f 373/373/373 372/372/372 371/371/371 
f 372/372/372 373/373/373 374/374/374 
f 374/374/374 375/375/375 372/372/372 
f 374/374/374 373/373/373 376/376/376 
f 375/375/375 374/374/374 377/377/377 
f 378/378/378 376/376/376 373/373/373 
f 379/379/379 375/375/375 377/377/377 
f 373/373/373 380/380/380 378/378/378 
f 375/375/375 379/379/379 381/381/381 
f 380/380/380 382/382/382 378/378/378 
f 382/382/382 381/381/381 379/379/379 
f 382/382/382 380/380/380 383/383/383 
f 381/381/381 382/382/382 383/383/383 
f 383/383/383 380/380/380 384/384/384 
f 381/381/381 383/383/383 385/385/385 
f 380/380/380 386/386/386 384/384/384 
f 385/385/385 387/387/387 381/381/381 
f 388/388/388 384/384/384 386/386/386 
f 385/385/385 389/389/389 387/387/387 
f 390/390/390 384/384/384 388/388/388 
f 389/389/389 385/385/385 391/391/391 
f 388/388/388 392/392/392 390/390/390 
f 393/393/393 389/389/389 391/391/391 
f 392/392/392 394/394/394 390/390/390 
f 394/394/394 393/393/393 391/391/391 
f 393/393/393 394/394/394 392/392/392 
f 395/395/395 396/396/396 397/397/397 
f 398/398/398 397/397/397 396/396/396 
f 396/396/396 395/395/395 399/399/399 
f 398/398/398 396/396/396 400/400/400 
f 401/401/401 399/399/399 395/395/395 
f 402/402/402 398/398/398 400/400/400 
f 399/399/399 401/401/401 403/403/403 
f 398/398/398 402/402/402 404/404/404 
f 405/405/405 403/403/403 401/401/401 
f 406/406/406 404/404/404 402/402/402 
f 405/405/405 401/401/401 407/407/407 
f 402/402/402 408/408/408 406/406/406 
f 409/409/409 405/405/405 407/407/407 
f 410/410/410 406/406/406 408/408/408 
f 405/405/405 409/409/409 411/411/411 
f 408/408/408 412/412/412 410/410/410 
f 409/409/409 413/413/413 411/411/411 
f 414/414/414 410/410/410 412/412/412 
f 413/413/413 409/409/409 415/415/415 
f 410/410/410 414/414/414 416/416/416 
f 417/417/417 413/413/413 415/415/415 
f 416/416/416 414/414/414 418/418/418 
f 415/415/415 419/419/419 417/417/417 
f 414/414/414 420/420/420 418/418/418 
f 421/421/421 417/417/417 419/419/419 
f 420/420/420 422/422/422 418/418/418 
f 417/417/417 421/421/421 423/423/423 
f 420/420/420 424/424/424 422/422/422 
f 421/421/421 425/425/425 423/423/423 
f 426/426/426 422/422/422 424/424/424 
f 427/427/427 425/425/425 421/421/421 
f 422/422/422 426/426/426 428/428/428 
f 429/429/429 425/425/425 427/427/427 
f 430/430/430 428/428/428 426/426/426 
f 425/425/425 429/429/429 431/431/431 
f 428/428/428 430/430/430 432/432/432 
f 433/433/433 431/431/431 429/429/429 
f 430/430/430 434/434/434 432/432/432 
f 429/429/429 435/435/435 433/433/433 
f 434/434/434 430/430/430 436/436/436 
f 435/435/435 437/437/437 433/433/433 
f 438/438/438 434/434/434 436/436/436 
f 435/435/435 439/439/439 437/437/437 
f 434/434/434 438/438/438 440/440/440 
f 441/441/441 437/437/437 439/439/439 
f 442/442/442 440/440/440 438/438/438 
f 437/437/437 441/441/441 443/443/443 
f 440/440/440 442/442/442 444/444/444 
f 441/441/441 445/445/445 443/443/443 
f 446/446/446 444/444/444 442/442/442 
f 441/441/441 447/447/447 445/445/445 
f 446/446/446 445/445/445 447/447/447 
f 445/445/445 446/446/446 448/448/448 
f 442/442/442 448/448/448 446/446/446 
f 449/449/449 450/450/450 451/451/451 
f 451/451/451 452/452/452 449/449/449 
f 453/453/453 451/451/451 450/450/450 
f 452/452/452 451/451/451 454/454/454 
f 454/454/454 455/455/455 452/452/452 
f 454/454/454 456/456/456 455/455/455 
f 457/457/457 455/455/455 456/456/456 
f 455/455/455 457/457/457 458/458/458 
f 457/457/457 459/459/459 458/458/458 
f 457/457/457 460/460/460 459/459/459 
f 460/460/460 461/461/461 459/459/459 
f 460/460/460 462/462/462 461/461/461 
f 462/462/462 463/463/463 461/461/461 
f 462/462/462 464/464/464 463/463/463 
f 467/467/467 466/466/466 465/465/465 
f 466/466/466 467/467/467 468/468/468 
f 467/467/467 469/469/469 468/468/468 
f 469/469/469 467/467/467 470/470/470 
f 471/471/471 472/472/472 473/473/473 
f 474/474/474 473/473/473 472/472/472 
f 471/471/471 473/473/473 475/475/475 
f 473/473/473 474/474/474 476/476/476 
f 474/474/474 477/477/477 476/476/476 
f 478/478/478 476/476/476 477/477/477 
f 477/477/477 479/479/479 478/478/478 
f 479/479/479 477/477/477 480/480/480 
f 480/480/480 481/481/481 479/479/479 
f 482/482/482 479/479/479 481/481/481 
f 481/481/481 483/483/483 482/482/482 
f 483/483/483 484/484/484 482/482/482 
f 483/483/483 485/485/485 484/484/484 
f 486/486/486 484/484/484 485/485/485 
f 488/488/488 489/489/489 487/487/487 
f 489/489/489 488/488/488 490/490/490 
f 491/491/491 489/489/489 490/490/490 
f 489/489/489 491/491/491 492/492/492 
f 494/494/494 495/495/495 493/493/493 
f 496/496/496 495/495/495 494/494/494 
f 501/501/501 500/500/500 499/499/499 
f 500/500/500 501/501/501 502/502/502 
f 505/505/505 504/504/504 503/503/503 
f 504/504/504 505/505/505 506/506/506 
f 507/507/507 508/508/508 509/509/509 
f 508/508/508 507/507/507 510/510/510 
f 513/513/513 514/514/514 515/515/515 
f 514/514/514 513/513/513 516/516/516 
f 520/520/520 521/521/521 522/522/522 
f 522/522/522 521/521/521 523/523/523 
f 524/524/524 525/525/525 526/526/526 
f 526/526/526 525/525/525 527/527/527 
f 528/528/528 529/529/529 530/530/530 
f 529/529/529 528/528/528 531/531/531 
f 543/543/543 542/542/542 541/541/541 
f 543/543/543 541/541/541 544/544/544 
f 547/547/547 548/548/548 546/546/546 
f 547/547/547 549/549/549 548/548/548 
f 552/552/552 553/553/553 554/554/554 
f 555/555/555 552/552/552 554/554/554 
f 557/557/557 559/559/559 558/558/558 
f 559/559/559 560/560/560 558/558/558 
f 563/563/563 564/564/564 565/565/565 
f 565/565/565 564/564/564 566/566/566 
f 563/563/563 567/567/567 564/564/564 
f 568/568/568 567/567/567 563/563/563 
f 570/570/570 571/571/571 572/572/572 
f 571/571/571 570/570/570 573/573/573 
f 570/570/570 574/574/574 573/573/573 
f 574/574/574 575/575/575 573/573/573 
f 576/576/576 577/577/577 578/578/578 
f 577/577/577 576/576/576 579/579/579 
f 581/581/581 579/579/579 576/576/576 
f 579/579/579 581/581/581 582/582/582 
f 583/583/583 584/584/584 585/585/585 
f 585/585/585 584/584/584 586/586/586 
f 585/585/585 586/586/586 587/587/587 
f 587/587/587 586/586/586 588/588/588 
f 591/591/591 590/590/590 589/589/589 
f 590/590/590 591/591/591 592/592/592 
f 593/593/593 592/592/592 591/591/591 
f 592/592/592 593/593/593 594/594/594 
f 595/595/595 596/596/596 597/597/597 
f 595/595/595 598/598/598 596/596/596 
f 595/595/595 599/599/599 598/598/598 
f 597/597/597 596/596/596 600/600/600 
f 601/601/601 602/602/602 603/603/603 
f 603/603/603 602/602/602 604/604/604 
f 603/603/603 604/604/604 605/605/605 
f 605/605/605 604/604/604 606/606/606 
f 609/609/609 608/608/608 607/607/607 
f 608/608/608 609/609/609 610/610/610 
f 611/611/611 610/610/610 609/609/609 
f 610/610/610 611/611/611 612/612/612 
f 613/613/613 614/614/614 615/615/615 
f 615/615/615 616/616/616 613/613/613 
f 614/614/614 613/613/613 617/617/617 
f 613/613/613 616/616/616 618/618/618 
f 616/616/616 619/619/619 618/618/618 
f 619/619/619 616/616/616 620/620/620 
f 621/621/621 619/619/619 620/620/620 
f 619/619/619 621/621/621 622/622/622 
f 623/623/623 614/614/614 617/617/617 
f 622/622/622 621/621/621 624/624/624 
f 625/625/625 623/623/623 617/617/617 
f 622/622/622 624/624/624 625/625/625 
f 626/626/626 623/623/623 625/625/625 
f 626/626/626 625/625/625 624/624/624 
f 623/623/623 626/626/626 627/627/627 
f 626/626/626 624/624/624 628/628/628 
f 629/629/629 623/623/623 627/627/627 
f 624/624/624 630/630/630 628/628/628 
f 623/623/623 629/629/629 631/631/631 
f 630/630/630 624/624/624 632/632/632 
f 632/632/632 633/633/633 630/630/630 
f 633/633/633 631/631/631 629/629/629 
f 634/634/634 633/633/633 632/632/632 
f 634/634/634 631/631/631 633/633/633 
f 631/631/631 634/634/634 635/635/635 
f 635/635/635 634/634/634 636/636/636 
f 637/637/637 635/635/635 636/636/636 
f 638/638/638 635/635/635 637/637/637 
f 637/637/637 639/639/639 638/638/638 
f 635/635/635 638/638/638 640/640/640 
f 638/638/638 641/641/641 640/640/640 
f 641/641/641 642/642/642 640/640/640 
f 642/642/642 641/641/641 643/643/643 
f 644/644/644 643/643/643 641/641/641 
f 642/642/642 643/643/643 645/645/645 
f 643/643/643 644/644/644 646/646/646 
f 647/647/647 642/642/642 645/645/645 
f 644/644/644 648/648/648 646/646/646 
f 642/642/642 647/647/647 649/649/649 
f 644/644/644 650/650/650 648/648/648 
f 650/650/650 651/651/651 648/648/648 
f 652/652/652 647/647/647 651/651/651 
f 652/652/652 651/651/651 650/650/650 
f 647/647/647 652/652/652 649/649/649 
f 653/653/653 652/652/652 650/650/650 
f 649/649/649 652/652/652 654/654/654 
f 653/653/653 650/650/650 655/655/655 
f 654/654/654 656/656/656 649/649/649 
f 657/657/657 653/653/653 655/655/655 
f 654/654/654 658/658/658 656/656/656 
f 659/659/659 653/653/653 657/657/657 
f 658/658/658 654/654/654 660/660/660 
f 657/657/657 661/661/661 659/659/659 
f 662/662/662 658/658/658 660/660/660 
f 661/661/661 663/663/663 659/659/659 
f 663/663/663 662/662/662 660/660/660 
f 662/662/662 663/663/663 661/661/661 
f 664/664/664 665/665/665 666/666/666 
f 665/665/665 664/664/664 667/667/667 
f 668/668/668 666/666/666 665/665/665 
f 669/669/669 667/667/667 664/664/664 
f 666/666/666 668/668/668 670/670/670 
f 669/669/669 664/664/664 671/671/671 
f 672/672/672 670/670/670 668/668/668 
f 673/673/673 669/669/669 671/671/671 
f 668/668/668 674/674/674 672/672/672 
f 669/669/669 673/673/673 675/675/675 
f 676/676/676 672/672/672 674/674/674 
f 673/673/673 677/677/677 675/675/675 
f 672/672/672 676/676/676 678/678/678 
f 677/677/677 673/673/673 679/679/679 
f 680/680/680 678/678/678 676/676/676 
f 677/677/677 679/679/679 681/681/681 
f 678/678/678 680/680/680 682/682/682 
f 681/681/681 679/679/679 683/683/683 
f 680/680/680 684/684/684 682/682/682 
f 685/685/685 681/681/681 683/683/683 
f 684/684/684 680/680/680 686/686/686 
f 681/681/681 685/685/685 687/687/687 
f 684/684/684 686/686/686 688/688/688 
f 689/689/689 687/687/687 685/685/685 
f 688/688/688 686/686/686 690/690/690 
f 685/685/685 691/691/691 689/689/689 
f 692/692/692 688/688/688 690/690/690 
f 693/693/693 689/689/689 691/691/691 
f 688/688/688 692/692/692 694/694/694 
f 689/689/689 693/693/693 695/695/695 
f 696/696/696 694/694/694 692/692/692 
f 697/697/697 695/695/695 693/693/693 
f 696/696/696 692/692/692 698/698/698 
f 695/695/695 697/697/697 699/699/699 
f 700/700/700 696/696/696 698/698/698 
f 697/697/697 701/701/701 699/699/699 
f 698/698/698 702/702/702 700/700/700 
f 697/697/697 703/703/703 701/701/701 
f 704/704/704 700/700/700 702/702/702 
f 705/705/705 701/701/701 703/703/703 
f 700/700/700 704/704/704 706/706/706 
f 701/701/701 705/705/705 707/707/707 
f 708/708/708 706/706/706 704/704/704 
f 709/709/709 707/707/707 705/705/705 
f 708/708/708 704/704/704 710/710/710 
f 705/705/705 711/711/711 709/709/709 
f 712/712/712 708/708/708 710/710/710 
f 713/713/713 709/709/709 711/711/711 
f 708/708/708 712/712/712 714/714/714 
f 709/709/709 713/713/713 715/715/715 
f 712/712/712 716/716/716 714/714/714 
f 716/716/716 715/715/715 713/713/713 
f 716/716/716 712/712/712 717/717/717 
f 715/715/715 716/716/716 717/717/717 
f 740/740/740 741/741/741 742/742/742 
f 741/741/741 743/743/743 742/742/742 
f 741/741/741 740/740/740 744/744/744 
f 741/741/741 745/745/745 743/743/743 
f 740/740/740 746/746/746 744/744/744 
f 747/747/747 743/743/743 745/745/745 
f 746/746/746 740/740/740 748/748/748 
f 743/743/743 747/747/747 749/749/749 
f 748/748/748 750/750/750 746/746/746 
f 749/749/749 747/747/747 751/751/751 
f 750/750/750 748/748/748 752/752/752 
f 751/751/751 752/752/752 749/749/749 
f 753/753/753 750/750/750 752/752/752 
f 751/751/751 753/753/753 752/752/752 
f 750/750/750 753/753/753 754/754/754 
f 753/753/753 751/751/751 755/755/755 
f 756/756/756 750/750/750 754/754/754 
f 751/751/751 757/757/757 755/755/755 
f 750/750/750 756/756/756 758/758/758 
f 757/757/757 751/751/751 759/759/759 
f 759/759/759 760/760/760 757/757/757 
f 760/760/760 758/758/758 756/756/756 
f 760/760/760 759/759/759 761/761/761 
f 761/761/761 758/758/758 760/760/760 
f 758/758/758 761/761/761 762/762/762 
f 762/762/762 761/761/761 763/763/763 
f 762/762/762 763/763/763 764/764/764 
f 765/765/765 762/762/762 764/764/764 
f 766/766/766 765/765/765 764/764/764 
f 762/762/762 765/765/765 767/767/767 
f 765/765/765 768/768/768 767/767/767 
f 768/768/768 769/769/769 767/767/767 
f 769/769/769 768/768/768 770/770/770 
f 771/771/771 770/770/770 768/768/768 
f 769/769/769 770/770/770 772/772/772 
f 770/770/770 771/771/771 773/773/773 
f 774/774/774 769/769/769 772/772/772 
f 771/771/771 775/775/775 773/773/773 
f 769/769/769 774/774/774 776/776/776 
f 775/775/775 771/771/771 777/777/777 
f 778/778/778 776/776/776 774/774/774 
f 777/777/777 778/778/778 775/775/775 
f 779/779/779 776/776/776 778/778/778 
f 778/778/778 777/777/777 779/779/779 
f 776/776/776 779/779/779 780/780/780 
f 781/781/781 779/779/779 777/777/777 
f 776/776/776 780/780/780 782/782/782 
f 783/783/783 781/781/781 777/777/777 
f 782/782/782 780/780/780 784/784/784 
f 785/785/785 781/781/781 783/783/783 
f 780/780/780 786/786/786 784/784/784 
f 781/781/781 785/785/785 787/787/787 
f 788/788/788 784/784/784 786/786/786 
f 785/785/785 789/789/789 787/787/787 
f 790/790/790 788/788/788 786/786/786 
f 788/788/788 790/790/790 789/789/789 
f 787/787/787 789/789/789 790/790/790 
f 794/794/794 795/795/795 796/796/796 
f 796/796/796 797/797/797 794/794/794 
f 795/795/795 794/794/794 798/798/798 
f 794/794/794 797/797/797 799/799/799 
f 798/798/798 800/800/800 795/795/795 
f 797/797/797 801/801/801 799/799/799 
f 800/800/800 798/798/798 802/802/802 
f 801/801/801 797/797/797 803/803/803 
f 802/802/802 804/804/804 800/800/800 
f 803/803/803 805/805/805 801/801/801 
f 800/800/800 804/804/804 806/806/806 
f 801/801/801 805/805/805 807/807/807 
f 804/804/804 808/808/808 806/806/806 
f 805/805/805 809/809/809 807/807/807 
f 808/808/808 804/804/804 810/810/810 
f 809/809/809 811/811/811 807/807/807 
f 810/810/810 812/812/812 808/808/808 
f 809/809/809 813/813/813 811/811/811 
f 808/808/808 812/812/812 814/814/814 
f 813/813/813 809/809/809 815/815/815 
f 812/812/812 816/816/816 814/814/814 
f 817/817/817 813/813/813 815/815/815 
f 816/816/816 818/818/818 814/814/814 
f 817/817/817 819/819/819 813/813/813 
f 816/816/816 820/820/820 818/818/818 
f 821/821/821 819/819/819 817/817/817 
f 820/820/820 816/816/816 822/822/822 
f 819/819/819 821/821/821 823/823/823 
f 824/824/824 820/820/820 822/822/822 
f 821/821/821 825/825/825 823/823/823 
f 820/820/820 824/824/824 826/826/826 
f 825/825/825 821/821/821 827/827/827 
f 824/824/824 828/828/828 826/826/826 
f 827/827/827 829/829/829 825/825/825 
f 828/828/828 824/824/824 830/830/830 
f 829/829/829 827/827/827 831/831/831 
f 830/830/830 832/832/832 828/828/828 
f 831/831/831 833/833/833 829/829/829 
f 834/834/834 828/828/828 832/832/832 
f 829/829/829 833/833/833 835/835/835 
f 836/836/836 834/834/834 832/832/832 
f 833/833/833 837/837/837 835/835/835 
f 836/836/836 838/838/838 834/834/834 
f 837/837/837 833/833/833 839/839/839 
f 836/836/836 840/840/840 838/838/838 
f 839/839/839 841/841/841 837/837/837 
f 840/840/840 836/836/836 842/842/842 
f 841/841/841 839/839/839 843/843/843 
f 844/844/844 840/840/840 842/842/842 
f 843/843/843 845/845/845 841/841/841 
f 846/846/846 840/840/840 844/844/844 
f 844/844/844 845/845/845 846/846/846 
f 845/845/845 844/844/844 847/847/847 
f 841/841/841 845/845/845 847/847/847 

g Meshpart2

v -0.006032 0.386036 -0.051150
v -0.002997 0.323261 -0.040050
v -0.020070 0.141441 -0.051150
v -0.006032 0.386036 0.051150
v -0.002997 0.323261 0.039950
v -0.020070 0.141441 0.051150
v 0.010364 0.394533 -0.014250
v 0.010364 0.394533 -0.039550
v 0.011248 0.343345 -0.039550
v 0.011248 0.343345 -0.014150
v -0.002997 0.323261 -0.013750
v -0.002997 0.323261 -0.040050
v -0.004255 0.130264 -0.014050
v -0.004255 0.130264 -0.039750
v -0.019568 0.123480 -0.039950
v -0.019570 0.123480 -0.013850
v -0.035766 0.104153 -0.040050
v -0.035766 0.104153 -0.013650
v -0.035485 0.086077 -0.013750
v -0.035484 0.086077 -0.039950
v -0.020215 0.060309 -0.039550
v -0.032435 -0.430279 -0.014150
v -0.020215 0.060309 -0.014150
v -0.032435 -0.430279 -0.039550
v -0.046222 -0.026199 -0.013350
v 0.011987 -0.373619 -0.039550
v -0.046222 -0.026199 -0.040350
v 0.011985 -0.373619 -0.014150
v -0.032838 -0.039879 -0.013650
v 0.011641 -0.334299 -0.014050
v -0.032838 -0.039879 -0.040150
v 0.011641 -0.334299 -0.039650
v -0.005458 -0.041769 -0.039650
v -0.003215 -0.320589 -0.039950
v -0.005458 -0.041769 -0.014050
v -0.003215 -0.320589 -0.013850
v 0.010364 0.394533 0.014150
v 0.010364 0.394533 0.039450
v 0.011248 0.343345 0.039550
v 0.011248 0.343345 0.014150
v -0.002997 0.323261 0.013750
v -0.002997 0.323261 0.039950
v -0.004255 0.130264 0.014050
v -0.004255 0.130264 0.039650
v -0.019568 0.123480 0.039950
v -0.019570 0.123480 0.013750
v -0.035766 0.104153 0.040050
v -0.035766 0.104153 0.013650
v -0.035485 0.086077 0.013750
v -0.035484 0.086077 0.039950
v -0.020215 0.060309 0.039550
v -0.032435 -0.430279 0.014150
v -0.020215 0.060309 0.014150
v -0.032435 -0.430279 0.039550
v -0.046222 -0.026199 0.013350
v 0.011987 -0.373619 0.039550
v -0.046222 -0.026199 0.040350
v 0.011985 -0.373619 0.014150
v -0.032838 -0.039879 0.013550
v 0.011641 -0.334299 0.014050
v -0.032838 -0.039879 0.040050
v 0.011641 -0.334299 0.039650
v -0.005458 -0.041769 0.039650
v -0.003215 -0.320589 0.039850
v -0.005458 -0.041769 0.014050
v -0.003215 -0.320589 0.013850
v -0.050049 0.399430 -0.002550
v -0.078900 0.382773 -0.051150
v -0.078900 0.382773 -0.002550
v -0.078900 0.349460 -0.002550
v -0.078900 0.349460 -0.051150
v -0.078900 -0.345899 -0.002550
v -0.078900 -0.345899 -0.051150
v -0.078900 -0.379219 -0.002550
v -0.021199 -0.345899 -0.051150
v -0.021199 -0.345899 -0.002550
v -0.078900 -0.379219 -0.051150
v -0.050049 -0.395869 -0.002550
v -0.050049 -0.395869 -0.051150
v -0.050049 0.399430 0.002550
v -0.078900 0.382773 0.051150
v -0.078900 0.382773 0.002550
v -0.078900 0.349460 0.002550
v -0.078900 0.349460 0.051150
v -0.032049 -0.249099 -0.051150
v -0.032049 -0.132459 -0.002550
v -0.068049 -0.249099 -0.051150
v -0.068049 -0.249099 -0.002550
v -0.068049 -0.132459 -0.051150
v -0.068049 -0.132459 -0.002550
v -0.032049 -0.132459 0.002550
v -0.032049 -0.249099 0.051150
v -0.068049 -0.132459 0.051150
v -0.068049 -0.132459 0.002550
v -0.068049 -0.249099 0.051150
v -0.068049 -0.249099 0.002550
v -0.078900 -0.345899 0.002550
v -0.021199 -0.345899 0.051150
v -0.021199 -0.345899 0.002550
v -0.078900 -0.345899 0.051150
v -0.078900 -0.379219 0.002550
v -0.078900 -0.379219 0.051150
v -0.050049 -0.395869 0.002550
v -0.050049 -0.395869 0.051150
v -0.032049 0.280041 -0.051150
v -0.068049 0.198393 -0.051150
v -0.068049 0.198393 -0.002550
v -0.068049 0.280041 -0.051150
v -0.068049 0.280041 -0.002550
v -0.032049 0.280041 0.051150
v -0.068049 0.280041 0.051150
v -0.068049 0.280041 0.002550
v -0.068049 0.198393 0.051150
v -0.068049 0.198393 0.002550
v -0.006032 0.386036 -0.051150
v 0.010364 0.394533 -0.039550
v -0.092898 0.386863 -0.051150
v -0.110460 0.394449 -0.039650
v -0.006032 0.386036 0.051150
v 0.010364 0.394533 0.039450
v -0.092898 0.386863 0.051150
v -0.110460 0.394449 0.039650
v -0.110460 0.394449 -0.014050
v -0.110460 0.394449 -0.039650
v -0.050049 0.430279 -0.014350
v -0.050049 0.430279 -0.039450
v 0.010364 0.394533 -0.014250
v 0.010364 0.394533 -0.039550
v -0.096660 -0.320529 -0.013450
v -0.096660 -0.320529 -0.040350
v -0.111721 -0.334299 -0.039750
v -0.111722 -0.334299 -0.014050
v -0.032838 -0.039879 -0.013650
v 0.011641 -0.334299 -0.014050
v -0.032838 -0.039879 -0.040150
v 0.011641 -0.334299 -0.039650
v -0.005458 -0.041769 -0.039650
v -0.003215 -0.320589 -0.039950
v -0.005458 -0.041769 -0.014050
v -0.003215 -0.320589 -0.013850
v -0.110460 0.394449 0.014050
v -0.110460 0.394449 0.039650
v -0.050049 0.430279 0.014250
v -0.050049 0.430279 0.039450
v 0.010364 0.394533 0.014150
v 0.010364 0.394533 0.039450
v -0.096660 -0.320529 0.013350
v -0.096660 -0.320529 0.040250
v -0.111721 -0.334299 0.039650
v -0.111722 -0.334299 0.014050
v -0.032838 -0.039879 0.013550
v 0.011641 -0.334299 0.014050
v -0.032838 -0.039879 0.040050
v 0.011641 -0.334299 0.039650
v -0.005458 -0.041769 0.039650
v -0.003215 -0.320589 0.039850
v -0.005458 -0.041769 0.014050
v -0.003215 -0.320589 0.013850
v -0.021199 0.382773 -0.002550
v -0.078900 0.349460 -0.002550
v -0.021199 0.382773 -0.051150
v -0.078900 0.349460 -0.051150
v -0.021199 0.349460 -0.002550
v -0.050049 0.332803 -0.002550
v -0.021199 0.349460 -0.051150
v -0.050049 0.332803 -0.051150
v -0.078900 -0.345899 -0.051150
v -0.078900 -0.379219 -0.002550
v -0.078900 -0.379219 -0.051150
v -0.050049 -0.395869 -0.002550
v -0.050049 -0.395869 -0.051150
v -0.021199 -0.379219 -0.002550
v -0.021199 -0.379219 -0.051150
v -0.021199 -0.345899 -0.002550
v -0.021199 -0.345899 -0.051150
v -0.078900 0.349460 0.002550
v -0.078900 0.349460 0.051150
v -0.021199 0.382773 0.002550
v -0.050049 0.332803 0.002550
v -0.021199 0.382773 0.051150
v -0.050049 0.332803 0.051150
v -0.021199 0.349460 0.002550
v -0.021199 0.349460 0.051150
v -0.032049 -0.249099 -0.002550
v -0.032049 -0.249099 -0.051150
v -0.050049 -0.266599 -0.051150
v -0.050049 -0.266599 -0.002550
v -0.068049 -0.249099 -0.051150
v -0.068049 -0.249099 -0.002550
v -0.032049 -0.249099 0.002550
v -0.032049 -0.249099 0.051150
v -0.050049 -0.266599 0.051150
v -0.050049 -0.266599 0.002550
v -0.068049 -0.249099 0.051150
v -0.068049 -0.249099 0.002550
v -0.078900 -0.345899 0.051150
v -0.078900 -0.379219 0.002550
v -0.078900 -0.379219 0.051150
v -0.050049 -0.395869 0.002550
v -0.050049 -0.395869 0.051150
v -0.021199 -0.379219 0.002550
v -0.021199 -0.379219 0.051150
v -0.021199 -0.345899 0.002550
v -0.021199 -0.345899 0.051150
v -0.032049 0.198393 -0.051150
v -0.032049 0.198393 -0.002550
v -0.050049 0.186146 -0.051150
v -0.050049 0.186146 -0.002550
v -0.068049 0.198393 -0.051150
v -0.068049 0.198393 -0.002550
v -0.032049 0.198393 0.002550
v -0.032049 0.198393 0.051150
v -0.050049 0.186146 0.051150
v -0.050049 0.186146 0.002550
v -0.068049 0.198393 0.051150
v -0.068049 0.198393 0.002550
v -0.092943 0.347143 0.051150
v -0.078900 0.382773 0.051150
v -0.092898 0.386863 0.051150
v -0.050049 0.412160 0.051150
v -0.078900 0.349460 0.051150
v -0.050049 0.399430 0.051150
v -0.021199 0.382773 0.051150
v -0.006032 0.386036 0.051150
v -0.006032 0.348753 0.051150
v -0.021199 0.349460 0.051150
v -0.080028 0.328629 0.051150
v -0.020070 0.328629 0.051150
v -0.050049 0.332803 0.051150
v -0.050049 0.292288 0.051150
v -0.068049 0.280041 0.051150
v -0.032049 0.280041 0.051150
v -0.068049 0.198393 0.051150
v -0.032049 0.198393 0.051150
v -0.080028 0.146338 0.051150
v -0.020070 0.141441 0.051150
v -0.050049 0.186146 0.051150
v -0.029860 0.138084 0.051150
v -0.070028 0.130719 0.051150
v -0.052671 0.110181 0.051150
v -0.052671 0.081273 0.051150
v -0.064022 -0.030049 0.051150
v -0.038481 0.057916 0.051150
v -0.070028 -0.048759 0.051150
v -0.039459 -0.056759 0.051150
v -0.080120 -0.067169 0.051150
v -0.050049 -0.114969 0.051150
v -0.018170 -0.056749 0.051150
v -0.068049 -0.132459 0.051150
v -0.032049 -0.132459 0.051150
v -0.068049 -0.249099 0.051150
v -0.032049 -0.249099 0.051150
v -0.080251 -0.328829 0.051150
v -0.018170 -0.330329 0.051150
v -0.050049 -0.266599 0.051150
v -0.050049 -0.329249 0.051150
v -0.021199 -0.345899 0.051150
v -0.005208 -0.342589 0.051150
v -0.078900 -0.345899 0.051150
v -0.005208 -0.367749 0.051150
v -0.094890 -0.343569 0.051150
v -0.021199 -0.379219 0.051150
v -0.094890 -0.367749 0.051150
v -0.040616 -0.413599 0.051150
v -0.078900 -0.379219 0.051150
v -0.050049 -0.395869 0.051150
v -0.059482 -0.413599 0.051150
v 0.011248 0.343345 0.039550
v -0.006032 0.386036 0.051150
v -0.006032 0.348753 0.051150
v 0.010364 0.394533 0.039450
v -0.002997 0.323261 0.039950
v -0.050049 0.430279 0.039450
v -0.020070 0.328629 0.051150
v -0.050049 0.412160 0.051150
v -0.020070 0.141441 0.051150
v -0.092898 0.386863 0.051150
v -0.004255 0.130264 0.039650
v -0.110460 0.394449 0.039650
v -0.019568 0.123480 0.039950
v -0.111324 0.343431 0.039650
v -0.029860 0.138084 0.051150
v -0.092943 0.347143 0.051150
v -0.035766 0.104153 0.040050
v -0.097093 0.323267 0.039950
v -0.052671 0.110181 0.051150
v -0.080028 0.328629 0.051150
v -0.052671 0.081273 0.051150
v -0.080028 0.146338 0.051150
v -0.035484 0.086077 0.039950
v -0.097355 0.141267 0.039550
v -0.038481 0.057916 0.051150
v -0.087162 0.125705 0.039950
v -0.020215 0.060309 0.039550
v -0.070028 0.130719 0.051150
v -0.046222 -0.026199 0.040350
v -0.070028 -0.048759 0.051150
v -0.064022 -0.030049 0.051150
v -0.087155 -0.043859 0.040050
v -0.039459 -0.056759 0.051150
v -0.080120 -0.067169 0.051150
v -0.032838 -0.039879 0.040050
v -0.097325 -0.059289 0.039650
v -0.018170 -0.056749 0.051150
v -0.096660 -0.320529 0.040250
v -0.005458 -0.041769 0.039650
v -0.080251 -0.328829 0.051150
v -0.003215 -0.320589 0.039850
v -0.094890 -0.343569 0.051150
v -0.018170 -0.330329 0.051150
v -0.111721 -0.334299 0.039650
v -0.005208 -0.342589 0.051150
v -0.112084 -0.373619 0.039550
v 0.011641 -0.334299 0.039650
v -0.094890 -0.367749 0.051150
v 0.011987 -0.373619 0.039550
v -0.059482 -0.413599 0.051150
v -0.005208 -0.367749 0.051150
v -0.067663 -0.430279 0.039550
v -0.040616 -0.413599 0.051150
v -0.032435 -0.430279 0.039550
v -0.067663 -0.430279 -0.014150
v -0.020215 0.060309 -0.014150
v -0.032435 -0.430279 -0.039550
v -0.046222 -0.026199 -0.013350
v 0.011987 -0.373619 -0.039550
v 0.011985 -0.373619 -0.014150
v -0.032838 -0.039879 -0.013650
v -0.005458 -0.041769 -0.039650
v 0.010364 0.394533 0.014150
v -0.078900 0.382773 -0.002550
v -0.078900 -0.345899 -0.051150
v -0.078900 -0.379219 -0.002550
v -0.050049 -0.395869 -0.002550
v -0.021199 -0.345899 -0.002550
v -0.032049 -0.249099 -0.002550
v -0.021199 -0.345899 0.051150
v -0.078900 -0.345899 0.051150
v -0.050049 -0.395869 0.002550
v -0.032049 0.280041 -0.002550
v -0.068049 0.198393 -0.051150
v -0.068049 0.198393 -0.002550
v -0.068049 0.280041 -0.002550
v -0.050049 0.412160 -0.002550
v -0.078900 0.382773 -0.002550
v -0.050049 0.399430 -0.002550
v -0.021199 0.382773 -0.002550
v -0.092898 0.386863 -0.002550
v -0.006032 0.386036 -0.002550
v -0.092943 0.347143 -0.002550
v -0.006032 0.348753 -0.002550
v -0.078900 0.349460 -0.002550
v -0.021199 0.349460 -0.002550
v -0.080028 0.328629 -0.002550
v -0.020070 0.328629 -0.002550
v -0.050049 0.332803 -0.002550
v -0.050049 0.292288 -0.002550
v -0.068049 0.280041 -0.002550
v -0.032049 0.280041 -0.002550
v -0.068049 0.198393 -0.002550
v -0.032049 0.198393 -0.002550
v -0.080028 0.146338 -0.002550
v -0.020070 0.141441 -0.002550
v -0.050049 0.186146 -0.002550
v -0.029860 0.138084 -0.002550
v -0.070028 0.130719 -0.002550
v -0.052671 0.110181 -0.002550
v -0.052671 0.081273 -0.002550
v -0.064022 -0.030049 -0.002550
v -0.038481 0.057916 -0.002550
v -0.070028 -0.048759 -0.002550
v -0.039459 -0.056759 -0.002550
v -0.080120 -0.067169 -0.002550
v -0.050049 -0.114969 -0.002550
v -0.018170 -0.056749 -0.002550
v -0.068049 -0.132459 -0.002550
v -0.032049 -0.132459 -0.002550
v -0.068049 -0.249099 -0.002550
v -0.032049 -0.249099 -0.002550
v -0.080251 -0.328829 -0.002550
v -0.018170 -0.330329 -0.002550
v -0.050049 -0.266599 -0.002550
v -0.050049 -0.329249 -0.002550
v -0.078900 -0.345899 -0.002550
v -0.021199 -0.345899 -0.002550
v -0.094890 -0.343539 -0.002550
v -0.005208 -0.342589 -0.002550
v -0.094890 -0.367749 -0.002550
v -0.005208 -0.367749 -0.002550
v -0.078900 -0.379219 -0.002550
v -0.021199 -0.379219 -0.002550
v -0.059482 -0.413599 -0.002550
v -0.040616 -0.413599 -0.002550
v -0.050049 -0.395869 -0.002550
v -0.111324 0.343431 -0.014050
v -0.092898 0.386863 -0.002550
v -0.110460 0.394449 -0.014050
v -0.050049 0.430279 -0.014350
v -0.092943 0.347143 -0.002550
v -0.050049 0.412160 -0.002550
v -0.097093 0.323267 -0.013750
v -0.006032 0.386036 -0.002550
v -0.080028 0.328629 -0.002550
v 0.010364 0.394533 -0.014250
v -0.080028 0.146338 -0.002550
v 0.011248 0.343345 -0.014150
v -0.097355 0.141267 -0.014150
v -0.006032 0.348753 -0.002550
v -0.087162 0.125705 -0.013750
v -0.002997 0.323261 -0.013750
v -0.070028 0.130719 -0.002550
v -0.020070 0.328629 -0.002550
v -0.070028 -0.048759 -0.002550
v -0.020070 0.141441 -0.002550
v -0.087155 -0.043859 -0.013650
v -0.004255 0.130264 -0.014050
v -0.080120 -0.067169 -0.002550
v -0.019570 0.123480 -0.013850
v -0.097325 -0.059289 -0.014150
v -0.029860 0.138084 -0.002550
v -0.096660 -0.320529 -0.013450
v -0.035766 0.104153 -0.013650
v -0.080251 -0.328829 -0.002550
v -0.052671 0.110181 -0.002550
v -0.094890 -0.343539 -0.002550
v -0.052671 0.081273 -0.002550
v -0.111722 -0.334299 -0.014050
v -0.035485 0.086077 -0.013750
v -0.112084 -0.373619 -0.014150
v -0.038481 0.057916 -0.002550
v -0.094890 -0.367749 -0.002550
v -0.020215 0.060309 -0.014150
v -0.059482 -0.413599 -0.002550
v -0.046222 -0.026199 -0.013350
v -0.067663 -0.430279 -0.014150
v -0.064022 -0.030049 -0.002550
v -0.040616 -0.413599 -0.002550
v -0.039459 -0.056759 -0.002550
v -0.032435 -0.430279 -0.014150
v -0.032838 -0.039879 -0.013650
v 0.011985 -0.373619 -0.014150
v -0.018170 -0.056749 -0.002550
v -0.005208 -0.367749 -0.002550
v -0.005458 -0.041769 -0.014050
v -0.005208 -0.342589 -0.002550
v -0.003215 -0.320589 -0.013850
v 0.011641 -0.334299 -0.014050
v -0.018170 -0.330329 -0.002550
v -0.111324 0.343431 -0.014050
v -0.110460 0.394449 -0.014050
v -0.111324 0.343431 -0.039750
v -0.097093 0.323267 -0.013750
v -0.110460 0.394449 -0.039650
v -0.097093 0.323267 -0.040050
v -0.097355 0.141267 -0.014150
v -0.097355 0.141267 -0.039550
v -0.087162 0.125705 -0.039950
v -0.087162 0.125705 -0.013750
v -0.087155 -0.043859 -0.013650
v -0.087155 -0.043859 -0.040050
v -0.097325 -0.059289 -0.014150
v -0.097325 -0.059289 -0.039650
v -0.096660 -0.320529 -0.013450
v -0.096660 -0.320529 -0.040350
v -0.111721 -0.334299 -0.039750
v -0.111722 -0.334299 -0.014050
v -0.112084 -0.373619 -0.039550
v -0.112084 -0.373619 -0.014150
v -0.067663 -0.430279 -0.014150
v -0.067663 -0.430279 -0.039550
v -0.110460 0.394449 0.014050
v -0.111324 0.343431 0.014050
v -0.111324 0.343431 0.039650
v -0.097093 0.323267 0.013650
v -0.110460 0.394449 0.039650
v -0.097093 0.323267 0.039950
v -0.097355 0.141267 0.014150
v -0.097355 0.141267 0.039550
v -0.087162 0.125705 0.039950
v -0.087162 0.125705 0.013750
v -0.087155 -0.043859 0.013650
v -0.087155 -0.043859 0.040050
v -0.097325 -0.059289 0.014050
v -0.097325 -0.059289 0.039650
v -0.096660 -0.320529 0.013350
v -0.096660 -0.320529 0.040250
v -0.111721 -0.334299 0.039650
v -0.111722 -0.334299 0.014050
v -0.112084 -0.373619 0.039550
v -0.112084 -0.373619 0.014150
v -0.067663 -0.430279 0.014150
v -0.067663 -0.430279 0.039550
v -0.021199 0.382773 -0.002550
v -0.021199 0.382773 -0.051150
v -0.021199 0.349460 -0.002550
v -0.021199 0.349460 -0.051150
v -0.050049 -0.395869 -0.002550
v -0.050049 -0.395869 -0.051150
v -0.021199 -0.379219 -0.002550
v -0.021199 -0.379219 -0.051150
v -0.021199 -0.345899 -0.002550
v -0.021199 -0.345899 -0.051150
v -0.021199 0.382773 0.002550
v -0.021199 0.382773 0.051150
v -0.021199 0.349460 0.002550
v -0.021199 0.349460 0.051150
v -0.032049 -0.249099 -0.002550
v -0.032049 -0.132459 -0.051150
v -0.032049 -0.249099 -0.051150
v -0.032049 -0.132459 -0.002550
v -0.068049 -0.249099 -0.002550
v -0.068049 -0.132459 -0.051150
v -0.032049 -0.249099 0.002550
v -0.032049 -0.132459 0.051150
v -0.032049 -0.132459 0.002550
v -0.032049 -0.249099 0.051150
v -0.068049 -0.249099 0.002550
v -0.050049 -0.395869 0.002550
v -0.050049 -0.395869 0.051150
v -0.021199 -0.379219 0.002550
v -0.021199 -0.379219 0.051150
v -0.021199 -0.345899 0.002550
v -0.021199 -0.345899 0.051150
v -0.032049 0.198393 -0.051150
v -0.032049 0.198393 -0.002550
v -0.032049 0.280041 -0.051150
v -0.032049 0.280041 -0.002550
v -0.032049 0.198393 0.002550
v -0.032049 0.280041 0.051150
v -0.032049 0.280041 0.002550
v -0.032049 0.198393 0.051150
v -0.112084 -0.373619 -0.039550
v -0.059482 -0.413599 -0.051150
v -0.032435 -0.430279 -0.039550
v -0.112084 -0.373619 0.039550
v -0.094890 -0.367749 0.051150
v 0.011987 -0.373619 0.039550
v -0.059482 -0.413599 0.051150
v -0.005208 -0.367749 0.051150
v -0.032435 -0.430279 0.039550
v -0.004255 0.130264 -0.014050
v -0.004255 0.130264 -0.039750
v -0.019568 0.123480 -0.039950
v -0.019570 0.123480 -0.013850
v -0.112084 -0.373619 -0.039550
v -0.067663 -0.430279 -0.014150
v -0.067663 -0.430279 -0.039550
v -0.032435 -0.430279 -0.014150
v -0.032435 -0.430279 -0.039550
v 0.011987 -0.373619 -0.039550
v 0.011985 -0.373619 -0.014150
v -0.004255 0.130264 0.014050
v -0.004255 0.130264 0.039650
v -0.019568 0.123480 0.039950
v -0.019570 0.123480 0.013750
v -0.112084 -0.373619 0.039550
v -0.067663 -0.430279 0.014150
v -0.067663 -0.430279 0.039550
v -0.032435 -0.430279 0.014150
v -0.032435 -0.430279 0.039550
v 0.011987 -0.373619 0.039550
v 0.011985 -0.373619 0.014150
v -0.050049 0.399430 -0.051150
v -0.050049 0.399430 -0.002550
v -0.078900 0.382773 -0.051150
v -0.078900 0.382773 -0.002550
v -0.021199 0.382773 -0.002550
v -0.021199 0.382773 -0.051150
v -0.078900 0.349460 -0.051150
v -0.050049 -0.329249 -0.051150
v -0.078900 -0.345899 -0.002550
v -0.078900 -0.345899 -0.051150
v -0.050049 -0.329249 -0.002550
v -0.021199 -0.345899 -0.051150
v -0.021199 -0.345899 -0.002550
v -0.050049 0.399430 0.002550
v -0.078900 0.382773 0.051150
v -0.078900 0.382773 0.002550
v -0.050049 0.399430 0.051150
v -0.078900 0.349460 0.051150
v -0.021199 0.382773 0.002550
v -0.021199 0.382773 0.051150
v -0.032049 -0.132459 -0.051150
v -0.032049 -0.132459 -0.002550
v -0.050049 -0.114969 -0.051150
v -0.050049 -0.114969 -0.002550
v -0.068049 -0.132459 -0.051150
v -0.068049 -0.132459 -0.002550
v -0.032049 -0.132459 0.051150
v -0.032049 -0.132459 0.002550
v -0.050049 -0.114969 0.051150
v -0.050049 -0.114969 0.002550
v -0.068049 -0.132459 0.051150
v -0.068049 -0.132459 0.002550
v -0.050049 -0.329249 0.002550
v -0.050049 -0.329249 0.051150
v -0.078900 -0.345899 0.002550
v -0.021199 -0.345899 0.051150
v -0.021199 -0.345899 0.002550
v -0.078900 -0.345899 0.051150
v -0.032049 0.280041 -0.051150
v -0.032049 0.280041 -0.002550
v -0.050049 0.292288 -0.051150
v -0.050049 0.292288 -0.002550
v -0.068049 0.280041 -0.051150
v -0.068049 0.280041 -0.002550
v -0.032049 0.280041 0.051150
v -0.032049 0.280041 0.002550
v -0.050049 0.292288 0.051150
v -0.050049 0.292288 0.002550
v -0.068049 0.280041 0.051150
v -0.068049 0.280041 0.002550
v -0.078900 0.382773 -0.051150
v -0.092943 0.347143 -0.051150
v -0.092898 0.386863 -0.051150
v -0.050049 0.412160 -0.051150
v -0.078900 0.349460 -0.051150
v -0.050049 0.399430 -0.051150
v -0.021199 0.382773 -0.051150
v -0.006032 0.386036 -0.051150
v -0.006032 0.348753 -0.051150
v -0.021199 0.349460 -0.051150
v -0.080028 0.328629 -0.051150
v -0.020070 0.328629 -0.051150
v -0.050049 0.332803 -0.051150
v -0.050049 0.292288 -0.051150
v -0.068049 0.280041 -0.051150
v -0.032049 0.280041 -0.051150
v -0.068049 0.198393 -0.051150
v -0.032049 0.198393 -0.051150
v -0.080028 0.146338 -0.051150
v -0.020070 0.141441 -0.051150
v -0.050049 0.186146 -0.051150
v -0.029860 0.138084 -0.051150
v -0.070028 0.130719 -0.051150
v -0.052671 0.110181 -0.051150
v -0.052671 0.081273 -0.051150
v -0.064022 -0.030049 -0.051150
v -0.038481 0.057916 -0.051150
v -0.070028 -0.048759 -0.051150
v -0.039459 -0.056759 -0.051150
v -0.080120 -0.067169 -0.051150
v -0.050049 -0.114969 -0.051150
v -0.018170 -0.056749 -0.051150
v -0.068049 -0.132459 -0.051150
v -0.032049 -0.132459 -0.051150
v -0.068049 -0.249099 -0.051150
v -0.032049 -0.249099 -0.051150
v -0.080251 -0.328829 -0.051150
v -0.018170 -0.330329 -0.051150
v -0.050049 -0.266599 -0.051150
v -0.050049 -0.329249 -0.051150
v -0.021199 -0.345899 -0.051150
v -0.078900 -0.345899 -0.051150
v -0.005208 -0.342589 -0.051150
v -0.094890 -0.343569 -0.051150
v -0.005208 -0.367749 -0.051150
v -0.094890 -0.367749 -0.051150
v -0.021199 -0.379219 -0.051150
v -0.078900 -0.379219 -0.051150
v -0.040616 -0.413599 -0.051150
v -0.059482 -0.413599 -0.051150
v -0.050049 -0.395869 -0.051150
v -0.006032 0.386036 -0.051150
v 0.011248 0.343345 -0.039550
v -0.006032 0.348753 -0.051150
v 0.010364 0.394533 -0.039550
v -0.002997 0.323261 -0.040050
v -0.050049 0.430279 -0.039450
v -0.020070 0.328629 -0.051150
v -0.050049 0.412160 -0.051150
v -0.020070 0.141441 -0.051150
v -0.092898 0.386863 -0.051150
v -0.004255 0.130264 -0.039750
v -0.110460 0.394449 -0.039650
v -0.019568 0.123480 -0.039950
v -0.111324 0.343431 -0.039750
v -0.029860 0.138084 -0.051150
v -0.092943 0.347143 -0.051150
v -0.035766 0.104153 -0.040050
v -0.097093 0.323267 -0.040050
v -0.052671 0.110181 -0.051150
v -0.080028 0.328629 -0.051150
v -0.052671 0.081273 -0.051150
v -0.080028 0.146338 -0.051150
v -0.035484 0.086077 -0.039950
v -0.097355 0.141267 -0.039550
v -0.038481 0.057916 -0.051150
v -0.087162 0.125705 -0.039950
v -0.020215 0.060309 -0.039550
v -0.070028 0.130719 -0.051150
v -0.046222 -0.026199 -0.040350
v -0.070028 -0.048759 -0.051150
v -0.064022 -0.030049 -0.051150
v -0.087155 -0.043859 -0.040050
v -0.039459 -0.056759 -0.051150
v -0.080120 -0.067169 -0.051150
v -0.032838 -0.039879 -0.040150
v -0.097325 -0.059289 -0.039650
v -0.018170 -0.056749 -0.051150
v -0.096660 -0.320529 -0.040350
v -0.005458 -0.041769 -0.039650
v -0.080251 -0.328829 -0.051150
v -0.003215 -0.320589 -0.039950
v -0.094890 -0.343569 -0.051150
v -0.018170 -0.330329 -0.051150
v -0.111721 -0.334299 -0.039750
v -0.005208 -0.342589 -0.051150
v -0.112084 -0.373619 -0.039550
v 0.011641 -0.334299 -0.039650
v -0.094890 -0.367749 -0.051150
v 0.011987 -0.373619 -0.039550
v -0.059482 -0.413599 -0.051150
v -0.005208 -0.367749 -0.051150
v -0.067663 -0.430279 -0.039550
v -0.040616 -0.413599 -0.051150
v -0.032435 -0.430279 -0.039550
v -0.046222 -0.026199 -0.013350
v 0.011985 -0.373619 -0.014150
v 0.010364 0.394533 0.014150
v -0.067663 -0.430279 0.014150
v -0.020215 0.060309 0.014150
v -0.032435 -0.430279 0.039550
v 0.011987 -0.373619 0.039550
v -0.032838 -0.039879 0.013550
v -0.005458 -0.041769 0.039650
v -0.078900 0.382773 -0.002550
v -0.078900 -0.345899 -0.051150
v -0.078900 -0.379219 -0.002550
v -0.021199 -0.345899 -0.051150
v -0.050049 -0.395869 -0.002550
v -0.032049 -0.249099 -0.002550
v -0.078900 -0.345899 0.051150
v -0.050049 -0.395869 0.002550
v -0.021199 -0.345899 0.002550
v -0.032049 0.280041 -0.002550
v -0.068049 0.198393 -0.051150
v -0.068049 0.198393 -0.002550
v -0.068049 0.280041 -0.002550
v -0.078900 0.382773 0.002550
v -0.050049 0.412160 0.002550
v -0.050049 0.399430 0.002550
v -0.021199 0.382773 0.002550
v -0.092898 0.386863 0.002550
v -0.006032 0.386036 0.002550
v -0.092943 0.347143 0.002550
v -0.006032 0.348753 0.002550
v -0.078900 0.349460 0.002550
v -0.021199 0.349460 0.002550
v -0.080028 0.328629 0.002550
v -0.020070 0.328629 0.002550
v -0.050049 0.332803 0.002550
v -0.050049 0.292288 0.002550
v -0.068049 0.280041 0.002550
v -0.032049 0.280041 0.002550
v -0.068049 0.198393 0.002550
v -0.032049 0.198393 0.002550
v -0.080028 0.146338 0.002550
v -0.020070 0.141441 0.002550
v -0.050049 0.186146 0.002550
v -0.029860 0.138084 0.002550
v -0.070028 0.130719 0.002550
v -0.052671 0.110181 0.002550
v -0.052671 0.081273 0.002550
v -0.064022 -0.030049 0.002550
v -0.038481 0.057916 0.002550
v -0.070028 -0.048759 0.002550
v -0.039459 -0.056759 0.002550
v -0.080120 -0.067169 0.002550
v -0.050049 -0.114969 0.002550
v -0.018170 -0.056749 0.002550
v -0.068049 -0.132459 0.002550
v -0.032049 -0.132459 0.002550
v -0.068049 -0.249099 0.002550
v -0.032049 -0.249099 0.002550
v -0.080251 -0.328829 0.002550
v -0.018170 -0.330329 0.002550
v -0.050049 -0.266599 0.002550
v -0.050049 -0.329249 0.002550
v -0.078900 -0.345899 0.002550
v -0.021199 -0.345899 0.002550
v -0.094890 -0.343539 0.002550
v -0.005208 -0.342589 0.002550
v -0.094890 -0.367749 0.002550
v -0.005208 -0.367749 0.002550
v -0.078900 -0.379219 0.002550
v -0.021199 -0.379219 0.002550
v -0.059482 -0.413599 0.002550
v -0.040616 -0.413599 0.002550
v -0.050049 -0.395869 0.002550
v -0.020215 0.060309 -0.014150
v -0.032838 -0.039879 -0.013650
v -0.018170 -0.056749 -0.002550
v -0.092898 0.386863 0.002550
v -0.111324 0.343431 0.014050
v -0.110460 0.394449 0.014050
v -0.050049 0.430279 0.014250
v -0.092943 0.347143 0.002550
v -0.050049 0.412160 0.002550
v -0.097093 0.323267 0.013650
v -0.006032 0.386036 0.002550
v -0.080028 0.328629 0.002550
v 0.010364 0.394533 0.014150
v -0.080028 0.146338 0.002550
v 0.011248 0.343345 0.014150
v -0.097355 0.141267 0.014150
v -0.006032 0.348753 0.002550
v -0.087162 0.125705 0.013750
v -0.002997 0.323261 0.013750
v -0.070028 0.130719 0.002550
v -0.020070 0.328629 0.002550
v -0.070028 -0.048759 0.002550
v -0.020070 0.141441 0.002550
v -0.087155 -0.043859 0.013650
v -0.004255 0.130264 0.014050
v -0.080120 -0.067169 0.002550
v -0.019570 0.123480 0.013750
v -0.097325 -0.059289 0.014050
v -0.029860 0.138084 0.002550
v -0.096660 -0.320529 0.013350
v -0.035766 0.104153 0.013650
v -0.080251 -0.328829 0.002550
v -0.052671 0.110181 0.002550
v -0.094890 -0.343539 0.002550
v -0.052671 0.081273 0.002550
v -0.111722 -0.334299 0.014050
v -0.035485 0.086077 0.013750
v -0.112084 -0.373619 0.014150
v -0.038481 0.057916 0.002550
v -0.094890 -0.367749 0.002550
v -0.020215 0.060309 0.014150
v -0.059482 -0.413599 0.002550
v -0.046222 -0.026199 0.013350
v -0.067663 -0.430279 0.014150
v -0.064022 -0.030049 0.002550
v -0.040616 -0.413599 0.002550
v -0.039459 -0.056759 0.002550
v -0.032435 -0.430279 0.014150
v -0.032838 -0.039879 0.013550
v 0.011985 -0.373619 0.014150
v -0.018170 -0.056749 0.002550
v -0.005208 -0.367749 0.002550
v -0.005458 -0.041769 0.014050
v -0.005208 -0.342589 0.002550
v -0.003215 -0.320589 0.013850
v 0.011641 -0.334299 0.014050
v -0.018170 -0.330329 0.002550

vn 0.456693 0.275591 -0.850394 
vn 0.519685 -0.15748 -0.84252 
vn 0.409449 -0.275591 -0.874016 
vn 0.456693 0.275591 0.850394 
vn 0.519685 -0.15748 0.84252 
vn 0.409449 -0.275591 0.874016 
vn 0.866142 0.503937 0 
vn 0.866142 0.503937 0 
vn 0.952756 -0.299213 0 
vn 0.952756 -0.299213 0 
vn 0.952756 -0.307087 0 
vn 0.952756 -0.307087 0 
vn 0.834646 -0.551181 0 
vn 0.834646 -0.551181 0 
vn 0.606299 -0.795276 0 
vn 0.606299 -0.795276 0 
vn 0.944882 -0.330709 0 
vn 0.944882 -0.330709 0 
vn 0.96063 0.267717 0 
vn 0.96063 0.267717 0 
vn 0.992126 0.11811 0 
vn 0.440945 -0.897638 0 
vn 0.992126 0.11811 0 
vn 0.440945 -0.897638 0 
vn 0.968504 0.23622 0 
vn 0.944882 -0.322835 0 
vn 0.968504 0.23622 0 
vn 0.944882 -0.322835 0 
vn 0.425197 0.905512 0 
vn 0.913386 0.409449 0 
vn 0.425197 0.905512 0 
vn 0.913386 0.409449 0 
vn 0.724409 0.685039 0 
vn 0.913386 0.401575 0 
vn 0.724409 0.685039 0 
vn 0.913386 0.401575 0 
vn 0.866142 0.503937 0 
vn 0.866142 0.503937 0 
vn 0.952756 -0.299213 0 
vn 0.952756 -0.299213 0 
vn 0.952756 -0.307087 0 
vn 0.952756 -0.307087 0 
vn 0.834646 -0.551181 0 
vn 0.834646 -0.551181 0 
vn 0.606299 -0.795276 0 
vn 0.606299 -0.795276 0 
vn 0.944882 -0.330709 0 
vn 0.944882 -0.330709 0 
vn 0.96063 0.267717 0 
vn 0.96063 0.267717 0 
vn 0.992126 0.11811 0 
vn 0.440945 -0.897638 0 
vn 0.992126 0.11811 0 
vn 0.440945 -0.897638 0 
vn 0.968504 0.23622 0 
vn 0.944882 -0.322835 0 
vn 0.968504 0.23622 0 
vn 0.944882 -0.322835 0 
vn 0.425197 0.905512 0 
vn 0.913386 0.409449 0 
vn 0.425197 0.905512 0 
vn 0.913386 0.409449 0 
vn 0.724409 0.685039 0 
vn 0.913386 0.401575 0 
vn 0.724409 0.685039 0 
vn 0.913386 0.401575 0 
vn 0 -1 0 
vn 0.866142 -0.496063 0 
vn 0.866142 -0.496063 0 
vn 0.866142 0.496063 0 
vn 0.866142 0.496063 0 
vn 0.866142 -0.496063 0 
vn 0.866142 -0.496063 0 
vn 0.866142 0.496063 0 
vn -0.496063 -0.866142 0 
vn -0.496063 -0.866142 0 
vn 0.866142 0.496063 0 
vn 0 1 0 
vn 0 1 0 
vn 0 -1 0 
vn 0.866142 -0.496063 0 
vn 0.866142 -0.496063 0 
vn 0.866142 0.496063 0 
vn 0.866142 0.496063 0 
vn -0.92126 0.385827 0 
vn -0.92126 -0.385827 0 
vn 0.92126 0.385827 0 
vn 0.92126 0.385827 0 
vn 0.92126 -0.385827 0 
vn 0.92126 -0.385827 0 
vn -0.92126 -0.385827 0 
vn -0.92126 0.385827 0 
vn 0.92126 -0.385827 0 
vn 0.92126 -0.385827 0 
vn 0.92126 0.385827 0 
vn 0.92126 0.385827 0 
vn 0.866142 -0.496063 0 
vn -0.496063 -0.866142 0 
vn -0.496063 -0.866142 0 
vn 0.866142 -0.496063 0 
vn 0.866142 0.496063 0 
vn 0.866142 0.496063 0 
vn 0 1 0 
vn 0 1 0 
vn -0.88189 -0.464567 0 
vn 0.88189 0.464567 0 
vn 0.88189 0.464567 0 
vn 0.88189 -0.464567 0 
vn 0.88189 -0.464567 0 
vn -0.88189 -0.464567 0 
vn 0.88189 -0.464567 0 
vn 0.88189 -0.464567 0 
vn 0.88189 0.464567 0 
vn 0.88189 0.464567 0 
vn 0.456693 0.275591 -0.850394 
vn 0.456693 0.259843 -0.850394 
vn -0.433071 0.283465 -0.858268 
vn -0.448819 0.251969 -0.858268 
vn 0.456693 0.275591 0.850394 
vn 0.456693 0.259843 0.850394 
vn -0.433071 0.283465 0.858268 
vn -0.448819 0.251969 0.858268 
vn -0.866142 0.503937 0 
vn -0.866142 0.503937 0 
vn 0 1 0 
vn 0 1 0 
vn 0.866142 0.503937 0 
vn 0.866142 0.503937 0 
vn -0.913386 0.401575 0 
vn -0.913386 0.401575 0 
vn -0.913386 0.409449 0 
vn -0.913386 0.409449 0 
vn 0.425197 0.905512 0 
vn 0.913386 0.409449 0 
vn 0.425197 0.905512 0 
vn 0.913386 0.409449 0 
vn 0.724409 0.685039 0 
vn 0.913386 0.401575 0 
vn 0.724409 0.685039 0 
vn 0.913386 0.401575 0 
vn -0.866142 0.503937 0 
vn -0.866142 0.503937 0 
vn 0 1 0 
vn 0 1 0 
vn 0.866142 0.503937 0 
vn 0.866142 0.503937 0 
vn -0.913386 0.401575 0 
vn -0.913386 0.401575 0 
vn -0.913386 0.409449 0 
vn -0.913386 0.409449 0 
vn 0.425197 0.905512 0 
vn 0.913386 0.409449 0 
vn 0.425197 0.905512 0 
vn 0.913386 0.409449 0 
vn 0.724409 0.685039 0 
vn 0.913386 0.401575 0 
vn 0.724409 0.685039 0 
vn 0.913386 0.401575 0 
vn -0.866142 -0.496063 0 
vn 0.866142 0.496063 0 
vn -0.866142 -0.496063 0 
vn 0.866142 0.496063 0 
vn -0.866142 0.496063 0 
vn 0 1 0 
vn -0.866142 0.496063 0 
vn 0 1 0 
vn 0.866142 -0.496063 0 
vn 0.866142 0.496063 0 
vn 0.866142 0.496063 0 
vn 0 1 0 
vn 0 1 0 
vn -0.866142 0.496063 0 
vn -0.866142 0.496063 0 
vn -1 0 0 
vn -1 0 0 
vn 0.866142 0.496063 0 
vn 0.866142 0.496063 0 
vn -0.866142 -0.496063 0 
vn 0 1 0 
vn -0.866142 -0.496063 0 
vn 0 1 0 
vn -0.866142 0.496063 0 
vn -0.866142 0.496063 0 
vn -0.92126 0.385827 0 
vn -0.92126 0.385827 0 
vn 0 1 0 
vn 0 1 0 
vn 0.92126 0.385827 0 
vn 0.92126 0.385827 0 
vn -0.92126 0.385827 0 
vn -0.92126 0.385827 0 
vn 0 1 0 
vn 0 1 0 
vn 0.92126 0.385827 0 
vn 0.92126 0.385827 0 
vn 0.866142 -0.496063 0 
vn 0.866142 0.496063 0 
vn 0.866142 0.496063 0 
vn 0 1 0 
vn 0 1 0 
vn -0.866142 0.496063 0 
vn -0.866142 0.496063 0 
vn -1 0 0 
vn -1 0 0 
vn -0.88189 0.464567 0 
vn -0.88189 0.464567 0 
vn 0 1 0 
vn 0 1 0 
vn 0.88189 0.464567 0 
vn 0.88189 0.464567 0 
vn -0.88189 0.464567 0 
vn -0.88189 0.464567 0 
vn 0 1 0 
vn 0 1 0 
vn 0.88189 0.464567 0 
vn 0.88189 0.464567 0 
vn 0 0 1 
vn 0 0 1 
vn 0 0 1 
vn 0 0 1 
vn 0 0 1 
vn 0 0 1 
vn 0 0 1 
vn 0 0 1 
vn 0 0 1 
vn 0 0 1 
vn 0 0 1 
vn 0 0 1 
vn 0 0 1 
vn 0 0 1 
vn 0 0 1 
vn 0 0 1 
vn 0 0 1 
vn 0 0 1 
vn 0 0 1 
vn 0 0 1 
vn 0 0 1 
vn 0 0 1 
vn 0 0 1 
vn 0 0 1 
vn 0 0 1 
vn 0 0 1 
vn 0 0 1 
vn 0 0 1 
vn 0 0 1 
vn 0 0 1 
vn 0 0 1 
vn 0 0 1 
vn 0 0 1 
vn 0 0 1 
vn 0 0 1 
vn 0 0 1 
vn 0 0 1 
vn 0 0 1 
vn 0 0 1 
vn 0 0 1 
vn 0 0 1 
vn 0 0 1 
vn 0 0 1 
vn 0 0 1 
vn 0 0 1 
vn 0 0 1 
vn 0 0 1 
vn 0 0 1 
vn 0 0 1 
vn 0 0 1 
vn 0 0 1 
vn 0.519685 -0.15748 0.84252 
vn 0.456693 0.275591 0.850394 
vn 0.519685 -0.15748 0.84252 
vn 0.456693 0.259843 0.850394 
vn 0.519685 -0.15748 0.84252 
vn 0 0.543307 0.84252 
vn 0.519685 -0.15748 0.84252 
vn 0 0.543307 0.84252 
vn 0.409449 -0.275591 0.874016 
vn -0.433071 0.283465 0.858268 
vn 0.409449 -0.275591 0.874016 
vn -0.448819 0.251969 0.858268 
vn 0.322835 -0.433071 0.84252 
vn -0.503937 -0.141732 0.850394 
vn 0.322835 -0.433071 0.84252 
vn -0.503937 -0.165354 0.850394 
vn 0.496063 -0.173228 0.850394 
vn -0.511811 -0.15748 0.84252 
vn 0.496063 -0.173228 0.850394 
vn -0.511811 -0.15748 0.84252 
vn 0.519685 0.141732 0.84252 
vn -0.511811 -0.149606 0.84252 
vn 0.519685 0.141732 0.84252 
vn -0.511811 -0.149606 0.84252 
vn 0.519685 0.0629921 0.850394 
vn -0.511811 -0.149606 0.850394 
vn 0.519685 0.0629921 0.850394 
vn -0.511811 -0.149606 0.850394 
vn 0.496063 0.11811 0.858268 
vn -0.503937 0.133858 0.850394 
vn 0.496063 0.11811 0.858268 
vn -0.503937 0.133858 0.850394 
vn 0.220472 0.488189 0.84252 
vn -0.519685 0.125984 0.850394 
vn 0.228346 0.480315 0.84252 
vn -0.503937 0.141732 0.850394 
vn 0.370079 0.307087 0.874016 
vn -0.472441 0.188976 0.858268 
vn 0.330709 0.338583 0.88189 
vn -0.472441 0.19685 0.858268 
vn 0.527559 0.188976 0.826772 
vn -0.480315 0.181102 0.858268 
vn 0.503937 0.228346 0.834646 
vn -0.472441 0.19685 0.858268 
vn 0.480315 0.19685 0.850394 
vn -0.511811 -0.173228 0.84252 
vn 0.480315 0.204724 0.850394 
vn -0.511811 -0.173228 0.84252 
vn 0.511811 -0.173228 0.84252 
vn -0.228346 -0.472441 0.850394 
vn 0.511811 -0.173228 0.84252 
vn -0.228346 -0.472441 0.850394 
vn 0.228346 -0.472441 0.850394 
vn 0.228346 -0.472441 0.850394 
vn -0.440945 -0.897638 0 
vn 0.992126 0.11811 0 
vn 0.440945 -0.897638 0 
vn 0.968504 0.23622 0 
vn 0.944882 -0.322835 0 
vn 0.944882 -0.322835 0 
vn 0.425197 0.905512 0 
vn 0.724409 0.685039 0 
vn 0.866142 0.503937 0 
vn 0.866142 -0.496063 0 
vn 0.866142 -0.496063 0 
vn 0.866142 0.496063 0 
vn 0 1 0 
vn -1 0 0 
vn -0.92126 0.385827 0 
vn -0.496063 -0.866142 0 
vn 0.866142 -0.496063 0 
vn 0 1 0 
vn -0.88189 -0.464567 0 
vn 0.88189 0.464567 0 
vn 0.88189 0.464567 0 
vn 0.88189 -0.464567 0 
vn 0 0 1 
vn 0 0 1 
vn 0 0 1 
vn 0 0 1 
vn 0 0 1 
vn 0 0 1 
vn 0 0 1 
vn 0 0 1 
vn 0 0 1 
vn 0 0 1 
vn 0 0 1 
vn 0 0 1 
vn 0 0 1 
vn 0 0 1 
vn 0 0 1 
vn 0 0 1 
vn 0 0 1 
vn 0 0 1 
vn 0 0 1 
vn 0 0 1 
vn 0 0 1 
vn 0 0 1 
vn 0 0 1 
vn 0 0 1 
vn 0 0 1 
vn 0 0 1 
vn 0 0 1 
vn 0 0 1 
vn 0 0 1 
vn 0 0 1 
vn 0 0 1 
vn 0 0 1 
vn 0 0 1 
vn 0 0 1 
vn 0 0 1 
vn 0 0 1 
vn 0 0 1 
vn 0 0 1 
vn 0 0 1 
vn 0 0 1 
vn 0 0 1 
vn 0 0 1 
vn 0 0 1 
vn 0 0 1 
vn 0 0 1 
vn 0 0 1 
vn 0 0 1 
vn 0 0 1 
vn 0 0 1 
vn 0 0 1 
vn 0 0 1 
vn -0.503937 -0.141732 0.850394 
vn -0.433071 0.283465 0.858268 
vn -0.448819 0.251969 0.858268 
vn 0 0.543307 0.84252 
vn -0.503937 -0.165354 0.850394 
vn 0 0.543307 0.84252 
vn -0.511811 -0.15748 0.84252 
vn 0.456693 0.275591 0.850394 
vn -0.511811 -0.15748 0.84252 
vn 0.456693 0.259843 0.850394 
vn -0.511811 -0.149606 0.84252 
vn 0.519685 -0.15748 0.84252 
vn -0.511811 -0.149606 0.84252 
vn 0.519685 -0.15748 0.84252 
vn -0.511811 -0.149606 0.850394 
vn 0.519685 -0.15748 0.84252 
vn -0.511811 -0.149606 0.850394 
vn 0.519685 -0.15748 0.84252 
vn -0.503937 0.133858 0.850394 
vn 0.409449 -0.275591 0.874016 
vn -0.503937 0.133858 0.850394 
vn 0.409449 -0.275591 0.874016 
vn -0.519685 0.125984 0.850394 
vn 0.322835 -0.433071 0.84252 
vn -0.503937 0.141732 0.850394 
vn 0.322835 -0.433071 0.84252 
vn -0.472441 0.188976 0.858268 
vn 0.496063 -0.173228 0.850394 
vn -0.472441 0.19685 0.858268 
vn 0.496063 -0.173228 0.850394 
vn -0.480315 0.181102 0.858268 
vn 0.519685 0.141732 0.84252 
vn -0.472441 0.19685 0.858268 
vn 0.519685 0.141732 0.84252 
vn -0.511811 -0.173228 0.84252 
vn 0.519685 0.0629921 0.850394 
vn -0.511811 -0.173228 0.84252 
vn 0.519685 0.0629921 0.850394 
vn -0.228346 -0.472441 0.850394 
vn 0.496063 0.11811 0.858268 
vn -0.228346 -0.472441 0.850394 
vn 0.496063 0.11811 0.858268 
vn 0.228346 -0.472441 0.850394 
vn 0.220472 0.488189 0.84252 
vn 0.228346 -0.472441 0.850394 
vn 0.228346 0.480315 0.84252 
vn 0.511811 -0.173228 0.84252 
vn 0.370079 0.307087 0.874016 
vn 0.511811 -0.173228 0.84252 
vn 0.330709 0.338583 0.88189 
vn 0.480315 0.19685 0.850394 
vn 0.527559 0.188976 0.826772 
vn 0.480315 0.204724 0.850394 
vn 0.503937 0.228346 0.834646 
vn -0.952756 -0.299213 0 
vn -0.866142 0.503937 0 
vn -0.952756 -0.299213 0 
vn -0.952756 -0.299213 0 
vn -0.866142 0.503937 0 
vn -0.952756 -0.299213 0 
vn -0.96063 -0.283465 0 
vn -0.96063 -0.283465 0 
vn -0.96063 -0.283465 0 
vn -0.96063 -0.283465 0 
vn -0.96063 0.283465 0 
vn -0.96063 0.283465 0 
vn -0.96063 0.291339 0 
vn -0.96063 0.291339 0 
vn -0.913386 0.401575 0 
vn -0.913386 0.401575 0 
vn -0.913386 0.409449 0 
vn -0.913386 0.409449 0 
vn -0.944882 -0.322835 0 
vn -0.944882 -0.322835 0 
vn -0.440945 -0.897638 0 
vn -0.440945 -0.897638 0 
vn -0.866142 0.503937 0 
vn -0.952756 -0.299213 0 
vn -0.952756 -0.299213 0 
vn -0.952756 -0.299213 0 
vn -0.866142 0.503937 0 
vn -0.952756 -0.299213 0 
vn -0.96063 -0.283465 0 
vn -0.96063 -0.283465 0 
vn -0.96063 -0.283465 0 
vn -0.96063 -0.283465 0 
vn -0.96063 0.283465 0 
vn -0.96063 0.283465 0 
vn -0.96063 0.291339 0 
vn -0.96063 0.291339 0 
vn -0.913386 0.401575 0 
vn -0.913386 0.401575 0 
vn -0.913386 0.409449 0 
vn -0.913386 0.409449 0 
vn -0.944882 -0.322835 0 
vn -0.944882 -0.322835 0 
vn -0.440945 -0.897638 0 
vn -0.440945 -0.897638 0 
vn -0.866142 -0.496063 0 
vn -0.866142 -0.496063 0 
vn -0.866142 0.496063 0 
vn -0.866142 0.496063 0 
vn 0 1 0 
vn 0 1 0 
vn -0.866142 0.496063 0 
vn -0.866142 0.496063 0 
vn -1 0 0 
vn -1 0 0 
vn -0.866142 -0.496063 0 
vn -0.866142 -0.496063 0 
vn -0.866142 0.496063 0 
vn -0.866142 0.496063 0 
vn -0.92126 0.385827 0 
vn -0.92126 -0.385827 0 
vn -0.92126 0.385827 0 
vn -0.92126 -0.385827 0 
vn 0.92126 0.385827 0 
vn 0.92126 -0.385827 0 
vn -0.92126 0.385827 0 
vn -0.92126 -0.385827 0 
vn -0.92126 -0.385827 0 
vn -0.92126 0.385827 0 
vn 0.92126 0.385827 0 
vn 0 1 0 
vn 0 1 0 
vn -0.866142 0.496063 0 
vn -0.866142 0.496063 0 
vn -1 0 0 
vn -1 0 0 
vn -0.88189 0.464567 0 
vn -0.88189 0.464567 0 
vn -0.88189 -0.464567 0 
vn -0.88189 -0.464567 0 
vn -0.88189 0.464567 0 
vn -0.88189 -0.464567 0 
vn -0.88189 -0.464567 0 
vn -0.88189 0.464567 0 
vn -0.511811 -0.173228 -0.84252 
vn -0.228346 -0.472441 -0.850394 
vn 0.228346 -0.472441 -0.850394 
vn -0.511811 -0.173228 0.84252 
vn -0.511811 -0.173228 0.84252 
vn 0.511811 -0.173228 0.84252 
vn -0.228346 -0.472441 0.850394 
vn 0.511811 -0.173228 0.84252 
vn 0.228346 -0.472441 0.850394 
vn 0.834646 -0.551181 0 
vn 0.834646 -0.551181 0 
vn 0.606299 -0.795276 0 
vn 0.606299 -0.795276 0 
vn -0.944882 -0.322835 0 
vn -0.440945 -0.897638 0 
vn -0.440945 -0.897638 0 
vn 0.440945 -0.897638 0 
vn 0.440945 -0.897638 0 
vn 0.944882 -0.322835 0 
vn 0.944882 -0.322835 0 
vn 0.834646 -0.551181 0 
vn 0.834646 -0.551181 0 
vn 0.606299 -0.795276 0 
vn 0.606299 -0.795276 0 
vn -0.944882 -0.322835 0 
vn -0.440945 -0.897638 0 
vn -0.440945 -0.897638 0 
vn 0.440945 -0.897638 0 
vn 0.440945 -0.897638 0 
vn 0.944882 -0.322835 0 
vn 0.944882 -0.322835 0 
vn 0 -1 0 
vn 0 -1 0 
vn 0.866142 -0.496063 0 
vn 0.866142 -0.496063 0 
vn -0.866142 -0.496063 0 
vn -0.866142 -0.496063 0 
vn 0.866142 0.496063 0 
vn 0 -1 0 
vn 0.866142 -0.496063 0 
vn 0.866142 -0.496063 0 
vn 0 -1 0 
vn -0.496063 -0.866142 0 
vn -0.496063 -0.866142 0 
vn 0 -1 0 
vn 0.866142 -0.496063 0 
vn 0.866142 -0.496063 0 
vn 0 -1 0 
vn 0.866142 0.496063 0 
vn -0.866142 -0.496063 0 
vn -0.866142 -0.496063 0 
vn -0.92126 -0.385827 0 
vn -0.92126 -0.385827 0 
vn 0 -1 0 
vn 0 -1 0 
vn 0.92126 -0.385827 0 
vn 0.92126 -0.385827 0 
vn -0.92126 -0.385827 0 
vn -0.92126 -0.385827 0 
vn 0 -1 0 
vn 0 -1 0 
vn 0.92126 -0.385827 0 
vn 0.92126 -0.385827 0 
vn 0 -1 0 
vn 0 -1 0 
vn 0.866142 -0.496063 0 
vn -0.496063 -0.866142 0 
vn -0.496063 -0.866142 0 
vn 0.866142 -0.496063 0 
vn -0.88189 -0.464567 0 
vn -0.88189 -0.464567 0 
vn 0 -1 0 
vn 0 -1 0 
vn 0.88189 -0.464567 0 
vn 0.88189 -0.464567 0 
vn -0.88189 -0.464567 0 
vn -0.88189 -0.464567 0 
vn 0 -1 0 
vn 0 -1 0 
vn 0.88189 -0.464567 0 
vn 0.88189 -0.464567 0 
vn 0 0 -1 
vn 0 0 -1 
vn 0 0 -1 
vn 0 0 -1 
vn 0 0 -1 
vn 0 0 -1 
vn 0 0 -1 
vn 0 0 -1 
vn 0 0 -1 
vn 0 0 -1 
vn 0 0 -1 
vn 0 0 -1 
vn 0 0 -1 
vn 0 0 -1 
vn 0 0 -1 
vn 0 0 -1 
vn 0 0 -1 
vn 0 0 -1 
vn 0 0 -1 
vn 0 0 -1 
vn 0 0 -1 
vn 0 0 -1 
vn 0 0 -1 
vn 0 0 -1 
vn 0 0 -1 
vn 0 0 -1 
vn 0 0 -1 
vn 0 0 -1 
vn 0 0 -1 
vn 0 0 -1 
vn 0 0 -1 
vn 0 0 -1 
vn 0 0 -1 
vn 0 0 -1 
vn 0 0 -1 
vn 0 0 -1 
vn 0 0 -1 
vn 0 0 -1 
vn 0 0 -1 
vn 0 0 -1 
vn 0 0 -1 
vn 0 0 -1 
vn 0 0 -1 
vn 0 0 -1 
vn 0 0 -1 
vn 0 0 -1 
vn 0 0 -1 
vn 0 0 -1 
vn 0 0 -1 
vn 0 0 -1 
vn 0 0 -1 
vn 0.456693 0.275591 -0.850394 
vn 0.519685 -0.15748 -0.84252 
vn 0.519685 -0.15748 -0.84252 
vn 0.456693 0.259843 -0.850394 
vn 0.519685 -0.15748 -0.84252 
vn 0 0.543307 -0.84252 
vn 0.519685 -0.15748 -0.84252 
vn 0 0.543307 -0.84252 
vn 0.409449 -0.275591 -0.874016 
vn -0.433071 0.283465 -0.858268 
vn 0.409449 -0.275591 -0.874016 
vn -0.448819 0.251969 -0.858268 
vn 0.322835 -0.433071 -0.84252 
vn -0.503937 -0.141732 -0.850394 
vn 0.322835 -0.433071 -0.84252 
vn -0.503937 -0.165354 -0.850394 
vn 0.496063 -0.173228 -0.850394 
vn -0.511811 -0.15748 -0.84252 
vn 0.496063 -0.173228 -0.850394 
vn -0.511811 -0.15748 -0.84252 
vn 0.519685 0.141732 -0.84252 
vn -0.511811 -0.149606 -0.84252 
vn 0.519685 0.141732 -0.84252 
vn -0.511811 -0.149606 -0.84252 
vn 0.519685 0.0629921 -0.850394 
vn -0.511811 -0.149606 -0.850394 
vn 0.519685 0.0629921 -0.850394 
vn -0.511811 -0.149606 -0.850394 
vn 0.496063 0.11811 -0.858268 
vn -0.503937 0.133858 -0.850394 
vn 0.496063 0.11811 -0.858268 
vn -0.503937 0.133858 -0.850394 
vn 0.220472 0.488189 -0.84252 
vn -0.519685 0.125984 -0.850394 
vn 0.228346 0.480315 -0.84252 
vn -0.503937 0.141732 -0.850394 
vn 0.370079 0.307087 -0.874016 
vn -0.472441 0.188976 -0.858268 
vn 0.330709 0.338583 -0.88189 
vn -0.472441 0.19685 -0.858268 
vn 0.527559 0.188976 -0.826772 
vn -0.480315 0.181102 -0.858268 
vn 0.503937 0.228346 -0.834646 
vn -0.472441 0.19685 -0.858268 
vn 0.480315 0.19685 -0.850394 
vn -0.511811 -0.173228 -0.84252 
vn 0.480315 0.204724 -0.850394 
vn -0.511811 -0.173228 -0.84252 
vn 0.511811 -0.173228 -0.84252 
vn -0.228346 -0.472441 -0.850394 
vn 0.511811 -0.173228 -0.84252 
vn -0.228346 -0.472441 -0.850394 
vn 0.228346 -0.472441 -0.850394 
vn 0.228346 -0.472441 -0.850394 
vn 0.968504 0.23622 0 
vn 0.944882 -0.322835 0 
vn 0.866142 0.503937 0 
vn -0.440945 -0.897638 0 
vn 0.992126 0.11811 0 
vn 0.440945 -0.897638 0 
vn 0.944882 -0.322835 0 
vn 0.425197 0.905512 0 
vn 0.724409 0.685039 0 
vn 0.866142 -0.496063 0 
vn 0.866142 -0.496063 0 
vn 0.866142 0.496063 0 
vn -0.496063 -0.866142 0 
vn 0 1 0 
vn -0.92126 0.385827 0 
vn 0.866142 -0.496063 0 
vn 0 1 0 
vn -1 0 0 
vn -0.88189 -0.464567 0 
vn 0.88189 0.464567 0 
vn 0.88189 0.464567 0 
vn 0.88189 -0.464567 0 
vn 0 0 -1 
vn 0 0 -1 
vn 0 0 -1 
vn 0 0 -1 
vn 0 0 -1 
vn 0 0 -1 
vn 0 0 -1 
vn 0 0 -1 
vn 0 0 -1 
vn 0 0 -1 
vn 0 0 -1 
vn 0 0 -1 
vn 0 0 -1 
vn 0 0 -1 
vn 0 0 -1 
vn 0 0 -1 
vn 0 0 -1 
vn 0 0 -1 
vn 0 0 -1 
vn 0 0 -1 
vn 0 0 -1 
vn 0 0 -1 
vn 0 0 -1 
vn 0 0 -1 
vn 0 0 -1 
vn 0 0 -1 
vn 0 0 -1 
vn 0 0 -1 
vn 0 0 -1 
vn 0 0 -1 
vn 0 0 -1 
vn 0 0 -1 
vn 0 0 -1 
vn 0 0 -1 
vn 0 0 -1 
vn 0 0 -1 
vn 0 0 -1 
vn 0 0 -1 
vn 0 0 -1 
vn 0 0 -1 
vn 0 0 -1 
vn 0 0 -1 
vn 0 0 -1 
vn 0 0 -1 
vn 0 0 -1 
vn 0 0 -1 
vn 0 0 -1 
vn 0 0 -1 
vn 0 0 -1 
vn 0 0 -1 
vn 0 0 -1 
vn 0.519685 0.0629921 0.850394 
vn 0.228346 0.480315 0.84252 
vn 0.370079 0.307087 0.874016 
vn -0.433071 0.283465 -0.858268 
vn -0.503937 -0.141732 -0.850394 
vn -0.448819 0.251969 -0.858268 
vn 0 0.543307 -0.84252 
vn -0.503937 -0.165354 -0.850394 
vn 0 0.543307 -0.84252 
vn -0.511811 -0.15748 -0.84252 
vn 0.456693 0.275591 -0.850394 
vn -0.511811 -0.15748 -0.84252 
vn 0.456693 0.259843 -0.850394 
vn -0.511811 -0.149606 -0.84252 
vn 0.519685 -0.15748 -0.84252 
vn -0.511811 -0.149606 -0.84252 
vn 0.519685 -0.15748 -0.84252 
vn -0.511811 -0.149606 -0.850394 
vn 0.519685 -0.15748 -0.84252 
vn -0.511811 -0.149606 -0.850394 
vn 0.519685 -0.15748 -0.84252 
vn -0.503937 0.133858 -0.850394 
vn 0.409449 -0.275591 -0.874016 
vn -0.503937 0.133858 -0.850394 
vn 0.409449 -0.275591 -0.874016 
vn -0.519685 0.125984 -0.850394 
vn 0.322835 -0.433071 -0.84252 
vn -0.503937 0.141732 -0.850394 
vn 0.322835 -0.433071 -0.84252 
vn -0.472441 0.188976 -0.858268 
vn 0.496063 -0.173228 -0.850394 
vn -0.472441 0.19685 -0.858268 
vn 0.496063 -0.173228 -0.850394 
vn -0.480315 0.181102 -0.858268 
vn 0.519685 0.141732 -0.84252 
vn -0.472441 0.19685 -0.858268 
vn 0.519685 0.141732 -0.84252 
vn -0.511811 -0.173228 -0.84252 
vn 0.519685 0.0629921 -0.850394 
vn -0.511811 -0.173228 -0.84252 
vn 0.519685 0.0629921 -0.850394 
vn -0.228346 -0.472441 -0.850394 
vn 0.496063 0.11811 -0.858268 
vn -0.228346 -0.472441 -0.850394 
vn 0.496063 0.11811 -0.858268 
vn 0.228346 -0.472441 -0.850394 
vn 0.220472 0.488189 -0.84252 
vn 0.228346 -0.472441 -0.850394 
vn 0.228346 0.480315 -0.84252 
vn 0.511811 -0.173228 -0.84252 
vn 0.370079 0.307087 -0.874016 
vn 0.511811 -0.173228 -0.84252 
vn 0.330709 0.338583 -0.88189 
vn 0.480315 0.19685 -0.850394 
vn 0.527559 0.188976 -0.826772 
vn 0.480315 0.204724 -0.850394 
vn 0.503937 0.228346 -0.834646 

vt 0.0415748 1.02128 
vt 0.038782 1.00559 
vt 0.0415748 0.960132 
vt 0.0159998 1.02128 
vt 0.0187925 1.00559 
vt 0.0159998 0.960132 
vt 0.032335 1.0234 
vt 0.0386678 1.0234 
vt 0.0386745 1.01061 
vt 0.032328 1.01061 
vt 0.0322208 1.00559 
vt 0.038782 1.00559 
vt 0.0322948 0.957337 
vt 0.038708 0.957337 
vt 0.038768 0.955641 
vt 0.0322348 0.955641 
vt 0.0388038 0.95081 
vt 0.0321988 0.95081 
vt 0.0322308 0.946291 
vt 0.038772 0.946291 
vt 0.0386798 0.939849 
vt 0.0323205 0.817202 
vt 0.032323 0.939849 
vt 0.038682 0.817202 
vt 0.0321305 0.918222 
vt 0.0386748 0.831367 
vt 0.0388723 0.918222 
vt 0.0323278 0.831367 
vt 0.0321863 0.914801 
vt 0.0323033 0.841196 
vt 0.0388165 0.914801 
vt 0.0386995 0.841196 
vt 0.0387048 0.914328 
vt 0.0387585 0.844623 
vt 0.0322978 0.914328 
vt 0.0322443 0.844623 
vt 0.0252395 1.0234 
vt 0.0189068 1.0234 
vt 0.0189 1.01061 
vt 0.0252465 1.01061 
vt 0.0253538 1.00559 
vt 0.0187925 1.00559 
vt 0.0252798 0.957337 
vt 0.0188665 0.957337 
vt 0.0188065 0.955641 
vt 0.0253398 0.955641 
vt 0.0187708 0.95081 
vt 0.0253758 0.95081 
vt 0.0253438 0.946291 
vt 0.0188025 0.946291 
vt 0.0188948 0.939849 
vt 0.025254 0.817202 
vt 0.0252515 0.939849 
vt 0.0188925 0.817202 
vt 0.025444 0.918222 
vt 0.0188998 0.831367 
vt 0.0187023 0.918222 
vt 0.0252468 0.831367 
vt 0.0253883 0.914801 
vt 0.0252713 0.841196 
vt 0.018758 0.914801 
vt 0.018875 0.841196 
vt 0.0188698 0.914328 
vt 0.018816 0.844623 
vt 0.0252768 0.914328 
vt 0.0253303 0.844623 
vt 0.029428 1.02463 
vt 0.0415748 1.02046 
vt 0.029428 1.02046 
vt 0.029428 1.01214 
vt 0.0415748 1.01214 
vt 0.029428 0.838296 
vt 0.0415748 0.838296 
vt 0.029428 0.829968 
vt 0.0415748 0.838296 
vt 0.029428 0.838296 
vt 0.0415748 0.829968 
vt 0.029428 0.825803 
vt 0.0415748 0.825803 
vt 0.0281465 1.02463 
vt 0.0159998 1.02046 
vt 0.0281465 1.02046 
vt 0.0281465 1.01214 
vt 0.0159998 1.01214 
vt 0.0415748 0.862496 
vt 0.029428 0.891656 
vt 0.0415748 0.862496 
vt 0.029428 0.862496 
vt 0.0415748 0.891656 
vt 0.029428 0.891656 
vt 0.0281465 0.891656 
vt 0.0159998 0.862496 
vt 0.0159998 0.891656 
vt 0.0281465 0.891656 
vt 0.0159998 0.862496 
vt 0.0281465 0.862496 
vt 0.0281465 0.838296 
vt 0.0159998 0.838296 
vt 0.0281465 0.838296 
vt 0.0159998 0.838296 
vt 0.0281465 0.829968 
vt 0.0159998 0.829968 
vt 0.0281465 0.825803 
vt 0.0159998 0.825803 
vt 0.0415748 0.994782 
vt 0.0415748 0.97437 
vt 0.029428 0.97437 
vt 0.0415748 0.994782 
vt 0.029428 0.994782 
vt 0.0159998 0.994782 
vt 0.0159998 0.994782 
vt 0.0281465 0.994782 
vt 0.0159998 0.97437 
vt 0.0281465 0.97437 
vt 0.0177832 0.911984 
vt 0.0136839 0.914891 
vt 0.0394997 0.911984 
vt 0.0438902 0.914858 
vt 0.0177832 0.937559 
vt 0.0136839 0.934652 
vt 0.0394997 0.937559 
vt 0.0438902 0.934685 
vt 0.0438902 0.921257 
vt 0.0438902 0.914858 
vt 0.0287874 0.921201 
vt 0.0287874 0.914914 
vt 0.0136839 0.921224 
vt 0.0136839 0.914891 
vt 0.0404399 0.921417 
vt 0.0404399 0.914697 
vt 0.0442052 0.914849 
vt 0.0442054 0.921266 
vt 0.0244847 0.921373 
vt 0.0133649 0.921256 
vt 0.0244847 0.914742 
vt 0.0133649 0.914859 
vt 0.0176397 0.914854 
vt 0.0170789 0.9148 
vt 0.0176397 0.921261 
vt 0.0170789 0.921315 
vt 0.0438902 0.928286 
vt 0.0438902 0.934685 
vt 0.0287874 0.928342 
vt 0.0287874 0.934629 
vt 0.0136839 0.928319 
vt 0.0136839 0.934652 
vt 0.0404399 0.928126 
vt 0.0404399 0.934846 
vt 0.0442052 0.934695 
vt 0.0442054 0.928277 
vt 0.0244847 0.928171 
vt 0.0133649 0.928288 
vt 0.0244847 0.934801 
vt 0.0133649 0.934684 
vt 0.0176397 0.934689 
vt 0.0170789 0.934743 
vt 0.0176397 0.928282 
vt 0.0170789 0.928229 
vt 0.0215749 0.924131 
vt 0.0359999 0.924131 
vt 0.0215749 0.911984 
vt 0.0359999 0.911984 
vt 0.0215749 0.924131 
vt 0.0287874 0.924131 
vt 0.0215749 0.911984 
vt 0.0287874 0.911984 
vt 0.0359999 0.911984 
vt 0.0359999 0.924131 
vt 0.0359999 0.911984 
vt 0.0287874 0.924131 
vt 0.0287874 0.911984 
vt 0.0215749 0.924131 
vt 0.0215749 0.911984 
vt 0.0215749 0.924131 
vt 0.0215749 0.911984 
vt 0.0359999 0.925412 
vt 0.0359999 0.937559 
vt 0.0215749 0.925412 
vt 0.0287874 0.925412 
vt 0.0215749 0.937559 
vt 0.0287874 0.937559 
vt 0.0215749 0.925412 
vt 0.0215749 0.937559 
vt 0.0242874 0.924131 
vt 0.0242874 0.911984 
vt 0.0287874 0.911984 
vt 0.0287874 0.924131 
vt 0.0332874 0.911984 
vt 0.0332874 0.924131 
vt 0.0242874 0.925412 
vt 0.0242874 0.937559 
vt 0.0287874 0.937559 
vt 0.0287874 0.925412 
vt 0.0332874 0.937559 
vt 0.0332874 0.925412 
vt 0.0359999 0.937559 
vt 0.0359999 0.925412 
vt 0.0359999 0.937559 
vt 0.0287874 0.925412 
vt 0.0287874 0.937559 
vt 0.0215749 0.925412 
vt 0.0215749 0.937559 
vt 0.0215749 0.925412 
vt 0.0215749 0.937559 
vt 0.0242874 0.911984 
vt 0.0242874 0.924131 
vt 0.0287874 0.911984 
vt 0.0287874 0.924131 
vt 0.0332874 0.911984 
vt 0.0332874 0.924131 
vt 0.0242874 0.925412 
vt 0.0242874 0.937559 
vt 0.0287874 0.937559 
vt 0.0287874 0.925412 
vt 0.0332874 0.937559 
vt 0.0332874 0.925412 
vt 0.0180637 1.01156 
vt 0.0215747 1.02046 
vt 0.0180749 1.02149 
vt 0.0287872 1.02781 
vt 0.0215747 1.01214 
vt 0.0287872 1.02463 
vt 0.0359997 1.02046 
vt 0.0397914 1.02128 
vt 0.0397914 1.01196 
vt 0.0359997 1.01214 
vt 0.0212927 1.00693 
vt 0.0362819 1.00693 
vt 0.0287872 1.00797 
vt 0.0287872 0.997843 
vt 0.0242872 0.994782 
vt 0.0332872 0.994782 
vt 0.0242872 0.97437 
vt 0.0332872 0.97437 
vt 0.0212927 0.961356 
vt 0.0362819 0.960132 
vt 0.0287872 0.971308 
vt 0.0338344 0.959292 
vt 0.0237927 0.957451 
vt 0.0281317 0.952317 
vt 0.0281317 0.94509 
vt 0.0252939 0.917259 
vt 0.0316794 0.93925 
vt 0.0237927 0.912581 
vt 0.0314347 0.910582 
vt 0.0212697 0.90798 
vt 0.0287872 0.89603 
vt 0.0367569 0.910585 
vt 0.0242872 0.891656 
vt 0.0332872 0.891656 
vt 0.0242872 0.862496 
vt 0.0332872 0.862496 
vt 0.0212369 0.842564 
vt 0.0367569 0.84219 
vt 0.0287872 0.858122 
vt 0.0287872 0.84246 
vt 0.0359997 0.838296 
vt 0.0399974 0.839124 
vt 0.0215747 0.838296 
vt 0.0399974 0.832833 
vt 0.0175769 0.838879 
vt 0.0359997 0.829968 
vt 0.0175769 0.832833 
vt 0.0311454 0.821371 
vt 0.0215747 0.829968 
vt 0.0287872 0.825803 
vt 0.0264289 0.821371 
vt 0.0441117 1.01061 
vt 0.0397914 1.02128 
vt 0.0397914 1.01196 
vt 0.0438907 1.0234 
vt 0.0405502 1.00559 
vt 0.0287872 1.03234 
vt 0.0362819 1.00693 
vt 0.0287872 1.02781 
vt 0.0362819 0.960132 
vt 0.0180749 1.02149 
vt 0.0402357 0.957337 
vt 0.0136844 1.02338 
vt 0.0364074 0.955641 
vt 0.0134684 1.01063 
vt 0.0338344 0.959292 
vt 0.0180637 1.01156 
vt 0.0323582 0.95081 
vt 0.0170264 1.00559 
vt 0.0281317 0.952317 
vt 0.0212927 1.00693 
vt 0.0281317 0.94509 
vt 0.0212927 0.961356 
vt 0.0324287 0.946291 
vt 0.0169607 0.960088 
vt 0.0316794 0.93925 
vt 0.0195089 0.956198 
vt 0.0362457 0.939849 
vt 0.0237927 0.957451 
vt 0.0297442 0.918222 
vt 0.0237927 0.912581 
vt 0.0252939 0.917259 
vt 0.0195107 0.913808 
vt 0.0314347 0.910582 
vt 0.0212697 0.90798 
vt 0.0330899 0.914801 
vt 0.0169682 0.90995 
vt 0.0367569 0.910585 
vt 0.0171347 0.844639 
vt 0.0399349 0.914328 
vt 0.0212369 0.842564 
vt 0.0404957 0.844623 
vt 0.0175769 0.838879 
vt 0.0367569 0.84219 
vt 0.0133694 0.841198 
vt 0.0399974 0.839124 
vt 0.0132784 0.831367 
vt 0.0442097 0.841196 
vt 0.0175769 0.832833 
vt 0.0442962 0.831367 
vt 0.0264289 0.821371 
vt 0.0399974 0.832833 
vt 0.0243837 0.817202 
vt 0.0311454 0.821371 
vt 0.0331907 0.817202 
vt 0.0243837 0.817202 
vt 0.0362457 0.939849 
vt 0.0331907 0.817202 
vt 0.0297442 0.918222 
vt 0.0442962 0.831367 
vt 0.0442959 0.831367 
vt 0.0330899 0.914801 
vt 0.0399349 0.914328 
vt 0.0438907 1.0234 
vt 0.0215747 1.02046 
vt 0.0215747 0.838296 
vt 0.0215747 0.829968 
vt 0.0287872 0.825803 
vt 0.0359997 0.838296 
vt 0.0332872 0.862496 
vt 0.0359997 0.838296 
vt 0.0215747 0.838296 
vt 0.0287872 0.825803 
vt 0.0332872 0.994782 
vt 0.0242872 0.97437 
vt 0.0242872 0.97437 
vt 0.0242872 0.994782 
vt 0.0287872 1.02781 
vt 0.0215747 1.02046 
vt 0.0287872 1.02463 
vt 0.0359997 1.02046 
vt 0.0180749 1.02149 
vt 0.0397914 1.02128 
vt 0.0180637 1.01156 
vt 0.0397914 1.01196 
vt 0.0215747 1.01214 
vt 0.0359997 1.01214 
vt 0.0212927 1.00693 
vt 0.0362819 1.00693 
vt 0.0287872 1.00797 
vt 0.0287872 0.997843 
vt 0.0242872 0.994782 
vt 0.0332872 0.994782 
vt 0.0242872 0.97437 
vt 0.0332872 0.97437 
vt 0.0212927 0.961356 
vt 0.0362819 0.960132 
vt 0.0287872 0.971308 
vt 0.0338344 0.959292 
vt 0.0237927 0.957451 
vt 0.0281317 0.952317 
vt 0.0281317 0.94509 
vt 0.0252939 0.917259 
vt 0.0316794 0.93925 
vt 0.0237927 0.912581 
vt 0.0314347 0.910582 
vt 0.0212697 0.90798 
vt 0.0287872 0.89603 
vt 0.0367569 0.910585 
vt 0.0242872 0.891656 
vt 0.0332872 0.891656 
vt 0.0242872 0.862496 
vt 0.0332872 0.862496 
vt 0.0212369 0.842564 
vt 0.0367569 0.84219 
vt 0.0287872 0.858122 
vt 0.0287872 0.84246 
vt 0.0215747 0.838296 
vt 0.0359997 0.838296 
vt 0.0175769 0.838887 
vt 0.0399974 0.839124 
vt 0.0175769 0.832833 
vt 0.0399974 0.832833 
vt 0.0215747 0.829968 
vt 0.0359997 0.829968 
vt 0.0264289 0.821371 
vt 0.0311454 0.821371 
vt 0.0287872 0.825803 
vt 0.0134684 1.01063 
vt 0.0180749 1.02149 
vt 0.0136844 1.02338 
vt 0.0287872 1.03234 
vt 0.0180637 1.01156 
vt 0.0287872 1.02781 
vt 0.0170264 1.00559 
vt 0.0397914 1.02128 
vt 0.0212927 1.00693 
vt 0.0438907 1.0234 
vt 0.0212927 0.961356 
vt 0.0441117 1.01061 
vt 0.0169607 0.960088 
vt 0.0397914 1.01196 
vt 0.0195089 0.956198 
vt 0.0405502 1.00559 
vt 0.0237927 0.957451 
vt 0.0362819 1.00693 
vt 0.0237927 0.912581 
vt 0.0362819 0.960132 
vt 0.0195107 0.913808 
vt 0.0402357 0.957337 
vt 0.0212697 0.90798 
vt 0.0364072 0.955641 
vt 0.0169682 0.90995 
vt 0.0338344 0.959292 
vt 0.0171347 0.84464 
vt 0.0323582 0.95081 
vt 0.0212369 0.842564 
vt 0.0281317 0.952317 
vt 0.0175769 0.838887 
vt 0.0281317 0.94509 
vt 0.0133692 0.841198 
vt 0.0324284 0.946291 
vt 0.0132784 0.831367 
vt 0.0316794 0.93925 
vt 0.0175769 0.832833 
vt 0.0362457 0.939849 
vt 0.0264289 0.821371 
vt 0.0297442 0.918222 
vt 0.0243837 0.817202 
vt 0.0252939 0.917259 
vt 0.0311454 0.821371 
vt 0.0314347 0.910582 
vt 0.0331907 0.817202 
vt 0.0330899 0.914801 
vt 0.0442959 0.831367 
vt 0.0367569 0.910585 
vt 0.0399974 0.832833 
vt 0.0399349 0.914328 
vt 0.0399974 0.839124 
vt 0.0404957 0.844623 
vt 0.0442097 0.841196 
vt 0.0367569 0.84219 
vt 0.0252808 1.01063 
vt 0.0252725 1.02338 
vt 0.0188658 1.01063 
vt 0.025358 1.00559 
vt 0.018874 1.02338 
vt 0.0187883 1.00559 
vt 0.0252495 0.960088 
vt 0.0188968 0.960088 
vt 0.0187943 0.956198 
vt 0.0253523 0.956198 
vt 0.0253748 0.913808 
vt 0.0187718 0.913808 
vt 0.025266 0.90995 
vt 0.0188805 0.90995 
vt 0.025433 0.84464 
vt 0.018713 0.844639 
vt 0.0188643 0.841198 
vt 0.025282 0.841198 
vt 0.0188998 0.831367 
vt 0.0252468 0.831367 
vt 0.025254 0.817202 
vt 0.0188925 0.817202 
vt 0.032302 1.02338 
vt 0.0322938 1.01063 
vt 0.0387088 1.01063 
vt 0.0322165 1.00559 
vt 0.0387005 1.02338 
vt 0.0387863 1.00559 
vt 0.032325 0.960088 
vt 0.0386778 0.960088 
vt 0.0387803 0.956198 
vt 0.0322223 0.956198 
vt 0.0321998 0.913808 
vt 0.0388028 0.913808 
vt 0.0323085 0.90995 
vt 0.038694 0.90995 
vt 0.0321415 0.84464 
vt 0.0388615 0.844639 
vt 0.0387103 0.841198 
vt 0.0322925 0.841198 
vt 0.0386748 0.831367 
vt 0.0323278 0.831367 
vt 0.0323205 0.817202 
vt 0.038682 0.817202 
vt 0.0281465 1.02046 
vt 0.0159998 1.02046 
vt 0.0281465 1.01214 
vt 0.0159998 1.01214 
vt 0.0281465 0.825803 
vt 0.0159998 0.825803 
vt 0.0281465 0.829968 
vt 0.0159998 0.829968 
vt 0.0281465 0.838296 
vt 0.0159998 0.838296 
vt 0.029428 1.02046 
vt 0.0415748 1.02046 
vt 0.029428 1.01214 
vt 0.0415748 1.01214 
vt 0.0281465 0.862496 
vt 0.0159998 0.891656 
vt 0.0159998 0.862496 
vt 0.0281465 0.891656 
vt 0.0281465 0.862496 
vt 0.0159998 0.891656 
vt 0.029428 0.862496 
vt 0.0415748 0.891656 
vt 0.029428 0.891656 
vt 0.0415748 0.862496 
vt 0.029428 0.862496 
vt 0.029428 0.825803 
vt 0.0415748 0.825803 
vt 0.029428 0.829968 
vt 0.0415748 0.829968 
vt 0.029428 0.838296 
vt 0.0415748 0.838296 
vt 0.0159998 0.97437 
vt 0.0281465 0.97437 
vt 0.0159998 0.994782 
vt 0.0281465 0.994782 
vt 0.029428 0.97437 
vt 0.0415748 0.994782 
vt 0.029428 0.994782 
vt 0.0415748 0.97437 
vt 0.0132784 0.914884 
vt 0.0264289 0.911984 
vt 0.0331907 0.914877 
vt 0.0132784 0.934659 
vt 0.0175769 0.937559 
vt 0.0442962 0.934659 
vt 0.0264289 0.937559 
vt 0.0399974 0.937559 
vt 0.0331907 0.934666 
vt 0.0402357 0.921264 
vt 0.0402357 0.914851 
vt 0.0364074 0.914791 
vt 0.0364072 0.921324 
vt 0.0132784 0.914884 
vt 0.0243837 0.921238 
vt 0.0243837 0.914877 
vt 0.0331907 0.921238 
vt 0.0331907 0.914877 
vt 0.0442962 0.914884 
vt 0.0442959 0.921231 
vt 0.0402357 0.928279 
vt 0.0402357 0.934692 
vt 0.0364074 0.934752 
vt 0.0364072 0.928219 
vt 0.0132784 0.934659 
vt 0.0243837 0.928305 
vt 0.0243837 0.934666 
vt 0.0331907 0.928305 
vt 0.0331907 0.934666 
vt 0.0442962 0.934659 
vt 0.0442959 0.928312 
vt 0.0287872 0.911984 
vt 0.0287872 0.924131 
vt 0.0215747 0.911984 
vt 0.0215747 0.924131 
vt 0.0359997 0.924131 
vt 0.0359997 0.911984 
vt 0.0215747 0.911984 
vt 0.0287872 0.911984 
vt 0.0215747 0.924131 
vt 0.0215747 0.911984 
vt 0.0287872 0.924131 
vt 0.0359997 0.911984 
vt 0.0359997 0.924131 
vt 0.0287872 0.925412 
vt 0.0215747 0.937559 
vt 0.0215747 0.925412 
vt 0.0287872 0.937559 
vt 0.0215747 0.937559 
vt 0.0359997 0.925412 
vt 0.0359997 0.937559 
vt 0.0332872 0.911984 
vt 0.0332872 0.924131 
vt 0.0287872 0.911984 
vt 0.0287872 0.924131 
vt 0.0242872 0.911984 
vt 0.0242872 0.924131 
vt 0.0332872 0.937559 
vt 0.0332872 0.925412 
vt 0.0287872 0.937559 
vt 0.0287872 0.925412 
vt 0.0242872 0.937559 
vt 0.0242872 0.925412 
vt 0.0287872 0.925412 
vt 0.0287872 0.937559 
vt 0.0215747 0.925412 
vt 0.0359997 0.937559 
vt 0.0359997 0.925412 
vt 0.0215747 0.937559 
vt 0.0332872 0.911984 
vt 0.0332872 0.924131 
vt 0.0287872 0.911984 
vt 0.0287872 0.924131 
vt 0.0242872 0.911984 
vt 0.0242872 0.924131 
vt 0.0332872 0.937559 
vt 0.0332872 0.925412 
vt 0.0287872 0.937559 
vt 0.0287872 0.925412 
vt 0.0242872 0.937559 
vt 0.0242872 0.925412 
vt 0.0359999 1.02046 
vt 0.0395109 1.01156 
vt 0.0394997 1.02149 
vt 0.0287874 1.02781 
vt 0.0359999 1.01214 
vt 0.0287874 1.02463 
vt 0.0215749 1.02046 
vt 0.0177832 1.02128 
vt 0.0177832 1.01196 
vt 0.0215749 1.01214 
vt 0.0362819 1.00693 
vt 0.0212927 1.00693 
vt 0.0287874 1.00797 
vt 0.0287874 0.997843 
vt 0.0332874 0.994782 
vt 0.0242874 0.994782 
vt 0.0332874 0.97437 
vt 0.0242874 0.97437 
vt 0.0362819 0.961356 
vt 0.0212927 0.960132 
vt 0.0287874 0.971308 
vt 0.0237402 0.959292 
vt 0.0337819 0.957451 
vt 0.0294429 0.952317 
vt 0.0294429 0.94509 
vt 0.0322807 0.917259 
vt 0.0258952 0.93925 
vt 0.0337819 0.912581 
vt 0.0261399 0.910582 
vt 0.0363049 0.90798 
vt 0.0287874 0.89603 
vt 0.0208177 0.910585 
vt 0.0332874 0.891656 
vt 0.0242874 0.891656 
vt 0.0332874 0.862496 
vt 0.0242874 0.862496 
vt 0.0363377 0.842564 
vt 0.0208177 0.84219 
vt 0.0287874 0.858122 
vt 0.0287874 0.84246 
vt 0.0215749 0.838296 
vt 0.0359999 0.838296 
vt 0.0175772 0.839124 
vt 0.0399977 0.838879 
vt 0.0175772 0.832833 
vt 0.0399977 0.832833 
vt 0.0215749 0.829968 
vt 0.0359999 0.829968 
vt 0.0264292 0.821371 
vt 0.0311457 0.821371 
vt 0.0287874 0.825803 
vt 0.0177832 1.02128 
vt 0.0134629 1.01061 
vt 0.0177832 1.01196 
vt 0.0136839 1.0234 
vt 0.0170244 1.00559 
vt 0.0287874 1.03234 
vt 0.0212927 1.00693 
vt 0.0287874 1.02781 
vt 0.0212927 0.960132 
vt 0.0394997 1.02149 
vt 0.0173389 0.957337 
vt 0.0438902 1.02338 
vt 0.0211672 0.955641 
vt 0.0441062 1.01063 
vt 0.0237402 0.959292 
vt 0.0395109 1.01156 
vt 0.0252164 0.95081 
vt 0.0405482 1.00559 
vt 0.0294429 0.952317 
vt 0.0362819 1.00693 
vt 0.0294429 0.94509 
vt 0.0362819 0.961356 
vt 0.0251459 0.946291 
vt 0.0406139 0.960088 
vt 0.0258952 0.93925 
vt 0.0380657 0.956198 
vt 0.0213289 0.939849 
vt 0.0337819 0.957451 
vt 0.0278304 0.918222 
vt 0.0337819 0.912581 
vt 0.0322807 0.917259 
vt 0.0380639 0.913808 
vt 0.0261399 0.910582 
vt 0.0363049 0.90798 
vt 0.0244847 0.914801 
vt 0.0406064 0.90995 
vt 0.0208177 0.910585 
vt 0.0404399 0.844639 
vt 0.0176397 0.914328 
vt 0.0363377 0.842564 
vt 0.0170789 0.844623 
vt 0.0399977 0.838879 
vt 0.0208177 0.84219 
vt 0.0442052 0.841198 
vt 0.0175772 0.839124 
vt 0.0442962 0.831367 
vt 0.0133649 0.841196 
vt 0.0399977 0.832833 
vt 0.0132784 0.831367 
vt 0.0311457 0.821371 
vt 0.0175772 0.832833 
vt 0.0331909 0.817202 
vt 0.0264292 0.821371 
vt 0.0243839 0.817202 
vt 0.0278304 0.918222 
vt 0.0132787 0.831367 
vt 0.0136839 1.0234 
vt 0.0331909 0.817202 
vt 0.0213289 0.939849 
vt 0.0243839 0.817202 
vt 0.0132784 0.831367 
vt 0.0244847 0.914801 
vt 0.0176397 0.914328 
vt 0.0359999 1.02046 
vt 0.0359999 0.838296 
vt 0.0359999 0.829968 
vt 0.0215749 0.838296 
vt 0.0287874 0.825803 
vt 0.0242874 0.862496 
vt 0.0359999 0.838296 
vt 0.0287874 0.825803 
vt 0.0215749 0.838296 
vt 0.0242874 0.994782 
vt 0.0332874 0.97437 
vt 0.0332874 0.97437 
vt 0.0332874 0.994782 
vt 0.0359999 1.02046 
vt 0.0287874 1.02781 
vt 0.0287874 1.02463 
vt 0.0215749 1.02046 
vt 0.0394997 1.02149 
vt 0.0177832 1.02128 
vt 0.0395109 1.01156 
vt 0.0177832 1.01196 
vt 0.0359999 1.01214 
vt 0.0215749 1.01214 
vt 0.0362819 1.00693 
vt 0.0212927 1.00693 
vt 0.0287874 1.00797 
vt 0.0287874 0.997843 
vt 0.0332874 0.994782 
vt 0.0242874 0.994782 
vt 0.0332874 0.97437 
vt 0.0242874 0.97437 
vt 0.0362819 0.961356 
vt 0.0212927 0.960132 
vt 0.0287874 0.971308 
vt 0.0237402 0.959292 
vt 0.0337819 0.957451 
vt 0.0294429 0.952317 
vt 0.0294429 0.94509 
vt 0.0322807 0.917259 
vt 0.0258952 0.93925 
vt 0.0337819 0.912581 
vt 0.0261399 0.910582 
vt 0.0363049 0.90798 
vt 0.0287874 0.89603 
vt 0.0208177 0.910585 
vt 0.0332874 0.891656 
vt 0.0242874 0.891656 
vt 0.0332874 0.862496 
vt 0.0242874 0.862496 
vt 0.0363377 0.842564 
vt 0.0208177 0.84219 
vt 0.0287874 0.858122 
vt 0.0287874 0.84246 
vt 0.0359999 0.838296 
vt 0.0215749 0.838296 
vt 0.0399977 0.838887 
vt 0.0175772 0.839124 
vt 0.0399977 0.832833 
vt 0.0175772 0.832833 
vt 0.0359999 0.829968 
vt 0.0215749 0.829968 
vt 0.0311457 0.821371 
vt 0.0264292 0.821371 
vt 0.0287874 0.825803 
vt 0.0213289 0.939849 
vt 0.0244847 0.914801 
vt 0.0208177 0.910585 
vt 0.0394997 1.02149 
vt 0.0441062 1.01063 
vt 0.0438902 1.02338 
vt 0.0287874 1.03234 
vt 0.0395109 1.01156 
vt 0.0287874 1.02781 
vt 0.0405482 1.00559 
vt 0.0177832 1.02128 
vt 0.0362819 1.00693 
vt 0.0136839 1.0234 
vt 0.0362819 0.961356 
vt 0.0134629 1.01061 
vt 0.0406139 0.960088 
vt 0.0177832 1.01196 
vt 0.0380657 0.956198 
vt 0.0170244 1.00559 
vt 0.0337819 0.957451 
vt 0.0212927 1.00693 
vt 0.0337819 0.912581 
vt 0.0212927 0.960132 
vt 0.0380639 0.913808 
vt 0.0173389 0.957337 
vt 0.0363049 0.90798 
vt 0.0211674 0.955641 
vt 0.0406064 0.90995 
vt 0.0237402 0.959292 
vt 0.0404399 0.84464 
vt 0.0252164 0.95081 
vt 0.0363377 0.842564 
vt 0.0294429 0.952317 
vt 0.0399977 0.838887 
vt 0.0294429 0.94509 
vt 0.0442054 0.841198 
vt 0.0251462 0.946291 
vt 0.0442962 0.831367 
vt 0.0258952 0.93925 
vt 0.0399977 0.832833 
vt 0.0213289 0.939849 
vt 0.0311457 0.821371 
vt 0.0278304 0.918222 
vt 0.0331909 0.817202 
vt 0.0322807 0.917259 
vt 0.0264292 0.821371 
vt 0.0261399 0.910582 
vt 0.0243839 0.817202 
vt 0.0244847 0.914801 
vt 0.0132787 0.831367 
vt 0.0208177 0.910585 
vt 0.0175772 0.832833 
vt 0.0176397 0.914328 
vt 0.0175772 0.839124 
vt 0.0170789 0.844623 
vt 0.0133649 0.841196 
vt 0.0208177 0.84219 

usemtl Meshpart2Mtl

f 854/854/854 856/856/856 855/855/855 
f 856/856/856 854/854/854 857/857/857 
f 858/858/858 856/856/856 857/857/857 
f 856/856/856 858/858/858 859/859/859 
f 860/860/860 859/859/859 858/858/858 
f 859/859/859 860/860/860 861/861/861 
f 863/863/863 864/864/864 862/862/862 
f 864/864/864 863/863/863 865/865/865 
f 864/864/864 865/865/865 866/866/866 
f 867/867/867 864/864/864 866/866/866 
f 866/866/866 868/868/868 867/867/867 
f 868/868/868 866/866/866 870/870/870 
f 870/870/870 872/872/872 868/868/868 
f 871/871/871 873/873/873 869/869/869 
f 874/874/874 868/868/868 872/872/872 
f 875/875/875 869/869/869 873/873/873 
f 876/876/876 874/874/874 872/872/872 
f 873/873/873 877/877/877 875/875/875 
f 874/874/874 876/876/876 878/878/878 
f 877/877/877 873/873/873 879/879/879 
f 883/883/883 880/880/880 882/882/882 
f 880/880/880 883/883/883 881/881/881 
f 886/886/886 884/884/884 885/885/885 
f 884/884/884 886/886/886 887/887/887 
f 886/886/886 888/888/888 887/887/887 
f 888/888/888 886/886/886 889/889/889 
f 889/889/889 890/890/890 888/888/888 
f 890/890/890 889/889/889 891/891/891 
f 894/894/894 893/893/893 892/892/892 
f 893/893/893 894/894/894 895/895/895 
f 896/896/896 895/895/895 894/894/894 
f 896/896/896 894/894/894 897/897/897 
f 898/898/898 896/896/896 897/897/897 
f 896/896/896 898/898/898 900/900/900 
f 902/902/902 900/900/900 898/898/898 
f 899/899/899 903/903/903 901/901/901 
f 902/902/902 898/898/898 904/904/904 
f 899/899/899 905/905/905 903/903/903 
f 902/902/902 904/904/904 906/906/906 
f 907/907/907 903/903/903 905/905/905 
f 906/906/906 904/904/904 908/908/908 
f 903/903/903 907/907/907 909/909/909 
f 913/913/913 910/910/910 911/911/911 
f 910/910/910 913/913/913 912/912/912 
f 915/915/915 916/916/916 917/917/917 
f 918/918/918 915/915/915 917/917/917 
f 920/920/920 919/919/919 921/921/921 
f 924/924/924 920/920/920 921/921/921 
f 930/930/930 929/929/929 928/928/928 
f 930/930/930 928/928/928 931/931/931 
f 936/936/936 935/935/935 934/934/934 
f 935/935/935 936/936/936 937/937/937 
f 943/943/943 941/941/941 940/940/940 
f 943/943/943 940/940/940 942/942/942 
f 948/948/948 944/944/944 947/947/947 
f 948/948/948 947/947/947 949/949/949 
f 955/955/955 954/954/954 953/953/953 
f 954/954/954 955/955/955 956/956/956 
f 958/958/958 961/961/961 959/959/959 
f 961/961/961 958/958/958 960/960/960 
f 972/972/972 971/971/971 970/970/970 
f 971/971/971 972/972/972 973/973/973 
f 974/974/974 973/973/973 972/972/972 
f 973/973/973 974/974/974 975/975/975 
f 978/978/978 976/976/976 977/977/977 
f 976/976/976 978/978/978 979/979/979 
f 980/980/980 984/984/984 982/982/982 
f 983/983/983 985/985/985 981/981/981 
f 984/984/984 980/980/980 986/986/986 
f 985/985/985 987/987/987 981/981/981 
f 989/989/989 990/990/990 988/988/988 
f 990/990/990 989/989/989 991/991/991 
f 991/991/991 992/992/992 990/990/990 
f 992/992/992 991/991/991 993/993/993 
f 994/994/994 996/996/996 995/995/995 
f 996/996/996 994/994/994 997/997/997 
f 1002/1002/1002 998/998/998 1000/1000/1000 
f 999/999/999 1003/1003/1003 1001/1001/1001 
f 998/998/998 1002/1002/1002 1004/1004/1004 
f 1005/1005/1005 1003/1003/1003 999/999/999 
f 1011/1011/1011 1009/1009/1009 1007/1007/1007 
f 1009/1009/1009 1011/1011/1011 1013/1013/1013 
f 1013/1013/1013 1010/1010/1010 1012/1012/1012 
f 1010/1010/1010 1013/1013/1013 1011/1011/1011 
f 1017/1017/1017 1016/1016/1016 1015/1015/1015 
f 1016/1016/1016 1017/1017/1017 1018/1018/1018 
f 1019/1019/1019 1018/1018/1018 1017/1017/1017 
f 1018/1018/1018 1019/1019/1019 1020/1020/1020 
f 1024/1024/1024 1026/1026/1026 1023/1023/1023 
f 1026/1026/1026 1024/1024/1024 1028/1028/1028 
f 1028/1028/1028 1029/1029/1029 1026/1026/1026 
f 1029/1029/1029 1028/1028/1028 1030/1030/1030 
f 1033/1033/1033 1031/1031/1031 1032/1032/1032 
f 1031/1031/1031 1033/1033/1033 1034/1034/1034 
f 1035/1035/1035 1034/1034/1034 1033/1033/1033 
f 1034/1034/1034 1035/1035/1035 1036/1036/1036 
f 1037/1037/1037 1039/1039/1039 1038/1038/1038 
f 1040/1040/1040 1039/1039/1039 1037/1037/1037 
f 1040/1040/1040 1041/1041/1041 1039/1039/1039 
f 1042/1042/1042 1041/1041/1041 1040/1040/1040 
f 1045/1045/1045 1046/1046/1046 1044/1044/1044 
f 1046/1046/1046 1045/1045/1045 1047/1047/1047 
f 1047/1047/1047 1048/1048/1048 1046/1046/1046 
f 1048/1048/1048 1047/1047/1047 1049/1049/1049 
f 1054/1054/1054 1053/1053/1053 1052/1052/1052 
f 1053/1053/1053 1054/1054/1054 1055/1055/1055 
f 1056/1056/1056 1055/1055/1055 1054/1054/1054 
f 1055/1055/1055 1056/1056/1056 1057/1057/1057 
f 1058/1058/1058 1060/1060/1060 1059/1059/1059 
f 1061/1061/1061 1060/1060/1060 1058/1058/1058 
f 1061/1061/1061 1062/1062/1062 1060/1060/1060 
f 1063/1063/1063 1062/1062/1062 1061/1061/1061 
f 1064/1064/1064 1065/1065/1065 1066/1066/1066 
f 1067/1067/1067 1066/1066/1066 1065/1065/1065 
f 1065/1065/1065 1064/1064/1064 1068/1068/1068 
f 1067/1067/1067 1065/1065/1065 1069/1069/1069 
f 1070/1070/1070 1067/1067/1067 1069/1069/1069 
f 1067/1067/1067 1070/1070/1070 1071/1071/1071 
f 1070/1070/1070 1072/1072/1072 1071/1071/1071 
f 1072/1072/1072 1070/1070/1070 1073/1073/1073 
f 1074/1074/1074 1068/1068/1068 1064/1064/1064 
f 1072/1072/1072 1073/1073/1073 1075/1075/1075 
f 1068/1068/1068 1074/1074/1074 1076/1076/1076 
f 1076/1076/1076 1075/1075/1075 1073/1073/1073 
f 1074/1074/1074 1077/1077/1077 1076/1076/1076 
f 1077/1077/1077 1075/1075/1075 1076/1076/1076 
f 1077/1077/1077 1074/1074/1074 1078/1078/1078 
f 1075/1075/1075 1077/1077/1077 1079/1079/1079 
f 1074/1074/1074 1080/1080/1080 1078/1078/1078 
f 1081/1081/1081 1075/1075/1075 1079/1079/1079 
f 1074/1074/1074 1082/1082/1082 1080/1080/1080 
f 1075/1075/1075 1081/1081/1081 1083/1083/1083 
f 1084/1084/1084 1083/1083/1083 1081/1081/1081 
f 1082/1082/1082 1084/1084/1084 1080/1080/1080 
f 1083/1083/1083 1084/1084/1084 1085/1085/1085 
f 1082/1082/1082 1085/1085/1085 1084/1084/1084 
f 1085/1085/1085 1082/1082/1082 1086/1086/1086 
f 1085/1085/1085 1086/1086/1086 1087/1087/1087 
f 1088/1088/1088 1087/1087/1087 1086/1086/1086 
f 1086/1086/1086 1089/1089/1089 1088/1088/1088 
f 1089/1089/1089 1090/1090/1090 1088/1088/1088 
f 1089/1089/1089 1086/1086/1086 1091/1091/1091 
f 1091/1091/1091 1092/1092/1092 1089/1089/1089 
f 1091/1091/1091 1093/1093/1093 1092/1092/1092 
f 1094/1094/1094 1092/1092/1092 1093/1093/1093 
f 1092/1092/1092 1094/1094/1094 1095/1095/1095 
f 1094/1094/1094 1093/1093/1093 1096/1096/1096 
f 1094/1094/1094 1097/1097/1097 1095/1095/1095 
f 1093/1093/1093 1098/1098/1098 1096/1096/1096 
f 1099/1099/1099 1095/1095/1095 1097/1097/1097 
f 1098/1098/1098 1093/1093/1093 1100/1100/1100 
f 1101/1101/1101 1095/1095/1095 1099/1099/1099 
f 1102/1102/1102 1101/1101/1101 1099/1099/1099 
f 1098/1098/1098 1103/1103/1103 1102/1102/1102 
f 1101/1101/1101 1102/1102/1102 1103/1103/1103 
f 1103/1103/1103 1098/1098/1098 1100/1100/1100 
f 1103/1103/1103 1104/1104/1104 1101/1101/1101 
f 1101/1101/1101 1104/1104/1104 1105/1105/1105 
f 1103/1103/1103 1100/1100/1100 1106/1106/1106 
f 1104/1104/1104 1107/1107/1107 1105/1105/1105 
f 1100/1100/1100 1108/1108/1108 1106/1106/1106 
f 1104/1104/1104 1109/1109/1109 1107/1107/1107 
f 1110/1110/1110 1106/1106/1106 1108/1108/1108 
f 1111/1111/1111 1107/1107/1107 1109/1109/1109 
f 1106/1106/1106 1110/1110/1110 1112/1112/1112 
f 1113/1113/1113 1111/1111/1111 1109/1109/1109 
f 1110/1110/1110 1114/1114/1114 1112/1112/1112 
f 1111/1111/1111 1113/1113/1113 1114/1114/1114 
f 1113/1113/1113 1112/1112/1112 1114/1114/1114 
f 1115/1115/1115 1116/1116/1116 1117/1117/1117 
f 1116/1116/1116 1115/1115/1115 1118/1118/1118 
f 1117/1117/1117 1119/1119/1119 1115/1115/1115 
f 1120/1120/1120 1116/1116/1116 1118/1118/1118 
f 1119/1119/1119 1117/1117/1117 1121/1121/1121 
f 1122/1122/1122 1116/1116/1116 1120/1120/1120 
f 1123/1123/1123 1119/1119/1119 1121/1121/1121 
f 1120/1120/1120 1124/1124/1124 1122/1122/1122 
f 1125/1125/1125 1119/1119/1119 1123/1123/1123 
f 1124/1124/1124 1120/1120/1120 1126/1126/1126 
f 1123/1123/1123 1127/1127/1127 1125/1125/1125 
f 1126/1126/1126 1128/1128/1128 1124/1124/1124 
f 1127/1127/1127 1123/1123/1123 1129/1129/1129 
f 1124/1124/1124 1128/1128/1128 1130/1130/1130 
f 1129/1129/1129 1131/1131/1131 1127/1127/1127 
f 1132/1132/1132 1130/1130/1130 1128/1128/1128 
f 1131/1131/1131 1129/1129/1129 1133/1133/1133 
f 1130/1130/1130 1132/1132/1132 1134/1134/1134 
f 1135/1135/1135 1131/1131/1131 1133/1133/1133 
f 1132/1132/1132 1136/1136/1136 1134/1134/1134 
f 1131/1131/1131 1135/1135/1135 1137/1137/1137 
f 1136/1136/1136 1132/1132/1132 1138/1138/1138 
f 1139/1139/1139 1137/1137/1137 1135/1135/1135 
f 1136/1136/1136 1138/1138/1138 1140/1140/1140 
f 1137/1137/1137 1139/1139/1139 1141/1141/1141 
f 1142/1142/1142 1136/1136/1136 1140/1140/1140 
f 1139/1139/1139 1143/1143/1143 1141/1141/1141 
f 1140/1140/1140 1144/1144/1144 1142/1142/1142 
f 1143/1143/1143 1139/1139/1139 1145/1145/1145 
f 1144/1144/1144 1140/1140/1140 1146/1146/1146 
f 1147/1147/1147 1143/1143/1143 1145/1145/1145 
f 1146/1146/1146 1148/1148/1148 1144/1144/1144 
f 1143/1143/1143 1147/1147/1147 1149/1149/1149 
f 1148/1148/1148 1146/1146/1146 1150/1150/1150 
f 1147/1147/1147 1151/1151/1151 1149/1149/1149 
f 1150/1150/1150 1152/1152/1152 1148/1148/1148 
f 1151/1151/1151 1153/1153/1153 1149/1149/1149 
f 1154/1154/1154 1148/1148/1148 1152/1152/1152 
f 1151/1151/1151 1155/1155/1155 1153/1153/1153 
f 1152/1152/1152 1156/1156/1156 1154/1154/1154 
f 1155/1155/1155 1151/1151/1151 1157/1157/1157 
f 1156/1156/1156 1152/1152/1152 1158/1158/1158 
f 1155/1155/1155 1157/1157/1157 1159/1159/1159 
f 1160/1160/1160 1156/1156/1156 1158/1158/1158 
f 1161/1161/1161 1155/1155/1155 1159/1159/1159 
f 1160/1160/1160 1162/1162/1162 1156/1156/1156 
f 1159/1159/1159 1163/1163/1163 1161/1161/1161 
f 1160/1160/1160 1164/1164/1164 1162/1162/1162 
f 1163/1163/1163 1159/1159/1159 1165/1165/1165 
f 1164/1164/1164 1160/1160/1160 1166/1166/1166 
f 1167/1167/1167 1163/1163/1163 1165/1165/1165 
f 1166/1166/1166 1167/1167/1167 1164/1164/1164 
f 1163/1163/1163 1167/1167/1167 1168/1168/1168 
f 1167/1167/1167 1166/1166/1166 1168/1168/1168 
f 1191/1191/1191 1192/1192/1192 1193/1193/1193 
f 1194/1194/1194 1191/1191/1191 1193/1193/1193 
f 1192/1192/1192 1191/1191/1191 1195/1195/1195 
f 1191/1191/1191 1194/1194/1194 1196/1196/1196 
f 1197/1197/1197 1192/1192/1192 1195/1195/1195 
f 1194/1194/1194 1198/1198/1198 1196/1196/1196 
f 1192/1192/1192 1197/1197/1197 1199/1199/1199 
f 1200/1200/1200 1198/1198/1198 1194/1194/1194 
f 1199/1199/1199 1197/1197/1197 1201/1201/1201 
f 1198/1198/1198 1200/1200/1200 1202/1202/1202 
f 1201/1201/1201 1203/1203/1203 1199/1199/1199 
f 1202/1202/1202 1200/1200/1200 1203/1203/1203 
f 1203/1203/1203 1201/1201/1201 1204/1204/1204 
f 1203/1203/1203 1204/1204/1204 1202/1202/1202 
f 1204/1204/1204 1201/1201/1201 1205/1205/1205 
f 1202/1202/1202 1204/1204/1204 1206/1206/1206 
f 1201/1201/1201 1207/1207/1207 1205/1205/1205 
f 1208/1208/1208 1202/1202/1202 1206/1206/1206 
f 1207/1207/1207 1201/1201/1201 1209/1209/1209 
f 1202/1202/1202 1208/1208/1208 1210/1210/1210 
f 1211/1211/1211 1210/1210/1210 1208/1208/1208 
f 1209/1209/1209 1211/1211/1211 1207/1207/1207 
f 1210/1210/1210 1211/1211/1211 1212/1212/1212 
f 1212/1212/1212 1211/1211/1211 1209/1209/1209 
f 1212/1212/1212 1209/1209/1209 1213/1213/1213 
f 1212/1212/1212 1213/1213/1213 1214/1214/1214 
f 1213/1213/1213 1215/1215/1215 1214/1214/1214 
f 1213/1213/1213 1216/1216/1216 1215/1215/1215 
f 1216/1216/1216 1217/1217/1217 1215/1215/1215 
f 1216/1216/1216 1213/1213/1213 1218/1218/1218 
f 1218/1218/1218 1219/1219/1219 1216/1216/1216 
f 1220/1220/1220 1219/1219/1219 1218/1218/1218 
f 1219/1219/1219 1220/1220/1220 1221/1221/1221 
f 1221/1221/1221 1222/1222/1222 1219/1219/1219 
f 1221/1221/1221 1220/1220/1220 1223/1223/1223 
f 1222/1222/1222 1221/1221/1221 1224/1224/1224 
f 1225/1225/1225 1223/1223/1223 1220/1220/1220 
f 1226/1226/1226 1222/1222/1222 1224/1224/1224 
f 1220/1220/1220 1227/1227/1227 1225/1225/1225 
f 1222/1222/1222 1226/1226/1226 1228/1228/1228 
f 1227/1227/1227 1229/1229/1229 1225/1225/1225 
f 1229/1229/1229 1228/1228/1228 1226/1226/1226 
f 1229/1229/1229 1227/1227/1227 1230/1230/1230 
f 1228/1228/1228 1229/1229/1229 1230/1230/1230 
f 1230/1230/1230 1227/1227/1227 1231/1231/1231 
f 1228/1228/1228 1230/1230/1230 1232/1232/1232 
f 1227/1227/1227 1233/1233/1233 1231/1231/1231 
f 1232/1232/1232 1234/1234/1234 1228/1228/1228 
f 1235/1235/1235 1231/1231/1231 1233/1233/1233 
f 1232/1232/1232 1236/1236/1236 1234/1234/1234 
f 1237/1237/1237 1231/1231/1231 1235/1235/1235 
f 1236/1236/1236 1232/1232/1232 1238/1238/1238 
f 1235/1235/1235 1239/1239/1239 1237/1237/1237 
f 1240/1240/1240 1236/1236/1236 1238/1238/1238 
f 1239/1239/1239 1241/1241/1241 1237/1237/1237 
f 1241/1241/1241 1240/1240/1240 1238/1238/1238 
f 1240/1240/1240 1241/1241/1241 1239/1239/1239 
f 1242/1242/1242 1243/1243/1243 1244/1244/1244 
f 1245/1245/1245 1244/1244/1244 1243/1243/1243 
f 1243/1243/1243 1242/1242/1242 1246/1246/1246 
f 1245/1245/1245 1243/1243/1243 1247/1247/1247 
f 1248/1248/1248 1246/1246/1246 1242/1242/1242 
f 1249/1249/1249 1245/1245/1245 1247/1247/1247 
f 1246/1246/1246 1248/1248/1248 1250/1250/1250 
f 1245/1245/1245 1249/1249/1249 1251/1251/1251 
f 1252/1252/1252 1250/1250/1250 1248/1248/1248 
f 1253/1253/1253 1251/1251/1251 1249/1249/1249 
f 1252/1252/1252 1248/1248/1248 1254/1254/1254 
f 1249/1249/1249 1255/1255/1255 1253/1253/1253 
f 1256/1256/1256 1252/1252/1252 1254/1254/1254 
f 1257/1257/1257 1253/1253/1253 1255/1255/1255 
f 1252/1252/1252 1256/1256/1256 1258/1258/1258 
f 1255/1255/1255 1259/1259/1259 1257/1257/1257 
f 1256/1256/1256 1260/1260/1260 1258/1258/1258 
f 1261/1261/1261 1257/1257/1257 1259/1259/1259 
f 1260/1260/1260 1256/1256/1256 1262/1262/1262 
f 1257/1257/1257 1261/1261/1261 1263/1263/1263 
f 1264/1264/1264 1260/1260/1260 1262/1262/1262 
f 1263/1263/1263 1261/1261/1261 1265/1265/1265 
f 1262/1262/1262 1266/1266/1266 1264/1264/1264 
f 1261/1261/1261 1267/1267/1267 1265/1265/1265 
f 1268/1268/1268 1264/1264/1264 1266/1266/1266 
f 1267/1267/1267 1269/1269/1269 1265/1265/1265 
f 1264/1264/1264 1268/1268/1268 1270/1270/1270 
f 1267/1267/1267 1271/1271/1271 1269/1269/1269 
f 1268/1268/1268 1272/1272/1272 1270/1270/1270 
f 1273/1273/1273 1269/1269/1269 1271/1271/1271 
f 1274/1274/1274 1272/1272/1272 1268/1268/1268 
f 1269/1269/1269 1273/1273/1273 1275/1275/1275 
f 1276/1276/1276 1272/1272/1272 1274/1274/1274 
f 1277/1277/1277 1275/1275/1275 1273/1273/1273 
f 1272/1272/1272 1276/1276/1276 1278/1278/1278 
f 1275/1275/1275 1277/1277/1277 1279/1279/1279 
f 1280/1280/1280 1278/1278/1278 1276/1276/1276 
f 1277/1277/1277 1281/1281/1281 1279/1279/1279 
f 1276/1276/1276 1282/1282/1282 1280/1280/1280 
f 1281/1281/1281 1277/1277/1277 1283/1283/1283 
f 1282/1282/1282 1284/1284/1284 1280/1280/1280 
f 1285/1285/1285 1281/1281/1281 1283/1283/1283 
f 1282/1282/1282 1286/1286/1286 1284/1284/1284 
f 1281/1281/1281 1285/1285/1285 1287/1287/1287 
f 1288/1288/1288 1284/1284/1284 1286/1286/1286 
f 1289/1289/1289 1287/1287/1287 1285/1285/1285 
f 1284/1284/1284 1288/1288/1288 1290/1290/1290 
f 1287/1287/1287 1289/1289/1289 1291/1291/1291 
f 1288/1288/1288 1292/1292/1292 1290/1290/1290 
f 1293/1293/1293 1291/1291/1291 1289/1289/1289 
f 1288/1288/1288 1294/1294/1294 1292/1292/1292 
f 1293/1293/1293 1292/1292/1292 1294/1294/1294 
f 1292/1292/1292 1293/1293/1293 1295/1295/1295 
f 1289/1289/1289 1295/1295/1295 1293/1293/1293 
f 1296/1296/1296 1297/1297/1297 1298/1298/1298 
f 1298/1298/1298 1299/1299/1299 1296/1296/1296 
f 1300/1300/1300 1298/1298/1298 1297/1297/1297 
f 1299/1299/1299 1298/1298/1298 1301/1301/1301 
f 1301/1301/1301 1302/1302/1302 1299/1299/1299 
f 1301/1301/1301 1303/1303/1303 1302/1302/1302 
f 1304/1304/1304 1302/1302/1302 1303/1303/1303 
f 1302/1302/1302 1304/1304/1304 1305/1305/1305 
f 1304/1304/1304 1306/1306/1306 1305/1305/1305 
f 1304/1304/1304 1307/1307/1307 1306/1306/1306 
f 1307/1307/1307 1308/1308/1308 1306/1306/1306 
f 1307/1307/1307 1309/1309/1309 1308/1308/1308 
f 1309/1309/1309 1310/1310/1310 1308/1308/1308 
f 1309/1309/1309 1311/1311/1311 1310/1310/1310 
f 1314/1314/1314 1313/1313/1313 1312/1312/1312 
f 1313/1313/1313 1314/1314/1314 1315/1315/1315 
f 1314/1314/1314 1316/1316/1316 1315/1315/1315 
f 1316/1316/1316 1314/1314/1314 1317/1317/1317 
f 1318/1318/1318 1319/1319/1319 1320/1320/1320 
f 1321/1321/1321 1320/1320/1320 1319/1319/1319 
f 1318/1318/1318 1320/1320/1320 1322/1322/1322 
f 1320/1320/1320 1321/1321/1321 1323/1323/1323 
f 1321/1321/1321 1324/1324/1324 1323/1323/1323 
f 1325/1325/1325 1323/1323/1323 1324/1324/1324 
f 1324/1324/1324 1326/1326/1326 1325/1325/1325 
f 1326/1326/1326 1324/1324/1324 1327/1327/1327 
f 1327/1327/1327 1328/1328/1328 1326/1326/1326 
f 1329/1329/1329 1326/1326/1326 1328/1328/1328 
f 1328/1328/1328 1330/1330/1330 1329/1329/1329 
f 1330/1330/1330 1331/1331/1331 1329/1329/1329 
f 1330/1330/1330 1332/1332/1332 1331/1331/1331 
f 1333/1333/1333 1331/1331/1331 1332/1332/1332 
f 1335/1335/1335 1336/1336/1336 1334/1334/1334 
f 1336/1336/1336 1335/1335/1335 1337/1337/1337 
f 1338/1338/1338 1336/1336/1336 1337/1337/1337 
f 1336/1336/1336 1338/1338/1338 1339/1339/1339 
f 1341/1341/1341 1342/1342/1342 1340/1340/1340 
f 1343/1343/1343 1342/1342/1342 1341/1341/1341 
f 1348/1348/1348 1347/1347/1347 1346/1346/1346 
f 1347/1347/1347 1348/1348/1348 1349/1349/1349 
f 1352/1352/1352 1351/1351/1351 1350/1350/1350 
f 1351/1351/1351 1352/1352/1352 1353/1353/1353 
f 1354/1354/1354 1355/1355/1355 1356/1356/1356 
f 1355/1355/1355 1354/1354/1354 1357/1357/1357 
f 1360/1360/1360 1361/1361/1361 1362/1362/1362 
f 1361/1361/1361 1360/1360/1360 1363/1363/1363 
f 1367/1367/1367 1368/1368/1368 1369/1369/1369 
f 1369/1369/1369 1368/1368/1368 1370/1370/1370 
f 1371/1371/1371 1372/1372/1372 1373/1373/1373 
f 1373/1373/1373 1372/1372/1372 1374/1374/1374 
f 1375/1375/1375 1376/1376/1376 1377/1377/1377 
f 1376/1376/1376 1375/1375/1375 1378/1378/1378 
f 1390/1390/1390 1389/1389/1389 1388/1388/1388 
f 1390/1390/1390 1388/1388/1388 1391/1391/1391 
f 1394/1394/1394 1395/1395/1395 1393/1393/1393 
f 1394/1394/1394 1396/1396/1396 1395/1395/1395 
f 1399/1399/1399 1400/1400/1400 1401/1401/1401 
f 1402/1402/1402 1399/1399/1399 1401/1401/1401 
f 1404/1404/1404 1406/1406/1406 1405/1405/1405 
f 1406/1406/1406 1407/1407/1407 1405/1405/1405 
f 1410/1410/1410 1411/1411/1411 1412/1412/1412 
f 1412/1412/1412 1411/1411/1411 1413/1413/1413 
f 1410/1410/1410 1414/1414/1414 1411/1411/1411 
f 1415/1415/1415 1414/1414/1414 1410/1410/1410 
f 1417/1417/1417 1418/1418/1418 1419/1419/1419 
f 1418/1418/1418 1417/1417/1417 1420/1420/1420 
f 1417/1417/1417 1421/1421/1421 1420/1420/1420 
f 1421/1421/1421 1422/1422/1422 1420/1420/1420 
f 1423/1423/1423 1424/1424/1424 1425/1425/1425 
f 1424/1424/1424 1423/1423/1423 1426/1426/1426 
f 1428/1428/1428 1426/1426/1426 1423/1423/1423 
f 1426/1426/1426 1428/1428/1428 1429/1429/1429 
f 1430/1430/1430 1431/1431/1431 1432/1432/1432 
f 1432/1432/1432 1431/1431/1431 1433/1433/1433 
f 1432/1432/1432 1433/1433/1433 1434/1434/1434 
f 1434/1434/1434 1433/1433/1433 1435/1435/1435 
f 1438/1438/1438 1437/1437/1437 1436/1436/1436 
f 1437/1437/1437 1438/1438/1438 1439/1439/1439 
f 1440/1440/1440 1439/1439/1439 1438/1438/1438 
f 1439/1439/1439 1440/1440/1440 1441/1441/1441 
f 1442/1442/1442 1443/1443/1443 1444/1444/1444 
f 1442/1442/1442 1445/1445/1445 1443/1443/1443 
f 1442/1442/1442 1446/1446/1446 1445/1445/1445 
f 1444/1444/1444 1443/1443/1443 1447/1447/1447 
f 1448/1448/1448 1449/1449/1449 1450/1450/1450 
f 1450/1450/1450 1449/1449/1449 1451/1451/1451 
f 1450/1450/1450 1451/1451/1451 1452/1452/1452 
f 1452/1452/1452 1451/1451/1451 1453/1453/1453 
f 1456/1456/1456 1455/1455/1455 1454/1454/1454 
f 1455/1455/1455 1456/1456/1456 1457/1457/1457 
f 1458/1458/1458 1457/1457/1457 1456/1456/1456 
f 1457/1457/1457 1458/1458/1458 1459/1459/1459 
f 1460/1460/1460 1461/1461/1461 1462/1462/1462 
f 1462/1462/1462 1463/1463/1463 1460/1460/1460 
f 1461/1461/1461 1460/1460/1460 1464/1464/1464 
f 1460/1460/1460 1463/1463/1463 1465/1465/1465 
f 1463/1463/1463 1466/1466/1466 1465/1465/1465 
f 1466/1466/1466 1463/1463/1463 1467/1467/1467 
f 1468/1468/1468 1466/1466/1466 1467/1467/1467 
f 1466/1466/1466 1468/1468/1468 1469/1469/1469 
f 1470/1470/1470 1461/1461/1461 1464/1464/1464 
f 1469/1469/1469 1468/1468/1468 1471/1471/1471 
f 1472/1472/1472 1470/1470/1470 1464/1464/1464 
f 1469/1469/1469 1471/1471/1471 1472/1472/1472 
f 1473/1473/1473 1470/1470/1470 1472/1472/1472 
f 1473/1473/1473 1472/1472/1472 1471/1471/1471 
f 1470/1470/1470 1473/1473/1473 1474/1474/1474 
f 1473/1473/1473 1471/1471/1471 1475/1475/1475 
f 1476/1476/1476 1470/1470/1470 1474/1474/1474 
f 1471/1471/1471 1477/1477/1477 1475/1475/1475 
f 1470/1470/1470 1476/1476/1476 1478/1478/1478 
f 1477/1477/1477 1471/1471/1471 1479/1479/1479 
f 1479/1479/1479 1480/1480/1480 1477/1477/1477 
f 1480/1480/1480 1478/1478/1478 1476/1476/1476 
f 1481/1481/1481 1480/1480/1480 1479/1479/1479 
f 1481/1481/1481 1478/1478/1478 1480/1480/1480 
f 1478/1478/1478 1481/1481/1481 1482/1482/1482 
f 1482/1482/1482 1481/1481/1481 1483/1483/1483 
f 1484/1484/1484 1482/1482/1482 1483/1483/1483 
f 1485/1485/1485 1482/1482/1482 1484/1484/1484 
f 1484/1484/1484 1486/1486/1486 1485/1485/1485 
f 1482/1482/1482 1485/1485/1485 1487/1487/1487 
f 1485/1485/1485 1488/1488/1488 1487/1487/1487 
f 1488/1488/1488 1489/1489/1489 1487/1487/1487 
f 1489/1489/1489 1488/1488/1488 1490/1490/1490 
f 1491/1491/1491 1490/1490/1490 1488/1488/1488 
f 1489/1489/1489 1490/1490/1490 1492/1492/1492 
f 1490/1490/1490 1491/1491/1491 1493/1493/1493 
f 1494/1494/1494 1489/1489/1489 1492/1492/1492 
f 1491/1491/1491 1495/1495/1495 1493/1493/1493 
f 1489/1489/1489 1494/1494/1494 1496/1496/1496 
f 1491/1491/1491 1497/1497/1497 1495/1495/1495 
f 1497/1497/1497 1498/1498/1498 1495/1495/1495 
f 1499/1499/1499 1494/1494/1494 1498/1498/1498 
f 1499/1499/1499 1498/1498/1498 1497/1497/1497 
f 1494/1494/1494 1499/1499/1499 1496/1496/1496 
f 1500/1500/1500 1499/1499/1499 1497/1497/1497 
f 1496/1496/1496 1499/1499/1499 1501/1501/1501 
f 1500/1500/1500 1497/1497/1497 1502/1502/1502 
f 1501/1501/1501 1503/1503/1503 1496/1496/1496 
f 1504/1504/1504 1500/1500/1500 1502/1502/1502 
f 1501/1501/1501 1505/1505/1505 1503/1503/1503 
f 1506/1506/1506 1500/1500/1500 1504/1504/1504 
f 1505/1505/1505 1501/1501/1501 1507/1507/1507 
f 1504/1504/1504 1508/1508/1508 1506/1506/1506 
f 1509/1509/1509 1505/1505/1505 1507/1507/1507 
f 1508/1508/1508 1510/1510/1510 1506/1506/1506 
f 1510/1510/1510 1509/1509/1509 1507/1507/1507 
f 1509/1509/1509 1510/1510/1510 1508/1508/1508 
f 1511/1511/1511 1512/1512/1512 1513/1513/1513 
f 1512/1512/1512 1511/1511/1511 1514/1514/1514 
f 1515/1515/1515 1513/1513/1513 1512/1512/1512 
f 1516/1516/1516 1514/1514/1514 1511/1511/1511 
f 1513/1513/1513 1515/1515/1515 1517/1517/1517 
f 1516/1516/1516 1511/1511/1511 1518/1518/1518 
f 1519/1519/1519 1517/1517/1517 1515/1515/1515 
f 1520/1520/1520 1516/1516/1516 1518/1518/1518 
f 1515/1515/1515 1521/1521/1521 1519/1519/1519 
f 1516/1516/1516 1520/1520/1520 1522/1522/1522 
f 1523/1523/1523 1519/1519/1519 1521/1521/1521 
f 1520/1520/1520 1524/1524/1524 1522/1522/1522 
f 1519/1519/1519 1523/1523/1523 1525/1525/1525 
f 1524/1524/1524 1520/1520/1520 1526/1526/1526 
f 1527/1527/1527 1525/1525/1525 1523/1523/1523 
f 1524/1524/1524 1526/1526/1526 1528/1528/1528 
f 1525/1525/1525 1527/1527/1527 1529/1529/1529 
f 1528/1528/1528 1526/1526/1526 1530/1530/1530 
f 1527/1527/1527 1531/1531/1531 1529/1529/1529 
f 1532/1532/1532 1528/1528/1528 1530/1530/1530 
f 1531/1531/1531 1527/1527/1527 1533/1533/1533 
f 1528/1528/1528 1532/1532/1532 1534/1534/1534 
f 1531/1531/1531 1533/1533/1533 1535/1535/1535 
f 1536/1536/1536 1534/1534/1534 1532/1532/1532 
f 1535/1535/1535 1533/1533/1533 1537/1537/1537 
f 1532/1532/1532 1538/1538/1538 1536/1536/1536 
f 1539/1539/1539 1535/1535/1535 1537/1537/1537 
f 1540/1540/1540 1536/1536/1536 1538/1538/1538 
f 1535/1535/1535 1539/1539/1539 1541/1541/1541 
f 1536/1536/1536 1540/1540/1540 1542/1542/1542 
f 1543/1543/1543 1541/1541/1541 1539/1539/1539 
f 1544/1544/1544 1542/1542/1542 1540/1540/1540 
f 1543/1543/1543 1539/1539/1539 1545/1545/1545 
f 1542/1542/1542 1544/1544/1544 1546/1546/1546 
f 1547/1547/1547 1543/1543/1543 1545/1545/1545 
f 1544/1544/1544 1548/1548/1548 1546/1546/1546 
f 1545/1545/1545 1549/1549/1549 1547/1547/1547 
f 1544/1544/1544 1550/1550/1550 1548/1548/1548 
f 1551/1551/1551 1547/1547/1547 1549/1549/1549 
f 1552/1552/1552 1548/1548/1548 1550/1550/1550 
f 1547/1547/1547 1551/1551/1551 1553/1553/1553 
f 1548/1548/1548 1552/1552/1552 1554/1554/1554 
f 1555/1555/1555 1553/1553/1553 1551/1551/1551 
f 1556/1556/1556 1554/1554/1554 1552/1552/1552 
f 1555/1555/1555 1551/1551/1551 1557/1557/1557 
f 1552/1552/1552 1558/1558/1558 1556/1556/1556 
f 1559/1559/1559 1555/1555/1555 1557/1557/1557 
f 1560/1560/1560 1556/1556/1556 1558/1558/1558 
f 1555/1555/1555 1559/1559/1559 1561/1561/1561 
f 1556/1556/1556 1560/1560/1560 1562/1562/1562 
f 1559/1559/1559 1563/1563/1563 1561/1561/1561 
f 1563/1563/1563 1562/1562/1562 1560/1560/1560 
f 1563/1563/1563 1559/1559/1559 1564/1564/1564 
f 1562/1562/1562 1563/1563/1563 1564/1564/1564 
f 1587/1587/1587 1588/1588/1588 1589/1589/1589 
f 1588/1588/1588 1590/1590/1590 1589/1589/1589 
f 1588/1588/1588 1587/1587/1587 1591/1591/1591 
f 1588/1588/1588 1592/1592/1592 1590/1590/1590 
f 1587/1587/1587 1593/1593/1593 1591/1591/1591 
f 1594/1594/1594 1590/1590/1590 1592/1592/1592 
f 1593/1593/1593 1587/1587/1587 1595/1595/1595 
f 1590/1590/1590 1594/1594/1594 1596/1596/1596 
f 1595/1595/1595 1597/1597/1597 1593/1593/1593 
f 1596/1596/1596 1594/1594/1594 1598/1598/1598 
f 1597/1597/1597 1595/1595/1595 1599/1599/1599 
f 1598/1598/1598 1599/1599/1599 1596/1596/1596 
f 1600/1600/1600 1597/1597/1597 1599/1599/1599 
f 1598/1598/1598 1600/1600/1600 1599/1599/1599 
f 1597/1597/1597 1600/1600/1600 1601/1601/1601 
f 1600/1600/1600 1598/1598/1598 1602/1602/1602 
f 1603/1603/1603 1597/1597/1597 1601/1601/1601 
f 1598/1598/1598 1604/1604/1604 1602/1602/1602 
f 1597/1597/1597 1603/1603/1603 1605/1605/1605 
f 1604/1604/1604 1598/1598/1598 1606/1606/1606 
f 1606/1606/1606 1607/1607/1607 1604/1604/1604 
f 1607/1607/1607 1605/1605/1605 1603/1603/1603 
f 1607/1607/1607 1606/1606/1606 1608/1608/1608 
f 1608/1608/1608 1605/1605/1605 1607/1607/1607 
f 1605/1605/1605 1608/1608/1608 1609/1609/1609 
f 1609/1609/1609 1608/1608/1608 1610/1610/1610 
f 1609/1609/1609 1610/1610/1610 1611/1611/1611 
f 1612/1612/1612 1609/1609/1609 1611/1611/1611 
f 1613/1613/1613 1612/1612/1612 1611/1611/1611 
f 1609/1609/1609 1612/1612/1612 1614/1614/1614 
f 1612/1612/1612 1615/1615/1615 1614/1614/1614 
f 1615/1615/1615 1616/1616/1616 1614/1614/1614 
f 1616/1616/1616 1615/1615/1615 1617/1617/1617 
f 1618/1618/1618 1617/1617/1617 1615/1615/1615 
f 1616/1616/1616 1617/1617/1617 1619/1619/1619 
f 1617/1617/1617 1618/1618/1618 1620/1620/1620 
f 1621/1621/1621 1616/1616/1616 1619/1619/1619 
f 1618/1618/1618 1622/1622/1622 1620/1620/1620 
f 1616/1616/1616 1621/1621/1621 1623/1623/1623 
f 1622/1622/1622 1618/1618/1618 1624/1624/1624 
f 1625/1625/1625 1623/1623/1623 1621/1621/1621 
f 1624/1624/1624 1625/1625/1625 1622/1622/1622 
f 1626/1626/1626 1623/1623/1623 1625/1625/1625 
f 1625/1625/1625 1624/1624/1624 1626/1626/1626 
f 1623/1623/1623 1626/1626/1626 1627/1627/1627 
f 1628/1628/1628 1626/1626/1626 1624/1624/1624 
f 1623/1623/1623 1627/1627/1627 1629/1629/1629 
f 1630/1630/1630 1628/1628/1628 1624/1624/1624 
f 1629/1629/1629 1627/1627/1627 1631/1631/1631 
f 1632/1632/1632 1628/1628/1628 1630/1630/1630 
f 1627/1627/1627 1633/1633/1633 1631/1631/1631 
f 1628/1628/1628 1632/1632/1632 1634/1634/1634 
f 1635/1635/1635 1631/1631/1631 1633/1633/1633 
f 1632/1632/1632 1636/1636/1636 1634/1634/1634 
f 1637/1637/1637 1635/1635/1635 1633/1633/1633 
f 1635/1635/1635 1637/1637/1637 1636/1636/1636 
f 1634/1634/1634 1636/1636/1636 1637/1637/1637 
f 1641/1641/1641 1642/1642/1642 1643/1643/1643 
f 1643/1643/1643 1644/1644/1644 1641/1641/1641 
f 1642/1642/1642 1641/1641/1641 1645/1645/1645 
f 1641/1641/1641 1644/1644/1644 1646/1646/1646 
f 1645/1645/1645 1647/1647/1647 1642/1642/1642 
f 1644/1644/1644 1648/1648/1648 1646/1646/1646 
f 1647/1647/1647 1645/1645/1645 1649/1649/1649 
f 1648/1648/1648 1644/1644/1644 1650/1650/1650 
f 1649/1649/1649 1651/1651/1651 1647/1647/1647 
f 1650/1650/1650 1652/1652/1652 1648/1648/1648 
f 1647/1647/1647 1651/1651/1651 1653/1653/1653 
f 1648/1648/1648 1652/1652/1652 1654/1654/1654 
f 1651/1651/1651 1655/1655/1655 1653/1653/1653 
f 1652/1652/1652 1656/1656/1656 1654/1654/1654 
f 1655/1655/1655 1651/1651/1651 1657/1657/1657 
f 1656/1656/1656 1658/1658/1658 1654/1654/1654 
f 1657/1657/1657 1659/1659/1659 1655/1655/1655 
f 1656/1656/1656 1660/1660/1660 1658/1658/1658 
f 1655/1655/1655 1659/1659/1659 1661/1661/1661 
f 1660/1660/1660 1656/1656/1656 1662/1662/1662 
f 1659/1659/1659 1663/1663/1663 1661/1661/1661 
f 1664/1664/1664 1660/1660/1660 1662/1662/1662 
f 1663/1663/1663 1665/1665/1665 1661/1661/1661 
f 1664/1664/1664 1666/1666/1666 1660/1660/1660 
f 1663/1663/1663 1667/1667/1667 1665/1665/1665 
f 1668/1668/1668 1666/1666/1666 1664/1664/1664 
f 1667/1667/1667 1663/1663/1663 1669/1669/1669 
f 1666/1666/1666 1668/1668/1668 1670/1670/1670 
f 1671/1671/1671 1667/1667/1667 1669/1669/1669 
f 1668/1668/1668 1672/1672/1672 1670/1670/1670 
f 1667/1667/1667 1671/1671/1671 1673/1673/1673 
f 1672/1672/1672 1668/1668/1668 1674/1674/1674 
f 1671/1671/1671 1675/1675/1675 1673/1673/1673 
f 1674/1674/1674 1676/1676/1676 1672/1672/1672 
f 1675/1675/1675 1671/1671/1671 1677/1677/1677 
f 1676/1676/1676 1674/1674/1674 1678/1678/1678 
f 1677/1677/1677 1679/1679/1679 1675/1675/1675 
f 1678/1678/1678 1680/1680/1680 1676/1676/1676 
f 1681/1681/1681 1675/1675/1675 1679/1679/1679 
f 1676/1676/1676 1680/1680/1680 1682/1682/1682 
f 1683/1683/1683 1681/1681/1681 1679/1679/1679 
f 1680/1680/1680 1684/1684/1684 1682/1682/1682 
f 1683/1683/1683 1685/1685/1685 1681/1681/1681 
f 1684/1684/1684 1680/1680/1680 1686/1686/1686 
f 1683/1683/1683 1687/1687/1687 1685/1685/1685 
f 1686/1686/1686 1688/1688/1688 1684/1684/1684 
f 1687/1687/1687 1683/1683/1683 1689/1689/1689 
f 1688/1688/1688 1686/1686/1686 1690/1690/1690 
f 1691/1691/1691 1687/1687/1687 1689/1689/1689 
f 1690/1690/1690 1692/1692/1692 1688/1688/1688 
f 1693/1693/1693 1687/1687/1687 1691/1691/1691 
f 1691/1691/1691 1692/1692/1692 1693/1693/1693 
f 1692/1692/1692 1691/1691/1691 1694/1694/1694 
f 1688/1688/1688 1692/1692/1692 1694/1694/1694 

