# This file is brought to you by Roblox Corporation
# Generated by Roblox Studio

mtllib shotkey_body.mtl

g Meshpart1

v -2.31825 0.594943 0.0490764 
v -2.31825 0.587289 -0.00145563 
v -2.31825 0.566358 0.0490764 
v -2.31825 0.587289 0.0996084 
v -2.31825 0.607502 0.0187574 
v -2.31825 0.607502 0.0793954 
v -2.31825 0.637821 0.00619837 
v -2.31825 0.637821 0.120539 
v -2.31825 0.637821 -0.0223866 
v -2.31825 0.637821 0.0919534 
v -2.31825 0.688353 -0.00145563 
v -2.31825 0.66814 0.0793954 
v -2.31825 0.66814 0.0187574 
v -2.31825 0.688353 0.0996084 
v -2.31825 0.680699 0.0490764 
v -2.31825 0.709284 0.0490764 
v -2.28948 0.700986 0.112241 
v -2.31825 0.637821 0.120539 
v -2.31825 0.709284 0.0490764 
v -2.28948 0.700986 -0.0140886 
v -2.28948 0.548492 0.0490764 
v -2.31825 0.637821 -0.0223866 
v -2.31825 0.587289 -0.00145563 
v -2.20045 0.743854 0.0637724 
v -2.20045 0.713854 0.0280724 
v -2.20045 0.713854 0.0700724 
v -2.20045 0.743854 0.0343724 
v -2.16045 0.793872 0.0547424 
v -2.16045 0.793872 0.0434024 
v -2.20028 0.19517 0.0921684 
v -2.20028 0.574982 0.0921684 
v -2.20028 0.574982 0.00597636 
v -2.20028 0.19517 0.00597636 
v -1.89281 0.680699 0.0490773 
v -1.89281 0.66814 0.0187583 
v -1.89281 0.66814 0.0793964 
v -1.89281 0.637821 0.0919553 
v -1.89281 0.637821 0.00619935 
v -1.89281 0.607502 0.0187583 
v -1.89281 0.594943 0.0490773 
v -1.89281 0.607502 0.0793964 
v 0.909979 -0.201069 -0.0384508 
v 0.909979 -0.201069 0.136595 
v 0.98875 -0.201405 0.136595 
v 0.511291 0.366033 -0.0384518 
v 0.98875 -0.201405 -0.0384508 
v 0.511291 0.366033 0.136595 
v 1.0524 -0.108976 0.136595 
v 1.0524 -0.108976 -0.0384508 
v 1.05295 -0.0481844 0.136595 
v 1.05295 -0.0481844 -0.0384508 
v -1.55075 0.442429 0.0490753 
v -1.55075 0.437277 0.0150713 
v -1.55075 0.423193 0.0490753 
v -1.55075 0.45088 0.0286733 
v -1.55075 0.45088 0.0694783 
v -1.55075 0.471282 0.000986334 
v -1.55075 0.437277 0.0830803 
v -1.55075 0.471282 0.0971653 
v -1.55075 0.471282 0.0202223 
v -1.55075 0.491685 0.0286733 
v -1.55075 0.505287 0.0150713 
v -1.55075 0.500136 0.0490753 
v -1.55075 0.519372 0.0490753 
v -1.55075 0.491685 0.0694783 
v -1.55075 0.505287 0.0830803 
v -1.55075 0.471282 0.0779293 
v -1.53139 0.513788 0.0915813 
v -1.55075 0.471282 0.0971653 
v -1.55075 0.519372 0.0490753 
v -1.53139 0.428777 0.0915813 
v -1.53139 0.513788 0.00657033 
v -1.53139 0.41117 0.0490753 
v -1.55075 0.437277 0.0150713 
v -1.53139 0.428777 0.00657033 
v 0.221629 0.402149 -0.0346737 
v 0.221629 0.402149 0.132818 
v 0.331725 0.525878 -0.0340878 
v 0.331725 0.525878 0.132232 
v -1.86525 0.419279 0.00597635 
v -1.86525 0.288603 0.00597635 
v -1.86525 0.288603 0.0921683 
v -1.75358 0.419279 0.0921673 
v -1.75358 0.419279 0.00597634 
v -1.75358 0.264967 0.00597634 
v -1.75358 0.264967 0.0921673 
v -1.03261 0.585184 0.101713 
v -1.6419 0.264968 0.0921673 
v -1.6419 0.264968 0.00597634 
v 0.504943 0.587996 0.137384 
v 0.504943 0.587996 -0.0392398 
v 0.282892 0.311637 -0.0392397 
v 0.282892 0.311637 0.137384 
v 0.292892 0.251637 -0.0392397 
v 0.292892 0.251637 0.137384 
v 1.06227 -0.579053 -0.0392398 
v 1.06227 -0.579053 0.137384 
v 1.17043 -0.194928 0.142741 
v 1.23567 -0.192687 0.142741 
v 1.24471 -0.182857 0.157384 
v 1.25471 -0.302857 0.157384 
v 1.24194 -0.298964 0.142741 
v 1.12038 -0.390761 0.142741 
v 1.17471 -0.402857 0.157384 
v 1.23567 -0.192687 -0.0445968 
v 1.24471 -0.182857 -0.0592398 
v 1.25471 -0.302857 -0.0592398 
v 1.24194 -0.298964 -0.0445968 
v 1.16893 -0.390819 -0.0445968 
v 1.17471 -0.402857 -0.0592398 
v 1.12038 -0.390761 -0.0445968 
v 0.284603 0.340955 -0.0509277 
v 0.348592 0.527143 0.149072 
v 0.284603 0.340955 0.149072 
v -0.916413 0.390955 0.149072 
v 0.282892 0.311637 0.137384 
v 0.311635 0.260833 0.157384 
v 1.07101 -0.559053 0.157384 
v 0.282892 0.311637 -0.0392397 
v 0.311635 0.260833 -0.0592398 
v 1.07101 -0.559053 -0.0592398 
v 1.05295 -0.0481844 -0.0384508 
v 1.06471 -0.0428575 -0.0592398 
v 1.06471 -0.112857 -0.0592398 
v 0.909979 -0.201069 -0.0384508 
v 1.0524 -0.108976 -0.0384508 
v 0.904713 -0.212857 -0.0592398 
v 0.98875 -0.201405 -0.0384508 
v 0.994713 -0.212857 -0.0592398 
v 0.909979 -0.201069 0.136595 
v 0.904713 -0.212857 0.157384 
v 0.98875 -0.201405 0.136595 
v 1.05295 -0.0481844 0.136595 
v 0.994713 -0.212857 0.157384 
v 1.06471 -0.0428575 0.157384 
v 1.06471 -0.112857 0.157384 
v 1.0524 -0.108976 0.136595 
v -0.329121 0.55571 0.129884 
v -0.391407 0.647143 0.149072 
v -0.398565 0.631869 0.131755 
v -0.311407 0.557143 0.149072 
v -0.399855 0.442006 0.131234 
v -0.391408 0.427143 0.149072 
v -0.329121 0.55571 -0.0317397 
v -0.34911 0.495876 -0.0509277 
v -0.399855 0.442006 -0.0330907 
v -0.391408 0.427143 -0.0509277 
v -0.311407 0.557143 -0.0509277 
v -0.391407 0.647143 -0.0509277 
v -0.398565 0.631869 -0.0336097 
v -1.08045 0.726889 -0.0309277 
v -1.07217 0.706889 -0.0509277 
v -1.12045 0.686889 -0.0309277 
v -1.10045 0.678605 -0.0509277 
v -1.12045 0.606889 -0.0309277 
v -1.10045 0.614073 -0.0509277 
v -0.916413 0.390955 -0.0509277 
v -0.925841 0.370955 -0.0309277 
v -1.08045 0.726889 0.129072 
v -1.07217 0.706889 0.149072 
v -1.12045 0.686889 0.129072 
v -1.10045 0.678605 0.149072 
v -1.12045 0.606889 0.129072 
v -1.10045 0.614073 0.149072 
v -0.916413 0.390955 0.149072 
v -0.925841 0.370955 0.129072 
v 0.331725 0.525878 -0.0340878 
v 0.348592 0.527143 -0.0509278 
v 0.228592 0.387143 -0.0509277 
v 0.228592 0.387143 0.149072 
v 0.331725 0.525878 0.132232 
v 0.348592 0.527143 0.149072 
v -2.08861 0.419279 0.00597636 
v -2.08861 0.419279 0.0921684 
v -1.08045 0.726889 -0.0309277 
v -1.08045 0.726889 0.129072 
v -1.12045 0.686889 0.129072 
v -1.12045 0.686889 -0.0309277 
v -1.12045 0.606889 0.129072 
v -1.12045 0.606889 -0.0309277 
v -0.925841 0.370955 -0.0309277 
v -0.925841 0.370955 0.129072 
v -0.329121 0.55571 -0.0317397 
v -0.399855 0.442006 0.131234 
v -0.329121 0.55571 0.129884 
v -0.399855 0.442006 -0.0330907 
v -0.398565 0.631869 -0.0336097 
v -0.398565 0.631869 0.131755 
v 0.0645503 0.788855 0.119072 
v 0.0555503 0.779453 0.0610503 
v 0.0195503 0.743854 0.119072 
v 0.0795503 0.803854 0.0817393 
v 0.0795503 0.803854 0.104073 
v 0.0555503 0.779453 0.0370943 
v 0.0195503 0.713854 -0.0209277 
v 0.0195503 0.713854 0.119072 
v 0.0195503 0.743854 -0.0209277 
v 0.0645503 0.788855 -0.0209277 
v 0.0795503 0.803854 0.0164053 
v -1.97693 0.419279 0.0921683 
v -1.97693 0.419279 0.00597635 
v -1.97693 0.288603 0.00597635 
v -1.97693 0.288603 0.0921683 
v 1.23567 -0.192687 0.142741 
v 1.23567 -0.192687 -0.0445968 
v 1.24194 -0.298964 0.142741 
v 1.24194 -0.298964 -0.0445968 
v 1.16893 -0.390819 0.142741 
v 1.16893 -0.390819 -0.0445968 
v -2.31825 0.587289 -0.00145563 
v -2.31825 0.587289 0.0996084 
v -2.31825 0.688353 -0.00145563 
v -2.31825 0.688353 0.0996084 
v -2.31825 0.688353 0.0996084 
v -2.28948 0.700986 0.112241 
v -2.28948 0.72715 0.0490764 
v -2.31825 0.709284 0.0490764 
v -2.31825 0.688353 -0.00145563 
v -2.28948 0.700986 -0.0140886 
v -2.31825 0.637821 0.0919534 
v -1.89281 0.637821 0.0919553 
v -2.31825 0.607502 0.0793954 
v -1.89281 0.637821 0.00619935 
v -1.89281 0.607502 0.0187583 
v -2.31825 0.607502 0.0187574 
v -2.31825 0.594943 0.0490764 
v -1.89281 0.594943 0.0490773 
v -1.89281 0.607502 0.0793964 
v 0.909979 -0.201069 -0.0384508 
v 0.909979 -0.201069 0.136595 
v 0.98875 -0.201405 0.136595 
v 0.98875 -0.201405 -0.0384508 
v -1.55075 0.505287 0.0150713 
v -1.55075 0.505287 0.0830803 
v -1.53139 0.513788 0.0915813 
v -1.53139 0.531394 0.0490753 
v -1.55075 0.519372 0.0490753 
v -1.55075 0.505287 0.0150713 
v -1.53139 0.513788 0.00657033 
v 0.221629 0.402149 -0.0346737 
v -0.0857557 0.402675 -0.0347047 
v 0.221629 0.402149 0.132818 
v -0.0857557 0.402675 0.132849 
v -0.136367 0.444164 0.132717 
v -0.136368 0.444164 -0.0345727 
v -2.16045 0.793872 0.0547424 
v -2.09045 0.793872 0.0547424 
v -2.09045 0.793872 0.0434024 
v -2.16045 0.793872 0.0434024 
v 0.247085 0.779453 0.0610503 
v 0.0555503 0.779453 0.0610503 
v 0.0795503 0.803854 0.0817393 
v 0.247085 0.803854 0.0817393 
v 0.247085 0.779453 0.0370943 
v 0.0795503 0.803854 0.104073 
v 0.0555503 0.779453 0.0370943 
v 0.247085 0.803854 0.104073 
v 0.0795503 0.803854 0.0164053 
v 0.247085 0.803854 0.0164053 
v 0.0645503 0.788855 0.119072 
v 0.247085 0.803854 -0.00592875 
v 0.0795503 0.803854 -0.00592874 
v 0.247085 0.788855 -0.0209277 
v 0.0645503 0.788855 -0.0209277 
v -1.86525 0.419279 0.00597635 
v -1.54165 0.585184 -0.00356167 
v -1.03261 0.585184 -0.00356169 
v -1.03261 0.585184 0.101713 
v -1.03261 0.690458 -0.00356169 
v -1.54165 0.690458 -0.00356167 
v -1.03261 0.712261 0.0490753 
v -1.54165 0.690458 0.101713 
v -1.54165 0.712261 0.0490753 
v -1.03261 0.690458 0.101713 
v 0.562949 0.587996 0.137384 
v 0.562949 0.587996 -0.0392398 
v 0.504943 0.587996 0.137384 
v 0.504943 0.587996 -0.0392398 
v 1.37983 -0.118218 -0.0392398 
v 1.37983 -0.118218 0.137384 
v 1.40554 -0.215131 0.137384 
v 1.40554 -0.215131 -0.0392398 
v 1.06471 -0.342857 0.157384 
v 1.07766 -0.33957 0.142741 
v 1.11471 -0.402857 0.157384 
v 1.12038 -0.390761 0.142741 
v 1.16893 -0.390819 0.142741 
v 1.17471 -0.402857 0.157384 
v 1.06471 -0.342857 -0.0592398 
v 1.07766 -0.33957 -0.0445968 
v 1.16893 -0.390819 -0.0445968 
v 1.11471 -0.402857 -0.0592398 
v 1.17471 -0.402857 -0.0592398 
v 1.12038 -0.390761 -0.0445968 
v -0.378734 0.706889 -0.0509277 
v 0.284603 0.340955 -0.0509277 
v -0.0737827 0.706889 -0.0509277 
v -0.378734 0.706889 0.149072 
v -0.0737827 0.706889 0.149072 
v 0.284603 0.340955 0.149072 
v -0.0914077 0.387143 0.149072 
v 0.514529 0.567996 0.157384 
v 0.555502 0.567996 0.157384 
v 0.562949 0.587996 0.137384 
v 0.504943 0.587996 0.137384 
v 1.38389 -0.211528 0.157384 
v 1.40554 -0.215131 0.137384 
v 0.562949 0.587996 -0.0392398 
v 0.514529 0.567996 -0.0592398 
v 0.504943 0.587996 -0.0392398 
v 0.555502 0.567996 -0.0592398 
v 1.38389 -0.211528 -0.0592398 
v 1.40554 -0.215131 -0.0392398 
v 0.909979 -0.201069 -0.0384508 
v 0.904713 -0.212857 -0.0592398 
v 0.98875 -0.201405 -0.0384508 
v 0.994713 -0.212857 -0.0592398 
v 0.909979 -0.201069 0.136595 
v 0.904713 -0.212857 0.157384 
v 0.98875 -0.201405 0.136595 
v 0.994713 -0.212857 0.157384 
v -0.329121 0.55571 0.129884 
v -0.399855 0.442006 0.131234 
v -0.913794 0.566646 0.130168 
v -0.391408 0.427143 0.149072 
v -0.841407 0.427143 0.149072 
v -0.833142 0.442103 0.131244 
v -0.329121 0.55571 -0.0317397 
v -0.399855 0.442006 -0.0330907 
v -0.391408 0.427143 -0.0509277 
v -0.841407 0.427143 -0.0509277 
v -0.833142 0.442103 -0.0330997 
v -0.913794 0.566646 -0.0320237 
v -1.08045 0.726889 -0.0309277 
v -0.378734 0.706889 -0.0509277 
v -1.07217 0.706889 -0.0509277 
v -0.37045 0.726889 -0.0309277 
v -1.12045 0.686889 -0.0309277 
v -0.34045 0.696889 -0.0309277 
v -0.348734 0.676889 -0.0509277 
v -1.12045 0.606889 -0.0309277 
v -0.113783 0.676889 -0.0509277 
v -0.12045 0.696889 -0.0309277 
v -0.0737827 0.706889 -0.0509277 
v -0.0804497 0.726889 -0.0309277 
v 0.28955 0.726889 -0.0309277 
v 0.283394 0.706889 -0.0509277 
v -0.37045 0.726889 0.129072 
v -1.08045 0.726889 0.129072 
v -0.378734 0.706889 0.149072 
v -0.34045 0.696889 0.129072 
v -1.07217 0.706889 0.149072 
v -0.348734 0.676889 0.149072 
v -1.12045 0.686889 0.129072 
v -0.113783 0.676889 0.149072 
v -0.12045 0.696889 0.129072 
v -0.0737827 0.706889 0.149072 
v -0.0804497 0.726889 0.129072 
v 0.28955 0.726889 0.129072 
v 0.283394 0.706889 0.149072 
v 0.228592 0.387143 -0.0509277 
v 0.221629 0.402149 -0.0346737 
v -0.0914077 0.387143 -0.0509277 
v -0.136368 0.444164 -0.0345727 
v -0.0857557 0.402675 -0.0347047 
v -0.151408 0.437143 -0.0509277 
v 0.221629 0.402149 0.132818 
v -0.0914077 0.387143 0.149072 
v 0.228592 0.387143 0.149072 
v -0.0857557 0.402675 0.132849 
v -0.136367 0.444164 0.132717 
v -0.151408 0.437143 0.149072 
v -0.920688 0.428777 0.0065703 
v -1.53139 0.513788 0.0915813 
v -0.920688 0.513788 0.0915813 
v -1.53139 0.531394 0.0490753 
v -0.920688 0.513788 0.0065703 
v -0.920688 0.531394 0.0490753 
v -1.53139 0.513788 0.00657033 
v -0.0804497 0.726889 -0.0309277 
v -0.12045 0.696889 0.129072 
v -0.0804497 0.726889 0.129072 
v -0.12045 0.696889 -0.0309277 
v 0.28955 0.726889 -0.0309277 
v -0.34045 0.696889 0.129072 
v 0.28955 0.726889 0.129072 
v -0.34045 0.696889 -0.0309277 
v 0.504158 0.580955 -0.0309278 
v -0.37045 0.726889 0.129072 
v 0.504158 0.580955 0.129072 
v -0.37045 0.726889 -0.0309277 
v -1.08045 0.726889 -0.0309277 
v -1.08045 0.726889 0.129072 
v -1.12045 0.686889 0.129072 
v -1.12045 0.686889 -0.0309277 
v -0.399855 0.442006 0.131234 
v -0.399855 0.442006 -0.0330907 
v -0.833142 0.442103 -0.0330997 
v -0.833142 0.442103 0.131244 
v 0.0645503 0.788855 0.119072 
v 0.0555503 0.779453 0.0610503 
v 0.0195503 0.743854 0.119072 
v 0.0795503 0.803854 0.0817393 
v 0.0795503 0.803854 0.104073 
v 0.0555503 0.779453 0.0370943 
v 0.0195503 0.743854 -0.0209277 
v 0.0645503 0.788855 -0.0209277 
v 0.0795503 0.803854 0.0164053 
v 0.0795503 0.803854 -0.00592874 
v -1.57041 0.72715 0.0490753 
v -1.57041 0.700986 0.11224 
v -1.54165 0.690458 0.101713 
v -1.54165 0.712261 0.0490753 
v -1.54165 0.690458 -0.00356167 
v -1.57041 0.700986 -0.0140887 
v -1.57041 0.637821 -0.0402527 
v -1.54165 0.585184 -0.00356167 
v -2.03045 0.743854 0.0343724 
v -2.03045 0.743854 0.0637724 
v -2.09045 0.793872 0.0434024 
v -2.09045 0.793872 0.0547424 
v -2.28948 0.700986 0.112241 
v -1.57041 0.700986 0.11224 
v -1.57041 0.700986 -0.0140887 
v -2.28948 0.72715 0.0490764 
v -2.28948 0.700986 -0.0140886 
v -1.57041 0.72715 0.0490753 
v 1.23567 -0.192687 0.142741 
v 1.16893 -0.390819 0.142741 
v 1.16893 -0.390819 -0.0445968 
v 1.12038 -0.390761 0.142741 
v 1.12038 -0.390761 -0.0445968 
v -2.31825 0.587289 -0.00145563 
v -2.31825 0.587289 0.0996084 
v -2.31825 0.688353 -0.00145563 
v -2.31825 0.688353 0.0996084 
v -2.31825 0.680699 0.0490764 
v -2.31825 0.688353 -0.00145563 
v -2.28948 0.700986 -0.0140886 
v -2.28948 0.637821 -0.0402526 
v -2.31825 0.637821 -0.0223866 
v -2.31825 0.587289 -0.00145563 
v -2.28948 0.574656 -0.0140886 
v -2.31825 0.66814 0.0793954 
v -1.89281 0.66814 0.0793964 
v -2.31825 0.637821 0.0919534 
v -1.89281 0.637821 0.0919553 
v -2.31825 0.607502 0.0793954 
v -1.89281 0.594943 0.0490773 
v -1.89281 0.607502 0.0793964 
v 0.486961 0.33306 0.136595 
v 0.98875 -0.201405 0.136595 
v 0.511291 0.366033 -0.0384518 
v 0.98875 -0.201405 -0.0384508 
v -1.55075 0.505287 0.0150713 
v -1.55075 0.505287 0.0150713 
v -1.53139 0.513788 0.00657033 
v -1.53139 0.41117 0.0490753 
v -1.53139 0.471282 -0.0110367 
v -1.55075 0.471282 0.000986334 
v -1.55075 0.437277 0.0150713 
v -1.53139 0.428777 0.00657033 
v -0.0857557 0.402675 -0.0347047 
v 0.221629 0.402149 0.132818 
v 0.331725 0.525878 -0.0340878 
v 0.247085 0.779453 0.0610503 
v 0.0555503 0.779453 0.0610503 
v 0.0795503 0.803854 0.0817393 
v 0.247085 0.803854 0.0817393 
v 0.247085 0.803854 -0.00592875 
v 0.0795503 0.803854 -0.00592874 
v 0.247085 0.788855 -0.0209277 
v 0.0645503 0.788855 -0.0209277 
v 0.247085 0.713854 -0.0209277 
v 0.0195503 0.713854 -0.0209277 
v 0.0195503 0.743854 -0.0209277 
v -1.86525 0.419279 0.00597635 
v -1.75358 0.419279 0.0921673 
v -1.75358 0.419279 0.00597634 
v -1.54165 0.585184 -0.00356167 
v -1.03261 0.585184 -0.00356169 
v -1.03261 0.637821 -0.0253647 
v -1.54165 0.637821 -0.0253647 
v -1.03261 0.690458 -0.00356169 
v -1.54165 0.690458 -0.00356167 
v 0.504943 0.587996 -0.0392398 
v 1.37983 -0.118218 -0.0392398 
v 1.40554 -0.215131 0.137384 
v 1.40554 -0.215131 -0.0392398 
v 1.06227 -0.579053 -0.0392398 
v 1.16227 -0.579053 -0.0392398 
v 0.514529 0.567996 -0.0592398 
v 0.504713 0.377143 -0.0592398 
v 0.304092 0.306091 -0.0592397 
v 0.474713 0.337143 -0.0592398 
v 0.574713 0.387143 -0.0592398 
v 0.474713 0.267143 -0.0592398 
v 0.555502 0.567996 -0.0592398 
v 0.311635 0.260833 -0.0592398 
v 1.06471 -0.0428575 -0.0592398 
v 0.904713 -0.212857 -0.0592398 
v 1.36208 -0.129311 -0.0592398 
v 1.06471 -0.112857 -0.0592398 
v 1.06471 -0.342857 -0.0592398 
v 1.07101 -0.559053 -0.0592398 
v 0.994713 -0.212857 -0.0592398 
v 1.11471 -0.402857 -0.0592398 
v 1.07471 -0.292857 -0.0592398 
v 1.15158 -0.559053 -0.0592398 
v 1.16471 -0.182857 -0.0592398 
v 1.17471 -0.402857 -0.0592398 
v 1.24471 -0.182857 -0.0592398 
v 1.25471 -0.302857 -0.0592398 
v 1.38389 -0.211528 -0.0592398 
v 1.17043 -0.194928 0.142741 
v 1.23567 -0.192687 -0.0445968 
v 1.17043 -0.194928 -0.0445968 
v 1.16471 -0.182857 -0.0592398 
v 1.07471 -0.292857 -0.0592398 
v 1.08679 -0.298565 -0.0445968 
v 1.25471 -0.302857 -0.0592398 
v 1.06471 -0.342857 -0.0592398 
v 1.24194 -0.298964 -0.0445968 
v 1.07766 -0.33957 -0.0445968 
v 1.16893 -0.390819 -0.0445968 
v 1.11471 -0.402857 -0.0592398 
v 1.17471 -0.402857 -0.0592398 
v 1.12038 -0.390761 -0.0445968 
v -0.931407 0.567143 -0.0509277 
v -1.10045 0.614073 -0.0509277 
v -1.07217 0.706889 -0.0509277 
v -1.10045 0.678605 -0.0509277 
v -0.916413 0.390955 -0.0509277 
v -0.871407 0.647143 -0.0509277 
v -0.841407 0.427143 -0.0509277 
v -0.378734 0.706889 -0.0509277 
v -0.419432 0.390955 -0.0509277 
v -0.391407 0.647143 -0.0509277 
v -0.391408 0.427143 -0.0509277 
v -0.348734 0.676889 -0.0509277 
v -0.311407 0.557143 -0.0509277 
v -0.349432 0.340955 -0.0509277 
v -0.34911 0.495876 -0.0509277 
v -0.151408 0.437143 -0.0509277 
v -0.151408 0.577143 -0.0509277 
v -0.113783 0.676889 -0.0509277 
v -0.0914077 0.387143 -0.0509277 
v -0.0814077 0.647143 -0.0509277 
v 0.284603 0.340955 -0.0509277 
v -0.0737827 0.706889 -0.0509277 
v 0.228592 0.387143 -0.0509277 
v 0.20955 0.647143 -0.0509277 
v 0.348592 0.527143 -0.0509278 
v 0.283394 0.706889 -0.0509277 
v 0.474954 0.576628 -0.0509278 
v -0.916413 0.390955 0.149072 
v 0.562949 0.587996 -0.0392398 
v 0.514529 0.567996 -0.0592398 
v 0.504943 0.587996 -0.0392398 
v 0.282892 0.311637 -0.0392397 
v 0.555502 0.567996 -0.0592398 
v 0.304092 0.306091 -0.0592397 
v 1.37983 -0.118218 -0.0392398 
v 0.292892 0.251637 -0.0392397 
v 1.36208 -0.129311 -0.0592398 
v 0.311635 0.260833 -0.0592398 
v 1.38389 -0.211528 -0.0592398 
v 1.07101 -0.559053 -0.0592398 
v 1.40554 -0.215131 -0.0392398 
v 1.06227 -0.579053 -0.0392398 
v 1.15158 -0.559053 -0.0592398 
v 1.16227 -0.579053 -0.0392398 
v 0.474713 0.337143 -0.0592398 
v 0.571031 0.374768 -0.0384518 
v 0.486772 0.271754 -0.0384518 
v 0.474713 0.337143 0.157384 
v 0.486772 0.271754 0.136595 
v 0.909979 -0.201069 0.136595 
v -0.329121 0.55571 -0.0317397 
v -0.841407 0.427143 -0.0509277 
v -0.391407 0.647143 -0.0509277 
v -0.833142 0.442103 -0.0330997 
v -0.398565 0.631869 -0.0336097 
v -0.931407 0.567143 -0.0509277 
v -0.863587 0.632059 -0.0333317 
v -0.913794 0.566646 -0.0320237 
v -0.871407 0.647143 -0.0509277 
v -1.08045 0.726889 -0.0309277 
v -0.378734 0.706889 -0.0509277 
v -1.07217 0.706889 -0.0509277 
v -0.37045 0.726889 -0.0309277 
v -1.12045 0.686889 -0.0309277 
v -0.34045 0.696889 -0.0309277 
v -1.10045 0.678605 -0.0509277 
v -0.348734 0.676889 -0.0509277 
v -1.12045 0.606889 -0.0309277 
v -0.113783 0.676889 -0.0509277 
v -1.10045 0.614073 -0.0509277 
v -0.12045 0.696889 -0.0309277 
v -0.916413 0.390955 -0.0509277 
v -0.0737827 0.706889 -0.0509277 
v -0.925841 0.370955 -0.0309277 
v -0.0804497 0.726889 -0.0309277 
v -0.425841 0.370955 -0.0309277 
v 0.28955 0.726889 -0.0309277 
v -0.419432 0.390955 -0.0509277 
v 0.283394 0.706889 -0.0509277 
v -0.349432 0.340955 -0.0509277 
v 0.474954 0.576628 -0.0509278 
v -0.355841 0.320955 -0.0309277 
v 0.504158 0.580955 -0.0309278 
v 0.284603 0.340955 -0.0509277 
v 0.294158 0.320955 -0.0309277 
v -0.34045 0.696889 0.129072 
v -1.12045 0.686889 0.129072 
v 0.504158 0.580955 0.129072 
v 0.20955 0.647143 -0.0509277 
v 0.331725 0.525878 -0.0340878 
v 0.20374 0.631694 -0.0347487 
v -0.0750657 0.631841 -0.0346367 
v -0.0814077 0.647143 -0.0509277 
v 0.228592 0.387143 -0.0509277 
v -0.136107 0.570813 -0.0346467 
v 0.221629 0.402149 -0.0346737 
v -0.151408 0.577143 -0.0509277 
v -0.0914077 0.387143 -0.0509277 
v -0.136368 0.444164 -0.0345727 
v -0.0857557 0.402675 -0.0347047 
v -0.151408 0.437143 -0.0509277 
v -2.20045 0.743854 0.0343724 
v -2.03045 0.743854 0.0343724 
v -2.20045 0.713854 0.0280724 
v -2.03045 0.713854 0.0280724 
v -2.09045 0.793872 0.0434024 
v -2.16045 0.793872 0.0434024 
v -2.03277 0.447313 0.00597635 
v -1.80942 0.447313 0.00597635 
v -1.86525 0.419279 0.00597635 
v -1.97693 0.419279 0.00597635 
v -1.97693 0.288603 0.00597635 
v -1.86525 0.288603 0.00597635 
v -1.6419 0.574982 0.00597634 
v -1.75358 0.419279 0.00597634 
v -1.6419 0.264968 0.00597634 
v -1.75358 0.264967 0.00597634 
v -2.20028 0.574982 0.00597636 
v -2.08861 0.419279 0.00597636 
v -2.20028 0.19517 0.00597636 
v -2.08861 0.19517 0.00597636 
v -2.08861 0.419279 0.0921684 
v -0.920688 0.41117 0.0490753 
v -0.920688 0.428777 0.0065703 
v -1.53139 0.428777 0.00657033 
v -0.920688 0.471282 -0.0110367 
v -1.53139 0.471282 -0.0110367 
v -0.920688 0.513788 0.0065703 
v -0.920688 0.531394 0.0490753 
v -1.53139 0.513788 0.00657033 
v -2.08861 0.19517 0.0921684 
v -2.08861 0.419279 0.00597636 
v -1.97693 0.419279 0.0921683 
v -1.57041 0.700986 0.11224 
v -1.54165 0.690458 -0.00356167 
v -1.57041 0.700986 -0.0140887 
v -1.57041 0.637821 -0.0402527 
v -1.54165 0.637821 -0.0253647 
v -1.54165 0.585184 -0.00356167 
v -1.57041 0.574656 -0.0140887 
v -2.28948 0.548492 0.0490764 
v -2.28948 0.574656 -0.0140886 
v -1.57041 0.574656 -0.0140887 
v -1.57041 0.637821 -0.0402527 
v -2.28948 0.637821 -0.0402526 
v -1.57041 0.700986 0.11224 
v -1.57041 0.700986 -0.0140887 
v -2.28948 0.700986 -0.0140886 
v -2.28948 0.700986 0.112241 
v -2.31825 0.637821 0.120539 
v -2.31825 0.709284 0.0490764 
v -2.28948 0.700986 -0.0140886 
v -2.28948 0.548492 0.0490764 
v -2.31825 0.637821 -0.0223866 
v -2.31825 0.587289 -0.00145563 
v -2.20028 0.19517 0.0921684 
v -2.20028 0.19517 0.00597636 
v -1.89281 0.594943 0.0490773 
v 0.486772 0.271754 0.136595 
v 0.909979 -0.201069 -0.0384508 
v 0.486772 0.271754 -0.0384518 
v 0.486962 0.33306 -0.0384518 
v 0.909979 -0.201069 0.136595 
v 0.486961 0.33306 0.136595 
v 0.98875 -0.201405 0.136595 
v 0.511291 0.366033 -0.0384518 
v 0.98875 -0.201405 -0.0384508 
v 0.511291 0.366033 0.136595 
v 0.571031 0.374768 -0.0384518 
v -1.55075 0.471282 0.0971653 
v -1.55075 0.519372 0.0490753 
v -1.53139 0.428777 0.0915813 
v -1.55075 0.423193 0.0490753 
v -1.53139 0.428777 0.00657033 
v 0.247085 0.788855 0.119072 
v 0.247085 0.803854 0.0817393 
v 0.247085 0.803854 0.104073 
v 0.247085 0.779453 0.0610503 
v 0.247085 0.713854 0.119072 
v 0.247085 0.779453 0.0370943 
v 0.247085 0.713854 -0.0209277 
v 0.247085 0.788855 -0.0209277 
v 0.247085 0.803854 0.0164053 
v 0.247085 0.803854 -0.00592875 
v -0.0857557 0.402675 -0.0347047 
v -0.136367 0.444164 0.132717 
v -0.136368 0.444164 -0.0345727 
v -0.136107 0.570813 -0.0346467 
v -0.0750657 0.631841 -0.0346367 
v -0.136107 0.570813 0.132791 
v -0.0750657 0.631841 0.132782 
v -1.86525 0.419279 0.0921673 
v -1.86525 0.419279 0.00597635 
v -1.86525 0.288603 0.00597635 
v -1.86525 0.288603 0.0921683 
v -1.75358 0.419279 0.0921673 
v -1.75358 0.419279 0.00597634 
v -1.6419 0.264968 0.0921673 
v -1.6419 0.264968 0.00597634 
v 0.504943 0.587996 0.137384 
v 0.504943 0.587996 -0.0392398 
v 1.37983 -0.118218 -0.0392398 
v 1.37983 -0.118218 0.137384 
v 1.40554 -0.215131 0.137384 
v 1.40554 -0.215131 -0.0392398 
v 1.16227 -0.579053 0.137384 
v 1.06227 -0.579053 -0.0392398 
v 1.16227 -0.579053 -0.0392398 
v 1.07471 -0.292857 0.157384 
v 1.17043 -0.194928 0.142741 
v 1.08679 -0.298565 0.142741 
v 1.06471 -0.342857 0.157384 
v 1.07766 -0.33957 0.142741 
v 1.12038 -0.390761 0.142741 
v 1.23567 -0.192687 -0.0445968 
v 1.07471 -0.292857 -0.0592398 
v 1.08679 -0.298565 -0.0445968 
v 1.06471 -0.342857 -0.0592398 
v 1.07766 -0.33957 -0.0445968 
v 1.12038 -0.390761 -0.0445968 
v -0.151408 0.577143 -0.0509277 
v 0.284603 0.340955 -0.0509277 
v -0.151408 0.577143 0.149072 
v 0.284603 0.340955 0.149072 
v -0.0914077 0.387143 0.149072 
v 1.07101 -0.559053 -0.0592398 
v 1.40554 -0.215131 -0.0392398 
v 1.06227 -0.579053 -0.0392398 
v 0.504713 0.377143 -0.0592398 
v 0.511291 0.366033 -0.0384518 
v 0.474713 0.337143 -0.0592398 
v 0.486962 0.33306 -0.0384518 
v 0.486772 0.271754 -0.0384518 
v 0.474713 0.267143 -0.0592398 
v 0.909979 -0.201069 -0.0384508 
v 0.904713 -0.212857 -0.0592398 
v 0.474713 0.337143 0.157384 
v 0.486772 0.271754 0.136595 
v 0.486961 0.33306 0.136595 
v 0.511291 0.366033 0.136595 
v 0.474713 0.267143 0.157384 
v 0.504713 0.377143 0.157384 
v 0.909979 -0.201069 0.136595 
v 0.904713 -0.212857 0.157384 
v -0.871407 0.647143 0.149072 
v -0.913794 0.566646 0.130168 
v -0.931407 0.567143 0.149072 
v -0.833142 0.442103 0.131244 
v -0.841407 0.427143 -0.0509277 
v -0.833142 0.442103 -0.0330997 
v -0.931407 0.567143 -0.0509277 
v -0.863587 0.632059 -0.0333317 
v -0.913794 0.566646 -0.0320237 
v -0.871407 0.647143 -0.0509277 
v -0.0750657 0.631841 -0.0346367 
v -0.0814077 0.647143 -0.0509277 
v -0.136107 0.570813 -0.0346467 
v -0.151408 0.577143 -0.0509277 
v -0.136368 0.444164 -0.0345727 
v -0.151408 0.437143 -0.0509277 
v -0.136367 0.444164 0.132717 
v -0.151408 0.437143 0.149072 
v -0.151408 0.577143 0.149072 
v -0.136107 0.570813 0.132791 
v -0.0750657 0.631841 0.132782 
v -0.0814077 0.647143 0.149072 
v -2.08861 0.419279 0.00597636 
v -2.08861 0.419279 0.0921684 
v 0.504158 0.580955 -0.0309278 
v 0.504158 0.580955 0.129072 
v 0.294158 0.320955 -0.0309277 
v 0.294158 0.320955 0.129072 
v -0.833142 0.442103 -0.0330997 
v -0.833142 0.442103 0.131244 
v -0.863587 0.632059 0.131476 
v -0.913794 0.566646 0.130168 
v -0.863587 0.632059 -0.0333317 
v -0.913794 0.566646 -0.0320237 
v -2.08861 0.19517 0.0921684 
v -2.08861 0.419279 0.00597636 
v -2.08861 0.419279 0.0921684 
v -2.08861 0.19517 0.00597636 
v -1.6419 0.574982 0.0921673 
v -1.6419 0.264968 0.0921673 
v -1.6419 0.264968 0.00597634 
v -1.6419 0.574982 0.00597634 
v -2.03045 0.713854 0.0700724 
v -2.03045 0.743854 0.0343724 
v -2.03045 0.743854 0.0637724 
v -2.03045 0.713854 0.0280724 
v 1.17043 -0.194928 -0.0445968 
v 1.17043 -0.194928 0.142741 
v 1.08679 -0.298565 -0.0445968 
v 1.12038 -0.390761 0.142741 
v 1.08679 -0.298565 0.142741 
v 1.12038 -0.390761 -0.0445968 
v 1.07766 -0.33957 -0.0445968 
v 1.07766 -0.33957 0.142741 
v -2.31825 0.587289 -0.00145563 
v -2.31825 0.587289 0.0996084 
v -2.31825 0.688353 -0.00145563 
v -2.31825 0.688353 0.0996084 
v -2.31825 0.587289 0.0996084 
v -2.28948 0.574656 0.112241 
v -2.28948 0.548492 0.0490764 
v -2.31825 0.566358 0.0490764 
v -2.31825 0.587289 -0.00145563 
v -2.28948 0.574656 -0.0140886 
v -2.31825 0.680699 0.0490764 
v -1.89281 0.680699 0.0490773 
v -2.31825 0.66814 0.0793954 
v -1.89281 0.66814 0.0187583 
v -1.89281 0.66814 0.0793964 
v -2.31825 0.637821 0.0919534 
v -2.31825 0.66814 0.0187574 
v -1.89281 0.637821 0.0919553 
v -1.89281 0.637821 0.00619935 
v -2.31825 0.607502 0.0187574 
v -1.89281 0.594943 0.0490773 
v 0.511291 0.366033 -0.0384518 
v 0.511291 0.366033 0.136595 
v 0.571031 0.374768 -0.0384518 
v 0.571031 0.374768 0.136595 
v 1.05295 -0.0481844 0.136595 
v 1.05295 -0.0481844 -0.0384508 
v -1.55075 0.505287 0.0150713 
v -1.53139 0.513788 0.0915813 
v -1.55075 0.437277 0.0830803 
v -1.53139 0.428777 0.0915813 
v -1.53139 0.41117 0.0490753 
v -1.55075 0.423193 0.0490753 
v -1.55075 0.437277 0.0150713 
v -1.53139 0.428777 0.00657033 
v 0.331725 0.525878 -0.0340878 
v 0.331725 0.525878 0.132232 
v 0.20374 0.631694 0.132893 
v 0.20374 0.631694 -0.0347487 
v -0.136107 0.570813 -0.0346467 
v -0.0750657 0.631841 -0.0346367 
v -0.136107 0.570813 0.132791 
v -0.0750657 0.631841 0.132782 
v -1.86525 0.419279 0.0921673 
v -1.86525 0.419279 0.00597635 
v -1.80942 0.447313 0.0921673 
v -1.80942 0.447313 0.00597635 
v -1.75358 0.419279 0.0921673 
v -1.75358 0.419279 0.00597634 
v -1.54165 0.585184 -0.00356167 
v -1.03261 0.585184 -0.00356169 
v -1.54165 0.563381 0.0490753 
v -1.03261 0.563381 0.0490753 
v -1.54165 0.585184 0.101713 
v -1.03261 0.585184 0.101713 
v -1.54165 0.690458 0.101713 
v -1.03261 0.690458 0.101713 
v -2.20028 0.19517 0.0921684 
v -2.20028 0.19517 0.00597636 
v -2.08861 0.19517 0.0921684 
v -2.08861 0.19517 0.00597636 
v -1.75358 0.264967 0.0921673 
v -1.75358 0.264967 0.00597634 
v -1.6419 0.264968 0.0921673 
v -1.6419 0.264968 0.00597634 
v 1.16227 -0.579053 0.137384 
v 1.06227 -0.579053 -0.0392398 
v 1.16227 -0.579053 -0.0392398 
v 1.06227 -0.579053 0.137384 
v -1.97693 0.288603 0.00597635 
v -1.86525 0.288603 0.0921683 
v -1.97693 0.288603 0.0921683 
v -1.86525 0.288603 0.00597635 
v 1.17043 -0.194928 0.142741 
v 1.16471 -0.182857 0.157384 
v 1.23567 -0.192687 0.142741 
v 1.06471 -0.342857 0.157384 
v 1.24471 -0.182857 0.157384 
v 1.07766 -0.33957 0.142741 
v 1.23567 -0.192687 -0.0445968 
v 1.17043 -0.194928 -0.0445968 
v 1.16471 -0.182857 -0.0592398 
v 1.24471 -0.182857 -0.0592398 
v 1.06471 -0.342857 -0.0592398 
v 1.07766 -0.33957 -0.0445968 
v -0.349432 0.340955 -0.0509277 
v -0.151408 0.577143 -0.0509277 
v 0.284603 0.340955 -0.0509277 
v -0.151408 0.577143 0.149072 
v 0.348592 0.527143 0.149072 
v 0.284603 0.340955 0.149072 
v -0.349432 0.340955 0.149072 
v -0.916413 0.390955 0.149072 
v 1.15158 -0.559053 0.157384 
v 1.07101 -0.559053 0.157384 
v 1.16227 -0.579053 0.137384 
v 1.06227 -0.579053 0.137384 
v 1.07101 -0.559053 -0.0592398 
v 1.06227 -0.579053 -0.0392398 
v 1.15158 -0.559053 -0.0592398 
v 1.16227 -0.579053 -0.0392398 
v 0.504713 0.377143 -0.0592398 
v 0.574713 0.387143 -0.0592398 
v 0.511291 0.366033 -0.0384518 
v 0.474713 0.337143 -0.0592398 
v 0.571031 0.374768 -0.0384518 
v 1.05295 -0.0481844 -0.0384508 
v 1.06471 -0.0428575 -0.0592398 
v 0.474713 0.337143 0.157384 
v 0.511291 0.366033 0.136595 
v 0.504713 0.377143 0.157384 
v 0.574713 0.387143 0.157384 
v 0.571031 0.374768 0.136595 
v 1.05295 -0.0481844 0.136595 
v 1.06471 -0.0428575 0.157384 
v -0.329121 0.55571 0.129884 
v -0.391407 0.647143 0.149072 
v -0.398565 0.631869 0.131755 
v -0.863587 0.632059 0.131476 
v -0.871407 0.647143 0.149072 
v -0.913794 0.566646 0.130168 
v -0.329121 0.55571 -0.0317397 
v -0.391407 0.647143 -0.0509277 
v -0.398565 0.631869 -0.0336097 
v -0.863587 0.632059 -0.0333317 
v -0.913794 0.566646 -0.0320237 
v -0.871407 0.647143 -0.0509277 
v -1.12045 0.606889 -0.0309277 
v -0.916413 0.390955 -0.0509277 
v -0.925841 0.370955 -0.0309277 
v -0.425841 0.370955 -0.0309277 
v -0.419432 0.390955 -0.0509277 
v -0.349432 0.340955 -0.0509277 
v -0.355841 0.320955 -0.0309277 
v 0.284603 0.340955 -0.0509277 
v 0.294158 0.320955 -0.0309277 
v -0.916413 0.390955 0.149072 
v -0.925841 0.370955 0.129072 
v -0.425841 0.370955 0.129072 
v -0.419432 0.390955 0.149072 
v -0.349432 0.340955 0.149072 
v 0.294158 0.320955 0.129072 
v -0.355841 0.320955 0.129072 
v 0.284603 0.340955 0.149072 
v 0.20955 0.647143 -0.0509277 
v 0.331725 0.525878 -0.0340878 
v 0.20374 0.631694 -0.0347487 
v -0.0750657 0.631841 -0.0346367 
v 0.348592 0.527143 -0.0509278 
v -0.0814077 0.647143 -0.0509277 
v 0.331725 0.525878 0.132232 
v 0.348592 0.527143 0.149072 
v 0.20955 0.647143 0.149072 
v 0.20374 0.631694 0.132893 
v -0.0750657 0.631841 0.132782 
v -0.0814077 0.647143 0.149072 
v -2.08861 0.419279 0.00597636 
v -2.08861 0.419279 0.0921684 
v -1.53139 0.428777 0.0915813 
v -0.920688 0.41117 0.0490753 
v -0.920688 0.428777 0.0915813 
v -1.53139 0.41117 0.0490753 
v -0.920688 0.428777 0.0065703 
v -1.53139 0.428777 0.00657033 
v 0.294158 0.320955 -0.0309277 
v 0.294158 0.320955 0.129072 
v -0.355841 0.320955 -0.0309277 
v -0.355841 0.320955 0.129072 
v -0.425841 0.370955 -0.0309277 
v -0.425841 0.370955 0.129072 
v -0.925841 0.370955 -0.0309277 
v -0.925841 0.370955 0.129072 
v -0.398565 0.631869 -0.0336097 
v -0.398565 0.631869 0.131755 
v -0.863587 0.632059 0.131476 
v -0.913794 0.566646 0.130168 
v -0.863587 0.632059 -0.0333317 
v -2.08861 0.419279 0.00597636 
v -2.08861 0.419279 0.0921684 
v -2.03277 0.447313 0.0921683 
v -2.03277 0.447313 0.00597635 
v -1.97693 0.419279 0.0921683 
v -1.97693 0.419279 0.00597635 
v -1.54165 0.690458 0.101713 
v -1.54165 0.585184 0.101713 
v -1.57041 0.574656 0.11224 
v -1.57041 0.548492 0.0490753 
v -1.54165 0.563381 0.0490753 
v -1.54165 0.585184 -0.00356167 
v -1.57041 0.574656 -0.0140887 
v -1.57041 0.574656 0.11224 
v -2.28948 0.548492 0.0490764 
v -1.57041 0.548492 0.0490753 
v -2.28948 0.574656 0.112241 
v -2.28948 0.574656 -0.0140886 
v -1.57041 0.574656 -0.0140887 
v 1.23567 -0.192687 0.142741 
v 1.23567 -0.192687 -0.0445968 
v 1.17043 -0.194928 -0.0445968 
v 1.17043 -0.194928 0.142741 
v -2.31825 0.587289 -0.00145563 
v -2.31825 0.587289 0.0996084 
v -2.31825 0.688353 -0.00145563 
v -2.31825 0.688353 0.0996084 
v -2.31825 0.680699 0.0490764 
v -2.31825 0.688353 0.0996084 
v -2.28948 0.637821 0.138404 
v -2.28948 0.700986 0.112241 
v -2.31825 0.637821 0.120539 
v -2.31825 0.587289 0.0996084 
v -2.28948 0.574656 0.112241 
v -1.89281 0.66814 0.0187583 
v -2.31825 0.66814 0.0187574 
v -1.89281 0.637821 0.00619935 
v -2.31825 0.637821 0.00619837 
v -1.89281 0.607502 0.0187583 
v -2.31825 0.607502 0.0187574 
v -1.89281 0.594943 0.0490773 
v 0.486961 0.33306 0.136595 
v 0.98875 -0.201405 0.136595 
v 0.98875 -0.201405 -0.0384508 
v 0.511291 0.366033 0.136595 
v -1.55075 0.505287 0.0830803 
v -1.53139 0.471282 0.109187 
v -1.53139 0.513788 0.0915813 
v -1.55075 0.471282 0.0971653 
v -1.55075 0.437277 0.0830803 
v -1.53139 0.428777 0.0915813 
v -1.53139 0.41117 0.0490753 
v 0.221629 0.402149 0.132818 
v 0.0555503 0.779453 0.0610503 
v 0.247085 0.779453 0.0370943 
v 0.0795503 0.803854 0.104073 
v 0.0555503 0.779453 0.0370943 
v 0.247085 0.803854 0.104073 
v 0.0795503 0.803854 0.0164053 
v 0.247085 0.788855 0.119072 
v 0.247085 0.803854 0.0164053 
v 0.0645503 0.788855 0.119072 
v 0.247085 0.713854 0.119072 
v 0.0195503 0.713854 0.119072 
v 0.0195503 0.743854 0.119072 
v -1.86525 0.419279 0.00597635 
v -1.75358 0.419279 0.0921673 
v -1.75358 0.419279 0.00597634 
v -1.54165 0.585184 0.101713 
v -1.03261 0.585184 0.101713 
v -1.54165 0.637821 0.123516 
v -1.03261 0.637821 0.123516 
v -1.54165 0.690458 0.101713 
v -1.03261 0.690458 0.101713 
v 0.504943 0.587996 0.137384 
v 1.37983 -0.118218 -0.0392398 
v 1.40554 -0.215131 0.137384 
v 1.40554 -0.215131 -0.0392398 
v 1.16227 -0.579053 0.137384 
v 1.06227 -0.579053 -0.0392398 
v 1.06227 -0.579053 0.137384 
v 0.304092 0.306091 0.157384 
v 0.474713 0.267143 0.157384 
v 0.474713 0.337143 0.157384 
v 0.504713 0.377143 0.157384 
v 0.311635 0.260833 0.157384 
v 0.514529 0.567996 0.157384 
v 0.574713 0.387143 0.157384 
v 0.555502 0.567996 0.157384 
v 0.904713 -0.212857 0.157384 
v 1.06471 -0.0428575 0.157384 
v 1.36208 -0.129311 0.157384 
v 1.06471 -0.342857 0.157384 
v 1.07101 -0.559053 0.157384 
v 0.994713 -0.212857 0.157384 
v 1.11471 -0.402857 0.157384 
v 1.07471 -0.292857 0.157384 
v 1.15158 -0.559053 0.157384 
v 1.16471 -0.182857 0.157384 
v 1.17471 -0.402857 0.157384 
v 1.06471 -0.112857 0.157384 
v 1.25471 -0.302857 0.157384 
v 1.24471 -0.182857 0.157384 
v 1.38389 -0.211528 0.157384 
v 1.07471 -0.292857 0.157384 
v 1.17043 -0.194928 0.142741 
v 1.16471 -0.182857 0.157384 
v 1.08679 -0.298565 0.142741 
v 1.23567 -0.192687 0.142741 
v 1.06471 -0.342857 0.157384 
v 1.07766 -0.33957 0.142741 
v 1.25471 -0.302857 0.157384 
v 1.11471 -0.402857 0.157384 
v 1.24194 -0.298964 0.142741 
v 1.12038 -0.390761 0.142741 
v 1.16893 -0.390819 0.142741 
v 1.17471 -0.402857 0.157384 
v 1.23567 -0.192687 -0.0445968 
v -0.151408 0.577143 0.149072 
v -0.348734 0.676889 0.149072 
v -0.311407 0.557143 0.149072 
v -0.391407 0.647143 0.149072 
v -0.378734 0.706889 0.149072 
v -0.871407 0.647143 0.149072 
v -0.113783 0.676889 0.149072 
v -1.07217 0.706889 0.149072 
v -0.151408 0.437143 0.149072 
v -0.0814077 0.647143 0.149072 
v -0.0737827 0.706889 0.149072 
v 0.20955 0.647143 0.149072 
v 0.283394 0.706889 0.149072 
v 0.348592 0.527143 0.149072 
v 0.474954 0.576628 0.149072 
v 0.284603 0.340955 0.149072 
v 0.228592 0.387143 0.149072 
v -0.0914077 0.387143 0.149072 
v -0.349432 0.340955 0.149072 
v -0.391408 0.427143 0.149072 
v -0.419432 0.390955 0.149072 
v -0.841407 0.427143 0.149072 
v -0.916413 0.390955 0.149072 
v -0.931407 0.567143 0.149072 
v -1.10045 0.614073 0.149072 
v -1.10045 0.678605 0.149072 
v 0.514529 0.567996 0.157384 
v 0.555502 0.567996 0.157384 
v 0.562949 0.587996 0.137384 
v 0.504943 0.587996 0.137384 
v 1.37983 -0.118218 0.137384 
v 0.282892 0.311637 0.137384 
v 1.36208 -0.129311 0.157384 
v 0.304092 0.306091 0.157384 
v 1.38389 -0.211528 0.157384 
v 0.292892 0.251637 0.137384 
v 1.40554 -0.215131 0.137384 
v 0.311635 0.260833 0.157384 
v 1.15158 -0.559053 0.157384 
v 1.07101 -0.559053 0.157384 
v 1.16227 -0.579053 0.137384 
v 1.06227 -0.579053 0.137384 
v 0.474713 0.337143 -0.0592398 
v 0.486772 0.271754 -0.0384518 
v 0.909979 -0.201069 -0.0384508 
v 0.474713 0.337143 0.157384 
v 0.486772 0.271754 0.136595 
v 0.511291 0.366033 0.136595 
v 0.574713 0.387143 0.157384 
v 1.05295 -0.0481844 0.136595 
v -0.329121 0.55571 0.129884 
v -0.391407 0.647143 0.149072 
v -0.398565 0.631869 0.131755 
v -0.863587 0.632059 0.131476 
v -0.871407 0.647143 0.149072 
v -0.913794 0.566646 0.130168 
v -0.931407 0.567143 0.149072 
v -0.841407 0.427143 0.149072 
v -0.833142 0.442103 0.131244 
v -0.425841 0.370955 -0.0309277 
v -0.37045 0.726889 0.129072 
v -1.08045 0.726889 0.129072 
v -0.378734 0.706889 0.149072 
v -0.34045 0.696889 0.129072 
v -1.07217 0.706889 0.149072 
v -0.348734 0.676889 0.149072 
v -1.12045 0.686889 0.129072 
v -0.113783 0.676889 0.149072 
v -1.10045 0.678605 0.149072 
v -0.12045 0.696889 0.129072 
v -1.12045 0.606889 0.129072 
v -0.0737827 0.706889 0.149072 
v -1.10045 0.614073 0.149072 
v -0.0804497 0.726889 0.129072 
v -0.916413 0.390955 0.149072 
v 0.28955 0.726889 0.129072 
v -0.925841 0.370955 0.129072 
v 0.283394 0.706889 0.149072 
v -0.425841 0.370955 0.129072 
v 0.474954 0.576628 0.149072 
v -0.419432 0.390955 0.149072 
v 0.504158 0.580955 0.129072 
v -0.349432 0.340955 0.149072 
v 0.294158 0.320955 0.129072 
v -0.355841 0.320955 0.129072 
v 0.284603 0.340955 0.149072 
v 0.221629 0.402149 0.132818 
v -0.0914077 0.387143 0.149072 
v 0.228592 0.387143 0.149072 
v -0.0857557 0.402675 0.132849 
v 0.331725 0.525878 0.132232 
v -0.136367 0.444164 0.132717 
v -0.151408 0.437143 0.149072 
v 0.20955 0.647143 0.149072 
v -0.151408 0.577143 0.149072 
v 0.20374 0.631694 0.132893 
v -0.136107 0.570813 0.132791 
v -0.0750657 0.631841 0.132782 
v -0.0814077 0.647143 0.149072 
v -2.20045 0.743854 0.0637724 
v -2.03045 0.713854 0.0700724 
v -2.03045 0.743854 0.0637724 
v -2.20045 0.713854 0.0700724 
v -2.09045 0.793872 0.0547424 
v -2.16045 0.793872 0.0547424 
v -1.6419 0.574982 0.00597634 
v -2.08861 0.419279 0.00597636 
v -1.6419 0.574982 0.0921673 
v -2.20028 0.574982 0.0921684 
v -2.03277 0.447313 0.0921683 
v -2.08861 0.419279 0.0921684 
v -2.20028 0.19517 0.0921684 
v -2.08861 0.19517 0.0921684 
v -1.80942 0.447313 0.0921673 
v -1.97693 0.419279 0.0921683 
v -1.75358 0.419279 0.0921673 
v -1.6419 0.264968 0.0921673 
v -1.75358 0.264967 0.0921673 
v -1.86525 0.419279 0.0921673 
v -1.86525 0.288603 0.0921683 
v -1.97693 0.288603 0.0921683 
v -1.53139 0.428777 0.0915813 
v -0.920688 0.41117 0.0490753 
v -0.920688 0.428777 0.0915813 
v -1.53139 0.471282 0.109187 
v -0.920688 0.428777 0.0065703 
v -0.920688 0.471282 0.109187 
v -1.53139 0.513788 0.0915813 
v -0.920688 0.513788 0.0915813 
v -0.920688 0.531394 0.0490753 
v -2.08861 0.419279 0.00597636 
v -1.97693 0.419279 0.0921683 
v -1.97693 0.288603 0.00597635 
v -1.57041 0.700986 0.11224 
v -1.54165 0.690458 0.101713 
v -1.57041 0.637821 0.138404 
v -1.54165 0.637821 0.123516 
v -1.54165 0.585184 0.101713 
v -1.57041 0.574656 0.11224 
v -1.57041 0.574656 -0.0140887 
v -1.57041 0.574656 0.11224 
v -2.28948 0.548492 0.0490764 
v -2.28948 0.574656 0.112241 
v -2.28948 0.637821 0.138404 
v -1.57041 0.574656 -0.0140887 
v -1.57041 0.637821 0.138404 
v -2.28948 0.700986 0.112241 
v -1.57041 0.700986 0.11224 

vn -1 0 0 
vn -1 0 0 
vn -1 0 0 
vn -1 0 0 
vn -1 0 0 
vn -1 0 0 
vn -1 0 0 
vn -1 0 0 
vn -1 0 0 
vn -1 0 0 
vn -1 0 0 
vn -1 0 0 
vn -1 0 0 
vn -1 0 0 
vn -1 0 0 
vn -1 0 0 
vn -0.527559 0.598425 0.598425 
vn -0.527559 0 0.850394 
vn -0.527559 0.850394 0 
vn -0.527559 0.598425 -0.598425 
vn -0.527559 -0.850394 0 
vn -0.527559 0 -0.850394 
vn -0.527559 -0.598425 -0.598425 
vn -0.944882 0.330709 0 
vn -1 0 0 
vn -1 0 0 
vn -0.944882 0.330709 0 
vn -0.779528 0.622047 0 
vn -0.779528 0.622047 0 
vn -1 0 0 
vn -1 0 0 
vn -1 0 0 
vn -1 0 0 
vn -0.15748 -0.984252 0 
vn -0.15748 -0.700787 0.700787 
vn -0.15748 -0.700787 -0.700787 
vn -0.15748 0 -0.984252 
vn -0.15748 0 0.984252 
vn -0.15748 0.700787 0.700787 
vn -0.15748 0.984252 0 
vn -0.15748 0.700787 -0.700787 
vn 0.165354 0.984252 0 
vn 0.165354 0.984252 0 
vn -0.165354 0.984252 0 
vn 0.314961 -0.952756 0 
vn -0.165354 0.984252 0 
vn 0.314961 -0.952756 0 
vn -0.944882 0.330709 0 
vn -0.944882 0.330709 0 
vn -0.874016 -0.488189 0 
vn -0.874016 -0.488189 0 
vn -1 0 0 
vn -1 0 0 
vn -1 0 0 
vn -1 0 0 
vn -1 0 0 
vn -1 0 0 
vn -1 0 0 
vn -1 0 0 
vn -1 0 0 
vn -1 0 0 
vn -1 0 0 
vn -1 0 0 
vn -1 0 0 
vn -1 0 0 
vn -1 0 0 
vn -1 0 0 
vn -0.527559 0.598425 0.598425 
vn -0.527559 0 0.850394 
vn -0.527559 0.850394 0 
vn -0.527559 -0.598425 0.598425 
vn -0.527559 0.598425 -0.598425 
vn -0.527559 -0.850394 0 
vn -0.527559 -0.598425 -0.598425 
vn -0.527559 -0.598425 -0.598425 
vn -0.15748 0.984252 0 
vn -0.15748 0.984252 0 
vn -0.992126 -0.149606 0 
vn -0.992126 -0.149606 0 
vn 0.724409 -0.692913 0 
vn 1 0 0 
vn 1 0 0 
vn -0.724409 -0.692913 0 
vn -0.724409 -0.692913 0 
vn -1 0 0 
vn -1 0 0 
vn 0 -0.708661 0.708661 
vn 0 -1 0 
vn 0 -1 0 
vn -0.165354 0.984252 0 
vn -0.165354 0.984252 0 
vn -0.952756 0.299213 0 
vn -0.952756 0.299213 0 
vn -0.88189 -0.480315 0 
vn -0.88189 -0.480315 0 
vn -0.15748 -0.984252 0 
vn -0.15748 -0.984252 0 
vn 0.204724 -0.732283 0.645669 
vn -0.188976 -0.716535 0.677165 
vn -0.110236 -0.755906 0.645669 
vn -0.700787 0.299213 0.653543 
vn -0.732283 0.212598 0.645669 
vn 0.188976 0.724409 0.669291 
vn -0.0944882 0.748031 0.653543 
vn -0.188976 -0.716535 -0.677165 
vn -0.110236 -0.755906 -0.645669 
vn -0.700787 0.299213 -0.653543 
vn -0.732283 0.212598 -0.645669 
vn -0.188976 0.716535 -0.669291 
vn -0.0944882 0.748031 -0.653543 
vn 0.188976 0.724409 -0.669291 
vn 0 0 -1 
vn 0 0 1 
vn 0 0 1 
vn 0 0 1 
vn -0.629921 0.244094 0.740157 
vn -0.629921 -0.283465 0.724409 
vn -0.181102 -0.653543 0.732283 
vn -0.629921 0.244094 -0.740157 
vn -0.629921 -0.283465 -0.724409 
vn -0.181102 -0.653543 -0.732283 
vn -0.76378 -0.362205 -0.535433 
vn -0.716535 -0.464567 -0.527559 
vn -0.80315 0.307087 -0.511811 
vn 0.188976 0.834646 -0.519685 
vn -0.818898 0.251969 -0.519685 
vn 0.11811 0.850394 -0.503937 
vn -0.188976 0.834646 -0.519685 
vn -0.11811 0.850394 -0.511811 
vn 0.188976 0.834646 0.519685 
vn 0.11811 0.850394 0.503937 
vn -0.188976 0.834646 0.519685 
vn -0.76378 -0.362205 0.535433 
vn -0.11811 0.850394 0.511811 
vn -0.716535 -0.464567 0.527559 
vn -0.80315 0.307087 0.511811 
vn -0.818898 0.251969 0.519685 
vn -0.700787 -0.0708661 0.708661 
vn -0.0944882 -0.740157 0.669291 
vn -0.188976 -0.708661 0.677165 
vn -0.692913 -0.11811 0.708661 
vn -0.19685 0.708661 0.677165 
vn -0.102362 0.740157 0.661417 
vn -0.700787 -0.0708661 -0.708661 
vn -0.661417 0.417323 -0.622047 
vn -0.19685 0.708661 -0.677165 
vn -0.102362 0.740157 -0.661417 
vn -0.692913 -0.11811 -0.708661 
vn -0.0944882 -0.740157 -0.669291 
vn -0.188976 -0.708661 -0.677165 
vn -0.0866142 0.685039 -0.724409 
vn -0.173228 0.661417 -0.732283 
vn -0.582677 0.354331 -0.732283 
vn -0.637795 0.23622 -0.732283 
vn -0.614173 -0.307087 -0.724409 
vn -0.653543 -0.212598 -0.724409 
vn -0.181102 -0.653543 -0.740157 
vn -0.0866142 -0.685039 -0.724409 
vn -0.0866142 0.685039 0.724409 
vn -0.173228 0.661417 0.732283 
vn -0.582677 0.354331 0.732283 
vn -0.637795 0.23622 0.732283 
vn -0.614173 -0.307087 0.724409 
vn -0.653543 -0.212598 0.724409 
vn -0.181102 -0.653543 0.740157 
vn -0.0866142 -0.685039 0.724409 
vn -0.645669 -0.0629921 -0.76378 
vn -0.637795 -0.11811 -0.755906 
vn -0.0866142 0.716535 -0.692913 
vn -0.0866142 0.716535 0.692913 
vn -0.645669 -0.0629921 0.76378 
vn -0.637795 -0.11811 0.755906 
vn 0 0 -1 
vn 0 0 1 
vn -0.15748 0.984252 0 
vn -0.15748 0.984252 0 
vn -0.897638 0.440945 0 
vn -0.897638 0.440945 0 
vn -0.929134 -0.377953 0 
vn -0.929134 -0.377953 0 
vn -0.165354 -0.984252 0 
vn -0.165354 -0.984252 0 
vn -0.992126 -0.141732 0 
vn -0.165354 0.984252 0 
vn -0.992126 -0.141732 0 
vn -0.165354 0.984252 0 
vn -0.15748 -0.984252 0 
vn -0.15748 -0.984252 0 
vn -0.708661 0.708661 0 
vn -0.708661 0.708661 0 
vn -0.897638 0.448819 0 
vn -0.708661 0.708661 0 
vn -0.708661 0.708661 0 
vn -0.708661 0.708661 0 
vn -1 0 0 
vn -1 0 0 
vn -0.897638 0.448819 0 
vn -0.708661 0.708661 0 
vn -0.708661 0.708661 0 
vn -0.724409 -0.692913 0 
vn -0.724409 -0.692913 0 
vn -1 0 0 
vn -1 0 0 
vn -0.15748 -0.984252 0 
vn -0.15748 -0.984252 0 
vn -0.937008 0.346457 0 
vn -0.937008 0.346457 0 
vn -0.165354 0.984252 0 
vn -0.165354 0.984252 0 
vn -1 0 0 
vn -1 0 0 
vn -1 0 0 
vn -1 0 0 
vn -0.527559 0.598425 0.598425 
vn -0.527559 0.598425 0.598425 
vn -0.527559 0.850394 0 
vn -0.527559 0.850394 0 
vn -0.527559 0.598425 -0.598425 
vn -0.527559 0.598425 -0.598425 
vn 0 0 -1 
vn -0.15748 0 -0.984252 
vn 0 0.708661 -0.708661 
vn -0.15748 0 0.984252 
vn -0.15748 0.700787 0.700787 
vn 0 0.708661 0.708661 
vn 0 1 0 
vn -0.15748 0.984252 0 
vn -0.15748 0.700787 -0.700787 
vn 0.165354 0.984252 0 
vn 0.165354 0.984252 0 
vn -0.165354 0.984252 0 
vn -0.165354 0.984252 0 
vn -1 0 0 
vn -0.527559 0.598425 0.598425 
vn -0.527559 0.598425 0.598425 
vn -0.527559 0.850394 0 
vn -0.527559 0.850394 0 
vn -0.527559 0.598425 -0.598425 
vn -0.527559 0.598425 -0.598425 
vn -0.15748 0.984252 0 
vn 0.149606 0.992126 0 
vn -0.15748 0.984252 0 
vn 0.149606 0.992126 0 
vn 0.858268 0.511811 0 
vn 0.858268 0.511811 0 
vn 0 1 0 
vn 0 1 0 
vn 0 1 0 
vn 0 1 0 
vn 0 0.905512 -0.417323 
vn 0 0.913386 -0.401575 
vn 0 0.897638 -0.440945 
vn 0 0.905512 -0.417323 
vn 0 0.905512 0.417323 
vn 0 0.913386 0.401575 
vn 0 0.913386 0.401575 
vn 0 0.92126 0.385827 
vn 0 0.897638 0.440945 
vn 0 0.905512 0.417323 
vn 0 0.346457 0.937008 
vn 0 0.92126 -0.385827 
vn 0 0.913386 -0.401575 
vn 0 0.385827 -0.92126 
vn 0 0.346457 -0.937008 
vn 0.724409 -0.692913 0 
vn 0 -0.708661 -0.708661 
vn 0 -0.708661 -0.708661 
vn 0 -0.708661 0.708661 
vn 0 0.708661 -0.708661 
vn 0 0.708661 -0.708661 
vn 0 1 0 
vn 0 0.708661 0.708661 
vn 0 1 0 
vn 0 0.708661 0.708661 
vn 0.149606 0.992126 0 
vn 0.149606 0.992126 0 
vn -0.165354 0.984252 0 
vn -0.165354 0.984252 0 
vn 0.818898 0.574803 0 
vn 0.818898 0.574803 0 
vn 0.984252 -0.19685 0 
vn 0.984252 -0.19685 0 
vn 0.685039 0.259843 0.677165 
vn 0.708661 0.173228 0.685039 
vn 0.0944882 0.748031 0.653543 
vn 0.188976 0.724409 0.669291 
vn -0.188976 0.716535 0.669291 
vn -0.0944882 0.748031 0.653543 
vn 0.685039 0.259843 -0.677165 
vn 0.708661 0.173228 -0.685039 
vn -0.188976 0.716535 -0.669291 
vn 0.0944882 0.748031 -0.653543 
vn -0.0944882 0.748031 -0.653543 
vn 0.188976 0.724409 -0.669291 
vn 0 0 -1 
vn 0 0 -1 
vn 0 0 -1 
vn 0 0 1 
vn 0 0 1 
vn 0 0 1 
vn 0 0 1 
vn -0.188976 0.645669 0.740157 
vn 0.173228 0.661417 0.724409 
vn 0.0787402 0.692913 0.716535 
vn -0.0866142 0.685039 0.724409 
vn 0.669291 -0.102362 0.740157 
vn 0.653543 -0.165354 0.740157 
vn 0.0787402 0.692913 -0.716535 
vn -0.188976 0.645669 -0.740157 
vn -0.0866142 0.685039 -0.724409 
vn 0.173228 0.661417 -0.724409 
vn 0.669291 -0.102362 -0.740157 
vn 0.653543 -0.165354 -0.740157 
vn 0.188976 0.834646 -0.519685 
vn 0.11811 0.850394 -0.503937 
vn -0.188976 0.834646 -0.519685 
vn -0.11811 0.850394 -0.511811 
vn 0.188976 0.834646 0.519685 
vn 0.11811 0.850394 0.503937 
vn -0.188976 0.834646 0.519685 
vn -0.11811 0.850394 0.511811 
vn -0.700787 -0.0708661 0.708661 
vn -0.19685 0.708661 0.677165 
vn 0.708661 -0.0314961 0.700787 
vn -0.102362 0.740157 0.661417 
vn 0.102362 0.740157 0.661417 
vn 0.19685 0.708661 0.677165 
vn -0.700787 -0.0708661 -0.708661 
vn -0.19685 0.708661 -0.677165 
vn -0.102362 0.740157 -0.661417 
vn 0.102362 0.740157 -0.661417 
vn 0.19685 0.708661 -0.677165 
vn 0.708661 -0.0314961 -0.700787 
vn -0.0866142 0.685039 -0.724409 
vn 0.173228 0.661417 -0.732283 
vn -0.173228 0.661417 -0.732283 
vn 0.0866142 0.685039 -0.724409 
vn -0.582677 0.354331 -0.732283 
vn 0.173228 0.661417 -0.732283 
vn 0.0866142 0.685039 -0.724409 
vn -0.614173 -0.307087 -0.724409 
vn -0.0787402 0.692913 -0.716535 
vn -0.165354 0.669291 -0.724409 
vn -0.165354 0.669291 -0.724409 
vn -0.0787402 0.692913 -0.716535 
vn 0.0787402 0.692913 -0.716535 
vn 0.15748 0.677165 -0.724409 
vn 0.0866142 0.685039 0.724409 
vn -0.0866142 0.685039 0.724409 
vn 0.173228 0.661417 0.732283 
vn 0.173228 0.661417 0.732283 
vn -0.173228 0.661417 0.732283 
vn 0.0866142 0.685039 0.724409 
vn -0.582677 0.354331 0.732283 
vn -0.0787402 0.692913 0.716535 
vn -0.165354 0.669291 0.724409 
vn -0.165354 0.669291 0.724409 
vn -0.0787402 0.692913 0.716535 
vn 0.0787402 0.692913 0.716535 
vn 0.15748 0.677165 0.724409 
vn -0.0866142 0.716535 -0.692913 
vn -0.188976 0.692913 -0.700787 
vn 0.0866142 0.708661 -0.700787 
vn 0.637795 0.283465 -0.716535 
vn 0.173228 0.685039 -0.700787 
vn 0.566929 0.417323 -0.708661 
vn -0.188976 0.692913 0.700787 
vn 0.0866142 0.708661 0.700787 
vn -0.0866142 0.716535 0.692913 
vn 0.173228 0.685039 0.700787 
vn 0.637795 0.283465 0.716535 
vn 0.566929 0.417323 0.708661 
vn 0 -0.708661 -0.708661 
vn 0 0.708661 0.708661 
vn 0 0.708661 0.708661 
vn 0 1 0 
vn 0 0.708661 -0.708661 
vn 0 1 0 
vn 0 0.708661 -0.708661 
vn -0.149606 0.992126 0 
vn -0.149606 0.992126 0 
vn -0.149606 0.992126 0 
vn -0.149606 0.992126 0 
vn 0.141732 0.992126 0 
vn 0.15748 0.984252 0 
vn 0.141732 0.992126 0 
vn 0.15748 0.984252 0 
vn 0.952756 0.299213 0 
vn 0.15748 0.984252 0 
vn 0.952756 0.299213 0 
vn 0.15748 0.984252 0 
vn -0.15748 0.984252 0 
vn -0.15748 0.984252 0 
vn -0.897638 0.440945 0 
vn -0.897638 0.440945 0 
vn -0.165354 0.984252 0 
vn -0.165354 0.984252 0 
vn 0.165354 0.984252 0 
vn 0.165354 0.984252 0 
vn -0.708661 0.708661 0 
vn -0.708661 0.708661 0 
vn -0.897638 0.448819 0 
vn -0.708661 0.708661 0 
vn -0.708661 0.708661 0 
vn -0.708661 0.708661 0 
vn -0.897638 0.448819 0 
vn -0.708661 0.708661 0 
vn -0.708661 0.708661 0 
vn -0.708661 0.708661 0 
vn 0.456693 0.889764 0 
vn 0.456693 0.629921 0.629921 
vn 0.456693 0.629921 0.629921 
vn 0.456693 0.889764 0 
vn 0.456693 0.629921 -0.629921 
vn 0.456693 0.629921 -0.629921 
vn 0.456693 0 -0.889764 
vn 0.456693 -0.629921 -0.629921 
vn 0.889764 0.464567 0 
vn 0.889764 0.464567 0 
vn 0.637795 0.771654 0 
vn 0.637795 0.771654 0 
vn 0 0.708661 0.708661 
vn 0 0.708661 0.708661 
vn 0 0.708661 -0.708661 
vn 0 1 0 
vn 0 0.708661 -0.708661 
vn 0 1 0 
vn -0.15748 -0.984252 0 
vn -0.165354 0.984252 0 
vn -0.165354 0.984252 0 
vn 0.165354 0.984252 0 
vn 0.165354 0.984252 0 
vn -1 0 0 
vn -1 0 0 
vn -1 0 0 
vn -1 0 0 
vn -1 0 0 
vn -0.527559 0.598425 -0.598425 
vn -0.527559 0.598425 -0.598425 
vn -0.527559 0 -0.850394 
vn -0.527559 0 -0.850394 
vn -0.527559 -0.598425 -0.598425 
vn -0.527559 -0.598425 -0.598425 
vn 0 -0.708661 -0.708661 
vn -0.15748 -0.700787 -0.700787 
vn 0 0 -1 
vn -0.15748 0 -0.984252 
vn 0 0.708661 -0.708661 
vn -0.15748 0.984252 0 
vn -0.15748 0.700787 -0.700787 
vn 0.937008 -0.346457 0 
vn -0.165354 0.984252 0 
vn 0.314961 -0.952756 0 
vn -0.165354 0.984252 0 
vn -1 0 0 
vn -0.527559 0.598425 -0.598425 
vn -0.527559 0.598425 -0.598425 
vn -0.527559 -0.850394 0 
vn -0.527559 0 -0.850394 
vn -0.527559 0 -0.850394 
vn -0.527559 -0.598425 -0.598425 
vn -0.527559 -0.598425 -0.598425 
vn 0.149606 0.992126 0 
vn -0.15748 0.984252 0 
vn -0.992126 -0.149606 0 
vn 0 0.905512 -0.417323 
vn 0 0.913386 -0.401575 
vn 0 0.897638 -0.440945 
vn 0 0.905512 -0.417323 
vn 0 0.92126 -0.385827 
vn 0 0.913386 -0.401575 
vn 0 0.385827 -0.92126 
vn 0 0.346457 -0.937008 
vn 0 0 -1 
vn 0 0 -1 
vn 0 0 -1 
vn 0.724409 -0.692913 0 
vn -0.724409 -0.692913 0 
vn -0.724409 -0.692913 0 
vn 0 -0.708661 -0.708661 
vn 0 -0.708661 -0.708661 
vn 0 0 -1 
vn 0 0 -1 
vn 0 0.708661 -0.708661 
vn 0 0.708661 -0.708661 
vn -0.165354 0.984252 0 
vn 0.818898 0.574803 0 
vn 0.984252 -0.19685 0 
vn 0.984252 -0.19685 0 
vn -0.15748 -0.984252 0 
vn 0.165354 -0.984252 0 
vn 0 0 -1 
vn 0 0 -1 
vn 0 0 -1 
vn 0 0 -1 
vn 0 0 -1 
vn 0 0 -1 
vn 0 0 -1 
vn 0 0 -1 
vn 0 0 -1 
vn 0 0 -1 
vn 0 0 -1 
vn 0 0 -1 
vn 0 0 -1 
vn 0 0 -1 
vn 0 0 -1 
vn 0 0 -1 
vn 0 0 -1 
vn 0 0 -1 
vn 0 0 -1 
vn 0 0 -1 
vn 0 0 -1 
vn 0 0 -1 
vn 0 0 -1 
vn 0.204724 -0.732283 0.645669 
vn -0.188976 -0.716535 -0.677165 
vn 0.204724 -0.732283 -0.645669 
vn 0.110236 -0.771654 -0.622047 
vn 0.653543 -0.377953 -0.661417 
vn 0.685039 -0.307087 -0.661417 
vn -0.700787 0.299213 -0.653543 
vn 0.685039 0.259843 -0.677165 
vn -0.732283 0.212598 -0.645669 
vn 0.708661 0.173228 -0.685039 
vn -0.188976 0.716535 -0.669291 
vn 0.0944882 0.748031 -0.653543 
vn -0.0944882 0.748031 -0.653543 
vn 0.188976 0.724409 -0.669291 
vn 0 0 -1 
vn 0 0 -1 
vn 0 0 -1 
vn 0 0 -1 
vn 0 0 -1 
vn 0 0 -1 
vn 0 0 -1 
vn 0 0 -1 
vn 0 0 -1 
vn 0 0 -1 
vn 0 0 -1 
vn 0 0 -1 
vn 0 0 -1 
vn 0 0 -1 
vn 0 0 -1 
vn 0 0 -1 
vn 0 0 -1 
vn 0 0 -1 
vn 0 0 -1 
vn 0 0 -1 
vn 0 0 -1 
vn 0 0 -1 
vn 0 0 -1 
vn 0 0 -1 
vn 0 0 -1 
vn 0 0 -1 
vn 0 0 -1 
vn 0 0 1 
vn 0.0787402 0.692913 -0.716535 
vn -0.188976 0.645669 -0.740157 
vn -0.0866142 0.685039 -0.724409 
vn -0.629921 0.244094 -0.740157 
vn 0.173228 0.661417 -0.724409 
vn -0.653543 0.15748 -0.740157 
vn 0.535433 0.448819 -0.716535 
vn -0.582677 -0.377953 -0.716535 
vn 0.598425 0.338583 -0.724409 
vn -0.629921 -0.283465 -0.724409 
vn 0.669291 -0.102362 -0.740157 
vn -0.181102 -0.653543 -0.732283 
vn 0.653543 -0.165354 -0.740157 
vn -0.0866142 -0.685039 -0.724409 
vn 0.188976 -0.637795 -0.740157 
vn 0.0866142 -0.677165 -0.724409 
vn 0.787402 -0.322835 -0.519685 
vn -0.0866142 -0.850394 -0.519685 
vn 0.795276 0.307087 -0.527559 
vn 0.787402 -0.322835 0.519685 
vn 0.795276 0.307087 0.527559 
vn 0.188976 0.834646 0.519685 
vn -0.700787 -0.0708661 -0.708661 
vn 0.102362 0.740157 -0.661417 
vn -0.0944882 -0.740157 -0.669291 
vn 0.19685 0.708661 -0.677165 
vn -0.188976 -0.708661 -0.677165 
vn 0.708661 -0.0472441 -0.700787 
vn 0.188976 -0.708661 -0.685039 
vn 0.708661 -0.0314961 -0.700787 
vn 0.0944882 -0.732283 -0.669291 
vn -0.0866142 0.685039 -0.724409 
vn 0.173228 0.661417 -0.732283 
vn -0.173228 0.661417 -0.732283 
vn 0.0866142 0.685039 -0.724409 
vn -0.582677 0.354331 -0.732283 
vn 0.173228 0.661417 -0.732283 
vn -0.637795 0.23622 -0.732283 
vn 0.0866142 0.685039 -0.724409 
vn -0.614173 -0.307087 -0.724409 
vn -0.0787402 0.692913 -0.716535 
vn -0.653543 -0.212598 -0.724409 
vn -0.165354 0.669291 -0.724409 
vn -0.181102 -0.653543 -0.740157 
vn -0.165354 0.669291 -0.724409 
vn -0.0866142 -0.685039 -0.724409 
vn -0.0787402 0.692913 -0.716535 
vn -0.15748 -0.669291 -0.724409 
vn 0.0787402 0.692913 -0.716535 
vn -0.0787402 -0.692913 -0.716535 
vn 0.15748 0.677165 -0.724409 
vn -0.15748 -0.669291 -0.724409 
vn 0.551181 0.0944882 -0.826772 
vn -0.0787402 -0.692913 -0.716535 
vn 0.527559 0.23622 -0.818898 
vn 0.188976 -0.645669 -0.740157 
vn 0.0866142 -0.685039 -0.724409 
vn 0.173228 0.661417 0.732283 
vn -0.582677 0.354331 0.732283 
vn 0.527559 0.23622 0.818898 
vn -0.0866142 -0.716535 -0.692913 
vn -0.645669 -0.0629921 -0.76378 
vn -0.173228 -0.700787 -0.692913 
vn 0.181102 -0.677165 -0.708661 
vn 0.0866142 -0.708661 -0.700787 
vn -0.0866142 0.716535 -0.692913 
vn 0.653543 -0.251969 -0.708661 
vn -0.188976 0.692913 -0.700787 
vn 0.606299 -0.362205 -0.708661 
vn 0.0866142 0.708661 -0.700787 
vn 0.637795 0.283465 -0.716535 
vn 0.173228 0.685039 -0.700787 
vn 0.566929 0.417323 -0.708661 
vn 0 0.188976 -0.984252 
vn 0 0.188976 -0.984252 
vn 0 0.204724 -0.976378 
vn 0 0.204724 -0.976378 
vn 0 0.181102 -0.984252 
vn 0 0.181102 -0.984252 
vn 0 0 -1 
vn 0 0 -1 
vn 0 0 -1 
vn 0 0 -1 
vn 0 0 -1 
vn 0 0 -1 
vn 0 0 -1 
vn 0 0 -1 
vn 0 0 -1 
vn 0 0 -1 
vn 0 0 -1 
vn 0 0 -1 
vn 0 0 -1 
vn 0 0 -1 
vn 0 0 1 
vn 0 -1 0 
vn 0 -0.708661 -0.708661 
vn 0 -0.708661 -0.708661 
vn 0 0 -1 
vn 0 0 -1 
vn 0 0.708661 -0.708661 
vn 0 1 0 
vn 0 0.708661 -0.708661 
vn 1 0 0 
vn 0.724409 -0.692913 0 
vn -0.724409 -0.692913 0 
vn 0.456693 0.629921 0.629921 
vn 0.456693 0.629921 -0.629921 
vn 0.456693 0.629921 -0.629921 
vn 0.456693 0 -0.889764 
vn 0.456693 0 -0.889764 
vn 0.456693 -0.629921 -0.629921 
vn 0.456693 -0.629921 -0.629921 
vn 0 -1 0 
vn 0 -0.708661 -0.708661 
vn 0 -0.708661 -0.708661 
vn 0 0 -1 
vn 0 0 -1 
vn 0 0.708661 0.708661 
vn 0 0.708661 -0.708661 
vn 0 0.708661 -0.708661 
vn -0.527559 0.598425 0.598425 
vn -0.527559 0 0.850394 
vn -0.527559 0.850394 0 
vn -0.527559 0.598425 -0.598425 
vn -0.527559 -0.850394 0 
vn -0.527559 0 -0.850394 
vn -0.527559 -0.598425 -0.598425 
vn -1 0 0 
vn -1 0 0 
vn -0.15748 0.984252 0 
vn 0.913386 0.401575 0 
vn 0.165354 0.984252 0 
vn 0.913386 0.401575 0 
vn 0.937008 -0.346457 0 
vn 0.165354 0.984252 0 
vn 0.937008 -0.346457 0 
vn -0.165354 0.984252 0 
vn 0.314961 -0.952756 0 
vn -0.165354 0.984252 0 
vn 0.314961 -0.952756 0 
vn -0.0708661 -1 0 
vn -0.527559 0 0.850394 
vn -0.527559 0.850394 0 
vn -0.527559 -0.598425 0.598425 
vn -0.527559 -0.850394 0 
vn -0.527559 -0.598425 -0.598425 
vn 1 0 0 
vn 1 0 0 
vn 1 0 0 
vn 1 0 0 
vn 1 0 0 
vn 1 0 0 
vn 1 0 0 
vn 1 0 0 
vn 1 0 0 
vn 1 0 0 
vn 0.149606 0.992126 0 
vn 0.858268 0.511811 0 
vn 0.858268 0.511811 0 
vn 0.897638 -0.440945 0 
vn 0.15748 -0.984252 0 
vn 0.897638 -0.440945 0 
vn 0.15748 -0.984252 0 
vn 0.724409 -0.692913 0 
vn 0.724409 -0.692913 0 
vn 1 0 0 
vn 1 0 0 
vn -0.724409 -0.692913 0 
vn -0.724409 -0.692913 0 
vn 0 -1 0 
vn 0 -1 0 
vn -0.165354 0.984252 0 
vn -0.165354 0.984252 0 
vn 0.818898 0.574803 0 
vn 0.818898 0.574803 0 
vn 0.984252 -0.19685 0 
vn 0.984252 -0.19685 0 
vn 0.165354 -0.984252 0 
vn -0.15748 -0.984252 0 
vn 0.165354 -0.984252 0 
vn 0.653543 -0.377953 0.661417 
vn 0.204724 -0.732283 0.645669 
vn 0.685039 -0.307087 0.661417 
vn 0.685039 0.259843 0.677165 
vn 0.708661 0.173228 0.685039 
vn 0.188976 0.724409 0.669291 
vn -0.188976 -0.716535 -0.677165 
vn 0.653543 -0.377953 -0.661417 
vn 0.685039 -0.307087 -0.661417 
vn 0.685039 0.259843 -0.677165 
vn 0.708661 0.173228 -0.685039 
vn 0.188976 0.724409 -0.669291 
vn 0 0 -1 
vn 0 0 -1 
vn 0 0 1 
vn 0 0 1 
vn 0 0 1 
vn -0.181102 -0.653543 -0.732283 
vn 0.653543 -0.165354 -0.740157 
vn -0.0866142 -0.685039 -0.724409 
vn 0.220472 -0.826772 -0.511811 
vn 0.330709 -0.787402 -0.519685 
vn 0.787402 -0.322835 -0.519685 
vn 0.811024 -0.267717 -0.519685 
vn 0.795276 0.307087 -0.527559 
vn 0.76378 0.385827 -0.527559 
vn 0.188976 0.834646 -0.519685 
vn 0.11811 0.850394 -0.503937 
vn 0.787402 -0.322835 0.519685 
vn 0.795276 0.307087 0.527559 
vn 0.811024 -0.267717 0.519685 
vn 0.330709 -0.787402 0.519685 
vn 0.76378 0.385827 0.527559 
vn 0.220472 -0.826772 0.511811 
vn 0.188976 0.834646 0.519685 
vn 0.11811 0.850394 0.503937 
vn 0.0944882 -0.732283 0.669291 
vn 0.708661 -0.0314961 0.700787 
vn 0.708661 -0.0472441 0.700787 
vn 0.19685 0.708661 0.677165 
vn 0.102362 0.740157 -0.661417 
vn 0.19685 0.708661 -0.677165 
vn 0.708661 -0.0472441 -0.700787 
vn 0.188976 -0.708661 -0.685039 
vn 0.708661 -0.0314961 -0.700787 
vn 0.0944882 -0.732283 -0.669291 
vn 0.181102 -0.677165 -0.708661 
vn 0.0866142 -0.708661 -0.700787 
vn 0.653543 -0.251969 -0.708661 
vn 0.606299 -0.362205 -0.708661 
vn 0.637795 0.283465 -0.716535 
vn 0.566929 0.417323 -0.708661 
vn 0.637795 0.283465 0.716535 
vn 0.566929 0.417323 0.708661 
vn 0.606299 -0.362205 0.708661 
vn 0.653543 -0.251969 0.708661 
vn 0.181102 -0.677165 0.708661 
vn 0.0866142 -0.708661 0.700787 
vn 0 0 -1 
vn 0 0 1 
vn 0.952756 0.299213 0 
vn 0.952756 0.299213 0 
vn 0.165354 -0.984252 0 
vn 0.165354 -0.984252 0 
vn 0.165354 0.984252 0 
vn 0.165354 0.984252 0 
vn 0.15748 -0.984252 0 
vn 1 -0.0629921 0 
vn 0.15748 -0.984252 0 
vn 1 -0.0629921 0 
vn 1 0 0 
vn 0.724409 -0.692913 0 
vn 0.724409 -0.692913 0 
vn 1 0 0 
vn 1 0 0 
vn 1 0 0 
vn 1 0 0 
vn 1 0 0 
vn 1 0 0 
vn 0.889764 0.464567 0 
vn 0.889764 0.464567 0 
vn 1 0 0 
vn 0.188976 -0.984252 0 
vn 0.188976 -0.984252 0 
vn 0.889764 -0.456693 0 
vn 0.165354 0.984252 0 
vn 0.889764 -0.456693 0 
vn 0.165354 0.984252 0 
vn 0.96063 0.291339 0 
vn 0.96063 0.291339 0 
vn -1 0 0 
vn -1 0 0 
vn -1 0 0 
vn -1 0 0 
vn -0.527559 -0.598425 0.598425 
vn -0.527559 -0.598425 0.598425 
vn -0.527559 -0.850394 0 
vn -0.527559 -0.850394 0 
vn -0.527559 -0.598425 -0.598425 
vn -0.527559 -0.598425 -0.598425 
vn 0 -1 0 
vn -0.15748 -0.984252 0 
vn 0 -0.708661 -0.708661 
vn -0.15748 -0.700787 0.700787 
vn -0.15748 -0.700787 -0.700787 
vn 0 0 -1 
vn 0 -0.708661 0.708661 
vn -0.15748 0 -0.984252 
vn -0.15748 0 0.984252 
vn 0 0.708661 0.708661 
vn -0.15748 0.984252 0 
vn 0.314961 -0.952756 0 
vn 0.314961 -0.952756 0 
vn -0.0708661 -1 0 
vn -0.0708661 -1 0 
vn -0.874016 -0.488189 0 
vn -0.874016 -0.488189 0 
vn -1 0 0 
vn -0.527559 0.598425 0.598425 
vn -0.527559 -0.598425 0.598425 
vn -0.527559 -0.598425 0.598425 
vn -0.527559 -0.850394 0 
vn -0.527559 -0.850394 0 
vn -0.527559 -0.598425 -0.598425 
vn -0.527559 -0.598425 -0.598425 
vn -0.992126 -0.149606 0 
vn -0.992126 -0.149606 0 
vn -0.149606 -0.992126 0 
vn -0.149606 -0.992126 0 
vn 0.897638 -0.440945 0 
vn 0.15748 -0.984252 0 
vn 0.897638 -0.440945 0 
vn 0.15748 -0.984252 0 
vn 0.724409 -0.692913 0 
vn 0.724409 -0.692913 0 
vn 0 -1 0 
vn 0 -1 0 
vn -0.724409 -0.692913 0 
vn -0.724409 -0.692913 0 
vn 0 -0.708661 -0.708661 
vn 0 -0.708661 -0.708661 
vn 0 -1 0 
vn 0 -1 0 
vn 0 -0.708661 0.708661 
vn 0 -0.708661 0.708661 
vn 0 0.708661 0.708661 
vn 0 0.708661 0.708661 
vn 0 -1 0 
vn 0 -1 0 
vn 0 -1 0 
vn 0 -1 0 
vn 0 -1 0 
vn 0 -1 0 
vn 0 -1 0 
vn 0 -1 0 
vn 0.165354 -0.984252 0 
vn -0.15748 -0.984252 0 
vn 0.165354 -0.984252 0 
vn -0.15748 -0.984252 0 
vn 0 -1 0 
vn 0 -1 0 
vn 0 -1 0 
vn 0 -1 0 
vn 0.204724 -0.732283 0.645669 
vn 0.110236 -0.771654 0.622047 
vn -0.188976 -0.716535 0.677165 
vn 0.685039 0.259843 0.677165 
vn -0.110236 -0.755906 0.645669 
vn 0.708661 0.173228 0.685039 
vn -0.188976 -0.716535 -0.677165 
vn 0.204724 -0.732283 -0.645669 
vn 0.110236 -0.771654 -0.622047 
vn -0.110236 -0.755906 -0.645669 
vn 0.685039 0.259843 -0.677165 
vn 0.708661 0.173228 -0.685039 
vn 0 0 -1 
vn 0 0 -1 
vn 0 0 -1 
vn 0 0 1 
vn 0 0 1 
vn 0 0 1 
vn 0 0 1 
vn 0 0 1 
vn 0.188976 -0.637795 0.740157 
vn -0.181102 -0.653543 0.732283 
vn 0.0866142 -0.677165 0.724409 
vn -0.0866142 -0.685039 0.724409 
vn -0.181102 -0.653543 -0.732283 
vn -0.0866142 -0.685039 -0.724409 
vn 0.188976 -0.637795 -0.740157 
vn 0.0866142 -0.677165 -0.724409 
vn 0.220472 -0.826772 -0.511811 
vn -0.0472441 -0.850394 -0.519685 
vn 0.330709 -0.787402 -0.519685 
vn 0.787402 -0.322835 -0.519685 
vn -0.0866142 -0.850394 -0.519685 
vn -0.76378 -0.362205 -0.535433 
vn -0.716535 -0.464567 -0.527559 
vn 0.787402 -0.322835 0.519685 
vn 0.330709 -0.787402 0.519685 
vn 0.220472 -0.826772 0.511811 
vn -0.0472441 -0.850394 0.519685 
vn -0.0866142 -0.850394 0.519685 
vn -0.76378 -0.362205 0.535433 
vn -0.716535 -0.464567 0.527559 
vn -0.700787 -0.0708661 0.708661 
vn -0.0944882 -0.740157 0.669291 
vn -0.188976 -0.708661 0.677165 
vn 0.188976 -0.708661 0.685039 
vn 0.0944882 -0.732283 0.669291 
vn 0.708661 -0.0314961 0.700787 
vn -0.700787 -0.0708661 -0.708661 
vn -0.0944882 -0.740157 -0.669291 
vn -0.188976 -0.708661 -0.677165 
vn 0.188976 -0.708661 -0.685039 
vn 0.708661 -0.0314961 -0.700787 
vn 0.0944882 -0.732283 -0.669291 
vn -0.614173 -0.307087 -0.724409 
vn -0.181102 -0.653543 -0.740157 
vn -0.0866142 -0.685039 -0.724409 
vn -0.15748 -0.669291 -0.724409 
vn -0.0787402 -0.692913 -0.716535 
vn -0.15748 -0.669291 -0.724409 
vn -0.0787402 -0.692913 -0.716535 
vn 0.188976 -0.645669 -0.740157 
vn 0.0866142 -0.685039 -0.724409 
vn -0.181102 -0.653543 0.740157 
vn -0.0866142 -0.685039 0.724409 
vn -0.15748 -0.669291 0.724409 
vn -0.0787402 -0.692913 0.716535 
vn -0.15748 -0.669291 0.724409 
vn 0.0866142 -0.685039 0.724409 
vn -0.0787402 -0.692913 0.716535 
vn 0.188976 -0.645669 0.740157 
vn -0.0866142 -0.716535 -0.692913 
vn -0.645669 -0.0629921 -0.76378 
vn -0.173228 -0.700787 -0.692913 
vn 0.181102 -0.677165 -0.708661 
vn -0.637795 -0.11811 -0.755906 
vn 0.0866142 -0.708661 -0.700787 
vn -0.645669 -0.0629921 0.76378 
vn -0.637795 -0.11811 0.755906 
vn -0.0866142 -0.716535 0.692913 
vn -0.173228 -0.700787 0.692913 
vn 0.181102 -0.677165 0.708661 
vn 0.0866142 -0.708661 0.700787 
vn 0 0 -1 
vn 0 0 1 
vn 0 -0.708661 0.708661 
vn 0 -1 0 
vn 0 -0.708661 0.708661 
vn 0 -1 0 
vn 0 -0.708661 -0.708661 
vn 0 -0.708661 -0.708661 
vn 0.165354 -0.984252 0 
vn 0.165354 -0.984252 0 
vn -0.141732 -0.992126 0 
vn -0.141732 -0.992126 0 
vn -0.141732 -0.992126 0 
vn -0.141732 -0.992126 0 
vn -0.165354 -0.984252 0 
vn -0.165354 -0.984252 0 
vn -0.15748 -0.984252 0 
vn -0.15748 -0.984252 0 
vn 0.15748 -0.984252 0 
vn 1 -0.0629921 0 
vn 0.15748 -0.984252 0 
vn 0.724409 -0.692913 0 
vn 0.724409 -0.692913 0 
vn 0 -1 0 
vn 0 -1 0 
vn -0.724409 -0.692913 0 
vn -0.724409 -0.692913 0 
vn 0.456693 0.629921 0.629921 
vn 0.456693 -0.629921 0.629921 
vn 0.456693 -0.629921 0.629921 
vn 0.456693 -0.889764 0 
vn 0.456693 -0.889764 0 
vn 0.456693 -0.629921 -0.629921 
vn 0.456693 -0.629921 -0.629921 
vn 0 -0.708661 0.708661 
vn 0 -1 0 
vn 0 -1 0 
vn 0 -0.708661 0.708661 
vn 0 -0.708661 -0.708661 
vn 0 -0.708661 -0.708661 
vn -0.15748 -0.984252 0 
vn -0.15748 -0.984252 0 
vn 0.188976 -0.984252 0 
vn 0.188976 -0.984252 0 
vn -1 0 0 
vn -1 0 0 
vn -1 0 0 
vn -1 0 0 
vn -1 0 0 
vn -0.527559 0.598425 0.598425 
vn -0.527559 0 0.850394 
vn -0.527559 0.598425 0.598425 
vn -0.527559 0 0.850394 
vn -0.527559 -0.598425 0.598425 
vn -0.527559 -0.598425 0.598425 
vn -0.15748 -0.700787 0.700787 
vn 0 -0.708661 0.708661 
vn -0.15748 0 0.984252 
vn 0 0 1 
vn -0.15748 0.700787 0.700787 
vn 0 0.708661 0.708661 
vn -0.15748 0.984252 0 
vn 0.937008 -0.346457 0 
vn -0.165354 0.984252 0 
vn -0.165354 0.984252 0 
vn 0.314961 -0.952756 0 
vn -0.527559 0.598425 0.598425 
vn -0.527559 0 0.850394 
vn -0.527559 0.598425 0.598425 
vn -0.527559 0 0.850394 
vn -0.527559 -0.598425 0.598425 
vn -0.527559 -0.598425 0.598425 
vn -0.527559 -0.850394 0 
vn -0.15748 0.984252 0 
vn 0 0.913386 -0.401575 
vn 0 0.905512 0.417323 
vn 0 0.913386 0.401575 
vn 0 0.913386 0.401575 
vn 0 0.92126 0.385827 
vn 0 0.897638 0.440945 
vn 0 0.385827 0.92126 
vn 0 0.905512 0.417323 
vn 0 0.346457 0.937008 
vn 0 0 1 
vn 0 0 1 
vn 0 0 1 
vn 0.724409 -0.692913 0 
vn -0.724409 -0.692913 0 
vn -0.724409 -0.692913 0 
vn 0 -0.708661 0.708661 
vn 0 -0.708661 0.708661 
vn 0 0 1 
vn 0 0 1 
vn 0 0.708661 0.708661 
vn 0 0.708661 0.708661 
vn -0.165354 0.984252 0 
vn 0.818898 0.574803 0 
vn 0.984252 -0.19685 0 
vn 0.984252 -0.19685 0 
vn 0.165354 -0.984252 0 
vn -0.15748 -0.984252 0 
vn -0.15748 -0.984252 0 
vn 0 0 1 
vn 0 0 1 
vn 0 0 1 
vn 0 0 1 
vn 0 0 1 
vn 0 0 1 
vn 0 0 1 
vn 0 0 1 
vn 0 0 1 
vn 0 0 1 
vn 0 0 1 
vn 0 0 1 
vn 0 0 1 
vn 0 0 1 
vn 0 0 1 
vn 0 0 1 
vn 0 0 1 
vn 0 0 1 
vn 0 0 1 
vn 0 0 1 
vn 0 0 1 
vn 0 0 1 
vn 0 0 1 
vn 0.653543 -0.377953 0.661417 
vn 0.204724 -0.732283 0.645669 
vn 0.110236 -0.771654 0.622047 
vn 0.685039 -0.307087 0.661417 
vn -0.188976 -0.716535 0.677165 
vn 0.685039 0.259843 0.677165 
vn 0.708661 0.173228 0.685039 
vn -0.700787 0.299213 0.653543 
vn 0.0944882 0.748031 0.653543 
vn -0.732283 0.212598 0.645669 
vn 0.188976 0.724409 0.669291 
vn -0.188976 0.716535 0.669291 
vn -0.0944882 0.748031 0.653543 
vn -0.188976 -0.716535 -0.677165 
vn 0 0 1 
vn 0 0 1 
vn 0 0 1 
vn 0 0 1 
vn 0 0 1 
vn 0 0 1 
vn 0 0 1 
vn 0 0 1 
vn 0 0 1 
vn 0 0 1 
vn 0 0 1 
vn 0 0 1 
vn 0 0 1 
vn 0 0 1 
vn 0 0 1 
vn 0 0 1 
vn 0 0 1 
vn 0 0 1 
vn 0 0 1 
vn 0 0 1 
vn 0 0 1 
vn 0 0 1 
vn 0 0 1 
vn 0 0 1 
vn 0 0 1 
vn 0 0 1 
vn -0.188976 0.645669 0.740157 
vn 0.173228 0.661417 0.724409 
vn 0.0787402 0.692913 0.716535 
vn -0.0866142 0.685039 0.724409 
vn 0.535433 0.448819 0.716535 
vn -0.629921 0.244094 0.740157 
vn 0.598425 0.338583 0.724409 
vn -0.653543 0.15748 0.740157 
vn 0.669291 -0.102362 0.740157 
vn -0.582677 -0.377953 0.716535 
vn 0.653543 -0.165354 0.740157 
vn -0.629921 -0.283465 0.724409 
vn 0.188976 -0.637795 0.740157 
vn -0.181102 -0.653543 0.732283 
vn 0.0866142 -0.677165 0.724409 
vn -0.0866142 -0.685039 0.724409 
vn 0.787402 -0.322835 -0.519685 
vn 0.795276 0.307087 -0.527559 
vn 0.188976 0.834646 -0.519685 
vn 0.787402 -0.322835 0.519685 
vn 0.795276 0.307087 0.527559 
vn 0.330709 -0.787402 0.519685 
vn -0.0472441 -0.850394 0.519685 
vn -0.76378 -0.362205 0.535433 
vn -0.700787 -0.0708661 0.708661 
vn -0.0944882 -0.740157 0.669291 
vn -0.188976 -0.708661 0.677165 
vn 0.188976 -0.708661 0.685039 
vn 0.0944882 -0.732283 0.669291 
vn 0.708661 -0.0314961 0.700787 
vn 0.708661 -0.0472441 0.700787 
vn 0.102362 0.740157 0.661417 
vn 0.19685 0.708661 0.677165 
vn -0.15748 -0.669291 -0.724409 
vn 0.0866142 0.685039 0.724409 
vn -0.0866142 0.685039 0.724409 
vn 0.173228 0.661417 0.732283 
vn 0.173228 0.661417 0.732283 
vn -0.173228 0.661417 0.732283 
vn 0.0866142 0.685039 0.724409 
vn -0.582677 0.354331 0.732283 
vn -0.0787402 0.692913 0.716535 
vn -0.637795 0.23622 0.732283 
vn -0.165354 0.669291 0.724409 
vn -0.614173 -0.307087 0.724409 
vn -0.165354 0.669291 0.724409 
vn -0.653543 -0.212598 0.724409 
vn -0.0787402 0.692913 0.716535 
vn -0.181102 -0.653543 0.740157 
vn 0.0787402 0.692913 0.716535 
vn -0.0866142 -0.685039 0.724409 
vn 0.15748 0.677165 0.724409 
vn -0.15748 -0.669291 0.724409 
vn 0.551181 0.0944882 0.826772 
vn -0.0787402 -0.692913 0.716535 
vn 0.527559 0.23622 0.818898 
vn -0.15748 -0.669291 0.724409 
vn 0.0866142 -0.685039 0.724409 
vn -0.0787402 -0.692913 0.716535 
vn 0.188976 -0.645669 0.740157 
vn -0.188976 0.692913 0.700787 
vn 0.0866142 0.708661 0.700787 
vn -0.0866142 0.716535 0.692913 
vn 0.173228 0.685039 0.700787 
vn -0.645669 -0.0629921 0.76378 
vn 0.637795 0.283465 0.716535 
vn 0.566929 0.417323 0.708661 
vn -0.0866142 -0.716535 0.692913 
vn 0.606299 -0.362205 0.708661 
vn -0.173228 -0.700787 0.692913 
vn 0.653543 -0.251969 0.708661 
vn 0.181102 -0.677165 0.708661 
vn 0.0866142 -0.708661 0.700787 
vn 0 0.188976 0.984252 
vn 0 0.204724 0.976378 
vn 0 0.188976 0.984252 
vn 0 0.204724 0.976378 
vn 0 0.181102 0.984252 
vn 0 0.181102 0.984252 
vn 0 0 -1 
vn 0 0 -1 
vn 0 0 1 
vn 0 0 1 
vn 0 0 1 
vn 0 0 1 
vn 0 0 1 
vn 0 0 1 
vn 0 0 1 
vn 0 0 1 
vn 0 0 1 
vn 0 0 1 
vn 0 0 1 
vn 0 0 1 
vn 0 0 1 
vn 0 0 1 
vn 0 -0.708661 0.708661 
vn 0 -1 0 
vn 0 -0.708661 0.708661 
vn 0 0 1 
vn 0 -0.708661 -0.708661 
vn 0 0 1 
vn 0 0.708661 0.708661 
vn 0 0.708661 0.708661 
vn 0 1 0 
vn 0.724409 -0.692913 0 
vn -0.724409 -0.692913 0 
vn -1 0 0 
vn 0.456693 0.629921 0.629921 
vn 0.456693 0.629921 0.629921 
vn 0.456693 0 0.889764 
vn 0.456693 0 0.889764 
vn 0.456693 -0.629921 0.629921 
vn 0.456693 -0.629921 0.629921 
vn 0.456693 -0.629921 -0.629921 
vn 0 -0.708661 0.708661 
vn 0 -1 0 
vn 0 -0.708661 0.708661 
vn 0 0 1 
vn 0 -0.708661 -0.708661 
vn 0 0 1 
vn 0 0.708661 0.708661 
vn 0 0.708661 0.708661 

vt 2.13834 1.83805 
vt 2.1257 1.83614 
vt 2.13834 1.8309 
vt 2.15097 1.83614 
vt 2.13076 1.84119 
vt 2.14592 1.84119 
vt 2.12762 1.84877 
vt 2.1562 1.84877 
vt 2.12047 1.84877 
vt 2.14906 1.84877 
vt 2.1257 1.8614 
vt 2.14592 1.85635 
vt 2.13076 1.85635 
vt 2.15097 1.8614 
vt 2.13834 1.85949 
vt 2.13834 1.86663 
vt 2.15413 1.86456 
vt 2.1562 1.84877 
vt 2.13834 1.86663 
vt 2.12254 1.86456 
vt 2.13834 1.82644 
vt 2.12047 1.84877 
vt 2.1257 1.83614 
vt 2.14201 1.87528 
vt 2.13309 1.86778 
vt 2.14358 1.86778 
vt 2.13466 1.87528 
vt 2.13975 1.88778 
vt 2.13692 1.88778 
vt 2.14911 1.73811 
vt 2.14911 1.83306 
vt 2.12756 1.83306 
vt 2.12756 1.73811 
vt 2.13834 1.85949 
vt 2.13076 1.85635 
vt 2.14592 1.85635 
vt 2.14906 1.84877 
vt 2.12762 1.84877 
vt 2.13076 1.84119 
vt 2.13834 1.83805 
vt 2.14592 1.84119 
vt 2.11645 1.63905 
vt 2.16022 1.63905 
vt 2.16022 1.63896 
vt 2.11645 1.78082 
vt 2.11645 1.63896 
vt 2.16022 1.78082 
vt 2.16022 1.66207 
vt 2.11645 1.66207 
vt 2.16022 1.67727 
vt 2.11645 1.67727 
vt 2.13834 1.79992 
vt 2.12983 1.79863 
vt 2.13834 1.79511 
vt 2.13324 1.80203 
vt 2.14344 1.80203 
vt 2.12631 1.80713 
vt 2.14684 1.79863 
vt 2.15036 1.80713 
vt 2.13112 1.80713 
vt 2.13324 1.81223 
vt 2.12983 1.81563 
vt 2.13834 1.81435 
vt 2.13834 1.81916 
vt 2.14344 1.81223 
vt 2.14684 1.81563 
vt 2.14555 1.80713 
vt 2.14896 1.81776 
vt 2.15036 1.80713 
vt 2.13834 1.81916 
vt 2.14896 1.79651 
vt 2.12771 1.81776 
vt 2.13834 1.79211 
vt 2.12983 1.79863 
vt 2.12771 1.79651 
vt 2.1174 1.78985 
vt 2.15927 1.78985 
vt 2.11754 1.82078 
vt 2.15913 1.82078 
vt 2.12756 1.79413 
vt 2.12756 1.76146 
vt 2.14911 1.76146 
vt 2.14911 1.79413 
vt 2.12756 1.79413 
vt 2.12756 1.75555 
vt 2.14911 1.75555 
vt 2.1515 1.83561 
vt 2.14911 1.75556 
vt 2.12756 1.75556 
vt 2.16041 1.83631 
vt 2.11626 1.83631 
vt 2.11626 1.76722 
vt 2.16041 1.76722 
vt 2.11626 1.75222 
vt 2.16041 1.75222 
vt 2.11626 1.54455 
vt 2.16041 1.54455 
vt 2.16175 1.64058 
vt 2.16175 1.64114 
vt 2.16541 1.6436 
vt 2.16541 1.6136 
vt 2.16175 1.61457 
vt 2.16175 1.59162 
vt 2.16541 1.5886 
vt 2.11492 1.64114 
vt 2.11126 1.6436 
vt 2.11126 1.6136 
vt 2.11492 1.61457 
vt 2.11492 1.59161 
vt 2.11126 1.5886 
vt 2.11492 1.59162 
vt 2.11333 1.77455 
vt 2.16334 1.8211 
vt 2.16334 1.77455 
vt 2.16334 1.78705 
vt 2.16041 1.76722 
vt 2.16541 1.75452 
vt 2.16541 1.54955 
vt 2.11626 1.76722 
vt 2.11126 1.75452 
vt 2.11126 1.54955 
vt 2.11645 1.67727 
vt 2.11126 1.6786 
vt 2.11126 1.6611 
vt 2.11645 1.63905 
vt 2.11645 1.66207 
vt 2.11126 1.6361 
vt 2.11645 1.63896 
vt 2.11126 1.6361 
vt 2.16022 1.63905 
vt 2.16541 1.6361 
vt 2.16022 1.63896 
vt 2.16022 1.67727 
vt 2.16541 1.6361 
vt 2.16541 1.6786 
vt 2.16541 1.6611 
vt 2.16022 1.66207 
vt 2.15854 1.82824 
vt 2.16334 1.8511 
vt 2.15901 1.84728 
vt 2.16334 1.8286 
vt 2.15888 1.79981 
vt 2.16334 1.7961 
vt 2.11813 1.82824 
vt 2.11333 1.81328 
vt 2.11779 1.79981 
vt 2.11333 1.7961 
vt 2.11333 1.8286 
vt 2.11333 1.8511 
vt 2.11766 1.84728 
vt 2.11834 1.87104 
vt 2.11333 1.86604 
vt 2.11834 1.86104 
vt 2.11333 1.85896 
vt 2.11834 1.84104 
vt 2.11333 1.84283 
vt 2.11333 1.78705 
vt 2.11834 1.78205 
vt 2.15833 1.87104 
vt 2.16334 1.86604 
vt 2.15833 1.86104 
vt 2.16334 1.85896 
vt 2.15833 1.84104 
vt 2.16334 1.84283 
vt 2.16334 1.78705 
vt 2.15833 1.78205 
vt 2.11754 1.82078 
vt 2.11333 1.8211 
vt 2.11333 1.7861 
vt 2.16334 1.7861 
vt 2.15913 1.82078 
vt 2.16334 1.8211 
vt 2.12756 1.79413 
vt 2.14911 1.79413 
vt 2.11834 1.87104 
vt 2.15833 1.87104 
vt 2.15833 1.86104 
vt 2.11834 1.86104 
vt 2.15833 1.84104 
vt 2.11834 1.84104 
vt 2.11834 1.78205 
vt 2.15833 1.78205 
vt 2.11813 1.82824 
vt 2.15888 1.79981 
vt 2.15854 1.82824 
vt 2.11779 1.79981 
vt 2.11766 1.84728 
vt 2.15901 1.84728 
vt 2.15583 1.88653 
vt 2.14133 1.88418 
vt 2.15583 1.87528 
vt 2.1465 1.89028 
vt 2.15209 1.89028 
vt 2.13534 1.88418 
vt 2.12084 1.86778 
vt 2.15583 1.86778 
vt 2.12084 1.87528 
vt 2.12084 1.88653 
vt 2.13017 1.89028 
vt 2.14911 1.79413 
vt 2.12756 1.79413 
vt 2.12756 1.76146 
vt 2.14911 1.76146 
vt 2.16175 1.64114 
vt 2.11492 1.64114 
vt 2.16175 1.61457 
vt 2.11492 1.61457 
vt 2.16175 1.59161 
vt 2.11492 1.59161 
vt 1.67286 1.73005 
vt 1.67286 1.70478 
vt 1.67286 1.73005 
vt 1.67286 1.70478 
vt 1.67286 1.70478 
vt 1.68005 1.70162 
vt 1.68005 1.71741 
vt 1.67286 1.71741 
vt 1.67286 1.73005 
vt 1.68005 1.7332 
vt 1.67286 1.70669 
vt 1.77922 1.70669 
vt 1.67286 1.70983 
vt 1.77922 1.72813 
vt 1.77922 1.72499 
vt 1.67286 1.72499 
vt 1.67286 1.71741 
vt 1.77922 1.71741 
vt 1.77922 1.70983 
vt 2.47992 1.73929 
vt 2.47992 1.69553 
vt 2.49961 1.69553 
vt 2.49961 1.73929 
vt 1.86474 1.72591 
vt 1.86474 1.70891 
vt 1.86957 1.70679 
vt 1.86957 1.71741 
vt 1.86474 1.71741 
vt 1.86474 1.72591 
vt 1.86957 1.72804 
vt 2.30783 1.73835 
vt 2.23098 1.73836 
vt 2.30783 1.69648 
vt 2.23098 1.69647 
vt 2.21833 1.6965 
vt 2.21833 1.73832 
vt 1.71231 1.716 
vt 1.72981 1.716 
vt 1.72981 1.71883 
vt 1.71231 1.71883 
vt 2.31419 1.71442 
vt 2.26631 1.71442 
vt 2.27231 1.70925 
vt 2.31419 1.70925 
vt 2.31419 1.72041 
vt 2.27231 1.70366 
vt 2.26631 1.72041 
vt 2.31419 1.70366 
vt 2.27231 1.72558 
vt 2.31419 1.72558 
vt 2.26856 1.69991 
vt 2.31419 1.73116 
vt 2.27231 1.73116 
vt 2.31419 1.73491 
vt 2.26856 1.73491 
vt 1.78611 1.72819 
vt 1.86701 1.73057 
vt 1.99427 1.73057 
vt 1.99427 1.70425 
vt 1.99427 1.73057 
vt 1.86701 1.73057 
vt 1.99427 1.71741 
vt 1.86701 1.70425 
vt 1.86701 1.71741 
vt 1.99427 1.70425 
vt 2.39316 1.69534 
vt 2.39316 1.73949 
vt 2.37866 1.69534 
vt 2.37866 1.73949 
vt 2.59738 1.73949 
vt 2.59738 1.69534 
vt 2.60381 1.69534 
vt 2.60381 1.73949 
vt 2.5186 1.69034 
vt 2.52184 1.694 
vt 2.5311 1.69034 
vt 2.53252 1.694 
vt 2.54465 1.694 
vt 2.5461 1.69034 
vt 2.5186 1.74449 
vt 2.52184 1.74083 
vt 2.54465 1.74083 
vt 2.5311 1.74449 
vt 2.5461 1.74449 
vt 2.53252 1.74083 
vt 2.15774 1.74241 
vt 2.32357 1.74241 
vt 2.23398 1.74241 
vt 2.15774 1.69241 
vt 2.23398 1.69241 
vt 2.32357 1.69241 
vt 2.22957 1.69241 
vt 2.38106 1.69034 
vt 2.3913 1.69034 
vt 2.39316 1.69534 
vt 2.37866 1.69534 
vt 2.5984 1.69034 
vt 2.60381 1.69534 
vt 2.39316 1.73949 
vt 2.38106 1.74449 
vt 2.37866 1.73949 
vt 2.3913 1.74449 
vt 2.5984 1.74449 
vt 2.60381 1.73949 
vt 2.47992 1.73929 
vt 2.4786 1.74449 
vt 2.49961 1.73929 
vt 2.5011 1.74449 
vt 2.47992 1.69553 
vt 2.4786 1.69034 
vt 2.49961 1.69553 
vt 2.5011 1.69034 
vt 2.17014 1.69721 
vt 2.15246 1.69687 
vt 2.02397 1.69714 
vt 2.15457 1.69241 
vt 2.04207 1.69241 
vt 2.04414 1.69687 
vt 2.17014 1.73762 
vt 2.15246 1.73795 
vt 2.15457 1.74241 
vt 2.04207 1.74241 
vt 2.04414 1.73796 
vt 2.02397 1.73769 
vt 1.98231 1.73741 
vt 2.15774 1.74241 
vt 1.98438 1.74241 
vt 2.15981 1.73741 
vt 1.97231 1.73741 
vt 2.16731 1.73741 
vt 2.16524 1.74241 
vt 1.97231 1.73741 
vt 2.22398 1.74241 
vt 2.22231 1.73741 
vt 2.23398 1.74241 
vt 2.23231 1.73741 
vt 2.32481 1.73741 
vt 2.32327 1.74241 
vt 2.15981 1.69741 
vt 1.98231 1.69741 
vt 2.15774 1.69241 
vt 2.16731 1.69741 
vt 1.98438 1.69241 
vt 2.16524 1.69241 
vt 1.97231 1.69741 
vt 2.22398 1.69241 
vt 2.22231 1.69741 
vt 2.23398 1.69241 
vt 2.23231 1.69741 
vt 2.32481 1.69741 
vt 2.32327 1.69241 
vt 2.30957 1.74241 
vt 2.30783 1.73835 
vt 2.22957 1.74241 
vt 2.21833 1.73832 
vt 2.23098 1.73836 
vt 2.21457 1.74241 
vt 2.30783 1.69648 
vt 2.22957 1.69241 
vt 2.30957 1.69241 
vt 2.23098 1.69647 
vt 2.21833 1.6965 
vt 2.21457 1.69241 
vt 2.02225 1.72804 
vt 1.86957 1.70679 
vt 2.02225 1.70679 
vt 1.86957 1.71741 
vt 2.02225 1.72804 
vt 2.02225 1.71741 
vt 1.86957 1.72804 
vt 2.23231 1.73741 
vt 2.22231 1.69741 
vt 2.23231 1.69741 
vt 2.22231 1.73741 
vt 2.32481 1.73741 
vt 2.16731 1.69741 
vt 2.32481 1.69741 
vt 2.16731 1.73741 
vt 2.37846 1.73741 
vt 2.15981 1.69741 
vt 2.37846 1.69741 
vt 2.15981 1.73741 
vt 1.98231 1.73741 
vt 1.98231 1.69741 
vt 1.97231 1.69741 
vt 1.97231 1.73741 
vt 2.15246 1.69687 
vt 2.15246 1.73795 
vt 2.04414 1.73796 
vt 2.04414 1.69687 
vt 2.26856 1.69991 
vt 2.26631 1.71442 
vt 2.25731 1.69991 
vt 2.27231 1.70925 
vt 2.27231 1.70366 
vt 2.26631 1.72041 
vt 2.25731 1.73491 
vt 2.26856 1.73491 
vt 2.27231 1.72558 
vt 2.27231 1.73116 
vt 1.85982 1.71741 
vt 1.85982 1.70162 
vt 1.86701 1.70425 
vt 1.86701 1.71741 
vt 1.86701 1.73057 
vt 1.85982 1.7332 
vt 1.85982 1.73974 
vt 1.86701 1.73057 
vt 1.74481 1.72109 
vt 1.74481 1.71374 
vt 1.72981 1.71883 
vt 1.72981 1.716 
vt 1.68005 1.70162 
vt 1.85982 1.70162 
vt 1.85982 1.7332 
vt 1.68005 1.71741 
vt 1.68005 1.7332 
vt 1.85982 1.71741 
vt 2.56134 1.694 
vt 2.54465 1.694 
vt 2.54465 1.74083 
vt 2.53252 1.694 
vt 2.53252 1.74083 
vt 2.60381 1.83614 
vt 2.60381 1.83614 
vt 2.60381 1.8614 
vt 2.60381 1.8614 
vt 2.60381 1.85949 
vt 2.60381 1.8614 
vt 2.59662 1.86456 
vt 2.59662 1.84877 
vt 2.60381 1.84877 
vt 2.60381 1.83614 
vt 2.59662 1.83298 
vt 2.60381 1.85635 
vt 2.49745 1.85635 
vt 2.60381 1.84877 
vt 2.49745 1.84877 
vt 2.60381 1.84119 
vt 2.49745 1.83805 
vt 2.49745 1.84119 
vt 1.90251 1.77258 
vt 1.77706 1.63896 
vt 1.89642 1.78082 
vt 1.77706 1.63896 
vt 2.41193 1.81563 
vt 2.41193 1.81563 
vt 2.4071 1.81776 
vt 2.4071 1.79211 
vt 2.4071 1.80713 
vt 2.41193 1.80713 
vt 2.41193 1.79863 
vt 2.4071 1.79651 
vt 2.04569 1.78998 
vt 1.96884 1.78985 
vt 1.94132 1.82078 
vt 1.96248 1.88418 
vt 2.01036 1.88418 
vt 2.00436 1.89028 
vt 1.96248 1.89028 
vt 1.96248 1.89028 
vt 2.00436 1.89028 
vt 1.96248 1.88653 
vt 2.00811 1.88653 
vt 1.96248 1.86778 
vt 2.01936 1.86778 
vt 2.01936 1.87528 
vt 2.49056 1.79413 
vt 2.46264 1.79413 
vt 2.46264 1.79413 
vt 2.40966 1.83561 
vt 2.2824 1.83561 
vt 2.2824 1.84877 
vt 2.40966 1.84877 
vt 2.2824 1.86193 
vt 2.40966 1.86193 
vt 1.89801 1.83631 
vt 1.67929 1.65976 
vt 1.67286 1.63553 
vt 1.67286 1.63553 
vt 1.75868 1.54455 
vt 1.73368 1.54455 
vt 1.89561 1.83131 
vt 1.89807 1.7836 
vt 1.94822 1.76584 
vt 1.90557 1.7736 
vt 1.88057 1.7861 
vt 1.90557 1.7561 
vt 1.88537 1.83131 
vt 1.94634 1.75452 
vt 1.75807 1.6786 
vt 1.79807 1.6361 
vt 1.68373 1.65699 
vt 1.75807 1.6611 
vt 1.75807 1.6036 
vt 1.7565 1.54955 
vt 1.77557 1.6361 
vt 1.74557 1.5886 
vt 1.75557 1.6161 
vt 1.73635 1.54955 
vt 1.73307 1.6436 
vt 1.73057 1.5886 
vt 1.71307 1.6436 
vt 1.71057 1.6136 
vt 1.67827 1.63643 
vt 1.73164 1.64058 
vt 1.71533 1.64114 
vt 1.73164 1.64058 
vt 1.73307 1.6436 
vt 1.75557 1.6161 
vt 1.75255 1.61467 
vt 1.71057 1.6136 
vt 1.75807 1.6036 
vt 1.71376 1.61457 
vt 1.75483 1.60442 
vt 1.73202 1.59161 
vt 1.74557 1.5886 
vt 1.73057 1.5886 
vt 1.74415 1.59162 
vt 2.2571 1.8311 
vt 2.29936 1.84283 
vt 2.29229 1.86604 
vt 2.29936 1.85896 
vt 2.25335 1.78705 
vt 2.2421 1.8511 
vt 2.2346 1.7961 
vt 2.11893 1.86604 
vt 2.1291 1.78705 
vt 2.1221 1.8511 
vt 2.1221 1.7961 
vt 2.11143 1.85854 
vt 2.1021 1.8286 
vt 2.1116 1.77455 
vt 2.11152 1.81328 
vt 2.0621 1.7986 
vt 2.0621 1.8336 
vt 2.05269 1.85854 
vt 2.0471 1.7861 
vt 2.0446 1.8511 
vt 1.9531 1.77455 
vt 2.04269 1.86604 
vt 1.9671 1.7861 
vt 1.97186 1.8511 
vt 1.9371 1.8211 
vt 1.9534 1.86604 
vt 1.90551 1.83347 
vt 2.25335 1.78705 
vt 1.88351 1.83631 
vt 1.89561 1.83131 
vt 1.89801 1.83631 
vt 1.95352 1.76722 
vt 1.88537 1.83131 
vt 1.94822 1.76584 
vt 1.67929 1.65976 
vt 1.95102 1.75222 
vt 1.68373 1.65699 
vt 1.94634 1.75452 
vt 1.67827 1.63643 
vt 1.7565 1.54955 
vt 1.67286 1.63553 
vt 1.75868 1.54455 
vt 1.73635 1.54955 
vt 1.73368 1.54455 
vt 1.90557 1.7736 
vt 1.88149 1.78301 
vt 1.90255 1.75725 
vt 1.90557 1.7736 
vt 1.90255 1.75725 
vt 1.79675 1.63905 
vt 2.10653 1.82824 
vt 2.2346 1.7961 
vt 2.1221 1.8511 
vt 2.23253 1.79984 
vt 2.12389 1.84728 
vt 2.2571 1.8311 
vt 2.24014 1.84733 
vt 2.2527 1.83097 
vt 2.2421 1.8511 
vt 2.29436 1.87104 
vt 2.11893 1.86604 
vt 2.29229 1.86604 
vt 2.11686 1.87104 
vt 2.30436 1.86104 
vt 2.10936 1.86354 
vt 2.29936 1.85896 
vt 2.11143 1.85854 
vt 2.30436 1.84104 
vt 2.05269 1.85854 
vt 2.29936 1.84283 
vt 2.05436 1.86354 
vt 2.25335 1.78705 
vt 2.04269 1.86604 
vt 2.25571 1.78205 
vt 2.04436 1.87104 
vt 2.13071 1.78205 
vt 1.95186 1.87104 
vt 2.1291 1.78705 
vt 1.9534 1.86604 
vt 2.1116 1.77455 
vt 1.90551 1.83347 
vt 2.11321 1.76955 
vt 1.89821 1.83455 
vt 1.9531 1.77455 
vt 1.95071 1.76955 
vt 2.10936 1.86354 
vt 2.30436 1.86104 
vt 1.89821 1.83455 
vt 1.97186 1.8511 
vt 1.94132 1.82078 
vt 1.97331 1.84724 
vt 2.04301 1.84727 
vt 2.0446 1.8511 
vt 1.9671 1.7861 
vt 2.05827 1.83202 
vt 1.96884 1.78985 
vt 2.0621 1.8336 
vt 2.0471 1.7861 
vt 2.05834 1.80035 
vt 2.04569 1.78998 
vt 2.0621 1.7986 
vt 2.57436 1.87528 
vt 2.53186 1.87528 
vt 2.57436 1.86778 
vt 2.53186 1.86778 
vt 2.54686 1.88778 
vt 2.56436 1.88778 
vt 2.53244 1.80114 
vt 2.4766 1.80114 
vt 2.49056 1.79413 
vt 2.51848 1.79413 
vt 2.51848 1.76146 
vt 2.49056 1.76146 
vt 2.43472 1.83306 
vt 2.46264 1.79413 
vt 2.43472 1.75556 
vt 2.46264 1.75555 
vt 2.57432 1.83306 
vt 2.5464 1.79413 
vt 2.57432 1.73811 
vt 2.5464 1.73811 
vt 2.5464 1.79413 
vt 2.25442 1.79211 
vt 2.25442 1.79651 
vt 2.4071 1.79651 
vt 2.25442 1.80713 
vt 2.4071 1.80713 
vt 2.25442 1.81776 
vt 2.25442 1.82216 
vt 2.4071 1.81776 
vt 2.5464 1.73811 
vt 2.5464 1.79413 
vt 2.51848 1.79413 
vt 2.41685 1.86456 
vt 2.40966 1.86193 
vt 2.41685 1.86456 
vt 2.41685 1.84877 
vt 2.40966 1.84877 
vt 2.40966 1.83561 
vt 2.41685 1.83298 
vt 2.59662 1.82644 
vt 2.59662 1.83298 
vt 2.41685 1.83298 
vt 2.41685 1.84877 
vt 2.59662 1.84877 
vt 2.41685 1.86456 
vt 2.41685 1.86456 
vt 2.59662 1.86456 
vt 2.12254 1.86456 
vt 2.12047 1.84877 
vt 2.13833 1.86663 
vt 2.15413 1.86456 
vt 2.13833 1.82644 
vt 2.1562 1.84877 
vt 2.15097 1.83614 
vt 2.12756 1.73811 
vt 2.14911 1.73811 
vt 2.13833 1.83805 
vt 2.11645 1.75725 
vt 2.16022 1.63905 
vt 2.16022 1.75725 
vt 2.16022 1.77258 
vt 2.11645 1.63905 
vt 2.11645 1.77258 
vt 2.11645 1.63896 
vt 2.16022 1.78082 
vt 2.16022 1.63896 
vt 2.11645 1.78082 
vt 2.16022 1.78301 
vt 2.12631 1.80713 
vt 2.13833 1.81916 
vt 2.12771 1.79651 
vt 2.13833 1.79511 
vt 2.14896 1.79651 
vt 2.12084 1.88653 
vt 2.13017 1.89028 
vt 2.12458 1.89028 
vt 2.13534 1.88418 
vt 2.12084 1.86778 
vt 2.14133 1.88418 
vt 2.15583 1.86778 
vt 2.15583 1.88653 
vt 2.1465 1.89028 
vt 2.15209 1.89028 
vt 2.15928 1.78998 
vt 2.11742 1.80035 
vt 2.15925 1.80035 
vt 2.15926 1.83202 
vt 2.15926 1.84727 
vt 2.11741 1.83202 
vt 2.11741 1.84727 
vt 2.12756 1.79413 
vt 2.14911 1.79413 
vt 2.14911 1.76146 
vt 2.12756 1.76146 
vt 2.12756 1.79413 
vt 2.14911 1.79413 
vt 2.12756 1.75556 
vt 2.14911 1.75556 
vt 2.11626 1.83631 
vt 2.16041 1.83631 
vt 2.16041 1.65976 
vt 2.11626 1.65976 
vt 2.11626 1.63553 
vt 2.16041 1.63553 
vt 2.11626 1.54455 
vt 2.16041 1.54455 
vt 2.16041 1.54455 
vt 2.11126 1.6161 
vt 2.11492 1.64058 
vt 2.11492 1.61467 
vt 2.11126 1.6036 
vt 2.11492 1.60442 
vt 2.11492 1.59162 
vt 2.16175 1.64114 
vt 2.16541 1.6161 
vt 2.16175 1.61467 
vt 2.16541 1.6036 
vt 2.16175 1.60442 
vt 2.16175 1.59162 
vt 2.16334 1.8336 
vt 2.16334 1.77455 
vt 2.11333 1.8336 
vt 2.11333 1.77455 
vt 2.11333 1.7861 
vt 2.16541 1.54955 
vt 2.16041 1.63553 
vt 2.16041 1.54455 
vt 2.16541 1.7836 
vt 2.16022 1.78082 
vt 2.16541 1.7736 
vt 2.16022 1.77258 
vt 2.16022 1.75725 
vt 2.16541 1.7561 
vt 2.16022 1.63905 
vt 2.16541 1.6361 
vt 2.11126 1.7736 
vt 2.11645 1.75725 
vt 2.11645 1.77258 
vt 2.11645 1.78082 
vt 2.11126 1.7561 
vt 2.11126 1.7836 
vt 2.11645 1.63905 
vt 2.11126 1.6361 
vt 2.11333 1.8511 
vt 2.11806 1.83097 
vt 2.11333 1.8311 
vt 2.11779 1.79984 
vt 2.16334 1.7961 
vt 2.15888 1.79984 
vt 2.16334 1.8311 
vt 2.15894 1.84733 
vt 2.15861 1.83097 
vt 2.16334 1.8511 
vt 2.15926 1.84727 
vt 2.16334 1.8511 
vt 2.15926 1.83202 
vt 2.16334 1.8336 
vt 2.15925 1.80035 
vt 2.16334 1.7986 
vt 2.11742 1.80035 
vt 2.11333 1.7986 
vt 2.11333 1.8336 
vt 2.11741 1.83202 
vt 2.11741 1.84727 
vt 2.11333 1.8511 
vt 2.14911 1.79413 
vt 2.12756 1.79413 
vt 2.15833 1.83455 
vt 2.11834 1.83455 
vt 2.15833 1.76955 
vt 2.11834 1.76955 
vt 2.15888 1.79984 
vt 2.11779 1.79984 
vt 2.11773 1.84733 
vt 2.11806 1.83097 
vt 2.15894 1.84733 
vt 2.15861 1.83097 
vt 2.12756 1.73811 
vt 2.14911 1.79413 
vt 2.12756 1.79413 
vt 2.14911 1.73811 
vt 2.12756 1.83306 
vt 2.12756 1.75556 
vt 2.14911 1.75556 
vt 2.14911 1.83306 
vt 2.13309 1.86778 
vt 2.14201 1.87528 
vt 2.13466 1.87528 
vt 2.14358 1.86778 
vt 2.16175 1.64058 
vt 2.11492 1.64058 
vt 2.16175 1.61467 
vt 2.11492 1.59162 
vt 2.11492 1.61467 
vt 2.16175 1.59162 
vt 2.16175 1.60442 
vt 2.11492 1.60442 
vt 2.60381 1.73005 
vt 2.60381 1.70478 
vt 2.60381 1.73005 
vt 2.60381 1.70478 
vt 2.60381 1.70478 
vt 2.59662 1.70162 
vt 2.59662 1.71741 
vt 2.60381 1.71741 
vt 2.60381 1.73005 
vt 2.59662 1.7332 
vt 2.60381 1.71741 
vt 2.49745 1.71741 
vt 2.60381 1.70983 
vt 2.49745 1.72499 
vt 2.49745 1.70983 
vt 2.60381 1.70669 
vt 2.60381 1.72499 
vt 2.49745 1.70669 
vt 2.49745 1.72813 
vt 2.60381 1.72499 
vt 2.49745 1.71741 
vt 1.89642 1.73929 
vt 1.89642 1.69553 
vt 1.88149 1.73929 
vt 1.88149 1.69553 
vt 1.76101 1.69553 
vt 1.76101 1.73929 
vt 2.41193 1.72591 
vt 2.4071 1.70679 
vt 2.41193 1.70891 
vt 2.4071 1.70679 
vt 2.4071 1.71741 
vt 2.41193 1.71741 
vt 2.41193 1.72591 
vt 2.4071 1.72804 
vt 1.94132 1.7382 
vt 1.94132 1.69662 
vt 1.97331 1.69646 
vt 1.97331 1.73837 
vt 2.05827 1.73834 
vt 2.04301 1.73834 
vt 2.05827 1.69648 
vt 2.04301 1.69649 
vt 2.49056 1.70664 
vt 2.49056 1.72819 
vt 2.4766 1.70664 
vt 2.4766 1.72819 
vt 2.46264 1.70664 
vt 2.46264 1.72819 
vt 2.40966 1.73057 
vt 2.2824 1.73057 
vt 2.40966 1.71741 
vt 2.2824 1.71741 
vt 2.40966 1.70425 
vt 2.2824 1.70425 
vt 2.40966 1.70425 
vt 2.2824 1.70425 
vt 2.57432 1.70664 
vt 2.57432 1.72819 
vt 2.5464 1.70664 
vt 2.5464 1.72819 
vt 2.46264 1.70664 
vt 2.46264 1.72819 
vt 2.43472 1.70664 
vt 2.43472 1.72819 
vt 1.73368 1.69534 
vt 1.75868 1.73949 
vt 1.73368 1.73949 
vt 1.75868 1.69534 
vt 2.51848 1.72819 
vt 2.49056 1.70664 
vt 2.51848 1.70664 
vt 2.49056 1.72819 
vt 1.73164 1.694 
vt 1.73307 1.69034 
vt 1.71533 1.694 
vt 1.75807 1.69034 
vt 1.71307 1.69034 
vt 1.75483 1.694 
vt 1.71533 1.74083 
vt 1.73164 1.74083 
vt 1.73307 1.74449 
vt 1.71307 1.74449 
vt 1.75807 1.74449 
vt 1.75483 1.74083 
vt 2.1116 1.74241 
vt 2.0621 1.74241 
vt 1.9531 1.74241 
vt 2.0621 1.69241 
vt 1.9371 1.69241 
vt 1.9531 1.69241 
vt 2.1116 1.69241 
vt 2.25335 1.69241 
vt 1.73635 1.69034 
vt 1.7565 1.69034 
vt 1.73368 1.69534 
vt 1.75868 1.69534 
vt 1.7565 1.74449 
vt 1.75868 1.73949 
vt 1.73635 1.74449 
vt 1.73368 1.73949 
vt 1.89807 1.74449 
vt 1.88057 1.74449 
vt 1.89642 1.73929 
vt 1.90557 1.74449 
vt 1.88149 1.73929 
vt 1.76101 1.73929 
vt 1.75807 1.74449 
vt 1.90557 1.69034 
vt 1.89642 1.69553 
vt 1.89807 1.69034 
vt 1.88057 1.69034 
vt 1.88149 1.69553 
vt 1.76101 1.69553 
vt 1.75807 1.69034 
vt 2.10653 1.69721 
vt 2.1221 1.69241 
vt 2.12389 1.69674 
vt 2.24014 1.69681 
vt 2.2421 1.69241 
vt 2.2527 1.69714 
vt 2.10653 1.73762 
vt 2.1221 1.74241 
vt 2.12389 1.73808 
vt 2.24014 1.73801 
vt 2.2527 1.73769 
vt 2.2421 1.74241 
vt 2.30436 1.73741 
vt 2.25335 1.74241 
vt 2.25571 1.73741 
vt 2.13071 1.73741 
vt 2.1291 1.74241 
vt 2.1116 1.74241 
vt 2.11321 1.73741 
vt 1.9531 1.74241 
vt 1.95071 1.73741 
vt 2.25335 1.69241 
vt 2.25571 1.69741 
vt 2.13071 1.69741 
vt 2.1291 1.69241 
vt 2.1116 1.69241 
vt 1.95071 1.69741 
vt 2.11321 1.69741 
vt 1.9531 1.69241 
vt 1.97186 1.74241 
vt 1.94132 1.7382 
vt 1.97331 1.73837 
vt 2.04301 1.73834 
vt 1.9371 1.74241 
vt 2.0446 1.74241 
vt 1.94132 1.69662 
vt 1.9371 1.69241 
vt 1.97186 1.69241 
vt 1.97331 1.69646 
vt 2.04301 1.69649 
vt 2.0446 1.69241 
vt 2.5464 1.72819 
vt 2.5464 1.70664 
vt 2.4071 1.70679 
vt 2.25442 1.71741 
vt 2.25442 1.70679 
vt 2.4071 1.71741 
vt 2.25442 1.72804 
vt 2.4071 1.72804 
vt 1.95071 1.73741 
vt 1.95071 1.69741 
vt 2.11321 1.73741 
vt 2.11321 1.69741 
vt 2.13071 1.73741 
vt 2.13071 1.69741 
vt 2.25571 1.73741 
vt 2.25571 1.69741 
vt 2.12389 1.73808 
vt 2.12389 1.69674 
vt 2.24014 1.69681 
vt 2.2527 1.69714 
vt 2.24014 1.73801 
vt 2.5464 1.72819 
vt 2.5464 1.70664 
vt 2.53244 1.70664 
vt 2.53244 1.72819 
vt 2.51848 1.70664 
vt 2.51848 1.72819 
vt 2.40966 1.70425 
vt 2.40966 1.70425 
vt 2.41685 1.70162 
vt 2.41685 1.71741 
vt 2.40966 1.71741 
vt 2.40966 1.73057 
vt 2.41685 1.7332 
vt 2.41685 1.70162 
vt 2.59662 1.71741 
vt 2.41685 1.71741 
vt 2.59662 1.70162 
vt 2.59662 1.7332 
vt 2.41685 1.7332 
vt 1.71533 1.694 
vt 1.71533 1.74083 
vt 1.73164 1.74083 
vt 1.73164 1.694 
vt 1.67286 1.83614 
vt 1.67286 1.83614 
vt 1.67286 1.8614 
vt 1.67286 1.8614 
vt 1.67286 1.85949 
vt 1.67286 1.8614 
vt 1.68005 1.84877 
vt 1.68005 1.86456 
vt 1.67286 1.84877 
vt 1.67286 1.83614 
vt 1.68005 1.83298 
vt 1.77922 1.85635 
vt 1.67286 1.85635 
vt 1.77922 1.84877 
vt 1.67286 1.84877 
vt 1.77922 1.84119 
vt 1.67286 1.84119 
vt 1.77922 1.83805 
vt 2.37416 1.77258 
vt 2.49961 1.63896 
vt 2.49961 1.63896 
vt 2.38025 1.78082 
vt 1.86474 1.81563 
vt 1.86957 1.80713 
vt 1.86957 1.81776 
vt 1.86474 1.80713 
vt 1.86474 1.79863 
vt 1.86957 1.79651 
vt 1.86957 1.79211 
vt 2.30783 1.78985 
vt 2.26631 1.88418 
vt 2.31419 1.88418 
vt 2.27231 1.89028 
vt 2.26631 1.88418 
vt 2.31419 1.89028 
vt 2.27231 1.89028 
vt 2.31419 1.88653 
vt 2.31419 1.89028 
vt 2.26856 1.88653 
vt 2.31419 1.86778 
vt 2.25731 1.86778 
vt 2.25731 1.87528 
vt 1.78611 1.79413 
vt 1.81403 1.79413 
vt 1.81403 1.79413 
vt 1.86701 1.83561 
vt 1.99427 1.83561 
vt 1.86701 1.84877 
vt 1.99427 1.84877 
vt 1.86701 1.86193 
vt 1.99427 1.86193 
vt 2.37866 1.83631 
vt 2.59738 1.65976 
vt 2.60381 1.63553 
vt 2.60381 1.63553 
vt 2.54299 1.54455 
vt 2.51799 1.54455 
vt 2.51799 1.54455 
vt 2.32845 1.76584 
vt 2.3711 1.7561 
vt 2.3711 1.7736 
vt 2.3786 1.7836 
vt 2.33033 1.75452 
vt 2.38106 1.83131 
vt 2.3961 1.7861 
vt 2.3913 1.83131 
vt 2.4786 1.6361 
vt 2.5186 1.6786 
vt 2.59294 1.65699 
vt 2.5186 1.6036 
vt 2.52017 1.54955 
vt 2.5011 1.6361 
vt 2.5311 1.5886 
vt 2.5211 1.6161 
vt 2.54032 1.54955 
vt 2.5436 1.6436 
vt 2.5461 1.5886 
vt 2.5186 1.6611 
vt 2.5661 1.6136 
vt 2.5636 1.6436 
vt 2.5984 1.63643 
vt 2.5211 1.6161 
vt 2.54503 1.64058 
vt 2.5436 1.6436 
vt 2.52412 1.61467 
vt 2.56134 1.64114 
vt 2.5186 1.6036 
vt 2.52184 1.60442 
vt 2.5661 1.6136 
vt 2.5311 1.5886 
vt 2.56291 1.61457 
vt 2.53252 1.59162 
vt 2.54465 1.59161 
vt 2.5461 1.5886 
vt 2.56134 1.64114 
vt 2.21457 1.8336 
vt 2.16524 1.85854 
vt 2.17457 1.8286 
vt 2.15457 1.8511 
vt 2.15774 1.86604 
vt 2.03457 1.8511 
vt 2.22398 1.85854 
vt 1.98438 1.86604 
vt 2.21457 1.7986 
vt 2.23207 1.8511 
vt 2.23398 1.86604 
vt 2.30481 1.8511 
vt 2.32327 1.86604 
vt 2.33957 1.8211 
vt 2.37116 1.83347 
vt 2.32357 1.77455 
vt 2.30957 1.7861 
vt 2.22957 1.7861 
vt 2.16507 1.77455 
vt 2.15457 1.7961 
vt 2.14757 1.78705 
vt 2.04207 1.7961 
vt 2.02332 1.78705 
vt 2.01957 1.8311 
vt 1.97731 1.84283 
vt 1.97731 1.85896 
vt 2.38106 1.83131 
vt 2.3913 1.83131 
vt 2.39316 1.83631 
vt 2.37866 1.83631 
vt 2.59738 1.65976 
vt 2.32315 1.76722 
vt 2.59294 1.65699 
vt 2.32845 1.76584 
vt 2.5984 1.63643 
vt 2.32565 1.75222 
vt 2.60381 1.63553 
vt 2.33033 1.75452 
vt 2.54032 1.54955 
vt 2.52017 1.54955 
vt 2.54299 1.54455 
vt 2.51799 1.54455 
vt 2.3711 1.7736 
vt 2.37412 1.75725 
vt 2.47992 1.63905 
vt 2.3711 1.7736 
vt 2.37412 1.75725 
vt 2.38025 1.78082 
vt 2.3961 1.7861 
vt 2.51566 1.67727 
vt 2.17014 1.82824 
vt 2.15457 1.8511 
vt 2.15278 1.84728 
vt 2.03653 1.84733 
vt 2.03457 1.8511 
vt 2.02397 1.83097 
vt 2.01957 1.8311 
vt 2.04207 1.7961 
vt 2.04414 1.79984 
vt 2.14596 1.78205 
vt 2.15981 1.87104 
vt 1.98231 1.87104 
vt 2.15774 1.86604 
vt 2.16731 1.86354 
vt 1.98438 1.86604 
vt 2.16524 1.85854 
vt 1.97231 1.86104 
vt 2.22398 1.85854 
vt 1.97731 1.85896 
vt 2.22231 1.86354 
vt 1.97231 1.84104 
vt 2.23398 1.86604 
vt 1.97731 1.84283 
vt 2.23231 1.87104 
vt 2.02332 1.78705 
vt 2.32481 1.87104 
vt 2.02096 1.78205 
vt 2.32327 1.86604 
vt 2.14596 1.78205 
vt 2.37116 1.83347 
vt 2.14757 1.78705 
vt 2.37846 1.83455 
vt 2.16507 1.77455 
vt 2.32596 1.76955 
vt 2.16346 1.76955 
vt 2.32357 1.77455 
vt 2.30783 1.78985 
vt 2.22957 1.7861 
vt 2.30957 1.7861 
vt 2.23098 1.78998 
vt 2.33535 1.82078 
vt 2.21833 1.80035 
vt 2.21457 1.7986 
vt 2.30481 1.8511 
vt 2.21457 1.8336 
vt 2.30336 1.84724 
vt 2.2184 1.83202 
vt 2.23366 1.84727 
vt 2.23207 1.8511 
vt 1.70231 1.87528 
vt 1.74481 1.86778 
vt 1.74481 1.87528 
vt 1.70231 1.86778 
vt 1.72981 1.88778 
vt 1.71231 1.88778 
vt 1.84195 1.83306 
vt 1.73027 1.79413 
vt 1.84195 1.83306 
vt 1.70235 1.83306 
vt 1.74423 1.80114 
vt 1.73027 1.79413 
vt 1.70235 1.73811 
vt 1.73027 1.73811 
vt 1.80007 1.80114 
vt 1.75819 1.79413 
vt 1.81403 1.79413 
vt 1.84195 1.75556 
vt 1.81403 1.75555 
vt 1.78611 1.79413 
vt 1.78611 1.76146 
vt 1.75819 1.76146 
vt 1.86957 1.79651 
vt 2.02225 1.79211 
vt 2.02225 1.79651 
vt 1.86957 1.80713 
vt 2.02225 1.79651 
vt 2.02225 1.80713 
vt 1.86957 1.81776 
vt 2.02225 1.81776 
vt 2.02225 1.82216 
vt 1.73027 1.79413 
vt 1.75819 1.79413 
vt 1.75819 1.76146 
vt 1.85982 1.86456 
vt 1.86701 1.86193 
vt 1.85982 1.84877 
vt 1.86701 1.84877 
vt 1.86701 1.83561 
vt 1.85982 1.83298 
vt 1.85982 1.83298 
vt 1.85982 1.83298 
vt 1.68005 1.82644 
vt 1.68005 1.83298 
vt 1.68005 1.84877 
vt 1.85982 1.83298 
vt 1.85982 1.84877 
vt 1.68005 1.86456 
vt 1.85982 1.86456 

usemtl Meshpart1Mtl

f 1/1/1 2/2/2 3/3/3 
f 4/4/4 1/1/1 3/3/3 
f 2/2/2 1/1/1 5/5/5 
f 1/1/1 4/4/4 6/6/6 
f 7/7/7 2/2/2 5/5/5 
f 8/8/8 6/6/6 4/4/4 
f 2/2/2 7/7/7 9/9/9 
f 6/6/6 8/8/8 10/10/10 
f 7/7/7 11/11/11 9/9/9 
f 8/8/8 12/12/12 10/10/10 
f 11/11/11 7/7/7 13/13/13 
f 12/12/12 8/8/8 14/14/14 
f 15/15/15 11/11/11 13/13/13 
f 14/14/14 15/15/15 12/12/12 
f 11/11/11 15/15/15 16/16/16 
f 14/14/14 16/16/16 15/15/15 
f 24/24/24 25/25/25 26/26/26 
f 25/25/25 24/24/24 27/27/27 
f 28/28/28 27/27/27 24/24/24 
f 27/27/27 28/28/28 29/29/29 
f 30/30/30 31/31/31 32/32/32 
f 30/30/30 32/32/32 33/33/33 
f 35/35/35 36/36/36 34/34/34 
f 39/39/39 35/35/35 38/38/38 
f 41/41/41 39/39/39 40/40/40 
f 35/35/35 39/39/39 41/41/41 
f 35/35/35 41/41/41 36/36/36 
f 36/36/36 41/41/41 37/37/37 
f 48/48/48 46/46/46 44/44/44 
f 46/46/46 48/48/48 49/49/49 
f 50/50/50 49/49/49 48/48/48 
f 49/49/49 50/50/50 51/51/51 
f 52/52/52 53/53/53 54/54/54 
f 53/53/53 52/52/52 55/55/55 
f 54/54/54 56/56/56 52/52/52 
f 56/56/56 55/55/55 52/52/52 
f 57/57/57 53/53/53 55/55/55 
f 54/54/54 58/58/58 56/56/56 
f 59/59/59 56/56/56 58/58/58 
f 55/55/55 60/60/60 57/57/57 
f 61/61/61 57/57/57 60/60/60 
f 55/55/55 61/61/61 60/60/60 
f 61/61/61 55/55/55 56/56/56 
f 57/57/57 61/61/61 62/62/62 
f 63/63/63 62/62/62 61/61/61 
f 62/62/62 63/63/63 64/64/64 
f 61/61/61 65/65/65 63/63/63 
f 65/65/65 64/64/64 63/63/63 
f 61/61/61 56/56/56 65/65/65 
f 64/64/64 65/65/65 66/66/66 
f 65/65/65 59/59/59 66/66/66 
f 56/56/56 59/59/59 67/67/67 
f 59/59/59 65/65/65 67/67/67 
f 65/65/65 56/56/56 67/67/67 
f 77/77/77 78/78/78 76/76/76 
f 78/78/78 77/77/77 79/79/79 
f 84/84/84 85/85/85 83/83/83 
f 86/86/86 83/83/83 85/85/85 
f 90/90/90 91/91/91 92/92/92 
f 93/93/93 90/90/90 92/92/92 
f 93/93/93 92/92/92 94/94/94 
f 94/94/94 95/95/95 93/93/93 
f 94/94/94 96/96/96 95/95/95 
f 97/97/97 95/95/95 96/96/96 
f 101/101/101 100/100/100 99/99/99 
f 101/101/101 99/99/99 102/102/102 
f 107/107/107 105/105/105 106/106/106 
f 105/105/105 107/107/107 108/108/108 
f 124/124/124 122/122/122 123/123/123 
f 122/122/122 124/124/124 126/126/126 
f 124/124/124 128/128/128 126/126/126 
f 128/128/128 124/124/124 129/129/129 
f 134/134/134 136/136/136 132/132/132 
f 133/133/133 136/136/136 135/135/135 
f 132/132/132 136/136/136 137/137/137 
f 136/136/136 133/133/133 137/137/137 
f 139/139/139 138/138/138 141/141/141 
f 142/142/142 141/141/141 138/138/138 
f 141/141/141 142/142/142 143/143/143 
f 144/144/144 145/145/145 146/146/146 
f 146/146/146 145/145/145 147/147/147 
f 145/145/145 144/144/144 148/148/148 
f 149/149/149 148/148/148 144/144/144 
f 154/154/154 155/155/155 153/153/153 
f 155/155/155 154/154/154 156/156/156 
f 161/161/161 163/163/163 162/162/162 
f 162/162/162 163/163/163 164/164/164 
f 168/168/168 169/169/169 167/167/167 
f 171/171/171 170/170/170 172/172/172 
f 177/177/177 178/178/178 179/179/179 
f 179/179/179 178/178/178 180/180/180 
f 181/181/181 179/179/179 180/180/180 
f 179/179/179 181/181/181 182/182/182 
f 183/183/183 184/184/184 185/185/185 
f 184/184/184 183/183/183 186/186/186 
f 185/185/185 187/187/187 183/183/183 
f 188/188/188 187/187/187 185/185/185 
f 189/189/189 190/190/190 191/191/191 
f 190/190/190 189/189/189 192/192/192 
f 195/195/195 196/196/196 191/191/191 
f 191/191/191 197/197/197 195/195/195 
f 194/194/194 198/198/198 197/197/197 
f 199/199/199 198/198/198 194/194/194 
f 200/200/200 201/201/201 202/202/202 
f 203/203/203 200/200/200 202/202/202 
f 204/204/204 205/205/205 206/206/206 
f 206/206/206 205/205/205 207/207/207 
f 206/206/206 207/207/207 208/208/208 
f 208/208/208 207/207/207 209/209/209 
f 216/216/216 214/214/214 215/215/215 
f 214/214/214 216/216/216 217/217/217 
f 217/217/217 216/216/216 218/218/218 
f 216/216/216 219/219/219 218/218/218 
f 226/226/226 224/224/224 225/225/225 
f 222/222/222 227/227/227 226/226/226 
f 224/224/224 226/226/226 227/227/227 
f 227/227/227 222/222/222 228/228/228 
f 231/231/231 229/229/229 230/230/230 
f 229/229/229 231/231/231 232/232/232 
f 236/236/236 234/234/234 235/235/235 
f 234/234/234 236/236/236 237/237/237 
f 237/237/237 236/236/236 238/238/238 
f 236/236/236 239/239/239 238/238/238 
f 240/240/240 241/241/241 242/242/242 
f 243/243/243 242/242/242 241/241/241 
f 241/241/241 244/244/244 243/243/243 
f 244/244/244 241/241/241 245/245/245 
f 246/246/246 247/247/247 248/248/248 
f 246/246/246 248/248/248 249/249/249 
f 251/251/251 250/250/250 254/254/254 
f 255/255/255 253/253/253 252/252/252 
f 251/251/251 254/254/254 256/256/256 
f 255/255/255 257/257/257 253/253/253 
f 258/258/258 259/259/259 261/261/261 
f 258/258/258 261/261/261 262/262/262 
f 270/270/270 271/271/271 269/269/269 
f 271/271/271 270/270/270 273/273/273 
f 273/273/273 274/274/274 271/271/271 
f 274/274/274 273/273/273 272/272/272 
f 275/275/275 276/276/276 277/277/277 
f 277/277/277 276/276/276 278/278/278 
f 275/275/275 279/279/279 276/276/276 
f 279/279/279 275/275/275 280/280/280 
f 285/285/285 287/287/287 286/286/286 
f 285/285/285 288/288/288 287/287/287 
f 292/292/292 291/291/291 293/293/293 
f 291/291/291 292/292/292 294/294/294 
f 302/302/302 303/303/303 304/304/304 
f 302/302/302 304/304/304 305/305/305 
f 308/308/308 309/309/309 310/310/310 
f 309/309/309 308/308/308 311/311/311 
f 316/316/316 315/315/315 314/314/314 
f 315/315/315 316/316/316 317/317/317 
f 319/319/319 320/320/320 318/318/318 
f 320/320/320 319/319/319 321/321/321 
f 326/326/326 325/325/325 323/323/323 
f 326/326/326 323/323/323 327/327/327 
f 331/331/331 329/329/329 330/330/330 
f 329/329/329 331/331/331 332/332/332 
f 334/334/334 335/335/335 336/336/336 
f 335/335/335 334/334/334 337/337/337 
f 339/339/339 342/342/342 340/340/340 
f 342/342/342 339/339/339 343/343/343 
f 345/345/345 346/346/346 344/344/344 
f 344/344/344 346/346/346 347/347/347 
f 348/348/348 349/349/349 350/350/350 
f 350/350/350 349/349/349 352/352/352 
f 355/355/355 351/351/351 353/353/353 
f 351/351/351 355/355/355 356/356/356 
f 357/357/357 359/359/359 358/358/358 
f 359/359/359 357/357/357 360/360/360 
f 361/361/361 363/363/363 362/362/362 
f 362/362/362 363/363/363 365/365/365 
f 367/367/367 368/368/368 369/369/369 
f 368/368/368 367/367/367 370/370/370 
f 374/374/374 375/375/375 376/376/376 
f 378/378/378 376/376/376 375/375/375 
f 376/376/376 378/378/378 379/379/379 
f 377/377/377 379/379/379 378/378/378 
f 380/380/380 381/381/381 382/382/382 
f 381/381/381 380/380/380 383/383/383 
f 382/382/382 384/384/384 380/380/380 
f 381/381/381 383/383/383 385/385/385 
f 382/382/382 386/386/386 384/384/384 
f 385/385/385 383/383/383 387/387/387 
f 386/386/386 388/388/388 384/384/384 
f 387/387/387 389/389/389 385/385/385 
f 388/388/388 386/386/386 390/390/390 
f 389/389/389 387/387/387 391/391/391 
f 392/392/392 389/389/389 391/391/391 
f 389/389/389 392/392/392 393/393/393 
f 393/393/393 392/392/392 394/394/394 
f 394/394/394 392/392/392 395/395/395 
f 398/398/398 396/396/396 397/397/397 
f 396/396/396 398/398/398 399/399/399 
f 403/403/403 400/400/400 404/404/404 
f 405/405/405 402/402/402 401/401/401 
f 406/406/406 402/402/402 405/405/405 
f 407/407/407 408/408/408 409/409/409 
f 410/410/410 411/411/411 412/412/412 
f 412/412/412 413/413/413 410/410/410 
f 414/414/414 410/410/410 413/413/413 
f 410/410/410 414/414/414 415/415/415 
f 418/418/418 420/420/420 419/419/419 
f 421/421/421 419/419/419 420/420/420 
f 422/422/422 423/423/423 425/425/425 
f 427/427/427 425/425/425 423/423/423 
f 424/424/424 426/426/426 427/427/427 
f 425/425/425 427/427/427 426/426/426 
f 429/429/429 430/430/430 431/431/431 
f 431/431/431 430/430/430 432/432/432 
f 440/440/440 438/438/438 439/439/439 
f 438/438/438 440/440/440 441/441/441 
f 440/440/440 442/442/442 441/441/441 
f 442/442/442 440/440/440 443/443/443 
f 444/444/444 445/445/445 446/446/446 
f 447/447/447 446/446/446 445/445/445 
f 446/446/446 447/447/447 448/448/448 
f 450/450/450 448/448/448 447/447/447 
f 459/459/459 456/456/456 457/457/457 
f 456/456/456 459/459/459 460/460/460 
f 459/459/459 461/461/461 460/460/460 
f 461/461/461 459/459/459 462/462/462 
f 466/466/466 467/467/467 468/468/468 
f 466/466/466 468/468/468 469/469/469 
f 471/471/471 470/470/470 472/472/472 
f 471/471/471 472/472/472 473/473/473 
f 474/474/474 473/473/473 472/472/472 
f 475/475/475 473/473/473 474/474/474 
f 473/473/473 475/475/475 476/476/476 
f 481/481/481 480/480/480 482/482/482 
f 483/483/483 482/482/482 480/480/480 
f 482/482/482 483/483/483 484/484/484 
f 485/485/485 484/484/484 483/483/483 
f 492/492/492 493/493/493 494/494/494 
f 494/494/494 493/493/493 495/495/495 
f 492/492/492 496/496/496 493/493/493 
f 494/494/494 495/495/495 497/497/497 
f 496/496/496 492/492/492 498/498/498 
f 497/497/497 499/499/499 494/494/494 
f 498/498/498 500/500/500 496/496/496 
f 499/499/499 497/497/497 501/501/501 
f 498/498/498 502/502/502 500/500/500 
f 502/502/502 503/503/503 500/500/500 
f 504/504/504 499/499/499 501/501/501 
f 504/504/504 505/505/505 499/499/499 
f 506/506/506 504/504/504 501/501/501 
f 507/507/507 505/505/505 504/504/504 
f 504/504/504 506/506/506 508/508/508 
f 505/505/505 507/507/507 509/509/509 
f 510/510/510 508/508/508 506/506/506 
f 506/506/506 503/503/503 510/510/510 
f 507/507/507 511/511/511 509/509/509 
f 503/503/503 512/512/512 510/510/510 
f 512/512/512 503/503/503 502/502/502 
f 513/513/513 509/509/509 511/511/511 
f 514/514/514 512/512/512 502/502/502 
f 509/509/509 513/513/513 514/514/514 
f 512/512/512 514/514/514 513/513/513 
f 517/517/517 519/519/519 518/518/518 
f 519/519/519 517/517/517 520/520/520 
f 521/521/521 525/525/525 523/523/523 
f 526/526/526 522/522/522 524/524/524 
f 521/521/521 527/527/527 525/525/525 
f 526/526/526 524/524/524 528/528/528 
f 529/529/529 530/530/530 531/531/531 
f 531/531/531 530/530/530 532/532/532 
f 529/529/529 533/533/533 530/530/530 
f 531/531/531 534/534/534 529/529/529 
f 533/533/533 529/529/529 535/535/535 
f 534/534/534 531/531/531 536/536/536 
f 537/537/537 533/533/533 535/535/535 
f 534/534/534 536/536/536 538/538/538 
f 535/535/535 539/539/539 537/537/537 
f 540/540/540 538/538/538 536/536/536 
f 541/541/541 538/538/538 540/540/540 
f 539/539/539 542/542/542 537/537/537 
f 543/543/543 542/542/542 539/539/539 
f 541/541/541 544/544/544 543/543/543 
f 542/542/542 543/543/543 544/544/544 
f 540/540/540 545/545/545 541/541/541 
f 544/544/544 541/541/541 545/545/545 
f 540/540/540 546/546/546 545/545/545 
f 542/542/542 544/544/544 547/547/547 
f 546/546/546 548/548/548 545/545/545 
f 549/549/549 542/542/542 547/547/547 
f 548/548/548 546/546/546 550/550/550 
f 549/549/549 547/547/547 551/551/551 
f 550/550/550 552/552/552 548/548/548 
f 553/553/553 549/549/549 551/551/551 
f 550/550/550 554/554/554 552/552/552 
f 554/554/554 553/553/553 552/552/552 
f 549/549/549 553/553/553 555/555/555 
f 553/553/553 554/554/554 555/555/555 
f 560/560/560 559/559/559 558/558/558 
f 560/560/560 558/558/558 562/562/562 
f 563/563/563 561/561/561 557/557/557 
f 562/562/562 564/564/564 560/560/560 
f 561/561/561 563/563/563 565/565/565 
f 564/564/564 562/562/562 566/566/566 
f 563/563/563 567/567/567 565/565/565 
f 568/568/568 564/564/564 566/566/566 
f 563/563/563 569/569/569 567/567/567 
f 564/564/564 568/568/568 570/570/570 
f 569/569/569 571/571/571 567/567/567 
f 571/571/571 569/569/569 572/572/572 
f 579/579/579 583/583/583 581/581/581 
f 584/584/584 582/582/582 580/580/580 
f 586/586/586 587/587/587 585/585/585 
f 590/590/590 592/592/592 588/588/588 
f 591/591/591 593/593/593 589/589/589 
f 592/592/592 590/590/590 594/594/594 
f 589/589/589 593/593/593 595/595/595 
f 598/598/598 600/600/600 596/596/596 
f 599/599/599 601/601/601 597/597/597 
f 602/602/602 596/596/596 600/600/600 
f 601/601/601 599/599/599 603/603/603 
f 606/606/606 608/608/608 604/604/604 
f 605/605/605 609/609/609 607/607/607 
f 608/608/608 610/610/610 604/604/604 
f 609/609/609 605/605/605 611/611/611 
f 611/611/611 613/613/613 609/609/609 
f 609/609/609 613/613/613 612/612/612 
f 617/617/617 618/618/618 619/619/619 
f 620/620/620 623/623/623 621/621/621 
f 618/618/618 622/622/622 624/624/624 
f 621/621/621 623/623/623 625/625/625 
f 626/626/626 627/627/627 628/628/628 
f 627/627/627 626/626/626 629/629/629 
f 630/630/630 631/631/631 632/632/632 
f 633/633/633 632/632/632 631/631/631 
f 630/630/630 634/634/634 631/631/631 
f 634/634/634 630/630/630 635/635/635 
f 636/636/636 637/637/637 638/638/638 
f 636/636/636 638/638/638 639/639/639 
f 638/638/638 640/640/640 639/639/639 
f 640/640/640 638/638/638 641/641/641 
f 637/637/637 636/636/636 642/642/642 
f 642/642/642 643/643/643 637/637/637 
f 644/644/644 643/643/643 642/642/642 
f 643/643/643 644/644/644 645/645/645 
f 642/642/642 636/636/636 646/646/646 
f 647/647/647 646/646/646 636/636/636 
f 648/648/648 646/646/646 647/647/647 
f 648/648/648 647/647/647 649/649/649 
f 653/653/653 654/654/654 652/652/652 
f 654/654/654 653/653/653 655/655/655 
f 655/655/655 656/656/656 654/654/654 
f 656/656/656 655/655/655 658/658/658 
f 665/665/665 664/664/664 663/663/663 
f 665/665/665 663/663/663 666/666/666 
f 667/667/667 665/665/665 666/666/666 
f 665/665/665 667/667/667 668/668/668 
f 670/670/670 672/672/672 671/671/671 
f 672/672/672 670/670/670 673/673/673 
f 673/673/673 675/675/675 672/672/672 
f 675/675/675 673/673/673 676/676/676 
f 687/687/687 688/688/688 689/689/689 
f 690/690/690 687/687/687 689/689/689 
f 688/688/688 687/687/687 691/691/691 
f 687/687/687 690/690/690 692/692/692 
f 692/692/692 690/690/690 694/694/694 
f 694/694/694 696/696/696 692/692/692 
f 703/703/703 704/704/704 705/705/705 
f 704/704/704 703/703/703 706/706/706 
f 706/706/706 703/703/703 707/707/707 
f 706/706/706 707/707/707 708/708/708 
f 707/707/707 709/709/709 708/708/708 
f 708/708/708 709/709/709 710/710/710 
f 710/710/710 711/711/711 708/708/708 
f 711/711/711 710/710/710 712/712/712 
f 714/714/714 715/715/715 716/716/716 
f 718/718/718 714/714/714 716/716/716 
f 720/720/720 722/722/722 721/721/721 
f 722/722/722 720/720/720 723/723/723 
f 730/730/730 731/731/731 732/732/732 
f 732/732/732 733/733/733 730/730/730 
f 732/732/732 734/734/734 733/733/733 
f 736/736/736 733/733/733 734/734/734 
f 740/740/740 739/739/739 737/737/737 
f 739/739/739 740/740/740 741/741/741 
f 746/746/746 744/744/744 745/745/745 
f 746/746/746 745/745/745 747/747/747 
f 758/758/758 759/759/759 757/757/757 
f 759/759/759 758/758/758 760/760/760 
f 761/761/761 759/759/759 760/760/760 
f 759/759/759 761/761/761 762/762/762 
f 763/763/763 762/762/762 761/761/761 
f 762/762/762 763/763/763 764/764/764 
f 765/765/765 766/766/766 767/767/767 
f 765/765/765 767/767/767 768/768/768 
f 766/766/766 765/765/765 769/769/769 
f 770/770/770 765/765/765 768/768/768 
f 769/769/769 771/771/771 766/766/766 
f 771/771/771 769/769/769 772/772/772 
f 774/774/774 773/773/773 775/775/775 
f 775/775/775 776/776/776 774/774/774 
f 778/778/778 779/779/779 781/781/781 
f 782/782/782 781/781/781 779/779/779 
f 787/787/787 786/786/786 785/785/785 
f 788/788/788 786/786/786 787/787/787 
f 789/789/789 791/791/791 790/790/790 
f 791/791/791 789/789/789 792/792/792 
f 798/798/798 799/799/799 797/797/797 
f 800/800/800 799/799/799 798/798/798 
f 804/804/804 802/802/802 801/801/801 
f 804/804/804 801/801/801 806/806/806 
f 803/803/803 806/806/806 805/805/805 
f 804/804/804 806/806/806 803/803/803 
f 807/807/807 808/808/808 809/809/809 
f 808/808/808 807/807/807 810/810/810 
f 811/811/811 812/812/812 813/813/813 
f 811/811/811 813/813/813 814/814/814 
f 815/815/815 816/816/816 817/817/817 
f 816/816/816 815/815/815 818/818/818 
f 820/820/820 821/821/821 819/819/819 
f 823/823/823 821/821/821 820/820/820 
f 823/823/823 825/825/825 821/821/821 
f 822/822/822 824/824/824 826/826/826 
f 826/826/826 825/825/825 823/823/823 
f 826/826/826 824/824/824 825/825/825 
f 831/831/831 833/833/833 832/832/832 
f 833/833/833 831/831/831 834/834/834 
f 835/835/835 833/833/833 834/834/834 
f 833/833/833 835/835/835 836/836/836 
f 837/837/837 838/838/838 839/839/839 
f 838/838/838 837/837/837 840/840/840 
f 841/841/841 839/839/839 838/838/838 
f 843/843/843 840/840/840 837/837/837 
f 849/849/849 848/848/848 850/850/850 
f 850/850/850 851/851/851 849/849/849 
f 853/853/853 851/851/851 850/850/850 
f 851/851/851 853/853/853 852/852/852 
f 856/856/856 858/858/858 857/857/857 
f 858/858/858 856/856/856 859/859/859 
f 860/860/860 858/858/858 859/859/859 
f 858/858/858 860/860/860 861/861/861 
f 863/863/863 864/864/864 862/862/862 
f 864/864/864 865/865/865 862/862/862 
f 864/864/864 867/867/867 865/865/865 
f 868/868/868 866/866/866 867/867/867 
f 867/867/867 864/864/864 869/869/869 
f 867/867/867 869/869/869 868/868/868 
f 870/870/870 871/871/871 872/872/872 
f 872/872/872 871/871/871 873/873/873 
f 873/873/873 874/874/874 872/872/872 
f 874/874/874 873/873/873 875/875/875 
f 876/876/876 877/877/877 878/878/878 
f 879/879/879 878/878/878 877/877/877 
f 878/878/878 879/879/879 880/880/880 
f 881/881/881 880/880/880 879/879/879 
f 884/884/884 885/885/885 886/886/886 
f 886/886/886 885/885/885 887/887/887 
f 888/888/888 889/889/889 890/890/890 
f 890/890/890 889/889/889 891/891/891 
f 894/894/894 892/892/892 895/895/895 
f 895/895/895 893/893/893 894/894/894 
f 896/896/896 897/897/897 898/898/898 
f 897/897/897 896/896/896 899/899/899 
f 902/902/902 901/901/901 900/900/900 
f 901/901/901 902/902/902 904/904/904 
f 906/906/906 907/907/907 908/908/908 
f 906/906/906 908/908/908 909/909/909 
f 920/920/920 921/921/921 923/923/923 
f 920/920/920 923/923/923 922/922/922 
f 926/926/926 925/925/925 924/924/924 
f 925/925/925 926/926/926 927/927/927 
f 928/928/928 929/929/929 930/930/930 
f 932/932/932 930/930/930 929/929/929 
f 929/929/929 933/933/933 932/932/932 
f 933/933/933 929/929/929 934/934/934 
f 936/936/936 938/938/938 937/937/937 
f 938/938/938 936/936/936 939/939/939 
f 940/940/940 938/938/938 939/939/939 
f 941/941/941 938/938/938 940/940/940 
f 943/943/943 945/945/945 944/944/944 
f 943/943/943 946/946/946 945/945/945 
f 951/951/951 949/949/949 950/950/950 
f 949/949/949 951/951/951 953/953/953 
f 955/955/955 957/957/957 956/956/956 
f 957/957/957 955/955/955 958/958/958 
f 961/961/961 960/960/960 959/959/959 
f 962/962/962 960/960/960 961/961/961 
f 964/964/964 965/965/965 963/963/963 
f 966/966/966 963/963/963 965/965/965 
f 969/969/969 970/970/970 967/967/967 
f 970/970/970 969/969/969 968/968/968 
f 974/974/974 971/971/971 973/973/973 
f 972/972/972 971/971/971 975/975/975 
f 976/976/976 971/971/971 974/974/974 
f 978/978/978 979/979/979 977/977/977 
f 979/979/979 981/981/981 980/980/980 
f 981/981/981 979/979/979 982/982/982 
f 985/985/985 986/986/986 987/987/987 
f 986/986/986 985/985/985 988/988/988 
f 988/988/988 989/989/989 986/986/986 
f 989/989/989 988/988/988 990/990/990 
f 992/992/992 993/993/993 991/991/991 
f 992/992/992 994/994/994 993/993/993 
f 994/994/994 995/995/995 993/993/993 
f 995/995/995 994/994/994 996/996/996 
f 996/996/996 997/997/997 995/995/995 
f 996/996/996 998/998/998 997/997/997 
f 1001/1001/1001 999/999/999 1000/1000/1000 
f 999/999/999 1001/1001/1001 1003/1003/1003 
f 1005/1005/1005 1004/1004/1004 1006/1006/1006 
f 1006/1006/1006 1004/1004/1004 1007/1007/1007 
f 1006/1006/1006 1007/1007/1007 1008/1008/1008 
f 1008/1008/1008 1007/1007/1007 1009/1009/1009 
f 1013/1013/1013 1011/1011/1011 1012/1012/1012 
f 1011/1011/1011 1013/1013/1013 1014/1014/1014 
f 1013/1013/1013 1015/1015/1015 1014/1014/1014 
f 1013/1013/1013 1016/1016/1016 1015/1015/1015 
f 1017/1017/1017 1018/1018/1018 1019/1019/1019 
f 1018/1018/1018 1017/1017/1017 1020/1020/1020 
f 1021/1021/1021 1019/1019/1019 1018/1018/1018 
f 1019/1019/1019 1021/1021/1021 1022/1022/1022 
f 1023/1023/1023 1025/1025/1025 1024/1024/1024 
f 1025/1025/1025 1023/1023/1023 1026/1026/1026 
f 1032/1032/1032 1033/1033/1033 1034/1034/1034 
f 1033/1033/1033 1032/1032/1032 1035/1035/1035 
f 1036/1036/1036 1033/1033/1033 1035/1035/1035 
f 1033/1033/1033 1036/1036/1036 1037/1037/1037 
f 1038/1038/1038 1039/1039/1039 1040/1040/1040 
f 1041/1041/1041 1040/1040/1040 1039/1039/1039 
f 1040/1040/1040 1041/1041/1041 1042/1042/1042 
f 1043/1043/1043 1042/1042/1042 1041/1041/1041 
f 1049/1049/1049 1050/1050/1050 1051/1051/1051 
f 1050/1050/1050 1049/1049/1049 1052/1052/1052 
f 1053/1053/1053 1050/1050/1050 1052/1052/1052 
f 1050/1050/1050 1053/1053/1053 1054/1054/1054 
f 1058/1058/1058 1062/1062/1062 1060/1060/1060 
f 1059/1059/1059 1063/1063/1063 1061/1061/1061 
f 1062/1062/1062 1058/1058/1058 1064/1064/1064 
f 1063/1063/1063 1059/1059/1059 1065/1065/1065 
f 1065/1065/1065 1066/1066/1066 1063/1063/1063 
f 1065/1065/1065 1067/1067/1067 1066/1066/1066 
f 1067/1067/1067 1065/1065/1065 1068/1068/1068 
f 1072/1072/1072 1073/1073/1073 1074/1074/1074 
f 1075/1075/1075 1074/1074/1074 1073/1073/1073 
f 1074/1074/1074 1075/1075/1075 1076/1076/1076 
f 1077/1077/1077 1076/1076/1076 1075/1075/1075 
f 1085/1085/1085 1086/1086/1086 1087/1087/1087 
f 1088/1088/1088 1085/1085/1085 1087/1087/1087 
f 1086/1086/1086 1085/1085/1085 1089/1089/1089 
f 1088/1088/1088 1090/1090/1090 1085/1085/1085 
f 1090/1090/1090 1088/1088/1088 1091/1091/1091 
f 1091/1091/1091 1092/1092/1092 1090/1090/1090 
f 1089/1089/1089 1093/1093/1093 1086/1086/1086 
f 1092/1092/1092 1091/1091/1091 1094/1094/1094 
f 1092/1092/1092 1094/1094/1094 1095/1095/1095 
f 1089/1089/1089 1096/1096/1096 1093/1093/1093 
f 1089/1089/1089 1097/1097/1097 1096/1096/1096 
f 1096/1096/1096 1098/1098/1098 1093/1093/1093 
f 1096/1096/1096 1097/1097/1097 1099/1099/1099 
f 1100/1100/1100 1098/1098/1098 1096/1096/1096 
f 1101/1101/1101 1099/1099/1099 1097/1097/1097 
f 1102/1102/1102 1098/1098/1098 1100/1100/1100 
f 1099/1099/1099 1101/1101/1101 1103/1103/1103 
f 1098/1098/1098 1102/1102/1102 1104/1104/1104 
f 1102/1102/1102 1094/1094/1094 1104/1104/1104 
f 1101/1101/1101 1105/1105/1105 1103/1103/1103 
f 1094/1094/1094 1102/1102/1102 1106/1106/1106 
f 1106/1106/1106 1095/1095/1095 1094/1094/1094 
f 1105/1105/1105 1101/1101/1101 1107/1107/1107 
f 1106/1106/1106 1107/1107/1107 1095/1095/1095 
f 1107/1107/1107 1106/1106/1106 1105/1105/1105 
f 1108/1108/1108 1109/1109/1109 1110/1110/1110 
f 1109/1109/1109 1108/1108/1108 1111/1111/1111 
f 1116/1116/1116 1114/1114/1114 1113/1113/1113 
f 1114/1114/1114 1116/1116/1116 1118/1118/1118 
f 1119/1119/1119 1115/1115/1115 1117/1117/1117 
f 1115/1115/1115 1119/1119/1119 1120/1120/1120 
f 1122/1122/1122 1123/1123/1123 1124/1124/1124 
f 1123/1123/1123 1125/1125/1125 1124/1124/1124 
f 1125/1125/1125 1123/1123/1123 1126/1126/1126 
f 1127/1127/1127 1125/1125/1125 1126/1126/1126 
f 1123/1123/1123 1122/1122/1122 1128/1128/1128 
f 1126/1126/1126 1129/1129/1129 1127/1127/1127 
f 1124/1124/1124 1130/1130/1130 1122/1122/1122 
f 1128/1128/1128 1122/1122/1122 1131/1131/1131 
f 1131/1131/1131 1132/1132/1132 1128/1128/1128 
f 1132/1132/1132 1131/1131/1131 1133/1133/1133 
f 1132/1132/1132 1133/1133/1133 1134/1134/1134 
f 1135/1135/1135 1134/1134/1134 1133/1133/1133 
f 1134/1134/1134 1135/1135/1135 1136/1136/1136 
f 1137/1137/1137 1136/1136/1136 1135/1135/1135 
f 1137/1137/1137 1135/1135/1135 1138/1138/1138 
f 1139/1139/1139 1137/1137/1137 1138/1138/1138 
f 1137/1137/1137 1139/1139/1139 1140/1140/1140 
f 1140/1140/1140 1139/1139/1139 1130/1130/1130 
f 1141/1141/1141 1130/1130/1130 1124/1124/1124 
f 1130/1130/1130 1141/1141/1141 1140/1140/1140 
f 1142/1142/1142 1140/1140/1140 1141/1141/1141 
f 1143/1143/1143 1142/1142/1142 1141/1141/1141 
f 1142/1142/1142 1143/1143/1143 1144/1144/1144 
f 1145/1145/1145 1144/1144/1144 1143/1143/1143 
f 1144/1144/1144 1145/1145/1145 1146/1146/1146 
f 1145/1145/1145 1129/1129/1129 1146/1146/1146 
f 1146/1146/1146 1129/1129/1129 1147/1147/1147 
f 1129/1129/1129 1145/1145/1145 1127/1127/1127 
f 1149/1149/1149 1152/1152/1152 1150/1150/1150 
f 1153/1153/1153 1148/1148/1148 1151/1151/1151 
f 1152/1152/1152 1149/1149/1149 1154/1154/1154 
f 1148/1148/1148 1153/1153/1153 1155/1155/1155 
f 1156/1156/1156 1152/1152/1152 1154/1154/1154 
f 1157/1157/1157 1155/1155/1155 1153/1153/1153 
f 1152/1152/1152 1156/1156/1156 1158/1158/1158 
f 1155/1155/1155 1157/1157/1157 1159/1159/1159 
f 1160/1160/1160 1158/1158/1158 1156/1156/1156 
f 1157/1157/1157 1161/1161/1161 1159/1159/1159 
f 1158/1158/1158 1160/1160/1160 1162/1162/1162 
f 1157/1157/1157 1163/1163/1163 1161/1161/1161 
f 1172/1172/1172 1173/1173/1173 1174/1174/1174 
f 1177/1177/1177 1175/1175/1175 1176/1176/1176 
f 1178/1178/1178 1179/1179/1179 1180/1180/1180 
f 1184/1184/1184 1185/1185/1185 1182/1182/1182 
f 1185/1185/1185 1184/1184/1184 1187/1187/1187 
f 1186/1186/1186 1183/1183/1183 1188/1188/1188 
f 1190/1190/1190 1186/1186/1186 1188/1188/1188 
f 1189/1189/1189 1193/1193/1193 1191/1191/1191 
f 1193/1193/1193 1195/1195/1195 1191/1191/1191 
f 1192/1192/1192 1196/1196/1196 1194/1194/1194 
f 1196/1196/1196 1192/1192/1192 1198/1198/1198 
f 1201/1201/1201 1197/1197/1197 1199/1199/1199 
f 1203/1203/1203 1197/1197/1197 1201/1201/1201 
f 1200/1200/1200 1204/1204/1204 1202/1202/1202 
f 1201/1201/1201 1205/1205/1205 1203/1203/1203 
f 1204/1204/1204 1200/1200/1200 1206/1206/1206 
f 1205/1205/1205 1201/1201/1201 1207/1207/1207 
f 1210/1210/1210 1212/1212/1212 1208/1208/1208 
f 1213/1213/1213 1209/1209/1209 1211/1211/1211 
f 1214/1214/1214 1209/1209/1209 1213/1213/1213 
f 1212/1212/1212 1215/1215/1215 1217/1217/1217 
f 1218/1218/1218 1220/1220/1220 1216/1216/1216 
f 1220/1220/1220 1218/1218/1218 1219/1219/1219 
f 1221/1221/1221 1222/1222/1222 1223/1223/1223 
f 1222/1222/1222 1221/1221/1221 1224/1224/1224 
f 1221/1221/1221 1223/1223/1223 1225/1225/1225 
f 1221/1221/1221 1225/1225/1225 1226/1226/1226 
f 1229/1229/1229 1230/1230/1230 1231/1231/1231 
f 1231/1231/1231 1230/1230/1230 1232/1232/1232 
f 1230/1230/1230 1233/1233/1233 1232/1232/1232 
f 1234/1234/1234 1232/1232/1232 1233/1233/1233 
f 1229/1229/1229 1231/1231/1231 1235/1235/1235 
f 1235/1235/1235 1231/1231/1231 1236/1236/1236 
f 1235/1235/1235 1237/1237/1237 1229/1229/1229 
f 1237/1237/1237 1238/1238/1238 1229/1229/1229 
f 1238/1238/1238 1237/1237/1237 1239/1239/1239 
f 1235/1235/1235 1236/1236/1236 1240/1240/1240 
f 1236/1236/1236 1241/1241/1241 1240/1240/1240 
f 1241/1241/1241 1236/1236/1236 1242/1242/1242 
f 1245/1245/1245 1246/1246/1246 1243/1243/1243 
f 1246/1246/1246 1245/1245/1245 1248/1248/1248 
f 1248/1248/1248 1249/1249/1249 1246/1246/1246 
f 1249/1249/1249 1248/1248/1248 1250/1250/1250 
f 1257/1257/1257 1256/1256/1256 1255/1255/1255 
f 1256/1256/1256 1257/1257/1257 1258/1258/1258 
f 1257/1257/1257 1259/1259/1259 1258/1258/1258 
f 1257/1257/1257 1260/1260/1260 1259/1259/1259 
f 1262/1262/1262 1265/1265/1265 1264/1264/1264 
f 1265/1265/1265 1262/1262/1262 1267/1267/1267 
f 1267/1267/1267 1268/1268/1268 1265/1265/1265 
f 1268/1268/1268 1267/1267/1267 1269/1269/1269 

g Meshpart2

v 0.138177 0.0594303 0.0922613 
v 0.180832 0.199235 0.0922083 
v 0.138177 0.0594303 0.00588326 
v 0.180832 0.199235 0.00593626 
v 0.112206 0.265937 0.00602326 
v 0.138177 0.0594303 0.00588326 
v 0.149624 0.0438643 -0.00681474 
v 0.119624 0.283864 -0.00681474 
v 0.112206 0.265937 0.00602326 
v -0.240376 0.333864 0.0909593 
v -0.228526 0.313864 0.104959 
v -0.107861 -0.0261007 0.0909593 
v -0.228526 0.313864 -0.00681472 
v -0.240376 0.333864 0.00718528 
v -0.107861 -0.0261007 0.00718527 
v -0.240376 0.333864 0.0909593 
v -0.240376 0.333864 0.00718528 
v -0.285866 0.250795 0.00718528 
v -0.285866 0.250795 0.0909593 
v -0.107861 -0.0261007 0.00718527 
v -0.107861 -0.0261007 0.0909593 
v 0.32896 0.115019 0.0952953 
v 0.727065 -0.319858 0.00279924 
v 0.727065 -0.319858 0.0953452 
v 0.722441 -0.338102 0.0952742 
v 0.32896 0.115019 0.00284925 
v 0.722443 -0.338102 0.00287024 
v 0.138177 0.0594303 0.0922613 
v 0.138177 0.0594303 0.00588326 
v -0.0510255 0.0608293 0.0921783 
v -0.0510255 0.0608293 0.00596627 
v -0.149525 0.267878 0.0922613 
v -0.149525 0.267878 0.00588327 
v 0.603866 -0.380923 0.104959 
v 0.727065 -0.319858 0.0953452 
v 0.74211 -0.315833 0.104959 
v 0.727065 -0.319858 0.00279924 
v 0.74211 -0.315833 -0.00681477 
v 0.603866 -0.380923 -0.00681476 
v 0.199624 0.203864 0.104959 
v 0.180832 0.199235 0.0922083 
v -0.0603755 0.0438643 0.104959 
v -0.240376 0.333864 0.0909593 
v 0.289624 0.333864 0.0909593 
v 0.289624 0.333864 0.00718525 
v -0.240376 0.333864 0.00718528 
v 0.722441 -0.338102 0.0952742 
v 0.722443 -0.338102 0.00287024 
v 0.674376 -0.370235 0.00288824 
v 0.674376 -0.370235 0.0952562 
v 0.610183 -0.366639 0.0952592 
v 0.610183 -0.366639 0.00288424 
v 0.222408 0.0102733 0.00273126 
v 0.222408 0.0102733 0.0954133 
v 0.180832 0.199235 0.0922083 
v 0.138177 0.0594303 0.00588326 
v -0.149525 0.267878 0.0922613 
v -0.228526 0.313864 -0.00681472 
v 0.272373 0.313864 -0.00681474 
v 0.119624 0.283864 -0.00681474 
v -0.160376 0.283864 -0.00681473 
v -0.180376 0.233864 -0.00681473 
v 0.199624 0.203864 -0.00681474 
v -0.262616 0.251613 -0.00681472 
v 0.282408 0.246237 -0.00681474 
v -0.0969415 -0.00610071 -0.00681473 
v -0.0603755 0.0438643 -0.00681473 
v 0.149624 0.0438643 -0.00681474 
v 0.22392 0.0591443 -0.00681474 
v 0.293368 0.129168 -0.00681474 
v 0.207332 0.00652528 -0.00681474 
v 0.335227 0.129305 -0.00681475 
v 0.144772 -0.00610071 -0.00681474 
v 0.792104 -0.306036 -0.00681477 
v 0.585286 -0.426591 -0.00681476 
v 0.74211 -0.315833 -0.00681477 
v 0.603866 -0.380923 -0.00681476 
v 0.78433 -0.368233 -0.00681477 
v 0.678509 -0.385299 -0.00681476 
v 0.735351 -0.34688 -0.00681477 
v 0.694963 -0.433384 -0.00681476 
v 0.22392 0.0591443 -0.00681474 
v 0.293368 0.129168 -0.00681474 
v 0.299398 0.114782 0.00284626 
v 0.32896 0.115019 0.00284925 
v 0.237304 0.0510283 0.00295626 
v 0.335227 0.129305 -0.00681475 
v 0.222408 0.0102733 0.00273126 
v 0.727065 -0.319858 0.00279924 
v 0.207332 0.00652528 -0.00681474 
v 0.74211 -0.315833 -0.00681477 
v 0.603866 -0.380923 -0.00681476 
v 0.735351 -0.34688 -0.00681477 
v 0.610183 -0.366639 0.00288424 
v 0.722443 -0.338102 0.00287024 
v 0.678509 -0.385299 -0.00681476 
v 0.674376 -0.370235 0.00288824 
v -0.0603755 0.0438643 -0.00681473 
v -0.180376 0.233864 -0.00681473 
v -0.0510255 0.0608293 0.00596627 
v -0.161077 0.235654 0.00598727 
v 0.138177 0.0594303 0.00588326 
v -0.149525 0.267878 0.00588327 
v 0.149624 0.0438643 -0.00681474 
v -0.160376 0.283864 -0.00681473 
v 0.199624 0.203864 -0.00681474 
v 0.119624 0.283864 -0.00681474 
v 0.180832 0.199235 0.00593626 
v 0.112206 0.265937 0.00602326 
v -0.240376 0.333864 0.0909593 
v 0.813102 -0.299298 0.0909592 
v -0.107861 -0.0261007 0.0909593 
v 0.803102 -0.379298 0.0909592 
v 0.272373 0.313864 -0.00681474 
v -0.228526 0.313864 -0.00681472 
v -0.240376 0.333864 0.00718528 
v -0.262616 0.251613 -0.00681472 
v 0.289624 0.333864 0.00718525 
v -0.285866 0.250795 0.00718528 
v 0.301286 0.25527 0.00718525 
v -0.107861 -0.0261007 0.00718527 
v 0.282408 0.246237 -0.00681474 
v -0.0969415 -0.00610071 -0.00681473 
v 0.792104 -0.306036 -0.00681477 
v 0.136759 -0.0261007 0.00718526 
v 0.813102 -0.299298 0.00718523 
v 0.144772 -0.00610071 -0.00681474 
v 0.803102 -0.379298 0.00718523 
v 0.585286 -0.426591 -0.00681476 
v 0.78433 -0.368233 -0.00681477 
v 0.576759 -0.446101 0.00718524 
v 0.70092 -0.453791 0.00718524 
v 0.694963 -0.433384 -0.00681476 
v -0.0510255 0.0608293 0.0921783 
v -0.0510255 0.0608293 0.00596627 
v -0.161077 0.235654 0.00598727 
v -0.161077 0.235654 0.0921573 
v -0.149525 0.267878 0.0922613 
v -0.149525 0.267878 0.00588327 
v -0.0603755 0.0438643 -0.00681473 
v -0.149525 0.267878 0.00588327 
v -0.160376 0.283864 -0.00681473 
v -0.0603755 0.0438643 0.104959 
v -0.149525 0.267878 0.0922613 
v -0.160376 0.283864 0.104959 
v 0.289624 0.333864 0.0909593 
v 0.289624 0.333864 0.00718525 
v 0.301286 0.25527 0.00718525 
v 0.301286 0.25527 0.0909593 
v 0.813102 -0.299298 0.0909592 
v 0.813102 -0.299298 0.00718523 
v 0.803102 -0.379298 0.0909592 
v 0.803102 -0.379298 0.00718523 
v 0.727065 -0.319858 0.00279924 
v 0.727065 -0.319858 0.0953452 
v 0.32896 0.115019 0.00284925 
v 0.299398 0.114782 0.00284626 
v 0.299398 0.114782 0.0952983 
v 0.237304 0.0510283 0.00295626 
v 0.237304 0.0510283 0.0951883 
v 0.222408 0.0102733 0.00273126 
v 0.222408 0.0102733 0.0954133 
v 0.180832 0.199235 0.0922083 
v 0.180832 0.199235 0.00593626 
v 0.112206 0.265937 0.0921213 
v 0.112206 0.265937 0.00602326 
v -0.149525 0.267878 0.0922613 
v -0.149525 0.267878 0.00588327 
v 0.207332 0.00652528 0.104959 
v 0.32896 0.115019 0.0952953 
v 0.335227 0.129305 0.104959 
v 0.32896 0.115019 0.00284925 
v 0.335227 0.129305 -0.00681475 
v 0.207332 0.00652528 -0.00681474 
v 0.199624 0.203864 0.104959 
v 0.180832 0.199235 0.0922083 
v -0.149525 0.267878 0.0922613 
v 0.792104 -0.306036 0.104959 
v 0.813102 -0.299298 0.0909592 
v 0.576759 -0.446101 0.0909592 
v 0.792104 -0.306036 -0.00681477 
v 0.813102 -0.299298 0.00718523 
v 0.576759 -0.446101 0.00718524 
v 0.813102 -0.299298 0.0909592 
v -0.107861 -0.0261007 0.00718527 
v 0.813102 -0.299298 0.00718523 
v -0.107861 -0.0261007 0.0909593 
v 0.803102 -0.379298 0.0909592 
v 0.136759 -0.0261007 0.00718526 
v 0.803102 -0.379298 0.00718523 
v 0.136759 -0.0261007 0.0909593 
v 0.70092 -0.453791 0.0909592 
v 0.576759 -0.446101 0.00718524 
v 0.70092 -0.453791 0.00718524 
v 0.576759 -0.446101 0.0909592 
v 0.32896 0.115019 0.0952953 
v 0.32896 0.115019 0.00284925 
v 0.299398 0.114782 0.00284626 
v 0.299398 0.114782 0.0952983 
v 0.180832 0.199235 0.0922083 
v -0.149525 0.267878 0.0922613 
v 0.119624 0.283864 0.104959 
v -0.228526 0.313864 0.104959 
v -0.160376 0.283864 0.104959 
v -0.180376 0.233864 0.104959 
v 0.272373 0.313864 0.104959 
v -0.262616 0.251613 0.104959 
v 0.199624 0.203864 0.104959 
v -0.0969415 -0.00610071 0.104959 
v -0.0603755 0.0438643 0.104959 
v 0.282408 0.246237 0.104959 
v 0.149624 0.0438643 0.104959 
v 0.293368 0.129168 0.104959 
v 0.335227 0.129305 0.104959 
v 0.22392 0.0591443 0.104959 
v 0.792104 -0.306036 0.104959 
v 0.74211 -0.315833 0.104959 
v 0.78433 -0.368233 0.104959 
v 0.735351 -0.34688 0.104959 
v 0.694963 -0.433384 0.104959 
v 0.678509 -0.385299 0.104959 
v 0.585286 -0.426591 0.104959 
v 0.603866 -0.380923 0.104959 
v 0.207332 0.00652528 0.104959 
v 0.144772 -0.00610071 0.104959 
v 0.603866 -0.380923 0.104959 
v 0.222408 0.0102733 0.0954133 
v 0.207332 0.00652528 0.104959 
v 0.22392 0.0591443 0.104959 
v 0.610183 -0.366639 0.0952592 
v 0.237304 0.0510283 0.0951883 
v 0.678509 -0.385299 0.104959 
v 0.299398 0.114782 0.0952983 
v 0.674376 -0.370235 0.0952562 
v 0.293368 0.129168 0.104959 
v 0.722441 -0.338102 0.0952742 
v 0.32896 0.115019 0.0952953 
v 0.735351 -0.34688 0.104959 
v 0.335227 0.129305 0.104959 
v 0.727065 -0.319858 0.0953452 
v 0.74211 -0.315833 0.104959 
v 0.138177 0.0594303 0.0922613 
v 0.199624 0.203864 0.104959 
v 0.180832 0.199235 0.0922083 
v 0.149624 0.0438643 0.104959 
v 0.119624 0.283864 0.104959 
v -0.0603755 0.0438643 0.104959 
v 0.112206 0.265937 0.0921213 
v -0.0510255 0.0608293 0.0921783 
v -0.149525 0.267878 0.0922613 
v -0.180376 0.233864 0.104959 
v -0.160376 0.283864 0.104959 
v -0.161077 0.235654 0.0921573 
v -0.240376 0.333864 0.0909593 
v 0.272373 0.313864 0.104959 
v 0.289624 0.333864 0.0909593 
v 0.301286 0.25527 0.0909593 
v -0.228526 0.313864 0.104959 
v 0.282408 0.246237 0.104959 
v -0.262616 0.251613 0.104959 
v 0.792104 -0.306036 0.104959 
v -0.285866 0.250795 0.0909593 
v 0.813102 -0.299298 0.0909592 
v -0.107861 -0.0261007 0.0909593 
v 0.803102 -0.379298 0.0909592 
v -0.0969415 -0.00610071 0.104959 
v 0.78433 -0.368233 0.104959 
v 0.136759 -0.0261007 0.0909593 
v 0.70092 -0.453791 0.0909592 
v 0.144772 -0.00610071 0.104959 
v 0.694963 -0.433384 0.104959 
v 0.585286 -0.426591 0.104959 
v 0.576759 -0.446101 0.0909592 

vn -0.173228 0.984252 0 
vn -0.944882 -0.338583 0 
vn -0.173228 0.984252 0 
vn -0.944882 -0.338583 0 
vn -0.165354 -0.984252 0 
vn -0.19685 0.511811 -0.834646 
vn -0.0787402 0.574803 -0.811024 
vn -0.0708661 -0.582677 -0.811024 
vn -0.173228 -0.543307 -0.818898 
vn -0.0708661 0.543307 0.834646 
vn -0.181102 0.488189 0.850394 
vn -0.0708661 -0.543307 0.834646 
vn -0.181102 0.488189 -0.850394 
vn -0.0708661 0.543307 -0.834646 
vn -0.0708661 -0.543307 -0.834646 
vn -0.173228 0.984252 0 
vn -0.173228 0.984252 0 
vn -1 -0.0472441 0 
vn -1 -0.0472441 0 
vn -0.165354 -0.984252 0 
vn -0.165354 -0.984252 0 
vn -0.149606 -0.992126 0 
vn -0.952756 -0.314961 0 
vn -0.952756 -0.314961 0 
vn -0.755906 0.653543 0 
vn -0.149606 -0.992126 0 
vn -0.755906 0.653543 0 
vn -0.173228 0.984252 0 
vn -0.173228 0.984252 0 
vn 0.173228 0.984252 0 
vn 0.173228 0.984252 0 
vn 0.173228 -0.984252 0 
vn 0.173228 -0.984252 0 
vn 0.0866142 0.535433 0.84252 
vn -0.511811 -0.102362 0.858268 
vn -0.472441 -0.220472 0.850394 
vn -0.511811 -0.102362 -0.858268 
vn -0.472441 -0.220472 -0.850394 
vn 0.0866142 0.535433 -0.84252 
vn -0.496063 -0.23622 0.834646 
vn -0.535433 -0.110236 0.834646 
vn 0.0708661 0.590551 0.80315 
vn -0.173228 0.984252 0 
vn 0.181102 0.984252 0 
vn 0.181102 0.984252 0 
vn -0.173228 0.984252 0 
vn -0.755906 0.653543 0 
vn -0.755906 0.653543 0 
vn -0.102362 0.992126 0 
vn -0.102362 0.992126 0 
vn 0.204724 0.976378 0 
vn 0.204724 0.976378 0 
vn 0.952756 0.307087 0 
vn 0.952756 0.307087 0 
vn -0.944882 -0.338583 0 
vn -0.173228 0.984252 0 
vn 0.173228 -0.984252 0 
vn 0 0 -1 
vn 0 0 -1 
vn 0 0 -1 
vn 0 0 -1 
vn 0 0 -1 
vn 0 0 -1 
vn 0 0 -1 
vn 0 0 -1 
vn 0 0 -1 
vn 0 0 -1 
vn 0 0 -1 
vn 0 0 -1 
vn 0 0 -1 
vn 0 0 -1 
vn 0 0 -1 
vn 0 0 -1 
vn 0 0 -1 
vn 0 0 -1 
vn 0 0 -1 
vn 0 0 -1 
vn 0 0 -1 
vn 0 0 -1 
vn 0 0 -1 
vn 0 0 -1 
vn 0.425197 -0.338583 -0.84252 
vn 0.0629921 -0.535433 -0.84252 
vn 0.165354 -0.496063 -0.850394 
vn -0.165354 -0.503937 -0.850394 
vn 0.488189 -0.251969 -0.834646 
vn -0.0629921 -0.535433 -0.84252 
vn 0.496063 0.0944882 -0.866142 
vn -0.511811 -0.102362 -0.858268 
vn 0.464567 0.220472 -0.858268 
vn -0.472441 -0.220472 -0.850394 
vn 0.0866142 0.535433 -0.84252 
vn -0.362205 0.401575 -0.84252 
vn 0.19685 0.496063 -0.84252 
vn -0.464567 0.267717 -0.850394 
vn -0.0393701 0.535433 -0.84252 
vn -0.110236 0.519685 -0.850394 
vn 0.0708661 0.590551 -0.80315 
vn 0.551181 0.0866142 -0.826772 
vn 0.188976 0.535433 -0.826772 
vn 0.559055 0.0472441 -0.826772 
vn -0.19685 0.511811 -0.834646 
vn 0.188976 -0.503937 -0.84252 
vn -0.0787402 0.574803 -0.811024 
vn 0.0787402 -0.566929 -0.818898 
vn -0.496063 -0.23622 -0.834646 
vn -0.0708661 -0.582677 -0.811024 
vn -0.535433 -0.110236 -0.834646 
vn -0.173228 -0.543307 -0.818898 
vn -0.0708661 0.543307 0.834646 
vn 0.480315 0.251969 0.84252 
vn -0.0708661 -0.543307 0.834646 
vn 0.393701 -0.385827 0.834646 
vn 0.19685 0.440945 -0.874016 
vn -0.181102 0.488189 -0.850394 
vn -0.0708661 0.543307 -0.834646 
vn -0.511811 -0.015748 -0.858268 
vn 0.0708661 0.527559 -0.84252 
vn -0.511811 -0.0314961 -0.858268 
vn 0.519685 0.204724 -0.826772 
vn -0.0708661 -0.543307 -0.834646 
vn 0.464567 0.307087 -0.826772 
vn -0.181102 -0.496063 -0.850394 
vn 0.519685 0.133858 -0.84252 
vn -0.165354 -0.519685 -0.834646 
vn 0.480315 0.251969 -0.84252 
vn -0.0629921 -0.551181 -0.826772 
vn 0.393701 -0.385827 -0.834646 
vn -0.19685 -0.511811 -0.834646 
vn 0.488189 -0.23622 -0.84252 
vn -0.0866142 -0.551181 -0.826772 
vn 0.0472441 -0.559055 -0.826772 
vn 0.11811 -0.535433 -0.834646 
vn 0.173228 0.984252 0 
vn 0.173228 0.984252 0 
vn 0.992126 0.133858 0 
vn 0.992126 0.133858 0 
vn 0.173228 -0.984252 0 
vn 0.173228 -0.984252 0 
vn 0.0708661 0.590551 -0.80315 
vn 0.188976 -0.503937 -0.84252 
vn 0.0787402 -0.566929 -0.818898 
vn 0.0708661 0.590551 0.80315 
vn 0.188976 -0.503937 0.84252 
vn 0.0787402 -0.566929 0.818898 
vn 0.181102 0.984252 0 
vn 0.181102 0.984252 0 
vn 0.88189 0.472441 0 
vn 0.88189 0.472441 0 
vn 0.929134 0.370079 0 
vn 0.929134 0.370079 0 
vn 0.80315 -0.590551 0 
vn 0.80315 -0.590551 0 
vn -0.952756 -0.314961 0 
vn -0.952756 -0.314961 0 
vn -0.149606 -0.992126 0 
vn 0.165354 -0.984252 0 
vn 0.165354 -0.984252 0 
vn 0.834646 -0.551181 0 
vn 0.834646 -0.551181 0 
vn 0.952756 0.307087 0 
vn 0.952756 0.307087 0 
vn -0.944882 -0.338583 0 
vn -0.944882 -0.338583 0 
vn -0.165354 -0.984252 0 
vn -0.165354 -0.984252 0 
vn 0.173228 -0.984252 0 
vn 0.173228 -0.984252 0 
vn 0.464567 0.220472 0.858268 
vn -0.165354 -0.503937 0.850394 
vn -0.0629921 -0.535433 0.84252 
vn -0.165354 -0.503937 -0.850394 
vn -0.0629921 -0.535433 -0.84252 
vn 0.464567 0.220472 -0.858268 
vn -0.496063 -0.23622 0.834646 
vn -0.535433 -0.110236 0.834646 
vn 0.188976 -0.503937 0.84252 
vn 0.519685 0.133858 0.84252 
vn 0.480315 0.251969 0.84252 
vn -0.0866142 -0.551181 0.826772 
vn 0.519685 0.133858 -0.84252 
vn 0.480315 0.251969 -0.84252 
vn -0.0866142 -0.551181 -0.826772 
vn 0.929134 0.370079 0 
vn -0.165354 -0.984252 0 
vn 0.929134 0.370079 0 
vn -0.165354 -0.984252 0 
vn 0.80315 -0.590551 0 
vn -0.15748 -0.984252 0 
vn 0.80315 -0.590551 0 
vn -0.15748 -0.984252 0 
vn 0.102362 -0.992126 0 
vn -0.212598 -0.976378 0 
vn 0.102362 -0.992126 0 
vn -0.212598 -0.976378 0 
vn -0.149606 -0.992126 0 
vn -0.149606 -0.992126 0 
vn 0.165354 -0.984252 0 
vn 0.165354 -0.984252 0 
vn -0.944882 -0.338583 0 
vn 0.173228 -0.984252 0 
vn 0 0 1 
vn 0 0 1 
vn 0 0 1 
vn 0 0 1 
vn 0 0 1 
vn 0 0 1 
vn 0 0 1 
vn 0 0 1 
vn 0 0 1 
vn 0 0 1 
vn 0 0 1 
vn 0 0 1 
vn 0 0 1 
vn 0 0 1 
vn 0 0 1 
vn 0 0 1 
vn 0 0 1 
vn 0 0 1 
vn 0 0 1 
vn 0 0 1 
vn 0 0 1 
vn 0 0 1 
vn 0 0 1 
vn 0 0 1 
vn 0.0866142 0.535433 0.84252 
vn 0.496063 0.0944882 0.866142 
vn 0.464567 0.220472 0.858268 
vn 0.425197 -0.338583 0.84252 
vn 0.19685 0.496063 0.84252 
vn 0.488189 -0.251969 0.834646 
vn -0.0393701 0.535433 0.84252 
vn 0.165354 -0.496063 0.850394 
vn -0.110236 0.519685 0.850394 
vn 0.0629921 -0.535433 0.84252 
vn -0.464567 0.267717 0.850394 
vn -0.165354 -0.503937 0.850394 
vn -0.362205 0.401575 0.84252 
vn -0.0629921 -0.535433 0.84252 
vn -0.511811 -0.102362 0.858268 
vn -0.472441 -0.220472 0.850394 
vn -0.19685 0.511811 0.834646 
vn -0.496063 -0.23622 0.834646 
vn -0.535433 -0.110236 0.834646 
vn -0.0787402 0.574803 0.811024 
vn -0.0708661 -0.582677 0.811024 
vn 0.0708661 0.590551 0.80315 
vn -0.173228 -0.543307 0.818898 
vn 0.188976 0.535433 0.826772 
vn 0.188976 -0.503937 0.84252 
vn 0.551181 0.0866142 0.826772 
vn 0.0787402 -0.566929 0.818898 
vn 0.559055 0.0472441 0.826772 
vn -0.0708661 0.543307 0.834646 
vn 0.19685 0.440945 0.874016 
vn 0.0708661 0.527559 0.84252 
vn 0.519685 0.204724 0.826772 
vn -0.181102 0.488189 0.850394 
vn 0.464567 0.307087 0.826772 
vn -0.511811 -0.015748 0.858268 
vn 0.519685 0.133858 0.84252 
vn -0.511811 -0.0314961 0.858268 
vn 0.480315 0.251969 0.84252 
vn -0.0708661 -0.543307 0.834646 
vn 0.393701 -0.385827 0.834646 
vn -0.181102 -0.496063 0.850394 
vn 0.488189 -0.23622 0.84252 
vn -0.165354 -0.519685 0.834646 
vn 0.0472441 -0.559055 0.826772 
vn -0.0629921 -0.551181 0.826772 
vn 0.11811 -0.535433 0.834646 
vn -0.19685 -0.511811 0.834646 
vn -0.0866142 -0.551181 0.826772 

vt 0.0849818 0.615962 
vt 0.0849685 0.650914 
vt 0.0633873 0.615962 
vt 0.0634005 0.650914 
vt 0.0634223 0.667589 
vt 0.0633873 0.615962 
vt 0.0602128 0.612071 
vt 0.0602128 0.672071 
vt 0.0634223 0.667589 
vt 0.0846563 0.684571 
vt 0.0881563 0.679571 
vt 0.0846563 0.59458 
vt 0.0602128 0.679571 
vt 0.0637128 0.684571 
vt 0.0637128 0.59458 
vt 0.0846563 0.684571 
vt 0.0637128 0.684571 
vt 0.0637128 0.663804 
vt 0.0846563 0.663804 
vt 0.0637128 0.59458 
vt 0.0846563 0.59458 
vt 0.0857403 0.62986 
vt 0.0626163 0.52114 
vt 0.0857528 0.52114 
vt 0.085735 0.516579 
vt 0.0626288 0.62986 
vt 0.062634 0.516579 
vt 0.0428243 0.575317 
vt 0.0428243 0.596911 
vt -0.00447648 0.575338 
vt -0.00447648 0.596891 
vt -0.0291012 0.575317 
vt -0.0291012 0.596911 
vt 0.159247 0.572142 
vt 0.190046 0.574546 
vt 0.193807 0.572142 
vt 0.190046 0.597682 
vt 0.193807 0.600086 
vt 0.159247 0.600086 
vt 0.058186 0.572142 
vt 0.053488 0.57533 
vt -0.00681398 0.572142 
vt -0.051814 0.575642 
vt 0.080686 0.575642 
vt 0.080686 0.596586 
vt -0.051814 0.596586 
vt 0.18889 0.574564 
vt 0.188891 0.597665 
vt 0.176874 0.59766 
vt 0.176874 0.574568 
vt 0.160826 0.574567 
vt 0.160826 0.597661 
vt 0.063882 0.597699 
vt 0.063882 0.574529 
vt 0.094881 0.650914 
vt 0.105545 0.615962 
vt 0.17747 0.668074 
vt 0.197221 0.679571 
vt 0.0719958 0.679571 
vt 0.110183 0.672071 
vt 0.180183 0.672071 
vt 0.185183 0.659571 
vt 0.090183 0.652071 
vt 0.205743 0.664008 
vt 0.069487 0.662664 
vt 0.164325 0.59958 
vt 0.155183 0.612071 
vt 0.102683 0.612071 
vt 0.084109 0.615891 
vt 0.066747 0.633397 
vt 0.088256 0.602736 
vt 0.0562823 0.633431 
vt 0.103896 0.59958 
vt -0.057937 0.524596 
vt -0.00623249 0.494457 
vt -0.0454382 0.522147 
vt -0.0108775 0.505874 
vt -0.0559933 0.509047 
vt -0.029538 0.50478 
vt -0.0437487 0.514385 
vt -0.0336515 0.492759 
vt 0.084109 0.615891 
vt 0.066747 0.633397 
vt 0.0652395 0.6298 
vt 0.057849 0.62986 
vt 0.080763 0.613862 
vt 0.0562823 0.633431 
vt 0.084487 0.603673 
vt -0.0416772 0.52114 
vt 0.088256 0.602736 
vt -0.0454382 0.522147 
vt -0.0108775 0.505874 
vt -0.0437487 0.514385 
vt -0.0124565 0.509445 
vt -0.0405215 0.516579 
vt -0.029538 0.50478 
vt -0.0285047 0.508546 
vt 0.155183 0.612071 
vt 0.185183 0.659571 
vt 0.152846 0.616312 
vt 0.180358 0.660018 
vt 0.105545 0.615962 
vt 0.17747 0.668074 
vt 0.102683 0.612071 
vt 0.180183 0.672071 
vt 0.090183 0.652071 
vt 0.110183 0.672071 
vt 0.094881 0.650914 
vt 0.112038 0.667589 
vt 0.200183 0.684571 
vt -0.0631865 0.52628 
vt 0.167054 0.59458 
vt -0.0606865 0.50628 
vt 0.0719958 0.679571 
vt 0.197221 0.679571 
vt 0.200183 0.684571 
vt 0.205743 0.664008 
vt 0.067683 0.684571 
vt 0.211556 0.663804 
vt 0.0647675 0.664922 
vt 0.167054 0.59458 
vt 0.069487 0.662664 
vt 0.164325 0.59958 
vt -0.057937 0.524596 
vt 0.105899 0.59458 
vt -0.0631865 0.52628 
vt 0.103896 0.59958 
vt -0.0606865 0.50628 
vt -0.00623249 0.494457 
vt -0.0559933 0.509047 
vt -0.00410074 0.48958 
vt -0.0351407 0.487657 
vt -0.0336515 0.492759 
vt 0.063408 0.616312 
vt 0.084961 0.616312 
vt 0.0849558 0.660018 
vt 0.0634133 0.660018 
vt 0.0633873 0.668074 
vt 0.0849818 0.668074 
vt 0.0881563 0.612071 
vt 0.0849818 0.668074 
vt 0.0881563 0.672071 
vt 0.0602128 0.612071 
vt 0.0633873 0.668074 
vt 0.0602128 0.672071 
vt 0.0637128 0.684571 
vt 0.0846563 0.684571 
vt 0.0846563 0.664922 
vt 0.0637128 0.664922 
vt 0.0637128 0.52628 
vt 0.0846563 0.52628 
vt 0.0637128 0.50628 
vt 0.0846563 0.50628 
vt 0.0857528 0.52114 
vt 0.0626163 0.52114 
vt 0.0857403 0.62986 
vt 0.085741 0.6298 
vt 0.062628 0.6298 
vt 0.0857135 0.613862 
vt 0.0626555 0.613862 
vt 0.0857698 0.603673 
vt 0.0625993 0.603673 
vt 0.094881 0.57533 
vt 0.094881 0.596898 
vt 0.112038 0.575352 
vt 0.112038 0.596876 
vt 0.17747 0.575317 
vt 0.17747 0.596911 
vt 0.088256 0.572142 
vt 0.057849 0.574558 
vt 0.0562823 0.572142 
vt 0.057849 0.59767 
vt 0.0562823 0.600086 
vt 0.088256 0.600086 
vt 0.090183 0.572142 
vt 0.094881 0.57533 
vt 0.17747 0.575317 
vt -0.057937 0.572142 
vt -0.0631865 0.575642 
vt -0.00410074 0.575642 
vt -0.057937 0.600086 
vt -0.0631865 0.596586 
vt -0.00410074 0.596586 
vt -0.0631865 0.575642 
vt 0.167054 0.596586 
vt -0.0631865 0.596586 
vt 0.167054 0.575642 
vt -0.0606865 0.575642 
vt 0.105899 0.596586 
vt -0.0606865 0.596586 
vt 0.105899 0.575642 
vt -0.0351407 0.575642 
vt -0.00410074 0.596586 
vt -0.0351407 0.596586 
vt -0.00410074 0.575642 
vt 0.057849 0.574558 
vt 0.057849 0.59767 
vt 0.0652395 0.597671 
vt 0.0652395 0.574558 
vt 0.053488 0.650914 
vt -0.0291012 0.668074 
vt 0.038186 0.672071 
vt -0.0488515 0.679571 
vt -0.031814 0.672071 
vt -0.036814 0.659571 
vt 0.0763733 0.679571 
vt -0.057374 0.664008 
vt 0.058186 0.652071 
vt -0.0159555 0.59958 
vt -0.00681398 0.612071 
vt 0.078882 0.662664 
vt 0.045686 0.612071 
vt 0.081622 0.633397 
vt 0.0920868 0.633431 
vt 0.06426 0.615891 
vt 0.206306 0.524596 
vt 0.193807 0.522147 
vt 0.204362 0.509047 
vt 0.192118 0.514385 
vt 0.182021 0.492759 
vt 0.177907 0.50478 
vt 0.154602 0.494457 
vt 0.159247 0.505874 
vt 0.060113 0.602736 
vt 0.044473 0.59958 
vt 0.159247 0.505874 
vt 0.063882 0.603673 
vt 0.060113 0.602736 
vt 0.06426 0.615891 
vt 0.160826 0.509445 
vt 0.067606 0.613862 
vt 0.177907 0.50478 
vt 0.0831295 0.6298 
vt 0.176874 0.508546 
vt 0.081622 0.633397 
vt 0.18889 0.516579 
vt 0.09052 0.62986 
vt 0.192118 0.514385 
vt 0.0920868 0.633431 
vt 0.190046 0.52114 
vt 0.193807 0.522147 
vt 0.0428243 0.615962 
vt 0.058186 0.652071 
vt 0.053488 0.650914 
vt 0.045686 0.612071 
vt 0.038186 0.672071 
vt -0.00681398 0.612071 
vt 0.0363315 0.667589 
vt -0.00447648 0.616312 
vt -0.0291012 0.668074 
vt -0.036814 0.659571 
vt -0.031814 0.672071 
vt -0.0319892 0.660018 
vt -0.051814 0.684571 
vt 0.0763733 0.679571 
vt 0.080686 0.684571 
vt 0.0836015 0.664922 
vt -0.0488515 0.679571 
vt 0.078882 0.662664 
vt -0.057374 0.664008 
vt 0.206306 0.524596 
vt -0.0631865 0.663804 
vt 0.211556 0.52628 
vt -0.0186852 0.59458 
vt 0.209056 0.50628 
vt -0.0159555 0.59958 
vt 0.204362 0.509047 
vt 0.0424698 0.59458 
vt 0.18351 0.487657 
vt 0.044473 0.59958 
vt 0.182021 0.492759 
vt 0.154602 0.494457 
vt 0.15247 0.48958 

usemtl Meshpart2Mtl

f 1270/1270/1270 1271/1271/1271 1272/1272/1272 
f 1271/1271/1271 1273/1273/1273 1272/1272/1272 
f 1285/1285/1285 1286/1286/1286 1287/1287/1287 
f 1288/1288/1288 1285/1285/1285 1287/1287/1287 
f 1287/1287/1287 1289/1289/1289 1288/1288/1288 
f 1290/1290/1290 1288/1288/1288 1289/1289/1289 
f 1291/1291/1291 1292/1292/1292 1293/1293/1293 
f 1293/1293/1293 1292/1292/1292 1294/1294/1294 
f 1292/1292/1292 1291/1291/1291 1295/1295/1295 
f 1294/1294/1294 1292/1292/1292 1296/1296/1296 
f 1298/1298/1298 1299/1299/1299 1297/1297/1297 
f 1299/1299/1299 1298/1298/1298 1300/1300/1300 
f 1312/1312/1312 1313/1313/1313 1314/1314/1314 
f 1312/1312/1312 1314/1314/1314 1315/1315/1315 
f 1318/1318/1318 1316/1316/1316 1317/1317/1317 
f 1316/1316/1316 1318/1318/1318 1319/1319/1319 
f 1320/1320/1320 1319/1319/1319 1318/1318/1318 
f 1320/1320/1320 1318/1318/1318 1321/1321/1321 
f 1322/1322/1322 1320/1320/1320 1321/1321/1321 
f 1320/1320/1320 1322/1322/1322 1323/1323/1323 
f 1327/1327/1327 1328/1328/1328 1329/1329/1329 
f 1327/1327/1327 1329/1329/1329 1330/1330/1330 
f 1331/1331/1331 1327/1327/1327 1330/1330/1330 
f 1328/1328/1328 1332/1332/1332 1329/1329/1329 
f 1327/1327/1327 1331/1331/1331 1333/1333/1333 
f 1332/1332/1332 1328/1328/1328 1334/1334/1334 
f 1331/1331/1331 1335/1335/1335 1333/1333/1333 
f 1335/1335/1335 1331/1331/1331 1336/1336/1336 
f 1337/1337/1337 1335/1335/1335 1336/1336/1336 
f 1332/1332/1332 1338/1338/1338 1337/1337/1337 
f 1338/1338/1338 1332/1332/1332 1339/1339/1339 
f 1334/1334/1334 1339/1339/1339 1332/1332/1332 
f 1338/1338/1338 1340/1340/1340 1337/1337/1337 
f 1335/1335/1335 1337/1337/1337 1340/1340/1340 
f 1339/1339/1339 1334/1334/1334 1341/1341/1341 
f 1335/1335/1335 1340/1340/1340 1342/1342/1342 
f 1343/1343/1343 1341/1341/1341 1334/1334/1334 
f 1340/1340/1340 1344/1344/1344 1342/1342/1342 
f 1341/1341/1341 1343/1343/1343 1345/1345/1345 
f 1344/1344/1344 1340/1340/1340 1346/1346/1346 
f 1347/1347/1347 1345/1345/1345 1343/1343/1343 
f 1348/1348/1348 1344/1344/1344 1346/1346/1346 
f 1345/1345/1345 1347/1347/1347 1349/1349/1349 
f 1344/1344/1344 1348/1348/1348 1350/1350/1350 
f 1350/1350/1350 1349/1349/1349 1347/1347/1347 
f 1349/1349/1349 1350/1350/1350 1348/1348/1348 
f 1351/1351/1351 1352/1352/1352 1353/1353/1353 
f 1352/1352/1352 1354/1354/1354 1353/1353/1353 
f 1351/1351/1351 1353/1353/1353 1355/1355/1355 
f 1352/1352/1352 1356/1356/1356 1354/1354/1354 
f 1357/1357/1357 1351/1351/1351 1355/1355/1355 
f 1358/1358/1358 1354/1354/1354 1356/1356/1356 
f 1351/1351/1351 1357/1357/1357 1359/1359/1359 
f 1356/1356/1356 1360/1360/1360 1358/1358/1358 
f 1361/1361/1361 1359/1359/1359 1357/1357/1357 
f 1362/1362/1362 1358/1358/1358 1360/1360/1360 
f 1361/1361/1361 1357/1357/1357 1363/1363/1363 
f 1358/1358/1358 1362/1362/1362 1364/1364/1364 
f 1363/1363/1363 1365/1365/1365 1361/1361/1361 
f 1365/1365/1365 1364/1364/1364 1362/1362/1362 
f 1365/1365/1365 1363/1363/1363 1366/1366/1366 
f 1364/1364/1364 1365/1365/1365 1366/1366/1366 
f 1367/1367/1367 1368/1368/1368 1369/1369/1369 
f 1369/1369/1369 1368/1368/1368 1370/1370/1370 
f 1371/1371/1371 1367/1367/1367 1369/1369/1369 
f 1368/1368/1368 1372/1372/1372 1370/1370/1370 
f 1373/1373/1373 1367/1367/1367 1371/1371/1371 
f 1372/1372/1372 1368/1368/1368 1374/1374/1374 
f 1371/1371/1371 1375/1375/1375 1373/1373/1373 
f 1374/1374/1374 1376/1376/1376 1372/1372/1372 
f 1375/1375/1375 1371/1371/1371 1377/1377/1377 
f 1377/1377/1377 1376/1376/1376 1375/1375/1375 
f 1376/1376/1376 1377/1377/1377 1378/1378/1378 
f 1372/1372/1372 1376/1376/1376 1378/1378/1378 
f 1383/1383/1383 1384/1384/1384 1385/1385/1385 
f 1386/1386/1386 1385/1385/1385 1384/1384/1384 
f 1383/1383/1383 1385/1385/1385 1387/1387/1387 
f 1385/1385/1385 1386/1386/1386 1388/1388/1388 
f 1389/1389/1389 1383/1383/1383 1387/1387/1387 
f 1386/1386/1386 1390/1390/1390 1388/1388/1388 
f 1383/1383/1383 1389/1389/1389 1391/1391/1391 
f 1386/1386/1386 1392/1392/1392 1390/1390/1390 
f 1389/1389/1389 1393/1393/1393 1391/1391/1391 
f 1394/1394/1394 1390/1390/1390 1392/1392/1392 
f 1389/1389/1389 1395/1395/1395 1393/1393/1393 
f 1392/1392/1392 1396/1396/1396 1394/1394/1394 
f 1397/1397/1397 1393/1393/1393 1395/1395/1395 
f 1398/1398/1398 1394/1394/1394 1396/1396/1396 
f 1393/1393/1393 1397/1397/1397 1399/1399/1399 
f 1394/1394/1394 1398/1398/1398 1400/1400/1400 
f 1401/1401/1401 1399/1399/1399 1397/1397/1397 
f 1401/1401/1401 1400/1400/1400 1398/1398/1398 
f 1399/1399/1399 1401/1401/1401 1402/1402/1402 
f 1401/1401/1401 1398/1398/1398 1402/1402/1402 
f 1404/1404/1404 1405/1405/1405 1403/1403/1403 
f 1406/1406/1406 1403/1403/1403 1405/1405/1405 
f 1406/1406/1406 1405/1405/1405 1408/1408/1408 
f 1408/1408/1408 1407/1407/1407 1406/1406/1406 
f 1415/1415/1415 1417/1417/1417 1416/1416/1416 
f 1418/1418/1418 1417/1417/1417 1415/1415/1415 
f 1418/1418/1418 1419/1419/1419 1417/1417/1417 
f 1420/1420/1420 1417/1417/1417 1419/1419/1419 
f 1419/1419/1419 1421/1421/1421 1420/1420/1420 
f 1421/1421/1421 1422/1422/1422 1420/1420/1420 
f 1427/1427/1427 1428/1428/1428 1426/1426/1426 
f 1428/1428/1428 1427/1427/1427 1429/1429/1429 
f 1429/1429/1429 1430/1430/1430 1428/1428/1428 
f 1431/1431/1431 1430/1430/1430 1429/1429/1429 
f 1432/1432/1432 1434/1434/1434 1433/1433/1433 
f 1434/1434/1434 1435/1435/1435 1433/1433/1433 
f 1434/1434/1434 1436/1436/1436 1435/1435/1435 
f 1437/1437/1437 1435/1435/1435 1436/1436/1436 
f 1454/1454/1454 1458/1458/1458 1456/1456/1456 
f 1460/1460/1460 1456/1456/1456 1458/1458/1458 
f 1457/1457/1457 1461/1461/1461 1459/1459/1459 
f 1458/1458/1458 1462/1462/1462 1460/1460/1460 
f 1461/1461/1461 1463/1463/1463 1459/1459/1459 
f 1464/1464/1464 1460/1460/1460 1462/1462/1462 
f 1461/1461/1461 1464/1464/1464 1463/1463/1463 
f 1464/1464/1464 1462/1462/1462 1463/1463/1463 
f 1465/1465/1465 1467/1467/1467 1466/1466/1466 
f 1468/1468/1468 1467/1467/1467 1465/1465/1465 
f 1471/1471/1471 1472/1472/1472 1473/1473/1473 
f 1472/1472/1472 1474/1474/1474 1473/1473/1473 
f 1475/1475/1475 1472/1472/1472 1471/1471/1471 
f 1474/1474/1474 1472/1472/1472 1476/1476/1476 
f 1477/1477/1477 1475/1475/1475 1471/1471/1471 
f 1478/1478/1478 1474/1474/1474 1476/1476/1476 
f 1474/1474/1474 1478/1478/1478 1479/1479/1479 
f 1475/1475/1475 1477/1477/1477 1480/1480/1480 
f 1481/1481/1481 1479/1479/1479 1478/1478/1478 
f 1482/1482/1482 1480/1480/1480 1477/1477/1477 
f 1480/1480/1480 1482/1482/1482 1483/1483/1483 
f 1477/1477/1477 1484/1484/1484 1482/1482/1482 
f 1481/1481/1481 1484/1484/1484 1477/1477/1477 
f 1483/1483/1483 1485/1485/1485 1480/1480/1480 
f 1485/1485/1485 1483/1483/1483 1486/1486/1486 
f 1487/1487/1487 1485/1485/1485 1486/1486/1486 
f 1486/1486/1486 1488/1488/1488 1487/1487/1487 
f 1488/1488/1488 1489/1489/1489 1487/1487/1487 
f 1489/1489/1489 1488/1488/1488 1490/1490/1490 
f 1489/1489/1489 1490/1490/1490 1491/1491/1491 
f 1491/1491/1491 1490/1490/1490 1492/1492/1492 
f 1493/1493/1493 1491/1491/1491 1492/1492/1492 
f 1484/1484/1484 1481/1481/1481 1493/1493/1493 
f 1491/1491/1491 1493/1493/1493 1494/1494/1494 
f 1481/1481/1481 1478/1478/1478 1493/1493/1493 
f 1493/1493/1493 1478/1478/1478 1494/1494/1494 
f 1495/1495/1495 1496/1496/1496 1497/1497/1497 
f 1498/1498/1498 1497/1497/1497 1496/1496/1496 
f 1496/1496/1496 1495/1495/1495 1499/1499/1499 
f 1496/1496/1496 1500/1500/1500 1498/1498/1498 
f 1501/1501/1501 1499/1499/1499 1495/1495/1495 
f 1502/1502/1502 1498/1498/1498 1500/1500/1500 
f 1499/1499/1499 1501/1501/1501 1503/1503/1503 
f 1498/1498/1498 1502/1502/1502 1504/1504/1504 
f 1501/1501/1501 1505/1505/1505 1503/1503/1503 
f 1506/1506/1506 1504/1504/1504 1502/1502/1502 
f 1501/1501/1501 1507/1507/1507 1505/1505/1505 
f 1504/1504/1504 1506/1506/1506 1508/1508/1508 
f 1507/1507/1507 1509/1509/1509 1505/1505/1505 
f 1509/1509/1509 1508/1508/1508 1506/1506/1506 
f 1507/1507/1507 1510/1510/1510 1509/1509/1509 
f 1508/1508/1508 1509/1509/1509 1510/1510/1510 
f 1511/1511/1511 1512/1512/1512 1513/1513/1513 
f 1514/1514/1514 1512/1512/1512 1511/1511/1511 
f 1512/1512/1512 1515/1515/1515 1513/1513/1513 
f 1511/1511/1511 1516/1516/1516 1514/1514/1514 
f 1513/1513/1513 1515/1515/1515 1517/1517/1517 
f 1516/1516/1516 1511/1511/1511 1518/1518/1518 
f 1515/1515/1515 1519/1519/1519 1517/1517/1517 
f 1518/1518/1518 1520/1520/1520 1516/1516/1516 
f 1519/1519/1519 1515/1515/1515 1521/1521/1521 
f 1520/1520/1520 1519/1519/1519 1521/1521/1521 
f 1520/1520/1520 1518/1518/1518 1522/1522/1522 
f 1519/1519/1519 1520/1520/1520 1522/1522/1522 
f 1523/1523/1523 1524/1524/1524 1525/1525/1525 
f 1526/1526/1526 1525/1525/1525 1524/1524/1524 
f 1524/1524/1524 1523/1523/1523 1527/1527/1527 
f 1524/1524/1524 1528/1528/1528 1526/1526/1526 
f 1523/1523/1523 1529/1529/1529 1527/1527/1527 
f 1530/1530/1530 1526/1526/1526 1528/1528/1528 
f 1529/1529/1529 1523/1523/1523 1531/1531/1531 
f 1526/1526/1526 1530/1530/1530 1532/1532/1532 
f 1533/1533/1533 1529/1529/1529 1531/1531/1531 
f 1534/1534/1534 1532/1532/1532 1530/1530/1530 
f 1529/1529/1529 1533/1533/1533 1535/1535/1535 
f 1534/1534/1534 1530/1530/1530 1536/1536/1536 
f 1537/1537/1537 1535/1535/1535 1533/1533/1533 
f 1538/1538/1538 1534/1534/1534 1536/1536/1536 
f 1535/1535/1535 1537/1537/1537 1539/1539/1539 
f 1538/1538/1538 1536/1536/1536 1540/1540/1540 
f 1541/1541/1541 1539/1539/1539 1537/1537/1537 
f 1541/1541/1541 1538/1538/1538 1540/1540/1540 
f 1537/1537/1537 1542/1542/1542 1541/1541/1541 
f 1538/1538/1538 1541/1541/1541 1542/1542/1542 

g Black1

v -0.621461 0.607562 0.0253612 
v -0.569425 0.606555 0.0229322 
v -0.595443 0.602091 0.0121552 
v -0.558653 0.617338 0.0489622 
v -0.624945 0.609232 0.0293942 
v -0.713426 0.617338 0.0489622 
v -0.702613 0.604281 0.0174422 
v -0.624945 0.609242 0.0685062 
v -0.702613 0.604292 0.0804582 
v -0.621461 0.607572 0.0725392 
v -0.569425 0.606566 0.0749682 
v -0.595443 0.602102 0.0857452 

vn 0 0.92126 -0.385827 
vn 0 0.92126 -0.385827 
vn 0 0.92126 -0.385827 
vn 0 1 0 
vn 0 0.92126 -0.385827 
vn 0 1 0 
vn 0 0.92126 -0.385827 
vn 0 0.92126 0.385827 
vn 0 0.92126 0.385827 
vn 0 0.92126 0.385827 
vn 0 0.92126 0.385827 
vn 0 0.92126 0.385827 

vt 62.0146 -34.9764 
vt 62.0666 -34.974 
vt 62.0406 -34.9632 
vt 62.0774 -35 
vt 62.0111 -34.9804 
vt 61.9226 -35 
vt 61.9334 -34.9685 
vt 62.0111 -35.0196 
vt 61.9334 -35.0315 
vt 62.0146 -35.0236 
vt 62.0666 -35.026 
vt 62.0406 -35.0368 

usemtl Black1Mtl

f 1543/1543/1543 1544/1544/1544 1545/1545/1545 
f 1544/1544/1544 1543/1543/1543 1546/1546/1546 
f 1546/1546/1546 1543/1543/1543 1547/1547/1547 
f 1548/1548/1548 1546/1546/1546 1547/1547/1547 
f 1547/1547/1547 1549/1549/1549 1548/1548/1548 
f 1546/1546/1546 1548/1548/1548 1550/1550/1550 
f 1548/1548/1548 1551/1551/1551 1550/1550/1550 
f 1552/1552/1552 1546/1546/1546 1550/1550/1550 
f 1546/1546/1546 1552/1552/1552 1553/1553/1553 
f 1553/1553/1553 1552/1552/1552 1554/1554/1554 

g Metal1

v -0.844444 0.595068 -0.00488376 
v -0.844444 0.595068 0.102785 
v -0.844444 0.617367 0.0489502 
v -0.844444 0.487399 -0.00488376 
v -0.844444 0.541233 -0.0271828 
v -0.844444 0.487399 0.102785 
v -0.844444 0.4651 0.0489502 
v -0.844444 0.541233 0.125084 
v -0.839627 0.600451 -0.0102678 
v -0.839627 0.541233 -0.0347968 
v -0.844444 0.541233 -0.0271828 
v -0.839627 0.482015 -0.0102678 
v -0.844444 0.595068 -0.00488376 
v -0.844444 0.487399 -0.00488376 
v -0.839627 0.62498 0.0489502 
v -0.844444 0.4651 0.0489502 
v -0.844444 0.617367 0.0489502 
v -0.839627 0.457486 0.0489502 
v -0.844444 0.595068 0.102785 
v -0.839627 0.482015 0.108168 
v -0.839627 0.600451 0.108168 
v -0.844444 0.487399 0.102785 
v -0.839627 0.541233 0.132697 
v -0.844444 0.541233 0.125084 
v -0.73531 0.541233 0.117956 
v -0.72988 0.487399 0.102785 
v -0.72988 0.541233 0.125084 
v -0.73531 0.492438 0.0977452 
v -0.73531 0.590028 0.0977452 
v -0.72988 0.4651 0.0489502 
v -0.72988 0.595068 0.102785 
v -0.73531 0.472227 0.0489502 
v -0.72988 0.617367 0.0489502 
v -0.73531 0.492438 0.00015521 
v -0.73531 0.610239 0.0489502 
v -0.72988 0.487399 -0.00488377 
v -0.72988 0.595068 -0.00488377 
v -0.72988 0.541233 -0.0271828 
v -0.73531 0.590028 0.00015521 
v -0.73531 0.541233 -0.0200558 
v -0.839627 0.62498 0.0489502 
v -0.844444 0.4651 0.0489502 
v -0.844444 0.617367 0.0489502 
v -0.839627 0.457486 0.0489502 
v -0.72988 0.487399 -0.00488377 
v -0.527603 0.4651 0.0489502 
v -0.527603 0.487399 -0.00488377 
v -0.72988 0.541233 -0.0271828 
v -0.527603 0.541233 -0.0271828 
v -0.72988 0.541233 0.125084 
v -0.72988 0.595068 -0.00488377 
v -0.527603 0.595068 -0.00488377 
v -0.595421 0.60212 0.0121432 
v -0.527603 0.617367 0.0489502 
v -0.558631 0.617367 0.0489502 
v -0.839627 0.62498 0.0489502 
v -0.823685 0.62498 0.0489502 
v -0.839627 0.600451 -0.0102678 
v -0.823685 0.600451 -0.0102678 
v -0.839627 0.541233 -0.0347968 
v -0.823685 0.541233 -0.0347968 
v -0.839627 0.482015 -0.0102678 
v -0.823685 0.482015 -0.0102678 
v -0.818868 0.541233 -0.0271828 
v -0.740741 0.541233 -0.0271828 
v -0.818868 0.487399 -0.00488376 
v -0.740741 0.487399 -0.00488377 
v -0.740741 0.595068 -0.00488377 
v -0.818868 0.595068 -0.00488376 
v -0.818868 0.617367 0.0489502 
v -0.513073 0.45674 0.0489502 
v -0.418026 0.481488 -0.0107948 
v -0.513073 0.481488 -0.0107948 
v -0.418026 0.541233 -0.0355428 
v -0.513073 0.541233 -0.0355428 
v -0.418026 0.600979 -0.0107948 
v -0.513073 0.600979 -0.0107948 
v -0.513073 0.625726 0.0489502 
v -0.513073 0.625726 0.0489502 
v -0.527603 0.617367 0.0489502 
v -0.527603 0.595068 -0.00488377 
v -0.513073 0.600979 -0.0107948 
v -0.513073 0.541233 -0.0355428 
v -0.513073 0.45674 0.0489502 
v -0.527603 0.541233 -0.0271828 
v -0.527603 0.4651 0.0489502 
v -0.527603 0.487399 -0.00488377 
v -0.513073 0.481488 -0.0107948 
v -0.72988 0.541233 0.125084 
v -0.72988 0.541233 -0.0271828 
v -0.73531 0.541233 -0.0200558 
v -0.72988 0.487399 -0.00488377 
v -0.527603 0.4651 0.0489502 
v -0.72988 0.4651 0.0489502 
v -0.527603 0.487399 0.102785 
v -0.527603 0.487399 -0.00488377 
v -0.72988 0.487399 0.102785 
v -0.72988 0.541233 -0.0271828 
v -0.527603 0.541233 0.125084 
v -0.527603 0.541233 -0.0271828 
v -0.72988 0.541233 0.125084 
v -0.823685 0.482015 0.108168 
v -0.839627 0.482015 0.108168 
v -0.839627 0.482015 -0.0102678 
v -0.823685 0.457486 0.0489502 
v -0.823685 0.482015 -0.0102678 
v -0.839627 0.457486 0.0489502 
v -0.740741 0.541233 -0.0271828 
v -0.818868 0.487399 -0.00488376 
v -0.740741 0.487399 -0.00488377 
v -0.818868 0.4651 0.0489502 
v -0.740741 0.4651 0.0489502 
v -0.818868 0.487399 0.102785 
v -0.818868 0.617367 0.0489502 
v -0.740741 0.487399 0.102785 
v -0.818868 0.541233 0.125084 
v -0.740741 0.541233 0.125084 
v -0.418026 0.45674 0.0489502 
v -0.513073 0.45674 0.0489502 
v -0.418026 0.481488 -0.0107948 
v -0.513073 0.481488 -0.0107948 
v -0.513073 0.481488 0.108696 
v -0.418026 0.541233 -0.0355428 
v -0.418026 0.481488 0.108696 
v -0.513073 0.541233 -0.0355428 
v -0.740741 0.541233 -0.0271828 
v -0.73531 0.541233 -0.0200558 
v -0.740741 0.541233 0.125084 
v -0.513073 0.541233 0.133443 
v -0.527603 0.541233 0.125084 
v -0.527603 0.487399 0.102785 
v -0.513073 0.481488 0.108696 
v -0.513073 0.541233 -0.0355428 
v -0.513073 0.45674 0.0489502 
v -0.527603 0.541233 -0.0271828 
v -0.527603 0.4651 0.0489502 
v -0.527603 0.487399 -0.00488377 
v -0.513073 0.481488 -0.0107948 
v -0.407128 0.58336 0.00682421 
v -0.407128 0.499106 0.00682421 
v -0.407128 0.541233 -0.0106258 
v -0.407128 0.541233 0.108526 
v -0.407128 0.481657 0.0489502 
v -0.407128 0.499106 0.0910772 
v -0.407128 0.600809 0.0489502 
v -0.407128 0.58336 0.0910772 
v -0.418026 0.481488 0.108696 
v -0.407128 0.541233 0.108526 
v -0.418026 0.541233 0.133443 
v -0.407128 0.499106 0.0910772 
v -0.407128 0.58336 0.0910772 
v -0.418026 0.45674 0.0489502 
v -0.418026 0.600979 0.108696 
v -0.407128 0.481657 0.0489502 
v -0.418026 0.625726 0.0489502 
v -0.407128 0.499106 0.00682421 
v -0.407128 0.600809 0.0489502 
v -0.418026 0.481488 -0.0107948 
v -0.407128 0.58336 0.00682421 
v -0.407128 0.541233 -0.0106258 
v -0.418026 0.600979 -0.0107948 
v -0.418026 0.541233 -0.0355428 
v -0.823685 0.62498 0.0489502 
v -0.839627 0.541233 -0.0347968 
v -0.823685 0.482015 0.108168 
v -0.823685 0.482015 -0.0102678 
v -0.839627 0.457486 0.0489502 
v -0.740741 0.541233 -0.0271828 
v -0.73531 0.492438 0.00015521 
v -0.740741 0.487399 -0.00488377 
v -0.740741 0.4651 0.0489502 
v -0.73531 0.541233 -0.0200558 
v -0.73531 0.472227 0.0489502 
v -0.73531 0.590028 0.00015521 
v -0.73531 0.492438 0.0977452 
v -0.740741 0.595068 -0.00488377 
v -0.740741 0.487399 0.102785 
v -0.73531 0.610239 0.0489502 
v -0.73531 0.541233 0.117956 
v -0.740741 0.617367 0.0489502 
v -0.740741 0.541233 0.125084 
v -0.73531 0.590028 0.0977452 
v -0.740741 0.595068 0.102785 
v -0.823685 0.62498 0.0489502 
v -0.823685 0.600451 0.108168 
v -0.818868 0.595068 0.102785 
v -0.823685 0.541233 0.132697 
v -0.818868 0.617367 0.0489502 
v -0.818868 0.541233 0.125084 
v -0.818868 0.595068 -0.00488376 
v -0.818868 0.487399 0.102785 
v -0.823685 0.600451 -0.0102678 
v -0.823685 0.482015 0.108168 
v -0.818868 0.541233 -0.0271828 
v -0.818868 0.4651 0.0489502 
v -0.823685 0.541233 -0.0347968 
v -0.823685 0.457486 0.0489502 
v -0.823685 0.482015 -0.0102678 
v -0.818868 0.487399 -0.00488376 
v -0.418026 0.481488 0.108696 
v -0.418026 0.625726 0.0489502 
v -0.407128 0.600809 0.0489502 
v -0.839627 0.62498 0.0489502 
v -0.844444 0.4651 0.0489502 
v -0.844444 0.617367 0.0489502 
v -0.839627 0.457486 0.0489502 
v -0.527603 0.4651 0.0489502 
v -0.527603 0.487399 0.102785 
v -0.72988 0.487399 0.102785 
v -0.527603 0.541233 0.125084 
v -0.72988 0.541233 0.125084 
v -0.527603 0.595068 0.102785 
v -0.72988 0.595068 0.102785 
v -0.527603 0.617367 0.0489502 
v -0.558631 0.617367 0.0489502 
v -0.595421 0.602131 0.0857332 
v -0.70259 0.604321 0.0804462 
v -0.839627 0.62498 0.0489502 
v -0.823685 0.600451 0.108168 
v -0.823685 0.62498 0.0489502 
v -0.839627 0.600451 0.108168 
v -0.823685 0.541233 0.132697 
v -0.839627 0.541233 0.132697 
v -0.823685 0.482015 0.108168 
v -0.839627 0.482015 0.108168 
v -0.740741 0.541233 -0.0271828 
v -0.818868 0.487399 -0.00488376 
v -0.740741 0.617367 0.0489502 
v -0.818868 0.487399 0.102785 
v -0.818868 0.617367 0.0489502 
v -0.740741 0.487399 0.102785 
v -0.740741 0.595068 0.102785 
v -0.818868 0.541233 0.125084 
v -0.818868 0.595068 0.102785 
v -0.740741 0.541233 0.125084 
v -0.513073 0.45674 0.0489502 
v -0.513073 0.481488 0.108696 
v -0.418026 0.481488 0.108696 
v -0.513073 0.541233 0.133443 
v -0.418026 0.541233 0.133443 
v -0.513073 0.600979 0.108696 
v -0.418026 0.625726 0.0489502 
v -0.418026 0.600979 0.108696 
v -0.513073 0.625726 0.0489502 
v -0.513073 0.625726 0.0489502 
v -0.527603 0.595068 0.102785 
v -0.513073 0.600979 0.108696 
v -0.513073 0.541233 0.133443 
v -0.527603 0.617367 0.0489502 
v -0.527603 0.541233 0.125084 
v -0.527603 0.487399 0.102785 
v -0.513073 0.481488 0.108696 
v -0.73531 0.541233 0.117956 
v -0.72988 0.541233 0.125084 
v -0.72988 0.595068 -0.00488377 
v -0.72988 0.541233 -0.0271828 
v -0.73531 0.590028 0.00015521 
v -0.73531 0.541233 -0.0200558 
v -0.72988 0.541233 -0.0271828 
v -0.72988 0.541233 0.125084 
v -0.72988 0.595068 -0.00488377 
v -0.527603 0.595068 0.102785 
v -0.527603 0.595068 -0.00488377 
v -0.72988 0.595068 0.102785 
v -0.595421 0.60212 0.0121432 
v -0.569403 0.606584 0.0229192 
v -0.527603 0.617367 0.0489502 
v -0.558631 0.617367 0.0489502 
v -0.569403 0.606595 0.0749562 
v -0.595421 0.602131 0.0857332 
v -0.70259 0.60431 0.0174302 
v -0.621439 0.607591 0.0253492 
v -0.624923 0.609261 0.0293822 
v -0.72988 0.617367 0.0489502 
v -0.713404 0.617367 0.0489502 
v -0.70259 0.604321 0.0804462 
v -0.621439 0.607601 0.0725272 
v -0.624923 0.609271 0.0684942 
v -0.839627 0.62498 0.0489502 
v -0.823685 0.600451 0.108168 
v -0.823685 0.62498 0.0489502 
v -0.839627 0.600451 0.108168 
v -0.839627 0.600451 -0.0102678 
v -0.823685 0.600451 -0.0102678 
v -0.740741 0.541233 -0.0271828 
v -0.740741 0.595068 -0.00488377 
v -0.818868 0.595068 -0.00488376 
v -0.740741 0.617367 0.0489502 
v -0.818868 0.617367 0.0489502 
v -0.740741 0.595068 0.102785 
v -0.818868 0.595068 0.102785 
v -0.740741 0.541233 0.125084 
v -0.418026 0.541233 -0.0355428 
v -0.513073 0.541233 -0.0355428 
v -0.418026 0.600979 -0.0107948 
v -0.513073 0.600979 -0.0107948 
v -0.513073 0.600979 0.108696 
v -0.418026 0.625726 0.0489502 
v -0.418026 0.600979 0.108696 
v -0.513073 0.625726 0.0489502 
v -0.740741 0.541233 -0.0271828 
v -0.73531 0.541233 -0.0200558 
v -0.740741 0.541233 0.125084 
v -0.513073 0.625726 0.0489502 
v -0.527603 0.595068 0.102785 
v -0.513073 0.600979 0.108696 
v -0.527603 0.617367 0.0489502 
v -0.527603 0.595068 -0.00488377 
v -0.513073 0.600979 -0.0107948 

vn -1 0 0 
vn -1 0 0 
vn -1 0 0 
vn -1 0 0 
vn -1 0 0 
vn -1 0 0 
vn -1 0 0 
vn -1 0 0 
vn -0.84252 0.377953 -0.377953 
vn -0.84252 0 -0.535433 
vn -0.84252 0 -0.535433 
vn -0.84252 -0.377953 -0.377953 
vn -0.84252 0.377953 -0.377953 
vn -0.84252 -0.377953 -0.377953 
vn -0.84252 0.535433 0 
vn -0.84252 -0.535433 0 
vn -0.84252 0.535433 0 
vn -0.84252 -0.535433 0 
vn -0.84252 0.377953 0.377953 
vn -0.84252 -0.377953 0.377953 
vn -0.84252 0.377953 0.377953 
vn -0.84252 -0.377953 0.377953 
vn -0.84252 0 0.535433 
vn -0.84252 0 0.535433 
vn -0.795276 0 0.606299 
vn -0.795276 -0.425197 0.425197 
vn -0.795276 0 0.606299 
vn -0.795276 -0.425197 0.425197 
vn -0.795276 0.425197 0.425197 
vn -0.795276 -0.606299 0 
vn -0.795276 0.425197 0.425197 
vn -0.795276 -0.606299 0 
vn -0.795276 0.606299 0 
vn -0.795276 -0.425197 -0.425197 
vn -0.795276 0.606299 0 
vn -0.795276 -0.425197 -0.425197 
vn -0.795276 0.425197 -0.425197 
vn -0.795276 0 -0.606299 
vn -0.795276 0.425197 -0.425197 
vn -0.795276 0 -0.606299 
vn -0.84252 0.535433 0 
vn -0.84252 -0.535433 0 
vn -0.84252 0.535433 0 
vn -0.84252 -0.535433 0 
vn 0 -0.708661 -0.708661 
vn 0 -1 0 
vn 0 -0.708661 -0.708661 
vn 0 0 -1 
vn 0 0 -1 
vn 0 0 1 
vn 0 0.708661 -0.708661 
vn 0 0.708661 -0.708661 
vn 0 0.92126 -0.385827 
vn 0 1 0 
vn 0 1 0 
vn 0 1 0 
vn 0 1 0 
vn 0 0.708661 -0.708661 
vn 0 0.708661 -0.708661 
vn 0 0 -1 
vn 0 0 -1 
vn 0 -0.708661 -0.708661 
vn 0 -0.708661 -0.708661 
vn 0 0 -1 
vn 0 0 -1 
vn 0 -0.708661 -0.708661 
vn 0 -0.708661 -0.708661 
vn 0 0.708661 -0.708661 
vn 0 0.708661 -0.708661 
vn 0 1 0 
vn 0 -1 0 
vn 0 -0.708661 -0.708661 
vn 0 -0.708661 -0.708661 
vn 0 0 -1 
vn 0 0 -1 
vn 0 0.708661 -0.708661 
vn 0 0.708661 -0.708661 
vn 0 1 0 
vn -0.496063 0.866142 0 
vn -0.496063 0.866142 0 
vn -0.496063 0.614173 -0.614173 
vn -0.496063 0.614173 -0.614173 
vn -0.496063 0 -0.866142 
vn -0.496063 -0.866142 0 
vn -0.496063 0 -0.866142 
vn -0.496063 -0.866142 0 
vn -0.496063 -0.614173 -0.614173 
vn -0.496063 -0.614173 -0.614173 
vn -0.795276 0 0.606299 
vn -0.795276 0 -0.606299 
vn -0.795276 0 -0.606299 
vn 0 -0.708661 -0.708661 
vn 0 -1 0 
vn 0 -1 0 
vn 0 -0.708661 0.708661 
vn 0 -0.708661 -0.708661 
vn 0 -0.708661 0.708661 
vn 0 0 -1 
vn 0 0 1 
vn 0 0 -1 
vn 0 0 1 
vn 0 -0.708661 0.708661 
vn 0 -0.708661 0.708661 
vn 0 -0.708661 -0.708661 
vn 0 -1 0 
vn 0 -0.708661 -0.708661 
vn 0 -1 0 
vn 0 0 -1 
vn 0 -0.708661 -0.708661 
vn 0 -0.708661 -0.708661 
vn 0 -1 0 
vn 0 -1 0 
vn 0 -0.708661 0.708661 
vn 0 1 0 
vn 0 -0.708661 0.708661 
vn 0 0 1 
vn 0 0 1 
vn 0 -1 0 
vn 0 -1 0 
vn 0 -0.708661 -0.708661 
vn 0 -0.708661 -0.708661 
vn 0 -0.708661 0.708661 
vn 0 0 -1 
vn 0 -0.708661 0.708661 
vn 0 0 -1 
vn 0.795276 0 -0.606299 
vn 0.795276 0 -0.606299 
vn 0.795276 0 0.606299 
vn -0.496063 0 0.866142 
vn -0.496063 0 0.866142 
vn -0.496063 -0.614173 0.614173 
vn -0.496063 -0.614173 0.614173 
vn -0.496063 0 -0.866142 
vn -0.496063 -0.866142 0 
vn -0.496063 0 -0.866142 
vn -0.496063 -0.866142 0 
vn -0.496063 -0.614173 -0.614173 
vn -0.496063 -0.614173 -0.614173 
vn 1 0 0 
vn 1 0 0 
vn 1 0 0 
vn 1 0 0 
vn 1 0 0 
vn 1 0 0 
vn 1 0 0 
vn 1 0 0 
vn 0.913386 -0.283465 0.283465 
vn 0.913386 0 0.401575 
vn 0.913386 0 0.401575 
vn 0.913386 -0.283465 0.283465 
vn 0.913386 0.283465 0.283465 
vn 0.913386 -0.401575 0 
vn 0.913386 0.283465 0.283465 
vn 0.913386 -0.401575 0 
vn 0.913386 0.401575 0 
vn 0.913386 -0.283465 -0.283465 
vn 0.913386 0.401575 0 
vn 0.913386 -0.283465 -0.283465 
vn 0.913386 0.283465 -0.283465 
vn 0.913386 0 -0.401575 
vn 0.913386 0.283465 -0.283465 
vn 0.913386 0 -0.401575 
vn 0 1 0 
vn 0 0 -1 
vn 0 -0.708661 0.708661 
vn 0 -0.708661 -0.708661 
vn 0 -1 0 
vn 0.795276 0 -0.606299 
vn 0.795276 -0.425197 -0.425197 
vn 0.795276 -0.425197 -0.425197 
vn 0.795276 -0.606299 0 
vn 0.795276 0 -0.606299 
vn 0.795276 -0.606299 0 
vn 0.795276 0.425197 -0.425197 
vn 0.795276 -0.425197 0.425197 
vn 0.795276 0.425197 -0.425197 
vn 0.795276 -0.425197 0.425197 
vn 0.795276 0.606299 0 
vn 0.795276 0 0.606299 
vn 0.795276 0.606299 0 
vn 0.795276 0 0.606299 
vn 0.795276 0.425197 0.425197 
vn 0.795276 0.425197 0.425197 
vn 0.84252 0.535433 0 
vn 0.84252 0.377953 0.377953 
vn 0.84252 0.377953 0.377953 
vn 0.84252 0 0.535433 
vn 0.84252 0.535433 0 
vn 0.84252 0 0.535433 
vn 0.84252 0.377953 -0.377953 
vn 0.84252 -0.377953 0.377953 
vn 0.84252 0.377953 -0.377953 
vn 0.84252 -0.377953 0.377953 
vn 0.84252 0 -0.535433 
vn 0.84252 -0.535433 0 
vn 0.84252 0 -0.535433 
vn 0.84252 -0.535433 0 
vn 0.84252 -0.377953 -0.377953 
vn 0.84252 -0.377953 -0.377953 
vn 0.913386 -0.283465 0.283465 
vn 0.913386 0.401575 0 
vn 0.913386 0.401575 0 
vn -0.84252 0.535433 0 
vn -0.84252 -0.535433 0 
vn -0.84252 0.535433 0 
vn -0.84252 -0.535433 0 
vn 0 -1 0 
vn 0 -0.708661 0.708661 
vn 0 -0.708661 0.708661 
vn 0 0 1 
vn 0 0 1 
vn 0 0.708661 0.708661 
vn 0 0.708661 0.708661 
vn 0 1 0 
vn 0 1 0 
vn 0 0.92126 0.385827 
vn 0 0.92126 0.385827 
vn 0 1 0 
vn 0 0.708661 0.708661 
vn 0 1 0 
vn 0 0.708661 0.708661 
vn 0 0 1 
vn 0 0 1 
vn 0 -0.708661 0.708661 
vn 0 -0.708661 0.708661 
vn 0 0 -1 
vn 0 -0.708661 -0.708661 
vn 0 1 0 
vn 0 -0.708661 0.708661 
vn 0 1 0 
vn 0 -0.708661 0.708661 
vn 0 0.708661 0.708661 
vn 0 0 1 
vn 0 0.708661 0.708661 
vn 0 0 1 
vn 0 -1 0 
vn 0 -0.708661 0.708661 
vn 0 -0.708661 0.708661 
vn 0 0 1 
vn 0 0 1 
vn 0 0.708661 0.708661 
vn 0 1 0 
vn 0 0.708661 0.708661 
vn 0 1 0 
vn -0.496063 0.866142 0 
vn -0.496063 0.614173 0.614173 
vn -0.496063 0.614173 0.614173 
vn -0.496063 0 0.866142 
vn -0.496063 0.866142 0 
vn -0.496063 0 0.866142 
vn -0.496063 -0.614173 0.614173 
vn -0.496063 -0.614173 0.614173 
vn -0.795276 0 0.606299 
vn -0.795276 0 0.606299 
vn -0.795276 0.425197 -0.425197 
vn -0.795276 0 -0.606299 
vn -0.795276 0.425197 -0.425197 
vn -0.795276 0 -0.606299 
vn 0 0 -1 
vn 0 0 1 
vn 0 0.708661 -0.708661 
vn 0 0.708661 0.708661 
vn 0 0.708661 -0.708661 
vn 0 0.708661 0.708661 
vn 0 0.92126 -0.385827 
vn 0 0.92126 -0.385827 
vn 0 1 0 
vn 0 1 0 
vn 0 0.92126 0.385827 
vn 0 0.92126 0.385827 
vn 0 0.92126 -0.385827 
vn 0 0.92126 -0.385827 
vn 0 0.92126 -0.385827 
vn 0 1 0 
vn 0 1 0 
vn 0 0.92126 0.385827 
vn 0 0.92126 0.385827 
vn 0 0.92126 0.385827 
vn 0 1 0 
vn 0 0.708661 0.708661 
vn 0 1 0 
vn 0 0.708661 0.708661 
vn 0 0.708661 -0.708661 
vn 0 0.708661 -0.708661 
vn 0 0 -1 
vn 0 0.708661 -0.708661 
vn 0 0.708661 -0.708661 
vn 0 1 0 
vn 0 1 0 
vn 0 0.708661 0.708661 
vn 0 0.708661 0.708661 
vn 0 0 1 
vn 0 0 -1 
vn 0 0 -1 
vn 0 0.708661 -0.708661 
vn 0 0.708661 -0.708661 
vn 0 0.708661 0.708661 
vn 0 1 0 
vn 0 0.708661 0.708661 
vn 0 1 0 
vn 0.795276 0 -0.606299 
vn 0.795276 0 -0.606299 
vn 0.795276 0 0.606299 
vn -0.496063 0.866142 0 
vn -0.496063 0.614173 0.614173 
vn -0.496063 0.614173 0.614173 
vn -0.496063 0.866142 0 
vn -0.496063 0.614173 -0.614173 
vn -0.496063 0.614173 -0.614173 

vt 0.168377 1.23557 
vt 0.168377 1.20865 
vt 0.173952 1.22211 
vt 0.14146 1.23557 
vt 0.154918 1.24114 
vt 0.14146 1.20865 
vt 0.135885 1.22211 
vt 0.154918 1.20308 
vt 0.169723 1.23692 
vt 0.154918 1.24305 
vt 0.154918 1.24114 
vt 0.140114 1.23692 
vt 0.168377 1.23557 
vt 0.14146 1.23557 
vt 0.175855 1.22211 
vt 0.135885 1.22211 
vt 0.173952 1.22211 
vt 0.133981 1.22211 
vt 0.168377 1.20865 
vt 0.140114 1.20731 
vt 0.169723 1.20731 
vt 0.14146 1.20865 
vt 0.154918 1.20117 
vt 0.154918 1.20308 
vt 0.154918 1.20486 
vt 0.14146 1.20865 
vt 0.154918 1.20308 
vt 0.142719 1.20991 
vt 0.167117 1.20991 
vt 0.135885 1.22211 
vt 0.168377 1.20865 
vt 0.137667 1.22211 
vt 0.173952 1.22211 
vt 0.142719 1.23431 
vt 0.17217 1.22211 
vt 0.14146 1.23557 
vt 0.168377 1.23557 
vt 0.154918 1.24114 
vt 0.167117 1.23431 
vt 0.154918 1.23936 
vt 0.101458 1.20117 
vt 0.100254 1.24114 
vt 0.100254 1.20308 
vt 0.101458 1.24305 
vt 0.128895 1.23557 
vt 0.179464 1.24114 
vt 0.179464 1.23557 
vt 0.128895 1.22211 
vt 0.179464 1.22211 
vt 0.128895 1.22211 
vt 0.128895 1.20865 
vt 0.179464 1.20865 
vt 0.162509 1.20689 
vt 0.179464 1.20308 
vt 0.171707 1.20308 
vt 0.101458 1.20117 
vt 0.105443 1.20117 
vt 0.101458 1.20731 
vt 0.105443 1.20731 
vt 0.101458 1.22211 
vt 0.105443 1.22211 
vt 0.101458 1.23692 
vt 0.105443 1.23692 
vt 0.106648 1.22211 
vt 0.126179 1.22211 
vt 0.106648 1.23557 
vt 0.126179 1.23557 
vt 0.126179 1.20865 
vt 0.106648 1.20865 
vt 0.106648 1.20308 
vt 0.183096 1.24323 
vt 0.206858 1.23705 
vt 0.183096 1.23705 
vt 0.206858 1.22211 
vt 0.183096 1.22211 
vt 0.206858 1.20718 
vt 0.183096 1.20718 
vt 0.183096 1.20099 
vt 0.183096 1.20099 
vt 0.179464 1.20308 
vt 0.179464 1.20865 
vt 0.183096 1.20718 
vt 0.183096 1.22211 
vt 0.183096 1.24323 
vt 0.179464 1.22211 
vt 0.179464 1.24114 
vt 0.179464 1.23557 
vt 0.183096 1.23705 
vt 0.180942 1.20308 
vt 0.180942 1.24114 
vt 0.182299 1.23936 
vt 0.180942 1.23557 
vt 0.130372 1.22211 
vt 0.180942 1.22211 
vt 0.130372 1.20865 
vt 0.130372 1.23557 
vt 0.180942 1.20865 
vt 0.180942 1.24114 
vt 0.130372 1.20308 
vt 0.130372 1.24114 
vt 0.180942 1.20308 
vt 0.204393 1.20731 
vt 0.208378 1.20731 
vt 0.208378 1.23692 
vt 0.204393 1.22211 
vt 0.204393 1.23692 
vt 0.208378 1.22211 
vt 0.183657 1.24114 
vt 0.203189 1.23557 
vt 0.183657 1.23557 
vt 0.203189 1.22211 
vt 0.183657 1.22211 
vt 0.203189 1.20865 
vt 0.203189 1.22211 
vt 0.183657 1.20865 
vt 0.203189 1.20308 
vt 0.183657 1.20308 
vt 0.102978 1.22211 
vt 0.12674 1.22211 
vt 0.102978 1.23705 
vt 0.12674 1.23705 
vt 0.12674 1.20718 
vt 0.102978 1.24323 
vt 0.102978 1.20718 
vt 0.12674 1.24323 
vt 0.183657 1.24114 
vt 0.182299 1.23936 
vt 0.183657 1.20308 
vt 0.12674 1.20099 
vt 0.130372 1.20308 
vt 0.130372 1.20865 
vt 0.12674 1.20718 
vt 0.12674 1.24323 
vt 0.12674 1.22211 
vt 0.130372 1.24114 
vt 0.130372 1.22211 
vt 0.130372 1.23557 
vt 0.12674 1.23705 
vt 0.144386 1.23264 
vt 0.16545 1.23264 
vt 0.154918 1.23701 
vt 0.154918 1.20722 
vt 0.169812 1.22211 
vt 0.16545 1.21158 
vt 0.140024 1.22211 
vt 0.144386 1.21158 
vt 0.169854 1.20718 
vt 0.154918 1.20722 
vt 0.154918 1.20099 
vt 0.16545 1.21158 
vt 0.144386 1.21158 
vt 0.176041 1.22211 
vt 0.139982 1.20718 
vt 0.169812 1.22211 
vt 0.133795 1.22211 
vt 0.16545 1.23264 
vt 0.140024 1.22211 
vt 0.169854 1.23705 
vt 0.144386 1.23264 
vt 0.154918 1.23701 
vt 0.139982 1.23705 
vt 0.154918 1.24323 
vt 0.133981 1.22211 
vt 0.154918 1.24305 
vt 0.169723 1.20731 
vt 0.169723 1.23692 
vt 0.175855 1.22211 
vt 0.154918 1.24114 
vt 0.167117 1.23431 
vt 0.168377 1.23557 
vt 0.173951 1.22211 
vt 0.154918 1.23936 
vt 0.17217 1.22211 
vt 0.142719 1.23431 
vt 0.167117 1.20991 
vt 0.141459 1.23557 
vt 0.168377 1.20865 
vt 0.137667 1.22211 
vt 0.154918 1.20486 
vt 0.135885 1.22211 
vt 0.154918 1.20308 
vt 0.142719 1.20991 
vt 0.141459 1.20865 
vt 0.133981 1.22211 
vt 0.140114 1.20731 
vt 0.141459 1.20865 
vt 0.154918 1.20117 
vt 0.135885 1.22211 
vt 0.154918 1.20308 
vt 0.141459 1.23557 
vt 0.168377 1.20865 
vt 0.140114 1.23692 
vt 0.169723 1.20731 
vt 0.154918 1.24114 
vt 0.173951 1.22211 
vt 0.154918 1.24305 
vt 0.175855 1.22211 
vt 0.169723 1.23692 
vt 0.168377 1.23557 
vt 0.102978 1.23705 
vt 0.102978 1.20099 
vt 0.100254 1.20722 
vt 0.208378 1.20117 
vt 0.209583 1.24114 
vt 0.209583 1.20308 
vt 0.208378 1.24305 
vt 0.130372 1.24114 
vt 0.130372 1.23557 
vt 0.180942 1.23557 
vt 0.130372 1.22211 
vt 0.180942 1.22211 
vt 0.130372 1.20865 
vt 0.180942 1.20865 
vt 0.130372 1.20308 
vt 0.138129 1.20308 
vt 0.147327 1.20689 
vt 0.174119 1.20634 
vt 0.208378 1.20117 
vt 0.204393 1.20731 
vt 0.204393 1.20117 
vt 0.208378 1.20731 
vt 0.204393 1.22211 
vt 0.208378 1.22211 
vt 0.204393 1.23692 
vt 0.208378 1.23692 
vt 0.183657 1.22211 
vt 0.203189 1.23557 
vt 0.183657 1.20308 
vt 0.203189 1.23557 
vt 0.203189 1.20308 
vt 0.183657 1.23557 
vt 0.183657 1.20865 
vt 0.203189 1.22211 
vt 0.203189 1.20865 
vt 0.183657 1.22211 
vt 0.12674 1.24323 
vt 0.12674 1.23705 
vt 0.102978 1.23705 
vt 0.12674 1.22211 
vt 0.102978 1.22211 
vt 0.12674 1.20718 
vt 0.102978 1.20099 
vt 0.102978 1.20718 
vt 0.12674 1.20099 
vt 0.12674 1.20099 
vt 0.130372 1.20865 
vt 0.12674 1.20718 
vt 0.12674 1.22211 
vt 0.130372 1.20308 
vt 0.130372 1.22211 
vt 0.130372 1.23557 
vt 0.12674 1.23705 
vt 0.127537 1.20486 
vt 0.128895 1.20308 
vt 0.128895 1.23557 
vt 0.128895 1.24114 
vt 0.127537 1.23431 
vt 0.127537 1.23936 
vt 0.128895 1.24114 
vt 0.128895 1.20308 
vt 0.128895 1.23557 
vt 0.179464 1.20865 
vt 0.179464 1.23557 
vt 0.128895 1.20865 
vt 0.162509 1.23131 
vt 0.169014 1.22862 
vt 0.179464 1.22211 
vt 0.171707 1.22211 
vt 0.169014 1.21561 
vt 0.162509 1.21292 
vt 0.135717 1.22999 
vt 0.156005 1.22801 
vt 0.155134 1.227 
vt 0.128895 1.22211 
vt 0.133014 1.22211 
vt 0.135717 1.21424 
vt 0.156005 1.21622 
vt 0.155134 1.21723 
vt 0.101458 1.22211 
vt 0.105443 1.20731 
vt 0.105443 1.22211 
vt 0.101458 1.20731 
vt 0.101458 1.23692 
vt 0.105443 1.23692 
vt 0.126179 1.24114 
vt 0.126179 1.23557 
vt 0.106648 1.23557 
vt 0.126179 1.22211 
vt 0.106648 1.22211 
vt 0.126179 1.20865 
vt 0.106648 1.20865 
vt 0.126179 1.20308 
vt 0.206858 1.24323 
vt 0.183096 1.24323 
vt 0.206858 1.23705 
vt 0.183096 1.23705 
vt 0.183096 1.20718 
vt 0.206858 1.22211 
vt 0.206858 1.20718 
vt 0.183096 1.22211 
vt 0.126179 1.24114 
vt 0.127537 1.23936 
vt 0.126179 1.20308 
vt 0.183096 1.22211 
vt 0.179464 1.20865 
vt 0.183096 1.20718 
vt 0.179464 1.22211 
vt 0.179464 1.23557 
vt 0.183096 1.23705 

usemtl Metal1Mtl

f 1555/1555/1555 1556/1556/1556 1557/1557/1557 
f 1556/1556/1556 1555/1555/1555 1558/1558/1558 
f 1558/1558/1558 1555/1555/1555 1559/1559/1559 
f 1556/1556/1556 1558/1558/1558 1560/1560/1560 
f 1560/1560/1560 1558/1558/1558 1561/1561/1561 
f 1556/1556/1556 1560/1560/1560 1562/1562/1562 
f 1563/1563/1563 1564/1564/1564 1565/1565/1565 
f 1566/1566/1566 1565/1565/1565 1564/1564/1564 
f 1563/1563/1563 1565/1565/1565 1567/1567/1567 
f 1565/1565/1565 1566/1566/1566 1568/1568/1568 
f 1567/1567/1567 1569/1569/1569 1563/1563/1563 
f 1566/1566/1566 1570/1570/1570 1568/1568/1568 
f 1569/1569/1569 1567/1567/1567 1571/1571/1571 
f 1570/1570/1570 1566/1566/1566 1572/1572/1572 
f 1573/1573/1573 1569/1569/1569 1571/1571/1571 
f 1574/1574/1574 1570/1570/1570 1572/1572/1572 
f 1569/1569/1569 1573/1573/1573 1575/1575/1575 
f 1570/1570/1570 1574/1574/1574 1576/1576/1576 
f 1577/1577/1577 1575/1575/1575 1573/1573/1573 
f 1577/1577/1577 1576/1576/1576 1574/1574/1574 
f 1577/1577/1577 1573/1573/1573 1578/1578/1578 
f 1576/1576/1576 1577/1577/1577 1578/1578/1578 
f 1579/1579/1579 1580/1580/1580 1581/1581/1581 
f 1580/1580/1580 1579/1579/1579 1582/1582/1582 
f 1581/1581/1581 1583/1583/1583 1579/1579/1579 
f 1584/1584/1584 1580/1580/1580 1582/1582/1582 
f 1581/1581/1581 1585/1585/1585 1583/1583/1583 
f 1582/1582/1582 1586/1586/1586 1584/1584/1584 
f 1587/1587/1587 1583/1583/1583 1585/1585/1585 
f 1588/1588/1588 1584/1584/1584 1586/1586/1586 
f 1583/1583/1583 1587/1587/1587 1589/1589/1589 
f 1584/1584/1584 1588/1588/1588 1590/1590/1590 
f 1591/1591/1591 1589/1589/1589 1587/1587/1587 
f 1592/1592/1592 1590/1590/1590 1588/1588/1588 
f 1589/1589/1589 1591/1591/1591 1593/1593/1593 
f 1592/1592/1592 1593/1593/1593 1591/1591/1591 
f 1593/1593/1593 1592/1592/1592 1594/1594/1594 
f 1592/1592/1592 1588/1588/1588 1594/1594/1594 
f 1602/1602/1602 1601/1601/1601 1599/1599/1599 
f 1602/1602/1602 1603/1603/1603 1601/1601/1601 
f 1605/1605/1605 1603/1603/1603 1602/1602/1602 
f 1605/1605/1605 1606/1606/1606 1603/1603/1603 
f 1614/1614/1614 1612/1612/1612 1613/1613/1613 
f 1613/1613/1613 1615/1615/1615 1614/1614/1614 
f 1616/1616/1616 1614/1614/1614 1615/1615/1615 
f 1615/1615/1615 1617/1617/1617 1616/1616/1616 
f 1618/1618/1618 1619/1619/1619 1620/1620/1620 
f 1619/1619/1619 1621/1621/1621 1620/1620/1620 
f 1622/1622/1622 1619/1619/1619 1618/1618/1618 
f 1623/1623/1623 1622/1622/1622 1618/1618/1618 
f 1627/1627/1627 1628/1628/1628 1626/1626/1626 
f 1628/1628/1628 1627/1627/1627 1629/1629/1629 
f 1629/1629/1629 1630/1630/1630 1628/1628/1628 
f 1630/1630/1630 1629/1629/1629 1631/1631/1631 
f 1637/1637/1637 1635/1635/1635 1636/1636/1636 
f 1635/1635/1635 1637/1637/1637 1639/1639/1639 
f 1637/1637/1637 1641/1641/1641 1639/1639/1639 
f 1637/1637/1637 1642/1642/1642 1641/1641/1641 
f 1646/1646/1646 1647/1647/1647 1648/1648/1648 
f 1649/1649/1649 1648/1648/1648 1647/1647/1647 
f 1647/1647/1647 1646/1646/1646 1650/1650/1650 
f 1649/1649/1649 1651/1651/1651 1648/1648/1648 
f 1657/1657/1657 1659/1659/1659 1656/1656/1656 
f 1659/1659/1659 1657/1657/1657 1661/1661/1661 
f 1660/1660/1660 1661/1661/1661 1658/1658/1658 
f 1661/1661/1661 1660/1660/1660 1659/1659/1659 
f 1664/1664/1664 1665/1665/1665 1663/1663/1663 
f 1665/1665/1665 1664/1664/1664 1666/1666/1666 
f 1666/1666/1666 1667/1667/1667 1665/1665/1665 
f 1667/1667/1667 1666/1666/1666 1669/1669/1669 
f 1672/1672/1672 1673/1673/1673 1674/1674/1674 
f 1673/1673/1673 1675/1675/1675 1674/1674/1674 
f 1676/1676/1676 1673/1673/1673 1672/1672/1672 
f 1678/1678/1678 1676/1676/1676 1672/1672/1672 
f 1688/1688/1688 1686/1686/1686 1685/1685/1685 
f 1685/1685/1685 1690/1690/1690 1688/1688/1688 
f 1691/1691/1691 1688/1688/1688 1690/1690/1690 
f 1688/1688/1688 1691/1691/1691 1692/1692/1692 
f 1693/1693/1693 1694/1694/1694 1695/1695/1695 
f 1696/1696/1696 1694/1694/1694 1693/1693/1693 
f 1694/1694/1694 1696/1696/1696 1697/1697/1697 
f 1697/1697/1697 1696/1696/1696 1698/1698/1698 
f 1696/1696/1696 1693/1693/1693 1699/1699/1699 
f 1696/1696/1696 1699/1699/1699 1700/1700/1700 
f 1701/1701/1701 1702/1702/1702 1703/1703/1703 
f 1702/1702/1702 1701/1701/1701 1704/1704/1704 
f 1705/1705/1705 1703/1703/1703 1702/1702/1702 
f 1706/1706/1706 1704/1704/1704 1701/1701/1701 
f 1703/1703/1703 1705/1705/1705 1707/1707/1707 
f 1704/1704/1704 1706/1706/1706 1708/1708/1708 
f 1705/1705/1705 1709/1709/1709 1707/1707/1707 
f 1710/1710/1710 1708/1708/1708 1706/1706/1706 
f 1709/1709/1709 1705/1705/1705 1711/1711/1711 
f 1706/1706/1706 1712/1712/1712 1710/1710/1710 
f 1713/1713/1713 1709/1709/1709 1711/1711/1711 
f 1712/1712/1712 1714/1714/1714 1710/1710/1710 
f 1709/1709/1709 1713/1713/1713 1715/1715/1715 
f 1714/1714/1714 1715/1715/1715 1713/1713/1713 
f 1714/1714/1714 1712/1712/1712 1716/1716/1716 
f 1715/1715/1715 1714/1714/1714 1716/1716/1716 
f 1722/1722/1722 1723/1723/1723 1724/1724/1724 
f 1723/1723/1723 1725/1725/1725 1724/1724/1724 
f 1723/1723/1723 1722/1722/1722 1726/1726/1726 
f 1725/1725/1725 1723/1723/1723 1727/1727/1727 
f 1728/1728/1728 1726/1726/1726 1722/1722/1722 
f 1729/1729/1729 1725/1725/1725 1727/1727/1727 
f 1722/1722/1722 1730/1730/1730 1728/1728/1728 
f 1725/1725/1725 1729/1729/1729 1731/1731/1731 
f 1730/1730/1730 1732/1732/1732 1728/1728/1728 
f 1733/1733/1733 1731/1731/1731 1729/1729/1729 
f 1730/1730/1730 1734/1734/1734 1732/1732/1732 
f 1731/1731/1731 1733/1733/1733 1735/1735/1735 
f 1734/1734/1734 1736/1736/1736 1732/1732/1732 
f 1736/1736/1736 1735/1735/1735 1733/1733/1733 
f 1734/1734/1734 1737/1737/1737 1736/1736/1736 
f 1735/1735/1735 1736/1736/1736 1737/1737/1737 
f 1738/1738/1738 1739/1739/1739 1740/1740/1740 
f 1741/1741/1741 1740/1740/1740 1739/1739/1739 
f 1738/1738/1738 1740/1740/1740 1742/1742/1742 
f 1740/1740/1740 1741/1741/1741 1743/1743/1743 
f 1744/1744/1744 1738/1738/1738 1742/1742/1742 
f 1741/1741/1741 1745/1745/1745 1743/1743/1743 
f 1738/1738/1738 1744/1744/1744 1746/1746/1746 
f 1741/1741/1741 1747/1747/1747 1745/1745/1745 
f 1748/1748/1748 1746/1746/1746 1744/1744/1744 
f 1749/1749/1749 1745/1745/1745 1747/1747/1747 
f 1746/1746/1746 1748/1748/1748 1750/1750/1750 
f 1747/1747/1747 1751/1751/1751 1749/1749/1749 
f 1752/1752/1752 1750/1750/1750 1748/1748/1748 
f 1752/1752/1752 1749/1749/1749 1751/1751/1751 
f 1752/1752/1752 1748/1748/1748 1753/1753/1753 
f 1749/1749/1749 1752/1752/1752 1753/1753/1753 
f 1764/1764/1764 1763/1763/1763 1762/1762/1762 
f 1763/1763/1763 1764/1764/1764 1765/1765/1765 
f 1766/1766/1766 1765/1765/1765 1764/1764/1764 
f 1765/1765/1765 1766/1766/1766 1767/1767/1767 
f 1775/1775/1775 1776/1776/1776 1773/1773/1773 
f 1776/1776/1776 1775/1775/1775 1777/1777/1777 
f 1777/1777/1777 1778/1778/1778 1776/1776/1776 
f 1778/1778/1778 1777/1777/1777 1779/1779/1779 
f 1785/1785/1785 1787/1787/1787 1783/1783/1783 
f 1787/1787/1787 1785/1785/1785 1789/1789/1789 
f 1788/1788/1788 1789/1789/1789 1786/1786/1786 
f 1789/1789/1789 1788/1788/1788 1787/1787/1787 
f 1793/1793/1793 1791/1791/1791 1792/1792/1792 
f 1794/1794/1794 1793/1793/1793 1792/1792/1792 
f 1795/1795/1795 1793/1793/1793 1794/1794/1794 
f 1797/1797/1797 1795/1795/1795 1794/1794/1794 
f 1802/1802/1802 1801/1801/1801 1800/1800/1800 
f 1800/1800/1800 1804/1804/1804 1802/1802/1802 
f 1805/1805/1805 1802/1802/1802 1804/1804/1804 
f 1802/1802/1802 1805/1805/1805 1806/1806/1806 
f 1817/1817/1817 1815/1815/1815 1819/1819/1819 
f 1817/1817/1817 1819/1819/1819 1820/1820/1820 
f 1821/1821/1821 1817/1817/1817 1820/1820/1820 
f 1820/1820/1820 1822/1822/1822 1821/1821/1821 
f 1823/1823/1823 1821/1821/1821 1822/1822/1822 
f 1821/1821/1821 1823/1823/1823 1816/1816/1816 
f 1823/1823/1823 1824/1824/1824 1816/1816/1816 
f 1818/1818/1818 1816/1816/1816 1824/1824/1824 
f 1825/1825/1825 1819/1819/1819 1815/1815/1815 
f 1819/1819/1819 1825/1825/1825 1826/1826/1826 
f 1826/1826/1826 1825/1825/1825 1827/1827/1827 
f 1828/1828/1828 1825/1825/1825 1815/1815/1815 
f 1825/1825/1825 1828/1828/1828 1829/1829/1829 
f 1828/1828/1828 1830/1830/1830 1829/1829/1829 
f 1828/1828/1828 1818/1818/1818 1830/1830/1830 
f 1824/1824/1824 1830/1830/1830 1818/1818/1818 
f 1830/1830/1830 1824/1824/1824 1831/1831/1831 
f 1830/1830/1830 1831/1831/1831 1832/1832/1832 
f 1833/1833/1833 1834/1834/1834 1835/1835/1835 
f 1834/1834/1834 1833/1833/1833 1836/1836/1836 
f 1835/1835/1835 1837/1837/1837 1833/1833/1833 
f 1837/1837/1837 1835/1835/1835 1838/1838/1838 
f 1841/1841/1841 1842/1842/1842 1840/1840/1840 
f 1842/1842/1842 1841/1841/1841 1843/1843/1843 
f 1843/1843/1843 1844/1844/1844 1842/1842/1842 
f 1844/1844/1844 1843/1843/1843 1845/1845/1845 
f 1849/1849/1849 1850/1850/1850 1852/1852/1852 
f 1850/1850/1850 1854/1854/1854 1852/1852/1852 
f 1854/1854/1854 1851/1851/1851 1853/1853/1853 
f 1852/1852/1852 1854/1854/1854 1853/1853/1853 
f 1858/1858/1858 1859/1859/1859 1860/1860/1860 
f 1859/1859/1859 1858/1858/1858 1861/1861/1861 
f 1862/1862/1862 1861/1861/1861 1858/1858/1858 
f 1858/1858/1858 1863/1863/1863 1862/1862/1862 

g Black2

v -1.60418 0.595301 0.290694 
v -1.60661 0.647337 0.289687 
v -1.61738 0.621319 0.285223 
v -1.58058 0.658109 0.30047 
v -1.60015 0.591817 0.292364 
v -1.58058 0.503336 0.30047 
v -1.6121 0.514149 0.287413 
v -1.56103 0.591817 0.292374 
v -1.54908 0.514149 0.287424 
v -1.557 0.595301 0.290704 
v -1.55457 0.647337 0.289698 
v -1.54379 0.621319 0.285234 

vn -0.385827 0 0.92126 
vn -0.385827 0 0.92126 
vn -0.385827 0 0.92126 
vn 0 0 1 
vn -0.385827 0 0.92126 
vn 0 0 1 
vn -0.385827 0 0.92126 
vn 0.385827 0 0.92126 
vn 0.385827 0 0.92126 
vn 0.385827 0 0.92126 
vn 0.385827 0 0.92126 
vn 0.385827 0 0.92126 

vt 54.0146 -50.9764 
vt 54.0666 -50.974 
vt 54.0406 -50.9632 
vt 54.0774 -51 
vt 54.0111 -50.9804 
vt 53.9226 -51 
vt 53.9334 -50.9685 
vt 54.0111 -51.0196 
vt 53.9334 -51.0315 
vt 54.0146 -51.0236 
vt 54.0666 -51.026 
vt 54.0406 -51.0368 

usemtl Black1Mtl

f 1864/1864/1864 1865/1865/1865 1866/1866/1866 
f 1865/1865/1865 1864/1864/1864 1867/1867/1867 
f 1867/1867/1867 1864/1864/1864 1868/1868/1868 
f 1869/1869/1869 1867/1867/1867 1868/1868/1868 
f 1868/1868/1868 1870/1870/1870 1869/1869/1869 
f 1867/1867/1867 1869/1869/1869 1871/1871/1871 
f 1869/1869/1869 1872/1872/1872 1871/1871/1871 
f 1873/1873/1873 1867/1867/1867 1871/1871/1871 
f 1867/1867/1867 1873/1873/1873 1874/1874/1874 
f 1874/1874/1874 1873/1873/1873 1875/1875/1875 

g Metal2

v -1.63442 0.372319 0.2782 
v -1.52675 0.372319 0.2782 
v -1.58059 0.372319 0.300499 
v -1.63442 0.372319 0.170531 
v -1.65672 0.372319 0.224365 
v -1.52675 0.372319 0.170531 
v -1.58059 0.372319 0.148232 
v -1.50446 0.372319 0.224365 
v -1.63981 0.377136 0.283583 
v -1.66434 0.377136 0.224365 
v -1.65672 0.372319 0.224365 
v -1.63981 0.377136 0.165147 
v -1.63442 0.372319 0.2782 
v -1.63442 0.372319 0.170531 
v -1.58059 0.377136 0.308112 
v -1.58059 0.372319 0.148232 
v -1.58059 0.372319 0.300499 
v -1.58059 0.377136 0.140618 
v -1.52675 0.372319 0.2782 
v -1.52137 0.377136 0.165147 
v -1.52137 0.377136 0.283583 
v -1.52675 0.372319 0.170531 
v -1.49684 0.377136 0.224365 
v -1.50446 0.372319 0.224365 
v -1.51158 0.481453 0.224365 
v -1.52675 0.486883 0.170531 
v -1.50446 0.486883 0.224365 
v -1.53179 0.481453 0.17557 
v -1.53179 0.481453 0.27316 
v -1.58059 0.486883 0.148232 
v -1.52675 0.486883 0.2782 
v -1.58059 0.481453 0.155359 
v -1.58059 0.486883 0.300499 
v -1.62938 0.481453 0.17557 
v -1.58059 0.481453 0.293371 
v -1.63442 0.486883 0.170531 
v -1.63442 0.486883 0.2782 
v -1.65672 0.486883 0.224365 
v -1.62938 0.481453 0.27316 
v -1.6496 0.481453 0.224365 
v -1.58059 0.377136 0.308112 
v -1.58059 0.372319 0.148232 
v -1.58059 0.372319 0.300499 
v -1.58059 0.377136 0.140618 
v -1.63442 0.486883 0.170531 
v -1.58059 0.68916 0.148232 
v -1.63442 0.68916 0.170531 
v -1.65672 0.486883 0.224365 
v -1.65672 0.68916 0.224365 
v -1.50446 0.486883 0.224365 
v -1.63442 0.486883 0.2782 
v -1.63442 0.68916 0.2782 
v -1.6174 0.621342 0.285252 
v -1.58059 0.68916 0.300499 
v -1.58059 0.658132 0.300499 
v -1.58059 0.377136 0.308112 
v -1.58059 0.393078 0.308112 
v -1.63981 0.377136 0.283583 
v -1.63981 0.393078 0.283583 
v -1.66434 0.377136 0.224365 
v -1.66434 0.393078 0.224365 
v -1.63981 0.377136 0.165147 
v -1.63981 0.393078 0.165147 
v -1.65672 0.397895 0.224365 
v -1.65672 0.476022 0.224365 
v -1.63442 0.397895 0.170531 
v -1.63442 0.476022 0.170531 
v -1.63442 0.476022 0.2782 
v -1.63442 0.397895 0.2782 
v -1.58059 0.397895 0.300499 
v -1.58059 0.70369 0.139872 
v -1.64033 0.798737 0.16462 
v -1.64033 0.70369 0.16462 
v -1.66508 0.798737 0.224365 
v -1.66508 0.70369 0.224365 
v -1.64033 0.798737 0.284111 
v -1.64033 0.70369 0.284111 
v -1.58059 0.70369 0.308858 
v -1.58059 0.70369 0.308858 
v -1.58059 0.68916 0.300499 
v -1.63442 0.68916 0.2782 
v -1.64033 0.70369 0.284111 
v -1.66508 0.70369 0.224365 
v -1.58059 0.70369 0.139872 
v -1.65672 0.68916 0.224365 
v -1.58059 0.68916 0.148232 
v -1.63442 0.68916 0.170531 
v -1.64033 0.70369 0.16462 
v -1.50446 0.486883 0.224365 
v -1.65672 0.486883 0.224365 
v -1.6496 0.481453 0.224365 
v -1.63442 0.486883 0.170531 
v -1.58059 0.68916 0.148232 
v -1.58059 0.486883 0.148232 
v -1.52675 0.68916 0.170531 
v -1.63442 0.68916 0.170531 
v -1.52675 0.486883 0.170531 
v -1.65672 0.486883 0.224365 
v -1.50446 0.68916 0.224365 
v -1.65672 0.68916 0.224365 
v -1.50446 0.486883 0.224365 
v -1.52137 0.393078 0.165147 
v -1.52137 0.377136 0.165147 
v -1.63981 0.377136 0.165147 
v -1.58059 0.393078 0.140618 
v -1.63981 0.393078 0.165147 
v -1.58059 0.377136 0.140618 
v -1.65672 0.476022 0.224365 
v -1.63442 0.397895 0.170531 
v -1.63442 0.476022 0.170531 
v -1.58059 0.397895 0.148232 
v -1.58059 0.476022 0.148232 
v -1.52675 0.397895 0.170531 
v -1.58059 0.397895 0.300499 
v -1.52675 0.476022 0.170531 
v -1.50446 0.397895 0.224365 
v -1.50446 0.476022 0.224365 
v -1.58059 0.798737 0.139872 
v -1.58059 0.70369 0.139872 
v -1.64033 0.798737 0.16462 
v -1.64033 0.70369 0.16462 
v -1.52084 0.70369 0.16462 
v -1.66508 0.798737 0.224365 
v -1.52084 0.798737 0.16462 
v -1.66508 0.70369 0.224365 
v -1.65672 0.476022 0.224365 
v -1.6496 0.481453 0.224365 
v -1.50446 0.476022 0.224365 
v -1.4961 0.70369 0.224365 
v -1.50446 0.68916 0.224365 
v -1.52675 0.68916 0.170531 
v -1.52084 0.70369 0.16462 
v -1.66508 0.70369 0.224365 
v -1.58059 0.70369 0.139872 
v -1.65672 0.68916 0.224365 
v -1.58059 0.68916 0.148232 
v -1.63442 0.68916 0.170531 
v -1.64033 0.70369 0.16462 
v -1.62272 0.809635 0.266492 
v -1.62272 0.809635 0.182238 
v -1.64017 0.809635 0.224365 
v -1.52101 0.809635 0.224365 
v -1.58059 0.809635 0.164789 
v -1.53846 0.809635 0.182238 
v -1.58059 0.809635 0.283941 
v -1.53846 0.809635 0.266492 
v -1.52084 0.798737 0.16462 
v -1.52101 0.809635 0.224365 
v -1.4961 0.798737 0.224365 
v -1.53846 0.809635 0.182238 
v -1.53846 0.809635 0.266492 
v -1.58059 0.798737 0.139872 
v -1.52084 0.798737 0.284111 
v -1.58059 0.809635 0.164789 
v -1.58059 0.798737 0.308858 
v -1.62272 0.809635 0.182238 
v -1.58059 0.809635 0.283941 
v -1.64033 0.798737 0.16462 
v -1.62272 0.809635 0.266492 
v -1.64017 0.809635 0.224365 
v -1.64033 0.798737 0.284111 
v -1.66508 0.798737 0.224365 
v -1.58059 0.393078 0.308112 
v -1.66434 0.377136 0.224365 
v -1.52137 0.393078 0.165147 
v -1.63981 0.393078 0.165147 
v -1.58059 0.377136 0.140618 
v -1.65672 0.476022 0.224365 
v -1.62938 0.481453 0.17557 
v -1.63442 0.476022 0.170531 
v -1.58059 0.476022 0.148232 
v -1.6496 0.481453 0.224365 
v -1.58059 0.481453 0.155359 
v -1.62938 0.481453 0.27316 
v -1.53179 0.481453 0.17557 
v -1.63442 0.476022 0.2782 
v -1.52675 0.476022 0.170531 
v -1.58059 0.481453 0.293371 
v -1.51158 0.481453 0.224365 
v -1.58059 0.476022 0.300499 
v -1.50446 0.476022 0.224365 
v -1.53179 0.481453 0.27316 
v -1.52675 0.476022 0.2782 
v -1.58059 0.393078 0.308112 
v -1.52137 0.393078 0.283583 
v -1.52675 0.397895 0.2782 
v -1.49684 0.393078 0.224365 
v -1.58059 0.397895 0.300499 
v -1.50446 0.397895 0.224365 
v -1.63442 0.397895 0.2782 
v -1.52675 0.397895 0.170531 
v -1.63981 0.393078 0.283583 
v -1.52137 0.393078 0.165147 
v -1.65672 0.397895 0.224365 
v -1.58059 0.397895 0.148232 
v -1.66434 0.393078 0.224365 
v -1.58059 0.393078 0.140618 
v -1.63981 0.393078 0.165147 
v -1.63442 0.397895 0.170531 
v -1.52084 0.798737 0.16462 
v -1.58059 0.798737 0.308858 
v -1.58059 0.809635 0.283941 
v -1.58059 0.377136 0.308112 
v -1.58059 0.372319 0.148232 
v -1.58059 0.372319 0.300499 
v -1.58059 0.377136 0.140618 
v -1.58059 0.68916 0.148232 
v -1.52675 0.68916 0.170531 
v -1.52675 0.486883 0.170531 
v -1.50446 0.68916 0.224365 
v -1.50446 0.486883 0.224365 
v -1.52675 0.68916 0.2782 
v -1.52675 0.486883 0.2782 
v -1.58059 0.68916 0.300499 
v -1.58059 0.658132 0.300499 
v -1.54381 0.621342 0.285263 
v -1.54909 0.514173 0.287453 
v -1.58059 0.377136 0.308112 
v -1.52137 0.393078 0.283583 
v -1.58059 0.393078 0.308112 
v -1.52137 0.377136 0.283583 
v -1.49684 0.393078 0.224365 
v -1.49684 0.377136 0.224365 
v -1.52137 0.393078 0.165147 
v -1.52137 0.377136 0.165147 
v -1.65672 0.476022 0.224365 
v -1.63442 0.397895 0.170531 
v -1.58059 0.476022 0.300499 
v -1.52675 0.397895 0.170531 
v -1.58059 0.397895 0.300499 
v -1.52675 0.476022 0.170531 
v -1.52675 0.476022 0.2782 
v -1.50446 0.397895 0.224365 
v -1.52675 0.397895 0.2782 
v -1.50446 0.476022 0.224365 
v -1.58059 0.70369 0.139872 
v -1.52084 0.70369 0.16462 
v -1.52084 0.798737 0.16462 
v -1.4961 0.70369 0.224365 
v -1.4961 0.798737 0.224365 
v -1.52084 0.70369 0.284111 
v -1.58059 0.798737 0.308858 
v -1.52084 0.798737 0.284111 
v -1.58059 0.70369 0.308858 
v -1.58059 0.70369 0.308858 
v -1.52675 0.68916 0.2782 
v -1.52084 0.70369 0.284111 
v -1.4961 0.70369 0.224365 
v -1.58059 0.68916 0.300499 
v -1.50446 0.68916 0.224365 
v -1.52675 0.68916 0.170531 
v -1.52084 0.70369 0.16462 
v -1.51158 0.481453 0.224365 
v -1.50446 0.486883 0.224365 
v -1.63442 0.486883 0.2782 
v -1.65672 0.486883 0.224365 
v -1.62938 0.481453 0.27316 
v -1.6496 0.481453 0.224365 
v -1.65672 0.486883 0.224365 
v -1.50446 0.486883 0.224365 
v -1.63442 0.486883 0.2782 
v -1.52675 0.68916 0.2782 
v -1.63442 0.68916 0.2782 
v -1.52675 0.486883 0.2782 
v -1.6174 0.621342 0.285252 
v -1.60662 0.64736 0.289716 
v -1.58059 0.68916 0.300499 
v -1.58059 0.658132 0.300499 
v -1.55458 0.64736 0.289727 
v -1.54381 0.621342 0.285263 
v -1.61211 0.514173 0.287442 
v -1.60419 0.595324 0.290723 
v -1.60016 0.59184 0.292393 
v -1.58059 0.486883 0.300499 
v -1.58059 0.503359 0.300499 
v -1.54909 0.514173 0.287453 
v -1.55701 0.595324 0.290733 
v -1.56105 0.59184 0.292403 
v -1.58059 0.377136 0.308112 
v -1.52137 0.393078 0.283583 
v -1.58059 0.393078 0.308112 
v -1.52137 0.377136 0.283583 
v -1.63981 0.377136 0.283583 
v -1.63981 0.393078 0.283583 
v -1.65672 0.476022 0.224365 
v -1.63442 0.476022 0.2782 
v -1.63442 0.397895 0.2782 
v -1.58059 0.476022 0.300499 
v -1.58059 0.397895 0.300499 
v -1.52675 0.476022 0.2782 
v -1.52675 0.397895 0.2782 
v -1.50446 0.476022 0.224365 
v -1.66508 0.798737 0.224365 
v -1.66508 0.70369 0.224365 
v -1.64033 0.798737 0.284111 
v -1.64033 0.70369 0.284111 
v -1.52084 0.70369 0.284111 
v -1.58059 0.798737 0.308858 
v -1.52084 0.798737 0.284111 
v -1.58059 0.70369 0.308858 
v -1.65672 0.476022 0.224365 
v -1.6496 0.481453 0.224365 
v -1.50446 0.476022 0.224365 
v -1.58059 0.70369 0.308858 
v -1.52675 0.68916 0.2782 
v -1.52084 0.70369 0.284111 
v -1.58059 0.68916 0.300499 
v -1.63442 0.68916 0.2782 
v -1.64033 0.70369 0.284111 

vn 0 -1 0 
vn 0 -1 0 
vn 0 -1 0 
vn 0 -1 0 
vn 0 -1 0 
vn 0 -1 0 
vn 0 -1 0 
vn 0 -1 0 
vn -0.377953 -0.84252 0.377953 
vn -0.535433 -0.84252 0 
vn -0.535433 -0.84252 0 
vn -0.377953 -0.84252 -0.377953 
vn -0.377953 -0.84252 0.377953 
vn -0.377953 -0.84252 -0.377953 
vn 0 -0.84252 0.535433 
vn 0 -0.84252 -0.535433 
vn 0 -0.84252 0.535433 
vn 0 -0.84252 -0.535433 
vn 0.377953 -0.84252 0.377953 
vn 0.377953 -0.84252 -0.377953 
vn 0.377953 -0.84252 0.377953 
vn 0.377953 -0.84252 -0.377953 
vn 0.535433 -0.84252 0 
vn 0.535433 -0.84252 0 
vn 0.606299 -0.795276 0 
vn 0.425197 -0.795276 -0.425197 
vn 0.606299 -0.795276 0 
vn 0.425197 -0.795276 -0.425197 
vn 0.425197 -0.795276 0.425197 
vn 0 -0.795276 -0.606299 
vn 0.425197 -0.795276 0.425197 
vn 0 -0.795276 -0.606299 
vn 0 -0.795276 0.606299 
vn -0.425197 -0.795276 -0.425197 
vn 0 -0.795276 0.606299 
vn -0.425197 -0.795276 -0.425197 
vn -0.425197 -0.795276 0.425197 
vn -0.606299 -0.795276 0 
vn -0.425197 -0.795276 0.425197 
vn -0.606299 -0.795276 0 
vn 0 -0.84252 0.535433 
vn 0 -0.84252 -0.535433 
vn 0 -0.84252 0.535433 
vn 0 -0.84252 -0.535433 
vn -0.708661 0 -0.708661 
vn 0 0 -1 
vn -0.708661 0 -0.708661 
vn -1 0 0 
vn -1 0 0 
vn 1 0 0 
vn -0.708661 0 0.708661 
vn -0.708661 0 0.708661 
vn -0.385827 0 0.92126 
vn 0 0 1 
vn 0 0 1 
vn 0 0 1 
vn 0 0 1 
vn -0.708661 0 0.708661 
vn -0.708661 0 0.708661 
vn -1 0 0 
vn -1 0 0 
vn -0.708661 0 -0.708661 
vn -0.708661 0 -0.708661 
vn -1 0 0 
vn -1 0 0 
vn -0.708661 0 -0.708661 
vn -0.708661 0 -0.708661 
vn -0.708661 0 0.708661 
vn -0.708661 0 0.708661 
vn 0 0 1 
vn 0 0 -1 
vn -0.708661 0 -0.708661 
vn -0.708661 0 -0.708661 
vn -1 0 0 
vn -1 0 0 
vn -0.708661 0 0.708661 
vn -0.708661 0 0.708661 
vn 0 0 1 
vn 0 -0.496063 0.866142 
vn 0 -0.496063 0.866142 
vn -0.614173 -0.496063 0.614173 
vn -0.614173 -0.496063 0.614173 
vn -0.866142 -0.496063 0 
vn 0 -0.496063 -0.866142 
vn -0.866142 -0.496063 0 
vn 0 -0.496063 -0.866142 
vn -0.614173 -0.496063 -0.614173 
vn -0.614173 -0.496063 -0.614173 
vn 0.606299 -0.795276 0 
vn -0.606299 -0.795276 0 
vn -0.606299 -0.795276 0 
vn -0.708661 0 -0.708661 
vn 0 0 -1 
vn 0 0 -1 
vn 0.708661 0 -0.708661 
vn -0.708661 0 -0.708661 
vn 0.708661 0 -0.708661 
vn -1 0 0 
vn 1 0 0 
vn -1 0 0 
vn 1 0 0 
vn 0.708661 0 -0.708661 
vn 0.708661 0 -0.708661 
vn -0.708661 0 -0.708661 
vn 0 0 -1 
vn -0.708661 0 -0.708661 
vn 0 0 -1 
vn -1 0 0 
vn -0.708661 0 -0.708661 
vn -0.708661 0 -0.708661 
vn 0 0 -1 
vn 0 0 -1 
vn 0.708661 0 -0.708661 
vn 0 0 1 
vn 0.708661 0 -0.708661 
vn 1 0 0 
vn 1 0 0 
vn 0 0 -1 
vn 0 0 -1 
vn -0.708661 0 -0.708661 
vn -0.708661 0 -0.708661 
vn 0.708661 0 -0.708661 
vn -1 0 0 
vn 0.708661 0 -0.708661 
vn -1 0 0 
vn -0.606299 0.795276 0 
vn -0.606299 0.795276 0 
vn 0.606299 0.795276 0 
vn 0.866142 -0.496063 0 
vn 0.866142 -0.496063 0 
vn 0.614173 -0.496063 -0.614173 
vn 0.614173 -0.496063 -0.614173 
vn -0.866142 -0.496063 0 
vn 0 -0.496063 -0.866142 
vn -0.866142 -0.496063 0 
vn 0 -0.496063 -0.866142 
vn -0.614173 -0.496063 -0.614173 
vn -0.614173 -0.496063 -0.614173 
vn 0 1 0 
vn 0 1 0 
vn 0 1 0 
vn 0 1 0 
vn 0 1 0 
vn 0 1 0 
vn 0 1 0 
vn 0 1 0 
vn 0.283465 0.913386 -0.283465 
vn 0.401575 0.913386 0 
vn 0.401575 0.913386 0 
vn 0.283465 0.913386 -0.283465 
vn 0.283465 0.913386 0.283465 
vn 0 0.913386 -0.401575 
vn 0.283465 0.913386 0.283465 
vn 0 0.913386 -0.401575 
vn 0 0.913386 0.401575 
vn -0.283465 0.913386 -0.283465 
vn 0 0.913386 0.401575 
vn -0.283465 0.913386 -0.283465 
vn -0.283465 0.913386 0.283465 
vn -0.401575 0.913386 0 
vn -0.283465 0.913386 0.283465 
vn -0.401575 0.913386 0 
vn 0 0 1 
vn -1 0 0 
vn 0.708661 0 -0.708661 
vn -0.708661 0 -0.708661 
vn 0 0 -1 
vn -0.606299 0.795276 0 
vn -0.425197 0.795276 -0.425197 
vn -0.425197 0.795276 -0.425197 
vn 0 0.795276 -0.606299 
vn -0.606299 0.795276 0 
vn 0 0.795276 -0.606299 
vn -0.425197 0.795276 0.425197 
vn 0.425197 0.795276 -0.425197 
vn -0.425197 0.795276 0.425197 
vn 0.425197 0.795276 -0.425197 
vn 0 0.795276 0.606299 
vn 0.606299 0.795276 0 
vn 0 0.795276 0.606299 
vn 0.606299 0.795276 0 
vn 0.425197 0.795276 0.425197 
vn 0.425197 0.795276 0.425197 
vn 0 0.84252 0.535433 
vn 0.377953 0.84252 0.377953 
vn 0.377953 0.84252 0.377953 
vn 0.535433 0.84252 0 
vn 0 0.84252 0.535433 
vn 0.535433 0.84252 0 
vn -0.377953 0.84252 0.377953 
vn 0.377953 0.84252 -0.377953 
vn -0.377953 0.84252 0.377953 
vn 0.377953 0.84252 -0.377953 
vn -0.535433 0.84252 0 
vn 0 0.84252 -0.535433 
vn -0.535433 0.84252 0 
vn 0 0.84252 -0.535433 
vn -0.377953 0.84252 -0.377953 
vn -0.377953 0.84252 -0.377953 
vn 0.283465 0.913386 -0.283465 
vn 0 0.913386 0.401575 
vn 0 0.913386 0.401575 
vn 0 -0.84252 0.535433 
vn 0 -0.84252 -0.535433 
vn 0 -0.84252 0.535433 
vn 0 -0.84252 -0.535433 
vn 0 0 -1 
vn 0.708661 0 -0.708661 
vn 0.708661 0 -0.708661 
vn 1 0 0 
vn 1 0 0 
vn 0.708661 0 0.708661 
vn 0.708661 0 0.708661 
vn 0 0 1 
vn 0 0 1 
vn 0.385827 0 0.92126 
vn 0.385827 0 0.92126 
vn 0 0 1 
vn 0.708661 0 0.708661 
vn 0 0 1 
vn 0.708661 0 0.708661 
vn 1 0 0 
vn 1 0 0 
vn 0.708661 0 -0.708661 
vn 0.708661 0 -0.708661 
vn -1 0 0 
vn -0.708661 0 -0.708661 
vn 0 0 1 
vn 0.708661 0 -0.708661 
vn 0 0 1 
vn 0.708661 0 -0.708661 
vn 0.708661 0 0.708661 
vn 1 0 0 
vn 0.708661 0 0.708661 
vn 1 0 0 
vn 0 0 -1 
vn 0.708661 0 -0.708661 
vn 0.708661 0 -0.708661 
vn 1 0 0 
vn 1 0 0 
vn 0.708661 0 0.708661 
vn 0 0 1 
vn 0.708661 0 0.708661 
vn 0 0 1 
vn 0 -0.496063 0.866142 
vn 0.614173 -0.496063 0.614173 
vn 0.614173 -0.496063 0.614173 
vn 0.866142 -0.496063 0 
vn 0 -0.496063 0.866142 
vn 0.866142 -0.496063 0 
vn 0.614173 -0.496063 -0.614173 
vn 0.614173 -0.496063 -0.614173 
vn 0.606299 -0.795276 0 
vn 0.606299 -0.795276 0 
vn -0.425197 -0.795276 0.425197 
vn -0.606299 -0.795276 0 
vn -0.425197 -0.795276 0.425197 
vn -0.606299 -0.795276 0 
vn -1 0 0 
vn 1 0 0 
vn -0.708661 0 0.708661 
vn 0.708661 0 0.708661 
vn -0.708661 0 0.708661 
vn 0.708661 0 0.708661 
vn -0.385827 0 0.92126 
vn -0.385827 0 0.92126 
vn 0 0 1 
vn 0 0 1 
vn 0.385827 0 0.92126 
vn 0.385827 0 0.92126 
vn -0.385827 0 0.92126 
vn -0.385827 0 0.92126 
vn -0.385827 0 0.92126 
vn 0 0 1 
vn 0 0 1 
vn 0.385827 0 0.92126 
vn 0.385827 0 0.92126 
vn 0.385827 0 0.92126 
vn 0 0 1 
vn 0.708661 0 0.708661 
vn 0 0 1 
vn 0.708661 0 0.708661 
vn -0.708661 0 0.708661 
vn -0.708661 0 0.708661 
vn -1 0 0 
vn -0.708661 0 0.708661 
vn -0.708661 0 0.708661 
vn 0 0 1 
vn 0 0 1 
vn 0.708661 0 0.708661 
vn 0.708661 0 0.708661 
vn 1 0 0 
vn -1 0 0 
vn -1 0 0 
vn -0.708661 0 0.708661 
vn -0.708661 0 0.708661 
vn 0.708661 0 0.708661 
vn 0 0 1 
vn 0.708661 0 0.708661 
vn 0 0 1 
vn -0.606299 0.795276 0 
vn -0.606299 0.795276 0 
vn 0.606299 0.795276 0 
vn 0 -0.496063 0.866142 
vn 0.614173 -0.496063 0.614173 
vn 0.614173 -0.496063 0.614173 
vn 0 -0.496063 0.866142 
vn -0.614173 -0.496063 0.614173 
vn -0.614173 -0.496063 0.614173 

vt 0.200047 0.873698 
vt 0.200047 0.846781 
vt 0.205621 0.86024 
vt 0.173129 0.873698 
vt 0.186588 0.879273 
vt 0.173129 0.846781 
vt 0.167555 0.86024 
vt 0.186588 0.841206 
vt 0.201392 0.875044 
vt 0.186588 0.881176 
vt 0.186588 0.879273 
vt 0.171783 0.875044 
vt 0.200047 0.873698 
vt 0.173129 0.873698 
vt 0.207525 0.86024 
vt 0.167555 0.86024 
vt 0.205621 0.86024 
vt 0.165651 0.86024 
vt 0.200047 0.846781 
vt 0.171783 0.845435 
vt 0.201392 0.845435 
vt 0.173129 0.846781 
vt 0.186588 0.839303 
vt 0.186588 0.841206 
vt 0.186588 0.842988 
vt 0.173129 0.846781 
vt 0.186588 0.841206 
vt 0.174389 0.848041 
vt 0.198787 0.848041 
vt 0.167555 0.86024 
vt 0.200047 0.846781 
vt 0.169336 0.86024 
vt 0.205621 0.86024 
vt 0.174389 0.872438 
vt 0.203839 0.86024 
vt 0.173129 0.873698 
vt 0.200047 0.873698 
vt 0.186588 0.879273 
vt 0.198787 0.872438 
vt 0.186588 0.877491 
vt 0.133128 0.839303 
vt 0.131923 0.879273 
vt 0.131923 0.841206 
vt 0.133128 0.881176 
vt 0.160564 0.873698 
vt 0.211134 0.879273 
vt 0.211134 0.873698 
vt 0.160564 0.86024 
vt 0.211134 0.86024 
vt 0.160564 0.86024 
vt 0.160564 0.846781 
vt 0.211134 0.846781 
vt 0.194179 0.845018 
vt 0.211134 0.841206 
vt 0.203377 0.841206 
vt 0.133128 0.839303 
vt 0.137113 0.839303 
vt 0.133128 0.845435 
vt 0.137113 0.845435 
vt 0.133128 0.86024 
vt 0.137113 0.86024 
vt 0.133128 0.875044 
vt 0.137113 0.875044 
vt 0.138317 0.86024 
vt 0.157849 0.86024 
vt 0.138317 0.873698 
vt 0.157849 0.873698 
vt 0.157849 0.846781 
vt 0.138317 0.846781 
vt 0.138317 0.841206 
vt 0.214766 0.881363 
vt 0.238528 0.875176 
vt 0.214766 0.875176 
vt 0.238528 0.86024 
vt 0.214766 0.86024 
vt 0.238528 0.845303 
vt 0.214766 0.845303 
vt 0.214766 0.839116 
vt 0.214766 0.839116 
vt 0.211134 0.841206 
vt 0.211134 0.846781 
vt 0.214766 0.845303 
vt 0.214766 0.86024 
vt 0.214766 0.881363 
vt 0.211134 0.86024 
vt 0.211134 0.879273 
vt 0.211134 0.873698 
vt 0.214766 0.875176 
vt 0.212611 0.841206 
vt 0.212611 0.879273 
vt 0.213969 0.877491 
vt 0.212611 0.873698 
vt 0.162042 0.86024 
vt 0.212611 0.86024 
vt 0.162042 0.846781 
vt 0.162042 0.873698 
vt 0.212611 0.846781 
vt 0.212611 0.879273 
vt 0.162042 0.841206 
vt 0.162042 0.879273 
vt 0.212611 0.841206 
vt 0.236063 0.845435 
vt 0.240048 0.845435 
vt 0.240048 0.875044 
vt 0.236063 0.86024 
vt 0.236063 0.875044 
vt 0.240048 0.86024 
vt 0.215327 0.879273 
vt 0.234858 0.873698 
vt 0.215327 0.873698 
vt 0.234858 0.86024 
vt 0.215327 0.86024 
vt 0.234858 0.846781 
vt 0.234858 0.86024 
vt 0.215327 0.846781 
vt 0.234858 0.841206 
vt 0.215327 0.841206 
vt 0.134648 0.86024 
vt 0.15841 0.86024 
vt 0.134648 0.875176 
vt 0.15841 0.875176 
vt 0.15841 0.845303 
vt 0.134648 0.881363 
vt 0.134648 0.845303 
vt 0.15841 0.881363 
vt 0.215327 0.879273 
vt 0.213969 0.877491 
vt 0.215327 0.841206 
vt 0.15841 0.839116 
vt 0.162042 0.841206 
vt 0.162042 0.846781 
vt 0.15841 0.845303 
vt 0.15841 0.881363 
vt 0.15841 0.86024 
vt 0.162042 0.879273 
vt 0.162042 0.86024 
vt 0.162042 0.873698 
vt 0.15841 0.875176 
vt 0.176056 0.870771 
vt 0.19712 0.870771 
vt 0.186588 0.875134 
vt 0.186588 0.845346 
vt 0.201482 0.86024 
vt 0.19712 0.849708 
vt 0.171694 0.86024 
vt 0.176056 0.849708 
vt 0.201524 0.845303 
vt 0.186588 0.845346 
vt 0.186588 0.839116 
vt 0.19712 0.849708 
vt 0.176056 0.849708 
vt 0.207711 0.86024 
vt 0.171651 0.845303 
vt 0.201482 0.86024 
vt 0.165465 0.86024 
vt 0.19712 0.870771 
vt 0.171694 0.86024 
vt 0.201524 0.875176 
vt 0.176056 0.870771 
vt 0.186588 0.875134 
vt 0.171651 0.875176 
vt 0.186588 0.881363 
vt 0.165651 0.86024 
vt 0.186588 0.881176 
vt 0.201392 0.845435 
vt 0.201392 0.875044 
vt 0.207525 0.86024 
vt 0.186588 0.879273 
vt 0.198787 0.872438 
vt 0.200046 0.873698 
vt 0.205621 0.86024 
vt 0.186588 0.877491 
vt 0.203839 0.86024 
vt 0.174389 0.872438 
vt 0.198787 0.848041 
vt 0.173129 0.873698 
vt 0.200046 0.846781 
vt 0.169336 0.86024 
vt 0.186588 0.842988 
vt 0.167554 0.86024 
vt 0.186588 0.841206 
vt 0.174389 0.848041 
vt 0.173129 0.846781 
vt 0.165651 0.86024 
vt 0.171783 0.845435 
vt 0.173129 0.846781 
vt 0.186588 0.839303 
vt 0.167554 0.86024 
vt 0.186588 0.841206 
vt 0.173129 0.873698 
vt 0.200046 0.846781 
vt 0.171783 0.875044 
vt 0.201392 0.845435 
vt 0.186588 0.879273 
vt 0.205621 0.86024 
vt 0.186588 0.881176 
vt 0.207525 0.86024 
vt 0.201392 0.875044 
vt 0.200046 0.873698 
vt 0.134648 0.875176 
vt 0.134648 0.839116 
vt 0.131923 0.845346 
vt 0.240048 0.839303 
vt 0.241252 0.879273 
vt 0.241252 0.841206 
vt 0.240048 0.881176 
vt 0.162042 0.879273 
vt 0.162042 0.873698 
vt 0.212611 0.873698 
vt 0.162042 0.86024 
vt 0.212611 0.86024 
vt 0.162042 0.846781 
vt 0.212611 0.846781 
vt 0.162042 0.841206 
vt 0.169799 0.841206 
vt 0.178997 0.845015 
vt 0.205789 0.844468 
vt 0.240048 0.839303 
vt 0.236063 0.845435 
vt 0.236063 0.839303 
vt 0.240048 0.845435 
vt 0.236063 0.86024 
vt 0.240048 0.86024 
vt 0.236063 0.875044 
vt 0.240048 0.875044 
vt 0.215327 0.86024 
vt 0.234858 0.873698 
vt 0.215327 0.841206 
vt 0.234858 0.873698 
vt 0.234858 0.841206 
vt 0.215327 0.873698 
vt 0.215327 0.846781 
vt 0.234858 0.86024 
vt 0.234858 0.846781 
vt 0.215327 0.86024 
vt 0.15841 0.881363 
vt 0.15841 0.875176 
vt 0.134648 0.875176 
vt 0.15841 0.86024 
vt 0.134648 0.86024 
vt 0.15841 0.845303 
vt 0.134648 0.839116 
vt 0.134648 0.845303 
vt 0.15841 0.839116 
vt 0.15841 0.839116 
vt 0.162042 0.846781 
vt 0.15841 0.845303 
vt 0.15841 0.86024 
vt 0.162042 0.841206 
vt 0.162042 0.86024 
vt 0.162042 0.873698 
vt 0.15841 0.875176 
vt 0.159207 0.842988 
vt 0.160564 0.841206 
vt 0.160564 0.873698 
vt 0.160564 0.879273 
vt 0.159207 0.872438 
vt 0.159207 0.877491 
vt 0.160564 0.879273 
vt 0.160564 0.841206 
vt 0.160564 0.873698 
vt 0.211134 0.846781 
vt 0.211134 0.873698 
vt 0.160564 0.846781 
vt 0.194179 0.869441 
vt 0.200684 0.866747 
vt 0.211134 0.86024 
vt 0.203377 0.86024 
vt 0.200684 0.853738 
vt 0.194179 0.851044 
vt 0.167387 0.86812 
vt 0.187675 0.86614 
vt 0.186804 0.865132 
vt 0.160564 0.86024 
vt 0.164683 0.86024 
vt 0.167387 0.852366 
vt 0.187675 0.854345 
vt 0.186804 0.855354 
vt 0.133128 0.86024 
vt 0.137113 0.845435 
vt 0.137113 0.86024 
vt 0.133128 0.845435 
vt 0.133128 0.875044 
vt 0.137113 0.875044 
vt 0.157849 0.879273 
vt 0.157849 0.873698 
vt 0.138317 0.873698 
vt 0.157849 0.86024 
vt 0.138317 0.86024 
vt 0.157849 0.846781 
vt 0.138317 0.846781 
vt 0.157849 0.841206 
vt 0.238528 0.881363 
vt 0.214766 0.881363 
vt 0.238528 0.875176 
vt 0.214766 0.875176 
vt 0.214766 0.845303 
vt 0.238528 0.86024 
vt 0.238528 0.845303 
vt 0.214766 0.86024 
vt 0.157849 0.879273 
vt 0.159207 0.877491 
vt 0.157849 0.841206 
vt 0.214766 0.86024 
vt 0.211134 0.846781 
vt 0.214766 0.845303 
vt 0.211134 0.86024 
vt 0.211134 0.873698 
vt 0.214766 0.875176 

usemtl Metal2Mtl

f 1876/1876/1876 1877/1877/1877 1878/1878/1878 
f 1877/1877/1877 1876/1876/1876 1879/1879/1879 
f 1879/1879/1879 1876/1876/1876 1880/1880/1880 
f 1877/1877/1877 1879/1879/1879 1881/1881/1881 
f 1881/1881/1881 1879/1879/1879 1882/1882/1882 
f 1877/1877/1877 1881/1881/1881 1883/1883/1883 
f 1884/1884/1884 1885/1885/1885 1886/1886/1886 
f 1887/1887/1887 1886/1886/1886 1885/1885/1885 
f 1884/1884/1884 1886/1886/1886 1888/1888/1888 
f 1886/1886/1886 1887/1887/1887 1889/1889/1889 
f 1888/1888/1888 1890/1890/1890 1884/1884/1884 
f 1887/1887/1887 1891/1891/1891 1889/1889/1889 
f 1890/1890/1890 1888/1888/1888 1892/1892/1892 
f 1891/1891/1891 1887/1887/1887 1893/1893/1893 
f 1894/1894/1894 1890/1890/1890 1892/1892/1892 
f 1895/1895/1895 1891/1891/1891 1893/1893/1893 
f 1890/1890/1890 1894/1894/1894 1896/1896/1896 
f 1891/1891/1891 1895/1895/1895 1897/1897/1897 
f 1898/1898/1898 1896/1896/1896 1894/1894/1894 
f 1898/1898/1898 1897/1897/1897 1895/1895/1895 
f 1898/1898/1898 1894/1894/1894 1899/1899/1899 
f 1897/1897/1897 1898/1898/1898 1899/1899/1899 
f 1900/1900/1900 1901/1901/1901 1902/1902/1902 
f 1901/1901/1901 1900/1900/1900 1903/1903/1903 
f 1902/1902/1902 1904/1904/1904 1900/1900/1900 
f 1905/1905/1905 1901/1901/1901 1903/1903/1903 
f 1902/1902/1902 1906/1906/1906 1904/1904/1904 
f 1903/1903/1903 1907/1907/1907 1905/1905/1905 
f 1908/1908/1908 1904/1904/1904 1906/1906/1906 
f 1909/1909/1909 1905/1905/1905 1907/1907/1907 
f 1904/1904/1904 1908/1908/1908 1910/1910/1910 
f 1905/1905/1905 1909/1909/1909 1911/1911/1911 
f 1912/1912/1912 1910/1910/1910 1908/1908/1908 
f 1913/1913/1913 1911/1911/1911 1909/1909/1909 
f 1910/1910/1910 1912/1912/1912 1914/1914/1914 
f 1913/1913/1913 1914/1914/1914 1912/1912/1912 
f 1914/1914/1914 1913/1913/1913 1915/1915/1915 
f 1913/1913/1913 1909/1909/1909 1915/1915/1915 
f 1923/1923/1923 1922/1922/1922 1920/1920/1920 
f 1923/1923/1923 1924/1924/1924 1922/1922/1922 
f 1926/1926/1926 1924/1924/1924 1923/1923/1923 
f 1926/1926/1926 1927/1927/1927 1924/1924/1924 
f 1935/1935/1935 1933/1933/1933 1934/1934/1934 
f 1934/1934/1934 1936/1936/1936 1935/1935/1935 
f 1937/1937/1937 1935/1935/1935 1936/1936/1936 
f 1936/1936/1936 1938/1938/1938 1937/1937/1937 
f 1939/1939/1939 1940/1940/1940 1941/1941/1941 
f 1940/1940/1940 1942/1942/1942 1941/1941/1941 
f 1943/1943/1943 1940/1940/1940 1939/1939/1939 
f 1944/1944/1944 1943/1943/1943 1939/1939/1939 
f 1948/1948/1948 1949/1949/1949 1947/1947/1947 
f 1949/1949/1949 1948/1948/1948 1950/1950/1950 
f 1950/1950/1950 1951/1951/1951 1949/1949/1949 
f 1951/1951/1951 1950/1950/1950 1952/1952/1952 
f 1958/1958/1958 1956/1956/1956 1957/1957/1957 
f 1956/1956/1956 1958/1958/1958 1960/1960/1960 
f 1958/1958/1958 1962/1962/1962 1960/1960/1960 
f 1958/1958/1958 1963/1963/1963 1962/1962/1962 
f 1967/1967/1967 1968/1968/1968 1969/1969/1969 
f 1970/1970/1970 1969/1969/1969 1968/1968/1968 
f 1968/1968/1968 1967/1967/1967 1971/1971/1971 
f 1970/1970/1970 1972/1972/1972 1969/1969/1969 
f 1978/1978/1978 1980/1980/1980 1977/1977/1977 
f 1980/1980/1980 1978/1978/1978 1982/1982/1982 
f 1981/1981/1981 1982/1982/1982 1979/1979/1979 
f 1982/1982/1982 1981/1981/1981 1980/1980/1980 
f 1985/1985/1985 1986/1986/1986 1984/1984/1984 
f 1986/1986/1986 1985/1985/1985 1987/1987/1987 
f 1987/1987/1987 1988/1988/1988 1986/1986/1986 
f 1988/1988/1988 1987/1987/1987 1990/1990/1990 
f 1993/1993/1993 1994/1994/1994 1995/1995/1995 
f 1994/1994/1994 1996/1996/1996 1995/1995/1995 
f 1997/1997/1997 1994/1994/1994 1993/1993/1993 
f 1999/1999/1999 1997/1997/1997 1993/1993/1993 
f 2009/2009/2009 2007/2007/2007 2006/2006/2006 
f 2006/2006/2006 2011/2011/2011 2009/2009/2009 
f 2012/2012/2012 2009/2009/2009 2011/2011/2011 
f 2009/2009/2009 2012/2012/2012 2013/2013/2013 
f 2014/2014/2014 2015/2015/2015 2016/2016/2016 
f 2017/2017/2017 2015/2015/2015 2014/2014/2014 
f 2015/2015/2015 2017/2017/2017 2018/2018/2018 
f 2018/2018/2018 2017/2017/2017 2019/2019/2019 
f 2017/2017/2017 2014/2014/2014 2020/2020/2020 
f 2017/2017/2017 2020/2020/2020 2021/2021/2021 
f 2022/2022/2022 2023/2023/2023 2024/2024/2024 
f 2023/2023/2023 2022/2022/2022 2025/2025/2025 
f 2026/2026/2026 2024/2024/2024 2023/2023/2023 
f 2027/2027/2027 2025/2025/2025 2022/2022/2022 
f 2024/2024/2024 2026/2026/2026 2028/2028/2028 
f 2025/2025/2025 2027/2027/2027 2029/2029/2029 
f 2026/2026/2026 2030/2030/2030 2028/2028/2028 
f 2031/2031/2031 2029/2029/2029 2027/2027/2027 
f 2030/2030/2030 2026/2026/2026 2032/2032/2032 
f 2027/2027/2027 2033/2033/2033 2031/2031/2031 
f 2034/2034/2034 2030/2030/2030 2032/2032/2032 
f 2033/2033/2033 2035/2035/2035 2031/2031/2031 
f 2030/2030/2030 2034/2034/2034 2036/2036/2036 
f 2035/2035/2035 2036/2036/2036 2034/2034/2034 
f 2035/2035/2035 2033/2033/2033 2037/2037/2037 
f 2036/2036/2036 2035/2035/2035 2037/2037/2037 
f 2043/2043/2043 2044/2044/2044 2045/2045/2045 
f 2044/2044/2044 2046/2046/2046 2045/2045/2045 
f 2044/2044/2044 2043/2043/2043 2047/2047/2047 
f 2046/2046/2046 2044/2044/2044 2048/2048/2048 
f 2049/2049/2049 2047/2047/2047 2043/2043/2043 
f 2050/2050/2050 2046/2046/2046 2048/2048/2048 
f 2043/2043/2043 2051/2051/2051 2049/2049/2049 
f 2046/2046/2046 2050/2050/2050 2052/2052/2052 
f 2051/2051/2051 2053/2053/2053 2049/2049/2049 
f 2054/2054/2054 2052/2052/2052 2050/2050/2050 
f 2051/2051/2051 2055/2055/2055 2053/2053/2053 
f 2052/2052/2052 2054/2054/2054 2056/2056/2056 
f 2055/2055/2055 2057/2057/2057 2053/2053/2053 
f 2057/2057/2057 2056/2056/2056 2054/2054/2054 
f 2055/2055/2055 2058/2058/2058 2057/2057/2057 
f 2056/2056/2056 2057/2057/2057 2058/2058/2058 
f 2059/2059/2059 2060/2060/2060 2061/2061/2061 
f 2062/2062/2062 2061/2061/2061 2060/2060/2060 
f 2059/2059/2059 2061/2061/2061 2063/2063/2063 
f 2061/2061/2061 2062/2062/2062 2064/2064/2064 
f 2065/2065/2065 2059/2059/2059 2063/2063/2063 
f 2062/2062/2062 2066/2066/2066 2064/2064/2064 
f 2059/2059/2059 2065/2065/2065 2067/2067/2067 
f 2062/2062/2062 2068/2068/2068 2066/2066/2066 
f 2069/2069/2069 2067/2067/2067 2065/2065/2065 
f 2070/2070/2070 2066/2066/2066 2068/2068/2068 
f 2067/2067/2067 2069/2069/2069 2071/2071/2071 
f 2068/2068/2068 2072/2072/2072 2070/2070/2070 
f 2073/2073/2073 2071/2071/2071 2069/2069/2069 
f 2073/2073/2073 2070/2070/2070 2072/2072/2072 
f 2073/2073/2073 2069/2069/2069 2074/2074/2074 
f 2070/2070/2070 2073/2073/2073 2074/2074/2074 
f 2085/2085/2085 2084/2084/2084 2083/2083/2083 
f 2084/2084/2084 2085/2085/2085 2086/2086/2086 
f 2087/2087/2087 2086/2086/2086 2085/2085/2085 
f 2086/2086/2086 2087/2087/2087 2088/2088/2088 
f 2096/2096/2096 2097/2097/2097 2094/2094/2094 
f 2097/2097/2097 2096/2096/2096 2098/2098/2098 
f 2098/2098/2098 2099/2099/2099 2097/2097/2097 
f 2099/2099/2099 2098/2098/2098 2100/2100/2100 
f 2106/2106/2106 2108/2108/2108 2104/2104/2104 
f 2108/2108/2108 2106/2106/2106 2110/2110/2110 
f 2109/2109/2109 2110/2110/2110 2107/2107/2107 
f 2110/2110/2110 2109/2109/2109 2108/2108/2108 
f 2114/2114/2114 2112/2112/2112 2113/2113/2113 
f 2115/2115/2115 2114/2114/2114 2113/2113/2113 
f 2116/2116/2116 2114/2114/2114 2115/2115/2115 
f 2118/2118/2118 2116/2116/2116 2115/2115/2115 
f 2123/2123/2123 2122/2122/2122 2121/2121/2121 
f 2121/2121/2121 2125/2125/2125 2123/2123/2123 
f 2126/2126/2126 2123/2123/2123 2125/2125/2125 
f 2123/2123/2123 2126/2126/2126 2127/2127/2127 
f 2138/2138/2138 2136/2136/2136 2140/2140/2140 
f 2138/2138/2138 2140/2140/2140 2141/2141/2141 
f 2142/2142/2142 2138/2138/2138 2141/2141/2141 
f 2141/2141/2141 2143/2143/2143 2142/2142/2142 
f 2144/2144/2144 2142/2142/2142 2143/2143/2143 
f 2142/2142/2142 2144/2144/2144 2137/2137/2137 
f 2144/2144/2144 2145/2145/2145 2137/2137/2137 
f 2139/2139/2139 2137/2137/2137 2145/2145/2145 
f 2146/2146/2146 2140/2140/2140 2136/2136/2136 
f 2140/2140/2140 2146/2146/2146 2147/2147/2147 
f 2147/2147/2147 2146/2146/2146 2148/2148/2148 
f 2149/2149/2149 2146/2146/2146 2136/2136/2136 
f 2146/2146/2146 2149/2149/2149 2150/2150/2150 
f 2149/2149/2149 2151/2151/2151 2150/2150/2150 
f 2149/2149/2149 2139/2139/2139 2151/2151/2151 
f 2145/2145/2145 2151/2151/2151 2139/2139/2139 
f 2151/2151/2151 2145/2145/2145 2152/2152/2152 
f 2151/2151/2151 2152/2152/2152 2153/2153/2153 
f 2154/2154/2154 2155/2155/2155 2156/2156/2156 
f 2155/2155/2155 2154/2154/2154 2157/2157/2157 
f 2156/2156/2156 2158/2158/2158 2154/2154/2154 
f 2158/2158/2158 2156/2156/2156 2159/2159/2159 
f 2162/2162/2162 2163/2163/2163 2161/2161/2161 
f 2163/2163/2163 2162/2162/2162 2164/2164/2164 
f 2164/2164/2164 2165/2165/2165 2163/2163/2163 
f 2165/2165/2165 2164/2164/2164 2166/2166/2166 
f 2170/2170/2170 2171/2171/2171 2173/2173/2173 
f 2171/2171/2171 2175/2175/2175 2173/2173/2173 
f 2175/2175/2175 2172/2172/2172 2174/2174/2174 
f 2173/2173/2173 2175/2175/2175 2174/2174/2174 
f 2179/2179/2179 2180/2180/2180 2181/2181/2181 
f 2180/2180/2180 2179/2179/2179 2182/2182/2182 
f 2183/2183/2183 2182/2182/2182 2179/2179/2179 
f 2179/2179/2179 2184/2184/2184 2183/2183/2183 

g Black3

v -1.40423 0.595301 0.290816 
v -1.40666 0.647337 0.289809 
v -1.41743 0.621319 0.285345 
v -1.38063 0.658109 0.300592 
v -1.40019 0.591817 0.292486 
v -1.38063 0.503336 0.300592 
v -1.41215 0.514149 0.287535 
v -1.36108 0.591817 0.292496 
v -1.34913 0.514149 0.287546 
v -1.35705 0.595301 0.290826 
v -1.35462 0.647337 0.28982 
v -1.34384 0.621319 0.285356 

vn -0.385827 0 0.92126 
vn -0.385827 0 0.92126 
vn -0.385827 0 0.92126 
vn 0 0 1 
vn -0.385827 0 0.92126 
vn 0 0 1 
vn -0.385827 0 0.92126 
vn 0.385827 0 0.92126 
vn 0.385827 0 0.92126 
vn 0.385827 0 0.92126 
vn 0.385827 0 0.92126 
vn 0.385827 0 0.92126 

vt 18.0146 -4.97641 
vt 18.0666 -4.97398 
vt 18.0406 -4.9632 
vt 18.0774 -5.00001 
vt 18.0111 -4.98044 
vt 17.9226 -5.00001 
vt 17.9334 -4.96849 
vt 18.0111 -5.01956 
vt 17.9334 -5.03151 
vt 18.0146 -5.02359 
vt 18.0666 -5.02602 
vt 18.0406 -5.0368 

usemtl Black1Mtl

f 2185/2185/2185 2186/2186/2186 2187/2187/2187 
f 2186/2186/2186 2185/2185/2185 2188/2188/2188 
f 2188/2188/2188 2185/2185/2185 2189/2189/2189 
f 2190/2190/2190 2188/2188/2188 2189/2189/2189 
f 2189/2189/2189 2191/2191/2191 2190/2190/2190 
f 2188/2188/2188 2190/2190/2190 2192/2192/2192 
f 2190/2190/2190 2193/2193/2193 2192/2192/2192 
f 2194/2194/2194 2188/2188/2188 2192/2192/2192 
f 2188/2188/2188 2194/2194/2194 2195/2195/2195 
f 2195/2195/2195 2194/2194/2194 2196/2196/2196 

g Metal3

v -1.43441 0.372319 0.2782 
v -1.32674 0.372319 0.2782 
v -1.38058 0.372319 0.300499 
v -1.43441 0.372319 0.170531 
v -1.45671 0.372319 0.224365 
v -1.32674 0.372319 0.170531 
v -1.38058 0.372319 0.148232 
v -1.30444 0.372319 0.224365 
v -1.4398 0.377136 0.283583 
v -1.46432 0.377136 0.224365 
v -1.45671 0.372319 0.224365 
v -1.4398 0.377136 0.165147 
v -1.43441 0.372319 0.2782 
v -1.43441 0.372319 0.170531 
v -1.38058 0.377136 0.308112 
v -1.38058 0.372319 0.148232 
v -1.38058 0.372319 0.300499 
v -1.38058 0.377136 0.140618 
v -1.32674 0.372319 0.2782 
v -1.32136 0.377136 0.165147 
v -1.32136 0.377136 0.283583 
v -1.32674 0.372319 0.170531 
v -1.29683 0.377136 0.224365 
v -1.30444 0.372319 0.224365 
v -1.31157 0.481453 0.224365 
v -1.32674 0.486883 0.170531 
v -1.30444 0.486883 0.224365 
v -1.33178 0.481453 0.17557 
v -1.33178 0.481453 0.27316 
v -1.38058 0.486883 0.148232 
v -1.32674 0.486883 0.2782 
v -1.38058 0.481453 0.155359 
v -1.38058 0.486883 0.300499 
v -1.42937 0.481453 0.17557 
v -1.38058 0.481453 0.293371 
v -1.43441 0.486883 0.170531 
v -1.43441 0.486883 0.2782 
v -1.45671 0.486883 0.224365 
v -1.42937 0.481453 0.27316 
v -1.44958 0.481453 0.224365 
v -1.38058 0.377136 0.308112 
v -1.38058 0.372319 0.148232 
v -1.38058 0.372319 0.300499 
v -1.38058 0.377136 0.140618 
v -1.43441 0.486883 0.170531 
v -1.38058 0.68916 0.148232 
v -1.43441 0.68916 0.170531 
v -1.45671 0.486883 0.224365 
v -1.45671 0.68916 0.224365 
v -1.30444 0.486883 0.224365 
v -1.43441 0.486883 0.2782 
v -1.43441 0.68916 0.2782 
v -1.41738 0.621342 0.285252 
v -1.38058 0.68916 0.300499 
v -1.38058 0.658132 0.300499 
v -1.38058 0.377136 0.308112 
v -1.38058 0.393078 0.308112 
v -1.4398 0.377136 0.283583 
v -1.4398 0.393078 0.283583 
v -1.46432 0.377136 0.224365 
v -1.46432 0.393078 0.224365 
v -1.4398 0.377136 0.165147 
v -1.4398 0.393078 0.165147 
v -1.45671 0.397895 0.224365 
v -1.45671 0.476022 0.224365 
v -1.43441 0.397895 0.170531 
v -1.43441 0.476022 0.170531 
v -1.43441 0.476022 0.2782 
v -1.43441 0.397895 0.2782 
v -1.38058 0.397895 0.300499 
v -1.38058 0.70369 0.139872 
v -1.44032 0.798737 0.16462 
v -1.44032 0.70369 0.16462 
v -1.46507 0.798737 0.224365 
v -1.46507 0.70369 0.224365 
v -1.44032 0.798737 0.284111 
v -1.44032 0.70369 0.284111 
v -1.38058 0.70369 0.308858 
v -1.38058 0.70369 0.308858 
v -1.38058 0.68916 0.300499 
v -1.43441 0.68916 0.2782 
v -1.44032 0.70369 0.284111 
v -1.46507 0.70369 0.224365 
v -1.38058 0.70369 0.139872 
v -1.45671 0.68916 0.224365 
v -1.38058 0.68916 0.148232 
v -1.43441 0.68916 0.170531 
v -1.44032 0.70369 0.16462 
v -1.30444 0.486883 0.224365 
v -1.45671 0.486883 0.224365 
v -1.44958 0.481453 0.224365 
v -1.43441 0.486883 0.170531 
v -1.38058 0.68916 0.148232 
v -1.38058 0.486883 0.148232 
v -1.32674 0.68916 0.170531 
v -1.43441 0.68916 0.170531 
v -1.32674 0.486883 0.170531 
v -1.45671 0.486883 0.224365 
v -1.30444 0.68916 0.224365 
v -1.45671 0.68916 0.224365 
v -1.30444 0.486883 0.224365 
v -1.32136 0.393078 0.165147 
v -1.32136 0.377136 0.165147 
v -1.4398 0.377136 0.165147 
v -1.38058 0.393078 0.140618 
v -1.4398 0.393078 0.165147 
v -1.38058 0.377136 0.140618 
v -1.45671 0.476022 0.224365 
v -1.43441 0.397895 0.170531 
v -1.43441 0.476022 0.170531 
v -1.38058 0.397895 0.148232 
v -1.38058 0.476022 0.148232 
v -1.32674 0.397895 0.170531 
v -1.38058 0.397895 0.300499 
v -1.32674 0.476022 0.170531 
v -1.30444 0.397895 0.224365 
v -1.30444 0.476022 0.224365 
v -1.38058 0.798737 0.139872 
v -1.38058 0.70369 0.139872 
v -1.44032 0.798737 0.16462 
v -1.44032 0.70369 0.16462 
v -1.32083 0.70369 0.16462 
v -1.46507 0.798737 0.224365 
v -1.32083 0.798737 0.16462 
v -1.46507 0.70369 0.224365 
v -1.45671 0.476022 0.224365 
v -1.44958 0.481453 0.224365 
v -1.30444 0.476022 0.224365 
v -1.29608 0.70369 0.224365 
v -1.30444 0.68916 0.224365 
v -1.32674 0.68916 0.170531 
v -1.32083 0.70369 0.16462 
v -1.46507 0.70369 0.224365 
v -1.38058 0.70369 0.139872 
v -1.45671 0.68916 0.224365 
v -1.38058 0.68916 0.148232 
v -1.43441 0.68916 0.170531 
v -1.44032 0.70369 0.16462 
v -1.4227 0.809635 0.266492 
v -1.4227 0.809635 0.182238 
v -1.44015 0.809635 0.224365 
v -1.321 0.809635 0.224365 
v -1.38058 0.809635 0.164789 
v -1.33845 0.809635 0.182238 
v -1.38058 0.809635 0.283941 
v -1.33845 0.809635 0.266492 
v -1.32083 0.798737 0.16462 
v -1.321 0.809635 0.224365 
v -1.29608 0.798737 0.224365 
v -1.33845 0.809635 0.182238 
v -1.33845 0.809635 0.266492 
v -1.38058 0.798737 0.139872 
v -1.32083 0.798737 0.284111 
v -1.38058 0.809635 0.164789 
v -1.38058 0.798737 0.308858 
v -1.4227 0.809635 0.182238 
v -1.38058 0.809635 0.283941 
v -1.44032 0.798737 0.16462 
v -1.4227 0.809635 0.266492 
v -1.44015 0.809635 0.224365 
v -1.44032 0.798737 0.284111 
v -1.46507 0.798737 0.224365 
v -1.38058 0.393078 0.308112 
v -1.46432 0.377136 0.224365 
v -1.32136 0.393078 0.165147 
v -1.4398 0.393078 0.165147 
v -1.38058 0.377136 0.140618 
v -1.45671 0.476022 0.224365 
v -1.42937 0.481453 0.17557 
v -1.43441 0.476022 0.170531 
v -1.38058 0.476022 0.148232 
v -1.44958 0.481453 0.224365 
v -1.38058 0.481453 0.155359 
v -1.42937 0.481453 0.27316 
v -1.33178 0.481453 0.17557 
v -1.43441 0.476022 0.2782 
v -1.32674 0.476022 0.170531 
v -1.38058 0.481453 0.293371 
v -1.31157 0.481453 0.224365 
v -1.38058 0.476022 0.300499 
v -1.30444 0.476022 0.224365 
v -1.33178 0.481453 0.27316 
v -1.32674 0.476022 0.2782 
v -1.38058 0.393078 0.308112 
v -1.32136 0.393078 0.283583 
v -1.32674 0.397895 0.2782 
v -1.29683 0.393078 0.224365 
v -1.38058 0.397895 0.300499 
v -1.30444 0.397895 0.224365 
v -1.43441 0.397895 0.2782 
v -1.32674 0.397895 0.170531 
v -1.4398 0.393078 0.283583 
v -1.32136 0.393078 0.165147 
v -1.45671 0.397895 0.224365 
v -1.38058 0.397895 0.148232 
v -1.46432 0.393078 0.224365 
v -1.38058 0.393078 0.140618 
v -1.4398 0.393078 0.165147 
v -1.43441 0.397895 0.170531 
v -1.32083 0.798737 0.16462 
v -1.38058 0.798737 0.308858 
v -1.38058 0.809635 0.283941 
v -1.38058 0.377136 0.308112 
v -1.38058 0.372319 0.148232 
v -1.38058 0.372319 0.300499 
v -1.38058 0.377136 0.140618 
v -1.38058 0.68916 0.148232 
v -1.32674 0.68916 0.170531 
v -1.32674 0.486883 0.170531 
v -1.30444 0.68916 0.224365 
v -1.30444 0.486883 0.224365 
v -1.32674 0.68916 0.2782 
v -1.32674 0.486883 0.2782 
v -1.38058 0.68916 0.300499 
v -1.38058 0.658132 0.300499 
v -1.34379 0.621342 0.285263 
v -1.34908 0.514173 0.287453 
v -1.38058 0.377136 0.308112 
v -1.32136 0.393078 0.283583 
v -1.38058 0.393078 0.308112 
v -1.32136 0.377136 0.283583 
v -1.29683 0.393078 0.224365 
v -1.29683 0.377136 0.224365 
v -1.32136 0.393078 0.165147 
v -1.32136 0.377136 0.165147 
v -1.45671 0.476022 0.224365 
v -1.43441 0.397895 0.170531 
v -1.38058 0.476022 0.300499 
v -1.32674 0.397895 0.170531 
v -1.38058 0.397895 0.300499 
v -1.32674 0.476022 0.170531 
v -1.32674 0.476022 0.2782 
v -1.30444 0.397895 0.224365 
v -1.32674 0.397895 0.2782 
v -1.30444 0.476022 0.224365 
v -1.38058 0.70369 0.139872 
v -1.32083 0.70369 0.16462 
v -1.32083 0.798737 0.16462 
v -1.29608 0.70369 0.224365 
v -1.29608 0.798737 0.224365 
v -1.32083 0.70369 0.284111 
v -1.38058 0.798737 0.308858 
v -1.32083 0.798737 0.284111 
v -1.38058 0.70369 0.308858 
v -1.38058 0.70369 0.308858 
v -1.32674 0.68916 0.2782 
v -1.32083 0.70369 0.284111 
v -1.29608 0.70369 0.224365 
v -1.38058 0.68916 0.300499 
v -1.30444 0.68916 0.224365 
v -1.32674 0.68916 0.170531 
v -1.32083 0.70369 0.16462 
v -1.31157 0.481453 0.224365 
v -1.30444 0.486883 0.224365 
v -1.43441 0.486883 0.2782 
v -1.45671 0.486883 0.224365 
v -1.42937 0.481453 0.27316 
v -1.44958 0.481453 0.224365 
v -1.45671 0.486883 0.224365 
v -1.30444 0.486883 0.224365 
v -1.43441 0.486883 0.2782 
v -1.32674 0.68916 0.2782 
v -1.43441 0.68916 0.2782 
v -1.32674 0.486883 0.2782 
v -1.41738 0.621342 0.285252 
v -1.40661 0.64736 0.289716 
v -1.38058 0.68916 0.300499 
v -1.38058 0.658132 0.300499 
v -1.35457 0.64736 0.289727 
v -1.34379 0.621342 0.285263 
v -1.4121 0.514173 0.287442 
v -1.40418 0.595324 0.290723 
v -1.40015 0.59184 0.292393 
v -1.38058 0.486883 0.300499 
v -1.38058 0.503359 0.300499 
v -1.34908 0.514173 0.287453 
v -1.357 0.595324 0.290733 
v -1.36103 0.59184 0.292403 
v -1.38058 0.377136 0.308112 
v -1.32136 0.393078 0.283583 
v -1.38058 0.393078 0.308112 
v -1.32136 0.377136 0.283583 
v -1.4398 0.377136 0.283583 
v -1.4398 0.393078 0.283583 
v -1.45671 0.476022 0.224365 
v -1.43441 0.476022 0.2782 
v -1.43441 0.397895 0.2782 
v -1.38058 0.476022 0.300499 
v -1.38058 0.397895 0.300499 
v -1.32674 0.476022 0.2782 
v -1.32674 0.397895 0.2782 
v -1.30444 0.476022 0.224365 
v -1.46507 0.798737 0.224365 
v -1.46507 0.70369 0.224365 
v -1.44032 0.798737 0.284111 
v -1.44032 0.70369 0.284111 
v -1.32083 0.70369 0.284111 
v -1.38058 0.798737 0.308858 
v -1.32083 0.798737 0.284111 
v -1.38058 0.70369 0.308858 
v -1.45671 0.476022 0.224365 
v -1.44958 0.481453 0.224365 
v -1.30444 0.476022 0.224365 
v -1.38058 0.70369 0.308858 
v -1.32674 0.68916 0.2782 
v -1.32083 0.70369 0.284111 
v -1.38058 0.68916 0.300499 
v -1.43441 0.68916 0.2782 
v -1.44032 0.70369 0.284111 

vn 0 -1 0 
vn 0 -1 0 
vn 0 -1 0 
vn 0 -1 0 
vn 0 -1 0 
vn 0 -1 0 
vn 0 -1 0 
vn 0 -1 0 
vn -0.377953 -0.84252 0.377953 
vn -0.535433 -0.84252 0 
vn -0.535433 -0.84252 0 
vn -0.377953 -0.84252 -0.377953 
vn -0.377953 -0.84252 0.377953 
vn -0.377953 -0.84252 -0.377953 
vn 0 -0.84252 0.535433 
vn 0 -0.84252 -0.535433 
vn 0 -0.84252 0.535433 
vn 0 -0.84252 -0.535433 
vn 0.377953 -0.84252 0.377953 
vn 0.377953 -0.84252 -0.377953 
vn 0.377953 -0.84252 0.377953 
vn 0.377953 -0.84252 -0.377953 
vn 0.535433 -0.84252 0 
vn 0.535433 -0.84252 0 
vn 0.606299 -0.795276 0 
vn 0.425197 -0.795276 -0.425197 
vn 0.606299 -0.795276 0 
vn 0.425197 -0.795276 -0.425197 
vn 0.425197 -0.795276 0.425197 
vn 0 -0.795276 -0.606299 
vn 0.425197 -0.795276 0.425197 
vn 0 -0.795276 -0.606299 
vn 0 -0.795276 0.606299 
vn -0.425197 -0.795276 -0.425197 
vn 0 -0.795276 0.606299 
vn -0.425197 -0.795276 -0.425197 
vn -0.425197 -0.795276 0.425197 
vn -0.606299 -0.795276 0 
vn -0.425197 -0.795276 0.425197 
vn -0.606299 -0.795276 0 
vn 0 -0.84252 0.535433 
vn 0 -0.84252 -0.535433 
vn 0 -0.84252 0.535433 
vn 0 -0.84252 -0.535433 
vn -0.708661 0 -0.708661 
vn 0 0 -1 
vn -0.708661 0 -0.708661 
vn -1 0 0 
vn -1 0 0 
vn 1 0 0 
vn -0.708661 0 0.708661 
vn -0.708661 0 0.708661 
vn -0.385827 0 0.92126 
vn 0 0 1 
vn 0 0 1 
vn 0 0 1 
vn 0 0 1 
vn -0.708661 0 0.708661 
vn -0.708661 0 0.708661 
vn -1 0 0 
vn -1 0 0 
vn -0.708661 0 -0.708661 
vn -0.708661 0 -0.708661 
vn -1 0 0 
vn -1 0 0 
vn -0.708661 0 -0.708661 
vn -0.708661 0 -0.708661 
vn -0.708661 0 0.708661 
vn -0.708661 0 0.708661 
vn 0 0 1 
vn 0 0 -1 
vn -0.708661 0 -0.708661 
vn -0.708661 0 -0.708661 
vn -1 0 0 
vn -1 0 0 
vn -0.708661 0 0.708661 
vn -0.708661 0 0.708661 
vn 0 0 1 
vn 0 -0.496063 0.866142 
vn 0 -0.496063 0.866142 
vn -0.614173 -0.496063 0.614173 
vn -0.614173 -0.496063 0.614173 
vn -0.866142 -0.496063 0 
vn 0 -0.496063 -0.866142 
vn -0.866142 -0.496063 0 
vn 0 -0.496063 -0.866142 
vn -0.614173 -0.496063 -0.614173 
vn -0.614173 -0.496063 -0.614173 
vn 0.606299 -0.795276 0 
vn -0.606299 -0.795276 0 
vn -0.606299 -0.795276 0 
vn -0.708661 0 -0.708661 
vn 0 0 -1 
vn 0 0 -1 
vn 0.708661 0 -0.708661 
vn -0.708661 0 -0.708661 
vn 0.708661 0 -0.708661 
vn -1 0 0 
vn 1 0 0 
vn -1 0 0 
vn 1 0 0 
vn 0.708661 0 -0.708661 
vn 0.708661 0 -0.708661 
vn -0.708661 0 -0.708661 
vn 0 0 -1 
vn -0.708661 0 -0.708661 
vn 0 0 -1 
vn -1 0 0 
vn -0.708661 0 -0.708661 
vn -0.708661 0 -0.708661 
vn 0 0 -1 
vn 0 0 -1 
vn 0.708661 0 -0.708661 
vn 0 0 1 
vn 0.708661 0 -0.708661 
vn 1 0 0 
vn 1 0 0 
vn 0 0 -1 
vn 0 0 -1 
vn -0.708661 0 -0.708661 
vn -0.708661 0 -0.708661 
vn 0.708661 0 -0.708661 
vn -1 0 0 
vn 0.708661 0 -0.708661 
vn -1 0 0 
vn -0.606299 0.795276 0 
vn -0.606299 0.795276 0 
vn 0.606299 0.795276 0 
vn 0.866142 -0.496063 0 
vn 0.866142 -0.496063 0 
vn 0.614173 -0.496063 -0.614173 
vn 0.614173 -0.496063 -0.614173 
vn -0.866142 -0.496063 0 
vn 0 -0.496063 -0.866142 
vn -0.866142 -0.496063 0 
vn 0 -0.496063 -0.866142 
vn -0.614173 -0.496063 -0.614173 
vn -0.614173 -0.496063 -0.614173 
vn 0 1 0 
vn 0 1 0 
vn 0 1 0 
vn 0 1 0 
vn 0 1 0 
vn 0 1 0 
vn 0 1 0 
vn 0 1 0 
vn 0.283465 0.913386 -0.283465 
vn 0.401575 0.913386 0 
vn 0.401575 0.913386 0 
vn 0.283465 0.913386 -0.283465 
vn 0.283465 0.913386 0.283465 
vn 0 0.913386 -0.401575 
vn 0.283465 0.913386 0.283465 
vn 0 0.913386 -0.401575 
vn 0 0.913386 0.401575 
vn -0.283465 0.913386 -0.283465 
vn 0 0.913386 0.401575 
vn -0.283465 0.913386 -0.283465 
vn -0.283465 0.913386 0.283465 
vn -0.401575 0.913386 0 
vn -0.283465 0.913386 0.283465 
vn -0.401575 0.913386 0 
vn 0 0 1 
vn -1 0 0 
vn 0.708661 0 -0.708661 
vn -0.708661 0 -0.708661 
vn 0 0 -1 
vn -0.606299 0.795276 0 
vn -0.425197 0.795276 -0.425197 
vn -0.425197 0.795276 -0.425197 
vn 0 0.795276 -0.606299 
vn -0.606299 0.795276 0 
vn 0 0.795276 -0.606299 
vn -0.425197 0.795276 0.425197 
vn 0.425197 0.795276 -0.425197 
vn -0.425197 0.795276 0.425197 
vn 0.425197 0.795276 -0.425197 
vn 0 0.795276 0.606299 
vn 0.606299 0.795276 0 
vn 0 0.795276 0.606299 
vn 0.606299 0.795276 0 
vn 0.425197 0.795276 0.425197 
vn 0.425197 0.795276 0.425197 
vn 0 0.84252 0.535433 
vn 0.377953 0.84252 0.377953 
vn 0.377953 0.84252 0.377953 
vn 0.535433 0.84252 0 
vn 0 0.84252 0.535433 
vn 0.535433 0.84252 0 
vn -0.377953 0.84252 0.377953 
vn 0.377953 0.84252 -0.377953 
vn -0.377953 0.84252 0.377953 
vn 0.377953 0.84252 -0.377953 
vn -0.535433 0.84252 0 
vn 0 0.84252 -0.535433 
vn -0.535433 0.84252 0 
vn 0 0.84252 -0.535433 
vn -0.377953 0.84252 -0.377953 
vn -0.377953 0.84252 -0.377953 
vn 0.283465 0.913386 -0.283465 
vn 0 0.913386 0.401575 
vn 0 0.913386 0.401575 
vn 0 -0.84252 0.535433 
vn 0 -0.84252 -0.535433 
vn 0 -0.84252 0.535433 
vn 0 -0.84252 -0.535433 
vn 0 0 -1 
vn 0.708661 0 -0.708661 
vn 0.708661 0 -0.708661 
vn 1 0 0 
vn 1 0 0 
vn 0.708661 0 0.708661 
vn 0.708661 0 0.708661 
vn 0 0 1 
vn 0 0 1 
vn 0.385827 0 0.92126 
vn 0.385827 0 0.92126 
vn 0 0 1 
vn 0.708661 0 0.708661 
vn 0 0 1 
vn 0.708661 0 0.708661 
vn 1 0 0 
vn 1 0 0 
vn 0.708661 0 -0.708661 
vn 0.708661 0 -0.708661 
vn -1 0 0 
vn -0.708661 0 -0.708661 
vn 0 0 1 
vn 0.708661 0 -0.708661 
vn 0 0 1 
vn 0.708661 0 -0.708661 
vn 0.708661 0 0.708661 
vn 1 0 0 
vn 0.708661 0 0.708661 
vn 1 0 0 
vn 0 0 -1 
vn 0.708661 0 -0.708661 
vn 0.708661 0 -0.708661 
vn 1 0 0 
vn 1 0 0 
vn 0.708661 0 0.708661 
vn 0 0 1 
vn 0.708661 0 0.708661 
vn 0 0 1 
vn 0 -0.496063 0.866142 
vn 0.614173 -0.496063 0.614173 
vn 0.614173 -0.496063 0.614173 
vn 0.866142 -0.496063 0 
vn 0 -0.496063 0.866142 
vn 0.866142 -0.496063 0 
vn 0.614173 -0.496063 -0.614173 
vn 0.614173 -0.496063 -0.614173 
vn 0.606299 -0.795276 0 
vn 0.606299 -0.795276 0 
vn -0.425197 -0.795276 0.425197 
vn -0.606299 -0.795276 0 
vn -0.425197 -0.795276 0.425197 
vn -0.606299 -0.795276 0 
vn -1 0 0 
vn 1 0 0 
vn -0.708661 0 0.708661 
vn 0.708661 0 0.708661 
vn -0.708661 0 0.708661 
vn 0.708661 0 0.708661 
vn -0.385827 0 0.92126 
vn -0.385827 0 0.92126 
vn 0 0 1 
vn 0 0 1 
vn 0.385827 0 0.92126 
vn 0.385827 0 0.92126 
vn -0.385827 0 0.92126 
vn -0.385827 0 0.92126 
vn -0.385827 0 0.92126 
vn 0 0 1 
vn 0 0 1 
vn 0.385827 0 0.92126 
vn 0.385827 0 0.92126 
vn 0.385827 0 0.92126 
vn 0 0 1 
vn 0.708661 0 0.708661 
vn 0 0 1 
vn 0.708661 0 0.708661 
vn -0.708661 0 0.708661 
vn -0.708661 0 0.708661 
vn -1 0 0 
vn -0.708661 0 0.708661 
vn -0.708661 0 0.708661 
vn 0 0 1 
vn 0 0 1 
vn 0.708661 0 0.708661 
vn 0.708661 0 0.708661 
vn 1 0 0 
vn -1 0 0 
vn -1 0 0 
vn -0.708661 0 0.708661 
vn -0.708661 0 0.708661 
vn 0.708661 0 0.708661 
vn 0 0 1 
vn 0.708661 0 0.708661 
vn 0 0 1 
vn -0.606299 0.795276 0 
vn -0.606299 0.795276 0 
vn 0.606299 0.795276 0 
vn 0 -0.496063 0.866142 
vn 0.614173 -0.496063 0.614173 
vn 0.614173 -0.496063 0.614173 
vn 0 -0.496063 0.866142 
vn -0.614173 -0.496063 0.614173 
vn -0.614173 -0.496063 0.614173 

vt 0.265769 1.26761 
vt 0.265769 1.2407 
vt 0.271344 1.25415 
vt 0.238852 1.26761 
vt 0.252311 1.27319 
vt 0.238852 1.2407 
vt 0.233277 1.25415 
vt 0.252311 1.23512 
vt 0.267115 1.26896 
vt 0.252311 1.27509 
vt 0.252311 1.27319 
vt 0.237506 1.26896 
vt 0.265769 1.26761 
vt 0.238852 1.26761 
vt 0.273247 1.25415 
vt 0.233277 1.25415 
vt 0.271344 1.25415 
vt 0.231374 1.25415 
vt 0.265769 1.2407 
vt 0.237506 1.23935 
vt 0.267115 1.23935 
vt 0.238852 1.2407 
vt 0.252311 1.23322 
vt 0.252311 1.23512 
vt 0.252311 1.2369 
vt 0.238852 1.2407 
vt 0.252311 1.23512 
vt 0.240112 1.24196 
vt 0.264509 1.24196 
vt 0.233277 1.25415 
vt 0.265769 1.2407 
vt 0.235059 1.25415 
vt 0.271344 1.25415 
vt 0.240112 1.26635 
vt 0.269562 1.25415 
vt 0.238852 1.26761 
vt 0.265769 1.26761 
vt 0.252311 1.27319 
vt 0.264509 1.26635 
vt 0.252311 1.27141 
vt 0.19885 1.23322 
vt 0.197646 1.27319 
vt 0.197646 1.23512 
vt 0.19885 1.27509 
vt 0.226287 1.26761 
vt 0.276856 1.27319 
vt 0.276856 1.26761 
vt 0.226287 1.25415 
vt 0.276856 1.25415 
vt 0.226287 1.25415 
vt 0.226287 1.2407 
vt 0.276856 1.2407 
vt 0.259902 1.23893 
vt 0.276856 1.23512 
vt 0.269099 1.23512 
vt 0.19885 1.23322 
vt 0.202836 1.23322 
vt 0.19885 1.23935 
vt 0.202836 1.23935 
vt 0.19885 1.25415 
vt 0.202836 1.25415 
vt 0.19885 1.26896 
vt 0.202836 1.26896 
vt 0.20404 1.25415 
vt 0.223572 1.25415 
vt 0.20404 1.26761 
vt 0.223572 1.26761 
vt 0.223572 1.2407 
vt 0.20404 1.2407 
vt 0.20404 1.23512 
vt 0.280489 1.27528 
vt 0.304251 1.26909 
vt 0.280489 1.26909 
vt 0.304251 1.25415 
vt 0.280489 1.25415 
vt 0.304251 1.23922 
vt 0.280489 1.23922 
vt 0.280489 1.23303 
vt 0.280489 1.23303 
vt 0.276856 1.23512 
vt 0.276856 1.2407 
vt 0.280489 1.23922 
vt 0.280489 1.25415 
vt 0.280489 1.27528 
vt 0.276856 1.25415 
vt 0.276856 1.27319 
vt 0.276856 1.26761 
vt 0.280489 1.26909 
vt 0.278334 1.23512 
vt 0.278334 1.27319 
vt 0.279692 1.27141 
vt 0.278334 1.26761 
vt 0.227765 1.25415 
vt 0.278334 1.25415 
vt 0.227765 1.2407 
vt 0.227765 1.26761 
vt 0.278334 1.2407 
vt 0.278334 1.27319 
vt 0.227765 1.23512 
vt 0.227765 1.27319 
vt 0.278334 1.23512 
vt 0.301785 1.23935 
vt 0.305771 1.23935 
vt 0.305771 1.26896 
vt 0.301785 1.25415 
vt 0.301785 1.26896 
vt 0.305771 1.25415 
vt 0.281049 1.27319 
vt 0.300581 1.26761 
vt 0.281049 1.26761 
vt 0.300581 1.25415 
vt 0.281049 1.25415 
vt 0.300581 1.2407 
vt 0.300581 1.25415 
vt 0.281049 1.2407 
vt 0.300581 1.23512 
vt 0.281049 1.23512 
vt 0.200371 1.25415 
vt 0.224132 1.25415 
vt 0.200371 1.26909 
vt 0.224132 1.26909 
vt 0.224132 1.23922 
vt 0.200371 1.27528 
vt 0.200371 1.23922 
vt 0.224132 1.27528 
vt 0.281049 1.27319 
vt 0.279692 1.27141 
vt 0.281049 1.23512 
vt 0.224132 1.23303 
vt 0.227765 1.23512 
vt 0.227765 1.2407 
vt 0.224132 1.23922 
vt 0.224132 1.27528 
vt 0.224132 1.25415 
vt 0.227765 1.27319 
vt 0.227765 1.25415 
vt 0.227765 1.26761 
vt 0.224132 1.26909 
vt 0.241779 1.26469 
vt 0.262842 1.26469 
vt 0.252311 1.26905 
vt 0.252311 1.23926 
vt 0.267205 1.25415 
vt 0.262842 1.24362 
vt 0.237417 1.25415 
vt 0.241779 1.24362 
vt 0.267247 1.23922 
vt 0.252311 1.23926 
vt 0.252311 1.23303 
vt 0.262842 1.24362 
vt 0.241779 1.24362 
vt 0.273434 1.25415 
vt 0.237374 1.23922 
vt 0.267205 1.25415 
vt 0.231187 1.25415 
vt 0.262842 1.26469 
vt 0.237417 1.25415 
vt 0.267247 1.26909 
vt 0.241779 1.26469 
vt 0.252311 1.26905 
vt 0.237374 1.26909 
vt 0.252311 1.27528 
vt 0.231374 1.25415 
vt 0.252311 1.27509 
vt 0.267115 1.23935 
vt 0.267115 1.26896 
vt 0.273247 1.25415 
vt 0.252311 1.27319 
vt 0.264509 1.26635 
vt 0.265769 1.26761 
vt 0.271344 1.25415 
vt 0.252311 1.27141 
vt 0.269562 1.25415 
vt 0.240112 1.26635 
vt 0.264509 1.24196 
vt 0.238852 1.26761 
vt 0.265769 1.2407 
vt 0.235059 1.25415 
vt 0.252311 1.2369 
vt 0.233277 1.25415 
vt 0.252311 1.23512 
vt 0.240112 1.24196 
vt 0.238852 1.2407 
vt 0.231374 1.25415 
vt 0.237506 1.23935 
vt 0.238852 1.2407 
vt 0.252311 1.23322 
vt 0.233277 1.25415 
vt 0.252311 1.23512 
vt 0.238852 1.26761 
vt 0.265769 1.2407 
vt 0.237506 1.26896 
vt 0.267115 1.23935 
vt 0.252311 1.27319 
vt 0.271344 1.25415 
vt 0.252311 1.27509 
vt 0.273247 1.25415 
vt 0.267115 1.26896 
vt 0.265769 1.26761 
vt 0.200371 1.26909 
vt 0.200371 1.23303 
vt 0.197646 1.23926 
vt 0.305771 1.23322 
vt 0.306975 1.27319 
vt 0.306975 1.23512 
vt 0.305771 1.27509 
vt 0.227765 1.27319 
vt 0.227765 1.26761 
vt 0.278334 1.26761 
vt 0.227765 1.25415 
vt 0.278334 1.25415 
vt 0.227765 1.2407 
vt 0.278334 1.2407 
vt 0.227765 1.23512 
vt 0.235522 1.23512 
vt 0.244719 1.23893 
vt 0.271512 1.23838 
vt 0.305771 1.23322 
vt 0.301785 1.23935 
vt 0.301785 1.23322 
vt 0.305771 1.23935 
vt 0.301785 1.25415 
vt 0.305771 1.25415 
vt 0.301785 1.26896 
vt 0.305771 1.26896 
vt 0.281049 1.25415 
vt 0.300581 1.26761 
vt 0.281049 1.23512 
vt 0.300581 1.26761 
vt 0.300581 1.23512 
vt 0.281049 1.26761 
vt 0.281049 1.2407 
vt 0.300581 1.25415 
vt 0.300581 1.2407 
vt 0.281049 1.25415 
vt 0.224132 1.27528 
vt 0.224132 1.26909 
vt 0.200371 1.26909 
vt 0.224132 1.25415 
vt 0.200371 1.25415 
vt 0.224132 1.23922 
vt 0.200371 1.23303 
vt 0.200371 1.23922 
vt 0.224132 1.23303 
vt 0.224132 1.23303 
vt 0.227765 1.2407 
vt 0.224132 1.23922 
vt 0.224132 1.25415 
vt 0.227765 1.23512 
vt 0.227765 1.25415 
vt 0.227765 1.26761 
vt 0.224132 1.26909 
vt 0.22493 1.2369 
vt 0.226287 1.23512 
vt 0.226287 1.26761 
vt 0.226287 1.27319 
vt 0.22493 1.26635 
vt 0.22493 1.27141 
vt 0.226287 1.27319 
vt 0.226287 1.23512 
vt 0.226287 1.26761 
vt 0.276856 1.2407 
vt 0.276856 1.26761 
vt 0.226287 1.2407 
vt 0.259902 1.26336 
vt 0.266406 1.26066 
vt 0.276856 1.25415 
vt 0.269099 1.25415 
vt 0.266406 1.24765 
vt 0.259902 1.24496 
vt 0.23311 1.26203 
vt 0.253397 1.26005 
vt 0.252526 1.25905 
vt 0.226287 1.25415 
vt 0.230406 1.25415 
vt 0.23311 1.24628 
vt 0.253397 1.24826 
vt 0.252526 1.24927 
vt 0.19885 1.25415 
vt 0.202836 1.23935 
vt 0.202836 1.25415 
vt 0.19885 1.23935 
vt 0.19885 1.26896 
vt 0.202836 1.26896 
vt 0.223572 1.27319 
vt 0.223572 1.26761 
vt 0.20404 1.26761 
vt 0.223572 1.25415 
vt 0.20404 1.25415 
vt 0.223572 1.2407 
vt 0.20404 1.2407 
vt 0.223572 1.23512 
vt 0.304251 1.27528 
vt 0.280489 1.27528 
vt 0.304251 1.26909 
vt 0.280489 1.26909 
vt 0.280489 1.23922 
vt 0.304251 1.25415 
vt 0.304251 1.23922 
vt 0.280489 1.25415 
vt 0.223572 1.27319 
vt 0.22493 1.27141 
vt 0.223572 1.23512 
vt 0.280489 1.25415 
vt 0.276856 1.2407 
vt 0.280489 1.23922 
vt 0.276856 1.25415 
vt 0.276856 1.26761 
vt 0.280489 1.26909 

usemtl Metal3Mtl

f 2197/2197/2197 2198/2198/2198 2199/2199/2199 
f 2198/2198/2198 2197/2197/2197 2200/2200/2200 
f 2200/2200/2200 2197/2197/2197 2201/2201/2201 
f 2198/2198/2198 2200/2200/2200 2202/2202/2202 
f 2202/2202/2202 2200/2200/2200 2203/2203/2203 
f 2198/2198/2198 2202/2202/2202 2204/2204/2204 
f 2205/2205/2205 2206/2206/2206 2207/2207/2207 
f 2208/2208/2208 2207/2207/2207 2206/2206/2206 
f 2205/2205/2205 2207/2207/2207 2209/2209/2209 
f 2207/2207/2207 2208/2208/2208 2210/2210/2210 
f 2209/2209/2209 2211/2211/2211 2205/2205/2205 
f 2208/2208/2208 2212/2212/2212 2210/2210/2210 
f 2211/2211/2211 2209/2209/2209 2213/2213/2213 
f 2212/2212/2212 2208/2208/2208 2214/2214/2214 
f 2215/2215/2215 2211/2211/2211 2213/2213/2213 
f 2216/2216/2216 2212/2212/2212 2214/2214/2214 
f 2211/2211/2211 2215/2215/2215 2217/2217/2217 
f 2212/2212/2212 2216/2216/2216 2218/2218/2218 
f 2219/2219/2219 2217/2217/2217 2215/2215/2215 
f 2219/2219/2219 2218/2218/2218 2216/2216/2216 
f 2219/2219/2219 2215/2215/2215 2220/2220/2220 
f 2218/2218/2218 2219/2219/2219 2220/2220/2220 
f 2221/2221/2221 2222/2222/2222 2223/2223/2223 
f 2222/2222/2222 2221/2221/2221 2224/2224/2224 
f 2223/2223/2223 2225/2225/2225 2221/2221/2221 
f 2226/2226/2226 2222/2222/2222 2224/2224/2224 
f 2223/2223/2223 2227/2227/2227 2225/2225/2225 
f 2224/2224/2224 2228/2228/2228 2226/2226/2226 
f 2229/2229/2229 2225/2225/2225 2227/2227/2227 
f 2230/2230/2230 2226/2226/2226 2228/2228/2228 
f 2225/2225/2225 2229/2229/2229 2231/2231/2231 
f 2226/2226/2226 2230/2230/2230 2232/2232/2232 
f 2233/2233/2233 2231/2231/2231 2229/2229/2229 
f 2234/2234/2234 2232/2232/2232 2230/2230/2230 
f 2231/2231/2231 2233/2233/2233 2235/2235/2235 
f 2234/2234/2234 2235/2235/2235 2233/2233/2233 
f 2235/2235/2235 2234/2234/2234 2236/2236/2236 
f 2234/2234/2234 2230/2230/2230 2236/2236/2236 
f 2244/2244/2244 2243/2243/2243 2241/2241/2241 
f 2244/2244/2244 2245/2245/2245 2243/2243/2243 
f 2247/2247/2247 2245/2245/2245 2244/2244/2244 
f 2247/2247/2247 2248/2248/2248 2245/2245/2245 
f 2256/2256/2256 2254/2254/2254 2255/2255/2255 
f 2255/2255/2255 2257/2257/2257 2256/2256/2256 
f 2258/2258/2258 2256/2256/2256 2257/2257/2257 
f 2257/2257/2257 2259/2259/2259 2258/2258/2258 
f 2260/2260/2260 2261/2261/2261 2262/2262/2262 
f 2261/2261/2261 2263/2263/2263 2262/2262/2262 
f 2264/2264/2264 2261/2261/2261 2260/2260/2260 
f 2265/2265/2265 2264/2264/2264 2260/2260/2260 
f 2269/2269/2269 2270/2270/2270 2268/2268/2268 
f 2270/2270/2270 2269/2269/2269 2271/2271/2271 
f 2271/2271/2271 2272/2272/2272 2270/2270/2270 
f 2272/2272/2272 2271/2271/2271 2273/2273/2273 
f 2279/2279/2279 2277/2277/2277 2278/2278/2278 
f 2277/2277/2277 2279/2279/2279 2281/2281/2281 
f 2279/2279/2279 2283/2283/2283 2281/2281/2281 
f 2279/2279/2279 2284/2284/2284 2283/2283/2283 
f 2288/2288/2288 2289/2289/2289 2290/2290/2290 
f 2291/2291/2291 2290/2290/2290 2289/2289/2289 
f 2289/2289/2289 2288/2288/2288 2292/2292/2292 
f 2291/2291/2291 2293/2293/2293 2290/2290/2290 
f 2299/2299/2299 2301/2301/2301 2298/2298/2298 
f 2301/2301/2301 2299/2299/2299 2303/2303/2303 
f 2302/2302/2302 2303/2303/2303 2300/2300/2300 
f 2303/2303/2303 2302/2302/2302 2301/2301/2301 
f 2306/2306/2306 2307/2307/2307 2305/2305/2305 
f 2307/2307/2307 2306/2306/2306 2308/2308/2308 
f 2308/2308/2308 2309/2309/2309 2307/2307/2307 
f 2309/2309/2309 2308/2308/2308 2311/2311/2311 
f 2314/2314/2314 2315/2315/2315 2316/2316/2316 
f 2315/2315/2315 2317/2317/2317 2316/2316/2316 
f 2318/2318/2318 2315/2315/2315 2314/2314/2314 
f 2320/2320/2320 2318/2318/2318 2314/2314/2314 
f 2330/2330/2330 2328/2328/2328 2327/2327/2327 
f 2327/2327/2327 2332/2332/2332 2330/2330/2330 
f 2333/2333/2333 2330/2330/2330 2332/2332/2332 
f 2330/2330/2330 2333/2333/2333 2334/2334/2334 
f 2335/2335/2335 2336/2336/2336 2337/2337/2337 
f 2338/2338/2338 2336/2336/2336 2335/2335/2335 
f 2336/2336/2336 2338/2338/2338 2339/2339/2339 
f 2339/2339/2339 2338/2338/2338 2340/2340/2340 
f 2338/2338/2338 2335/2335/2335 2341/2341/2341 
f 2338/2338/2338 2341/2341/2341 2342/2342/2342 
f 2343/2343/2343 2344/2344/2344 2345/2345/2345 
f 2344/2344/2344 2343/2343/2343 2346/2346/2346 
f 2347/2347/2347 2345/2345/2345 2344/2344/2344 
f 2348/2348/2348 2346/2346/2346 2343/2343/2343 
f 2345/2345/2345 2347/2347/2347 2349/2349/2349 
f 2346/2346/2346 2348/2348/2348 2350/2350/2350 
f 2347/2347/2347 2351/2351/2351 2349/2349/2349 
f 2352/2352/2352 2350/2350/2350 2348/2348/2348 
f 2351/2351/2351 2347/2347/2347 2353/2353/2353 
f 2348/2348/2348 2354/2354/2354 2352/2352/2352 
f 2355/2355/2355 2351/2351/2351 2353/2353/2353 
f 2354/2354/2354 2356/2356/2356 2352/2352/2352 
f 2351/2351/2351 2355/2355/2355 2357/2357/2357 
f 2356/2356/2356 2357/2357/2357 2355/2355/2355 
f 2356/2356/2356 2354/2354/2354 2358/2358/2358 
f 2357/2357/2357 2356/2356/2356 2358/2358/2358 
f 2364/2364/2364 2365/2365/2365 2366/2366/2366 
f 2365/2365/2365 2367/2367/2367 2366/2366/2366 
f 2365/2365/2365 2364/2364/2364 2368/2368/2368 
f 2367/2367/2367 2365/2365/2365 2369/2369/2369 
f 2370/2370/2370 2368/2368/2368 2364/2364/2364 
f 2371/2371/2371 2367/2367/2367 2369/2369/2369 
f 2364/2364/2364 2372/2372/2372 2370/2370/2370 
f 2367/2367/2367 2371/2371/2371 2373/2373/2373 
f 2372/2372/2372 2374/2374/2374 2370/2370/2370 
f 2375/2375/2375 2373/2373/2373 2371/2371/2371 
f 2372/2372/2372 2376/2376/2376 2374/2374/2374 
f 2373/2373/2373 2375/2375/2375 2377/2377/2377 
f 2376/2376/2376 2378/2378/2378 2374/2374/2374 
f 2378/2378/2378 2377/2377/2377 2375/2375/2375 
f 2376/2376/2376 2379/2379/2379 2378/2378/2378 
f 2377/2377/2377 2378/2378/2378 2379/2379/2379 
f 2380/2380/2380 2381/2381/2381 2382/2382/2382 
f 2383/2383/2383 2382/2382/2382 2381/2381/2381 
f 2380/2380/2380 2382/2382/2382 2384/2384/2384 
f 2382/2382/2382 2383/2383/2383 2385/2385/2385 
f 2386/2386/2386 2380/2380/2380 2384/2384/2384 
f 2383/2383/2383 2387/2387/2387 2385/2385/2385 
f 2380/2380/2380 2386/2386/2386 2388/2388/2388 
f 2383/2383/2383 2389/2389/2389 2387/2387/2387 
f 2390/2390/2390 2388/2388/2388 2386/2386/2386 
f 2391/2391/2391 2387/2387/2387 2389/2389/2389 
f 2388/2388/2388 2390/2390/2390 2392/2392/2392 
f 2389/2389/2389 2393/2393/2393 2391/2391/2391 
f 2394/2394/2394 2392/2392/2392 2390/2390/2390 
f 2394/2394/2394 2391/2391/2391 2393/2393/2393 
f 2394/2394/2394 2390/2390/2390 2395/2395/2395 
f 2391/2391/2391 2394/2394/2394 2395/2395/2395 
f 2406/2406/2406 2405/2405/2405 2404/2404/2404 
f 2405/2405/2405 2406/2406/2406 2407/2407/2407 
f 2408/2408/2408 2407/2407/2407 2406/2406/2406 
f 2407/2407/2407 2408/2408/2408 2409/2409/2409 
f 2417/2417/2417 2418/2418/2418 2415/2415/2415 
f 2418/2418/2418 2417/2417/2417 2419/2419/2419 
f 2419/2419/2419 2420/2420/2420 2418/2418/2418 
f 2420/2420/2420 2419/2419/2419 2421/2421/2421 
f 2427/2427/2427 2429/2429/2429 2425/2425/2425 
f 2429/2429/2429 2427/2427/2427 2431/2431/2431 
f 2430/2430/2430 2431/2431/2431 2428/2428/2428 
f 2431/2431/2431 2430/2430/2430 2429/2429/2429 
f 2435/2435/2435 2433/2433/2433 2434/2434/2434 
f 2436/2436/2436 2435/2435/2435 2434/2434/2434 
f 2437/2437/2437 2435/2435/2435 2436/2436/2436 
f 2439/2439/2439 2437/2437/2437 2436/2436/2436 
f 2444/2444/2444 2443/2443/2443 2442/2442/2442 
f 2442/2442/2442 2446/2446/2446 2444/2444/2444 
f 2447/2447/2447 2444/2444/2444 2446/2446/2446 
f 2444/2444/2444 2447/2447/2447 2448/2448/2448 
f 2459/2459/2459 2457/2457/2457 2461/2461/2461 
f 2459/2459/2459 2461/2461/2461 2462/2462/2462 
f 2463/2463/2463 2459/2459/2459 2462/2462/2462 
f 2462/2462/2462 2464/2464/2464 2463/2463/2463 
f 2465/2465/2465 2463/2463/2463 2464/2464/2464 
f 2463/2463/2463 2465/2465/2465 2458/2458/2458 
f 2465/2465/2465 2466/2466/2466 2458/2458/2458 
f 2460/2460/2460 2458/2458/2458 2466/2466/2466 
f 2467/2467/2467 2461/2461/2461 2457/2457/2457 
f 2461/2461/2461 2467/2467/2467 2468/2468/2468 
f 2468/2468/2468 2467/2467/2467 2469/2469/2469 
f 2470/2470/2470 2467/2467/2467 2457/2457/2457 
f 2467/2467/2467 2470/2470/2470 2471/2471/2471 
f 2470/2470/2470 2472/2472/2472 2471/2471/2471 
f 2470/2470/2470 2460/2460/2460 2472/2472/2472 
f 2466/2466/2466 2472/2472/2472 2460/2460/2460 
f 2472/2472/2472 2466/2466/2466 2473/2473/2473 
f 2472/2472/2472 2473/2473/2473 2474/2474/2474 
f 2475/2475/2475 2476/2476/2476 2477/2477/2477 
f 2476/2476/2476 2475/2475/2475 2478/2478/2478 
f 2477/2477/2477 2479/2479/2479 2475/2475/2475 
f 2479/2479/2479 2477/2477/2477 2480/2480/2480 
f 2483/2483/2483 2484/2484/2484 2482/2482/2482 
f 2484/2484/2484 2483/2483/2483 2485/2485/2485 
f 2485/2485/2485 2486/2486/2486 2484/2484/2484 
f 2486/2486/2486 2485/2485/2485 2487/2487/2487 
f 2491/2491/2491 2492/2492/2492 2494/2494/2494 
f 2492/2492/2492 2496/2496/2496 2494/2494/2494 
f 2496/2496/2496 2493/2493/2493 2495/2495/2495 
f 2494/2494/2494 2496/2496/2496 2495/2495/2495 
f 2500/2500/2500 2501/2501/2501 2502/2502/2502 
f 2501/2501/2501 2500/2500/2500 2503/2503/2503 
f 2504/2504/2504 2503/2503/2503 2500/2500/2500 
f 2500/2500/2500 2505/2505/2505 2504/2504/2504 

g Black4

v -1.20415 0.595301 0.290694 
v -1.20658 0.647337 0.289687 
v -1.21736 0.621319 0.285223 
v -1.18055 0.658109 0.30047 
v -1.20012 0.591817 0.292364 
v -1.18055 0.503336 0.30047 
v -1.21207 0.514149 0.287413 
v -1.16101 0.591817 0.292374 
v -1.14906 0.514149 0.287424 
v -1.15698 0.595301 0.290704 
v -1.15455 0.647337 0.289698 
v -1.14377 0.621319 0.285234 

vn -0.385827 0 0.92126 
vn -0.385827 0 0.92126 
vn -0.385827 0 0.92126 
vn 0 0 1 
vn -0.385827 0 0.92126 
vn 0 0 1 
vn -0.385827 0 0.92126 
vn 0.385827 0 0.92126 
vn 0.385827 0 0.92126 
vn 0.385827 0 0.92126 
vn 0.385827 0 0.92126 
vn 0.385827 0 0.92126 

vt 50.0146 -44.9764 
vt 50.0666 -44.974 
vt 50.0406 -44.9632 
vt 50.0774 -45 
vt 50.0111 -44.9804 
vt 49.9226 -45 
vt 49.9334 -44.9685 
vt 50.0111 -45.0196 
vt 49.9334 -45.0315 
vt 50.0146 -45.0236 
vt 50.0666 -45.026 
vt 50.0406 -45.0368 

usemtl Black1Mtl

f 2506/2506/2506 2507/2507/2507 2508/2508/2508 
f 2507/2507/2507 2506/2506/2506 2509/2509/2509 
f 2509/2509/2509 2506/2506/2506 2510/2510/2510 
f 2511/2511/2511 2509/2509/2509 2510/2510/2510 
f 2510/2510/2510 2512/2512/2512 2511/2511/2511 
f 2509/2509/2509 2511/2511/2511 2513/2513/2513 
f 2511/2511/2511 2514/2514/2514 2513/2513/2513 
f 2515/2515/2515 2509/2509/2509 2513/2513/2513 
f 2509/2509/2509 2515/2515/2515 2516/2516/2516 
f 2516/2516/2516 2515/2515/2515 2517/2517/2517 

g Metal4

v -1.2344 0.372319 0.2782 
v -1.12673 0.372319 0.2782 
v -1.18056 0.372319 0.300499 
v -1.2344 0.372319 0.170531 
v -1.2567 0.372319 0.224365 
v -1.12673 0.372319 0.170531 
v -1.18056 0.372319 0.148232 
v -1.10443 0.372319 0.224365 
v -1.23978 0.377136 0.283583 
v -1.26431 0.377136 0.224365 
v -1.2567 0.372319 0.224365 
v -1.23978 0.377136 0.165147 
v -1.2344 0.372319 0.2782 
v -1.2344 0.372319 0.170531 
v -1.18056 0.377136 0.308112 
v -1.18056 0.372319 0.148232 
v -1.18056 0.372319 0.300499 
v -1.18056 0.377136 0.140618 
v -1.12673 0.372319 0.2782 
v -1.12135 0.377136 0.165147 
v -1.12135 0.377136 0.283583 
v -1.12673 0.372319 0.170531 
v -1.09682 0.377136 0.224365 
v -1.10443 0.372319 0.224365 
v -1.11156 0.481453 0.224365 
v -1.12673 0.486883 0.170531 
v -1.10443 0.486883 0.224365 
v -1.13177 0.481453 0.17557 
v -1.13177 0.481453 0.27316 
v -1.18056 0.486883 0.148232 
v -1.12673 0.486883 0.2782 
v -1.18056 0.481453 0.155359 
v -1.18056 0.486883 0.300499 
v -1.22936 0.481453 0.17557 
v -1.18056 0.481453 0.293371 
v -1.2344 0.486883 0.170531 
v -1.2344 0.486883 0.2782 
v -1.2567 0.486883 0.224365 
v -1.22936 0.481453 0.27316 
v -1.24957 0.481453 0.224365 
v -1.18056 0.377136 0.308112 
v -1.18056 0.372319 0.148232 
v -1.18056 0.372319 0.300499 
v -1.18056 0.377136 0.140618 
v -1.2344 0.486883 0.170531 
v -1.18056 0.68916 0.148232 
v -1.2344 0.68916 0.170531 
v -1.2567 0.486883 0.224365 
v -1.2567 0.68916 0.224365 
v -1.10443 0.486883 0.224365 
v -1.2344 0.486883 0.2782 
v -1.2344 0.68916 0.2782 
v -1.21737 0.621342 0.285252 
v -1.18056 0.68916 0.300499 
v -1.18056 0.658132 0.300499 
v -1.18056 0.377136 0.308112 
v -1.18056 0.393078 0.308112 
v -1.23978 0.377136 0.283583 
v -1.23978 0.393078 0.283583 
v -1.26431 0.377136 0.224365 
v -1.26431 0.393078 0.224365 
v -1.23978 0.377136 0.165147 
v -1.23978 0.393078 0.165147 
v -1.2567 0.397895 0.224365 
v -1.2567 0.476022 0.224365 
v -1.2344 0.397895 0.170531 
v -1.2344 0.476022 0.170531 
v -1.2344 0.476022 0.2782 
v -1.2344 0.397895 0.2782 
v -1.18056 0.397895 0.300499 
v -1.18056 0.70369 0.139872 
v -1.24031 0.798737 0.16462 
v -1.24031 0.70369 0.16462 
v -1.26506 0.798737 0.224365 
v -1.26506 0.70369 0.224365 
v -1.24031 0.798737 0.284111 
v -1.24031 0.70369 0.284111 
v -1.18056 0.70369 0.308858 
v -1.18056 0.70369 0.308858 
v -1.18056 0.68916 0.300499 
v -1.2344 0.68916 0.2782 
v -1.24031 0.70369 0.284111 
v -1.26506 0.70369 0.224365 
v -1.18056 0.70369 0.139872 
v -1.2567 0.68916 0.224365 
v -1.18056 0.68916 0.148232 
v -1.2344 0.68916 0.170531 
v -1.24031 0.70369 0.16462 
v -1.10443 0.486883 0.224365 
v -1.2567 0.486883 0.224365 
v -1.24957 0.481453 0.224365 
v -1.2344 0.486883 0.170531 
v -1.18056 0.68916 0.148232 
v -1.18056 0.486883 0.148232 
v -1.12673 0.68916 0.170531 
v -1.2344 0.68916 0.170531 
v -1.12673 0.486883 0.170531 
v -1.2567 0.486883 0.224365 
v -1.10443 0.68916 0.224365 
v -1.2567 0.68916 0.224365 
v -1.10443 0.486883 0.224365 
v -1.12135 0.393078 0.165147 
v -1.12135 0.377136 0.165147 
v -1.23978 0.377136 0.165147 
v -1.18056 0.393078 0.140618 
v -1.23978 0.393078 0.165147 
v -1.18056 0.377136 0.140618 
v -1.2567 0.476022 0.224365 
v -1.2344 0.397895 0.170531 
v -1.2344 0.476022 0.170531 
v -1.18056 0.397895 0.148232 
v -1.18056 0.476022 0.148232 
v -1.12673 0.397895 0.170531 
v -1.18056 0.397895 0.300499 
v -1.12673 0.476022 0.170531 
v -1.10443 0.397895 0.224365 
v -1.10443 0.476022 0.224365 
v -1.18056 0.798737 0.139872 
v -1.18056 0.70369 0.139872 
v -1.24031 0.798737 0.16462 
v -1.24031 0.70369 0.16462 
v -1.12082 0.70369 0.16462 
v -1.26506 0.798737 0.224365 
v -1.12082 0.798737 0.16462 
v -1.26506 0.70369 0.224365 
v -1.2567 0.476022 0.224365 
v -1.24957 0.481453 0.224365 
v -1.10443 0.476022 0.224365 
v -1.09607 0.70369 0.224365 
v -1.10443 0.68916 0.224365 
v -1.12673 0.68916 0.170531 
v -1.12082 0.70369 0.16462 
v -1.26506 0.70369 0.224365 
v -1.18056 0.70369 0.139872 
v -1.2567 0.68916 0.224365 
v -1.18056 0.68916 0.148232 
v -1.2344 0.68916 0.170531 
v -1.24031 0.70369 0.16462 
v -1.22269 0.809635 0.266492 
v -1.22269 0.809635 0.182238 
v -1.24014 0.809635 0.224365 
v -1.12099 0.809635 0.224365 
v -1.18056 0.809635 0.164789 
v -1.13844 0.809635 0.182238 
v -1.18056 0.809635 0.283941 
v -1.13844 0.809635 0.266492 
v -1.12082 0.798737 0.16462 
v -1.12099 0.809635 0.224365 
v -1.09607 0.798737 0.224365 
v -1.13844 0.809635 0.182238 
v -1.13844 0.809635 0.266492 
v -1.18056 0.798737 0.139872 
v -1.12082 0.798737 0.284111 
v -1.18056 0.809635 0.164789 
v -1.18056 0.798737 0.308858 
v -1.22269 0.809635 0.182238 
v -1.18056 0.809635 0.283941 
v -1.24031 0.798737 0.16462 
v -1.22269 0.809635 0.266492 
v -1.24014 0.809635 0.224365 
v -1.24031 0.798737 0.284111 
v -1.26506 0.798737 0.224365 
v -1.18056 0.393078 0.308112 
v -1.26431 0.377136 0.224365 
v -1.12135 0.393078 0.165147 
v -1.23978 0.393078 0.165147 
v -1.18056 0.377136 0.140618 
v -1.2567 0.476022 0.224365 
v -1.22936 0.481453 0.17557 
v -1.2344 0.476022 0.170531 
v -1.18056 0.476022 0.148232 
v -1.24957 0.481453 0.224365 
v -1.18056 0.481453 0.155359 
v -1.22936 0.481453 0.27316 
v -1.13177 0.481453 0.17557 
v -1.2344 0.476022 0.2782 
v -1.12673 0.476022 0.170531 
v -1.18056 0.481453 0.293371 
v -1.11156 0.481453 0.224365 
v -1.18056 0.476022 0.300499 
v -1.10443 0.476022 0.224365 
v -1.13177 0.481453 0.27316 
v -1.12673 0.476022 0.2782 
v -1.18056 0.393078 0.308112 
v -1.12135 0.393078 0.283583 
v -1.12673 0.397895 0.2782 
v -1.09682 0.393078 0.224365 
v -1.18056 0.397895 0.300499 
v -1.10443 0.397895 0.224365 
v -1.2344 0.397895 0.2782 
v -1.12673 0.397895 0.170531 
v -1.23978 0.393078 0.283583 
v -1.12135 0.393078 0.165147 
v -1.2567 0.397895 0.224365 
v -1.18056 0.397895 0.148232 
v -1.26431 0.393078 0.224365 
v -1.18056 0.393078 0.140618 
v -1.23978 0.393078 0.165147 
v -1.2344 0.397895 0.170531 
v -1.12082 0.798737 0.16462 
v -1.18056 0.798737 0.308858 
v -1.18056 0.809635 0.283941 
v -1.18056 0.377136 0.308112 
v -1.18056 0.372319 0.148232 
v -1.18056 0.372319 0.300499 
v -1.18056 0.377136 0.140618 
v -1.18056 0.68916 0.148232 
v -1.12673 0.68916 0.170531 
v -1.12673 0.486883 0.170531 
v -1.10443 0.68916 0.224365 
v -1.10443 0.486883 0.224365 
v -1.12673 0.68916 0.2782 
v -1.12673 0.486883 0.2782 
v -1.18056 0.68916 0.300499 
v -1.18056 0.658132 0.300499 
v -1.14378 0.621342 0.285263 
v -1.14907 0.514173 0.287453 
v -1.18056 0.377136 0.308112 
v -1.12135 0.393078 0.283583 
v -1.18056 0.393078 0.308112 
v -1.12135 0.377136 0.283583 
v -1.09682 0.393078 0.224365 
v -1.09682 0.377136 0.224365 
v -1.12135 0.393078 0.165147 
v -1.12135 0.377136 0.165147 
v -1.2567 0.476022 0.224365 
v -1.2344 0.397895 0.170531 
v -1.18056 0.476022 0.300499 
v -1.12673 0.397895 0.170531 
v -1.18056 0.397895 0.300499 
v -1.12673 0.476022 0.170531 
v -1.12673 0.476022 0.2782 
v -1.10443 0.397895 0.224365 
v -1.12673 0.397895 0.2782 
v -1.10443 0.476022 0.224365 
v -1.18056 0.70369 0.139872 
v -1.12082 0.70369 0.16462 
v -1.12082 0.798737 0.16462 
v -1.09607 0.70369 0.224365 
v -1.09607 0.798737 0.224365 
v -1.12082 0.70369 0.284111 
v -1.18056 0.798737 0.308858 
v -1.12082 0.798737 0.284111 
v -1.18056 0.70369 0.308858 
v -1.18056 0.70369 0.308858 
v -1.12673 0.68916 0.2782 
v -1.12082 0.70369 0.284111 
v -1.09607 0.70369 0.224365 
v -1.18056 0.68916 0.300499 
v -1.10443 0.68916 0.224365 
v -1.12673 0.68916 0.170531 
v -1.12082 0.70369 0.16462 
v -1.11156 0.481453 0.224365 
v -1.10443 0.486883 0.224365 
v -1.2344 0.486883 0.2782 
v -1.2567 0.486883 0.224365 
v -1.22936 0.481453 0.27316 
v -1.24957 0.481453 0.224365 
v -1.2567 0.486883 0.224365 
v -1.10443 0.486883 0.224365 
v -1.2344 0.486883 0.2782 
v -1.12673 0.68916 0.2782 
v -1.2344 0.68916 0.2782 
v -1.12673 0.486883 0.2782 
v -1.21737 0.621342 0.285252 
v -1.2066 0.64736 0.289716 
v -1.18056 0.68916 0.300499 
v -1.18056 0.658132 0.300499 
v -1.15456 0.64736 0.289727 
v -1.14378 0.621342 0.285263 
v -1.21208 0.514173 0.287442 
v -1.20417 0.595324 0.290723 
v -1.20013 0.59184 0.292393 
v -1.18056 0.486883 0.300499 
v -1.18056 0.503359 0.300499 
v -1.14907 0.514173 0.287453 
v -1.15699 0.595324 0.290733 
v -1.16102 0.59184 0.292403 
v -1.18056 0.377136 0.308112 
v -1.12135 0.393078 0.283583 
v -1.18056 0.393078 0.308112 
v -1.12135 0.377136 0.283583 
v -1.23978 0.377136 0.283583 
v -1.23978 0.393078 0.283583 
v -1.2567 0.476022 0.224365 
v -1.2344 0.476022 0.2782 
v -1.2344 0.397895 0.2782 
v -1.18056 0.476022 0.300499 
v -1.18056 0.397895 0.300499 
v -1.12673 0.476022 0.2782 
v -1.12673 0.397895 0.2782 
v -1.10443 0.476022 0.224365 
v -1.26506 0.798737 0.224365 
v -1.26506 0.70369 0.224365 
v -1.24031 0.798737 0.284111 
v -1.24031 0.70369 0.284111 
v -1.12082 0.70369 0.284111 
v -1.18056 0.798737 0.308858 
v -1.12082 0.798737 0.284111 
v -1.18056 0.70369 0.308858 
v -1.2567 0.476022 0.224365 
v -1.24957 0.481453 0.224365 
v -1.10443 0.476022 0.224365 
v -1.18056 0.70369 0.308858 
v -1.12673 0.68916 0.2782 
v -1.12082 0.70369 0.284111 
v -1.18056 0.68916 0.300499 
v -1.2344 0.68916 0.2782 
v -1.24031 0.70369 0.284111 

vn 0 -1 0 
vn 0 -1 0 
vn 0 -1 0 
vn 0 -1 0 
vn 0 -1 0 
vn 0 -1 0 
vn 0 -1 0 
vn 0 -1 0 
vn -0.377953 -0.84252 0.377953 
vn -0.535433 -0.84252 0 
vn -0.535433 -0.84252 0 
vn -0.377953 -0.84252 -0.377953 
vn -0.377953 -0.84252 0.377953 
vn -0.377953 -0.84252 -0.377953 
vn 0 -0.84252 0.535433 
vn 0 -0.84252 -0.535433 
vn 0 -0.84252 0.535433 
vn 0 -0.84252 -0.535433 
vn 0.377953 -0.84252 0.377953 
vn 0.377953 -0.84252 -0.377953 
vn 0.377953 -0.84252 0.377953 
vn 0.377953 -0.84252 -0.377953 
vn 0.535433 -0.84252 0 
vn 0.535433 -0.84252 0 
vn 0.606299 -0.795276 0 
vn 0.425197 -0.795276 -0.425197 
vn 0.606299 -0.795276 0 
vn 0.425197 -0.795276 -0.425197 
vn 0.425197 -0.795276 0.425197 
vn 0 -0.795276 -0.606299 
vn 0.425197 -0.795276 0.425197 
vn 0 -0.795276 -0.606299 
vn 0 -0.795276 0.606299 
vn -0.425197 -0.795276 -0.425197 
vn 0 -0.795276 0.606299 
vn -0.425197 -0.795276 -0.425197 
vn -0.425197 -0.795276 0.425197 
vn -0.606299 -0.795276 0 
vn -0.425197 -0.795276 0.425197 
vn -0.606299 -0.795276 0 
vn 0 -0.84252 0.535433 
vn 0 -0.84252 -0.535433 
vn 0 -0.84252 0.535433 
vn 0 -0.84252 -0.535433 
vn -0.708661 0 -0.708661 
vn 0 0 -1 
vn -0.708661 0 -0.708661 
vn -1 0 0 
vn -1 0 0 
vn 1 0 0 
vn -0.708661 0 0.708661 
vn -0.708661 0 0.708661 
vn -0.385827 0 0.92126 
vn 0 0 1 
vn 0 0 1 
vn 0 0 1 
vn 0 0 1 
vn -0.708661 0 0.708661 
vn -0.708661 0 0.708661 
vn -1 0 0 
vn -1 0 0 
vn -0.708661 0 -0.708661 
vn -0.708661 0 -0.708661 
vn -1 0 0 
vn -1 0 0 
vn -0.708661 0 -0.708661 
vn -0.708661 0 -0.708661 
vn -0.708661 0 0.708661 
vn -0.708661 0 0.708661 
vn 0 0 1 
vn 0 0 -1 
vn -0.708661 0 -0.708661 
vn -0.708661 0 -0.708661 
vn -1 0 0 
vn -1 0 0 
vn -0.708661 0 0.708661 
vn -0.708661 0 0.708661 
vn 0 0 1 
vn 0 -0.496063 0.866142 
vn 0 -0.496063 0.866142 
vn -0.614173 -0.496063 0.614173 
vn -0.614173 -0.496063 0.614173 
vn -0.866142 -0.496063 0 
vn 0 -0.496063 -0.866142 
vn -0.866142 -0.496063 0 
vn 0 -0.496063 -0.866142 
vn -0.614173 -0.496063 -0.614173 
vn -0.614173 -0.496063 -0.614173 
vn 0.606299 -0.795276 0 
vn -0.606299 -0.795276 0 
vn -0.606299 -0.795276 0 
vn -0.708661 0 -0.708661 
vn 0 0 -1 
vn 0 0 -1 
vn 0.708661 0 -0.708661 
vn -0.708661 0 -0.708661 
vn 0.708661 0 -0.708661 
vn -1 0 0 
vn 1 0 0 
vn -1 0 0 
vn 1 0 0 
vn 0.708661 0 -0.708661 
vn 0.708661 0 -0.708661 
vn -0.708661 0 -0.708661 
vn 0 0 -1 
vn -0.708661 0 -0.708661 
vn 0 0 -1 
vn -1 0 0 
vn -0.708661 0 -0.708661 
vn -0.708661 0 -0.708661 
vn 0 0 -1 
vn 0 0 -1 
vn 0.708661 0 -0.708661 
vn 0 0 1 
vn 0.708661 0 -0.708661 
vn 1 0 0 
vn 1 0 0 
vn 0 0 -1 
vn 0 0 -1 
vn -0.708661 0 -0.708661 
vn -0.708661 0 -0.708661 
vn 0.708661 0 -0.708661 
vn -1 0 0 
vn 0.708661 0 -0.708661 
vn -1 0 0 
vn -0.606299 0.795276 0 
vn -0.606299 0.795276 0 
vn 0.606299 0.795276 0 
vn 0.866142 -0.496063 0 
vn 0.866142 -0.496063 0 
vn 0.614173 -0.496063 -0.614173 
vn 0.614173 -0.496063 -0.614173 
vn -0.866142 -0.496063 0 
vn 0 -0.496063 -0.866142 
vn -0.866142 -0.496063 0 
vn 0 -0.496063 -0.866142 
vn -0.614173 -0.496063 -0.614173 
vn -0.614173 -0.496063 -0.614173 
vn 0 1 0 
vn 0 1 0 
vn 0 1 0 
vn 0 1 0 
vn 0 1 0 
vn 0 1 0 
vn 0 1 0 
vn 0 1 0 
vn 0.283465 0.913386 -0.283465 
vn 0.401575 0.913386 0 
vn 0.401575 0.913386 0 
vn 0.283465 0.913386 -0.283465 
vn 0.283465 0.913386 0.283465 
vn 0 0.913386 -0.401575 
vn 0.283465 0.913386 0.283465 
vn 0 0.913386 -0.401575 
vn 0 0.913386 0.401575 
vn -0.283465 0.913386 -0.283465 
vn 0 0.913386 0.401575 
vn -0.283465 0.913386 -0.283465 
vn -0.283465 0.913386 0.283465 
vn -0.401575 0.913386 0 
vn -0.283465 0.913386 0.283465 
vn -0.401575 0.913386 0 
vn 0 0 1 
vn -1 0 0 
vn 0.708661 0 -0.708661 
vn -0.708661 0 -0.708661 
vn 0 0 -1 
vn -0.606299 0.795276 0 
vn -0.425197 0.795276 -0.425197 
vn -0.425197 0.795276 -0.425197 
vn 0 0.795276 -0.606299 
vn -0.606299 0.795276 0 
vn 0 0.795276 -0.606299 
vn -0.425197 0.795276 0.425197 
vn 0.425197 0.795276 -0.425197 
vn -0.425197 0.795276 0.425197 
vn 0.425197 0.795276 -0.425197 
vn 0 0.795276 0.606299 
vn 0.606299 0.795276 0 
vn 0 0.795276 0.606299 
vn 0.606299 0.795276 0 
vn 0.425197 0.795276 0.425197 
vn 0.425197 0.795276 0.425197 
vn 0 0.84252 0.535433 
vn 0.377953 0.84252 0.377953 
vn 0.377953 0.84252 0.377953 
vn 0.535433 0.84252 0 
vn 0 0.84252 0.535433 
vn 0.535433 0.84252 0 
vn -0.377953 0.84252 0.377953 
vn 0.377953 0.84252 -0.377953 
vn -0.377953 0.84252 0.377953 
vn 0.377953 0.84252 -0.377953 
vn -0.535433 0.84252 0 
vn 0 0.84252 -0.535433 
vn -0.535433 0.84252 0 
vn 0 0.84252 -0.535433 
vn -0.377953 0.84252 -0.377953 
vn -0.377953 0.84252 -0.377953 
vn 0.283465 0.913386 -0.283465 
vn 0 0.913386 0.401575 
vn 0 0.913386 0.401575 
vn 0 -0.84252 0.535433 
vn 0 -0.84252 -0.535433 
vn 0 -0.84252 0.535433 
vn 0 -0.84252 -0.535433 
vn 0 0 -1 
vn 0.708661 0 -0.708661 
vn 0.708661 0 -0.708661 
vn 1 0 0 
vn 1 0 0 
vn 0.708661 0 0.708661 
vn 0.708661 0 0.708661 
vn 0 0 1 
vn 0 0 1 
vn 0.385827 0 0.92126 
vn 0.385827 0 0.92126 
vn 0 0 1 
vn 0.708661 0 0.708661 
vn 0 0 1 
vn 0.708661 0 0.708661 
vn 1 0 0 
vn 1 0 0 
vn 0.708661 0 -0.708661 
vn 0.708661 0 -0.708661 
vn -1 0 0 
vn -0.708661 0 -0.708661 
vn 0 0 1 
vn 0.708661 0 -0.708661 
vn 0 0 1 
vn 0.708661 0 -0.708661 
vn 0.708661 0 0.708661 
vn 1 0 0 
vn 0.708661 0 0.708661 
vn 1 0 0 
vn 0 0 -1 
vn 0.708661 0 -0.708661 
vn 0.708661 0 -0.708661 
vn 1 0 0 
vn 1 0 0 
vn 0.708661 0 0.708661 
vn 0 0 1 
vn 0.708661 0 0.708661 
vn 0 0 1 
vn 0 -0.496063 0.866142 
vn 0.614173 -0.496063 0.614173 
vn 0.614173 -0.496063 0.614173 
vn 0.866142 -0.496063 0 
vn 0 -0.496063 0.866142 
vn 0.866142 -0.496063 0 
vn 0.614173 -0.496063 -0.614173 
vn 0.614173 -0.496063 -0.614173 
vn 0.606299 -0.795276 0 
vn 0.606299 -0.795276 0 
vn -0.425197 -0.795276 0.425197 
vn -0.606299 -0.795276 0 
vn -0.425197 -0.795276 0.425197 
vn -0.606299 -0.795276 0 
vn -1 0 0 
vn 1 0 0 
vn -0.708661 0 0.708661 
vn 0.708661 0 0.708661 
vn -0.708661 0 0.708661 
vn 0.708661 0 0.708661 
vn -0.385827 0 0.92126 
vn -0.385827 0 0.92126 
vn 0 0 1 
vn 0 0 1 
vn 0.385827 0 0.92126 
vn 0.385827 0 0.92126 
vn -0.385827 0 0.92126 
vn -0.385827 0 0.92126 
vn -0.385827 0 0.92126 
vn 0 0 1 
vn 0 0 1 
vn 0.385827 0 0.92126 
vn 0.385827 0 0.92126 
vn 0.385827 0 0.92126 
vn 0 0 1 
vn 0.708661 0 0.708661 
vn 0 0 1 
vn 0.708661 0 0.708661 
vn -0.708661 0 0.708661 
vn -0.708661 0 0.708661 
vn -1 0 0 
vn -0.708661 0 0.708661 
vn -0.708661 0 0.708661 
vn 0 0 1 
vn 0 0 1 
vn 0.708661 0 0.708661 
vn 0.708661 0 0.708661 
vn 1 0 0 
vn -1 0 0 
vn -1 0 0 
vn -0.708661 0 0.708661 
vn -0.708661 0 0.708661 
vn 0.708661 0 0.708661 
vn 0 0 1 
vn 0.708661 0 0.708661 
vn 0 0 1 
vn -0.606299 0.795276 0 
vn -0.606299 0.795276 0 
vn 0.606299 0.795276 0 
vn 0 -0.496063 0.866142 
vn 0.614173 -0.496063 0.614173 
vn 0.614173 -0.496063 0.614173 
vn 0 -0.496063 0.866142 
vn -0.614173 -0.496063 0.614173 
vn -0.614173 -0.496063 0.614173 

vt -0.0910253 1.02519 
vt -0.0910253 0.998274 
vt -0.0854505 1.01173 
vt -0.117943 1.02519 
vt -0.104484 1.03077 
vt -0.117943 0.998274 
vt -0.123517 1.01173 
vt -0.104484 0.992699 
vt -0.0896795 1.02654 
vt -0.104484 1.03267 
vt -0.104484 1.03077 
vt -0.119289 1.02654 
vt -0.0910253 1.02519 
vt -0.117943 1.02519 
vt -0.0835473 1.01173 
vt -0.123517 1.01173 
vt -0.0854505 1.01173 
vt -0.125421 1.01173 
vt -0.0910253 0.998274 
vt -0.119289 0.996928 
vt -0.0896795 0.996928 
vt -0.117943 0.998274 
vt -0.104484 0.990796 
vt -0.104484 0.992699 
vt -0.104484 0.994481 
vt -0.117943 0.998274 
vt -0.104484 0.992699 
vt -0.116683 0.999534 
vt -0.0922853 0.999534 
vt -0.123517 1.01173 
vt -0.0910253 0.998274 
vt -0.121736 1.01173 
vt -0.0854505 1.01173 
vt -0.116683 1.02393 
vt -0.0872325 1.01173 
vt -0.117943 1.02519 
vt -0.0910253 1.02519 
vt -0.104484 1.03077 
vt -0.0922853 1.02393 
vt -0.104484 1.02898 
vt -0.157944 0.990796 
vt -0.159149 1.03077 
vt -0.159149 0.992699 
vt -0.157944 1.03267 
vt -0.130508 1.02519 
vt -0.0799383 1.03077 
vt -0.0799383 1.02519 
vt -0.130508 1.01173 
vt -0.0799383 1.01173 
vt -0.130508 1.01173 
vt -0.130508 0.998274 
vt -0.0799383 0.998274 
vt -0.0968928 0.996511 
vt -0.0799383 0.992699 
vt -0.0876953 0.992699 
vt -0.157944 0.990796 
vt -0.153959 0.990796 
vt -0.157944 0.996928 
vt -0.153959 0.996928 
vt -0.157944 1.01173 
vt -0.153959 1.01173 
vt -0.157944 1.02654 
vt -0.153959 1.02654 
vt -0.152755 1.01173 
vt -0.133223 1.01173 
vt -0.152755 1.02519 
vt -0.133223 1.02519 
vt -0.133223 0.998274 
vt -0.152755 0.998274 
vt -0.152755 0.992699 
vt -0.0763058 1.03286 
vt -0.052544 1.02667 
vt -0.0763058 1.02667 
vt -0.052544 1.01173 
vt -0.0763058 1.01173 
vt -0.052544 0.996796 
vt -0.0763058 0.996796 
vt -0.0763058 0.990609 
vt -0.0763058 0.990609 
vt -0.0799383 0.992699 
vt -0.0799383 0.998274 
vt -0.0763058 0.996796 
vt -0.0763058 1.01173 
vt -0.0763058 1.03286 
vt -0.0799383 1.01173 
vt -0.0799383 1.03077 
vt -0.0799383 1.02519 
vt -0.0763058 1.02667 
vt -0.0784605 0.992699 
vt -0.0784605 1.03077 
vt -0.077103 1.02898 
vt -0.0784605 1.02519 
vt -0.12903 1.01173 
vt -0.0784605 1.01173 
vt -0.12903 0.998274 
vt -0.12903 1.02519 
vt -0.0784605 0.998274 
vt -0.0784605 1.03077 
vt -0.12903 0.992699 
vt -0.12903 1.03077 
vt -0.0784605 0.992699 
vt -0.0550093 0.996928 
vt -0.0510238 0.996928 
vt -0.0510238 1.02654 
vt -0.0550093 1.01173 
vt -0.0550093 1.02654 
vt -0.0510238 1.01173 
vt -0.0757453 1.03077 
vt -0.0562135 1.02519 
vt -0.0757453 1.02519 
vt -0.0562135 1.01173 
vt -0.0757453 1.01173 
vt -0.0562135 0.998274 
vt -0.0562135 1.01173 
vt -0.0757453 0.998274 
vt -0.0562135 0.992699 
vt -0.0757453 0.992699 
vt -0.156424 1.01173 
vt -0.132662 1.01173 
vt -0.156424 1.02667 
vt -0.132662 1.02667 
vt -0.132662 0.996796 
vt -0.156424 1.03286 
vt -0.156424 0.996796 
vt -0.132662 1.03286 
vt -0.0757453 1.03077 
vt -0.077103 1.02898 
vt -0.0757453 0.992699 
vt -0.132662 0.990609 
vt -0.12903 0.992699 
vt -0.12903 0.998274 
vt -0.132662 0.996796 
vt -0.132662 1.03286 
vt -0.132662 1.01173 
vt -0.12903 1.03077 
vt -0.12903 1.01173 
vt -0.12903 1.02519 
vt -0.132662 1.02667 
vt -0.115016 1.02226 
vt -0.0939523 1.02226 
vt -0.104484 1.02663 
vt -0.104484 0.996838 
vt -0.08959 1.01173 
vt -0.0939523 1.0012 
vt -0.119378 1.01173 
vt -0.115016 1.0012 
vt -0.0895478 0.996796 
vt -0.104484 0.996838 
vt -0.104484 0.990609 
vt -0.0939523 1.0012 
vt -0.115016 1.0012 
vt -0.0833608 1.01173 
vt -0.119421 0.996796 
vt -0.08959 1.01173 
vt -0.125607 1.01173 
vt -0.0939523 1.02226 
vt -0.119378 1.01173 
vt -0.0895478 1.02667 
vt -0.115016 1.02226 
vt -0.104484 1.02663 
vt -0.119421 1.02667 
vt -0.104484 1.03286 
vt -0.125421 1.01173 
vt -0.104484 1.03267 
vt -0.0896795 0.996928 
vt -0.0896795 1.02654 
vt -0.0835473 1.01173 
vt -0.104484 1.03077 
vt -0.0922853 1.02393 
vt -0.0910255 1.02519 
vt -0.0854508 1.01173 
vt -0.104484 1.02898 
vt -0.0872325 1.01173 
vt -0.116683 1.02393 
vt -0.0922853 0.999534 
vt -0.117943 1.02519 
vt -0.0910255 0.998274 
vt -0.121736 1.01173 
vt -0.104484 0.994481 
vt -0.123518 1.01173 
vt -0.104484 0.992699 
vt -0.116683 0.999534 
vt -0.117943 0.998274 
vt -0.125421 1.01173 
vt -0.119289 0.996928 
vt -0.117943 0.998274 
vt -0.104484 0.990796 
vt -0.123518 1.01173 
vt -0.104484 0.992699 
vt -0.117943 1.02519 
vt -0.0910255 0.998274 
vt -0.119289 1.02654 
vt -0.0896795 0.996928 
vt -0.104484 1.03077 
vt -0.0854508 1.01173 
vt -0.104484 1.03267 
vt -0.0835473 1.01173 
vt -0.0896795 1.02654 
vt -0.0910255 1.02519 
vt -0.156424 1.02667 
vt -0.156424 0.990609 
vt -0.159149 0.996838 
vt -0.0510238 0.990796 
vt -0.0498195 1.03077 
vt -0.0498195 0.992699 
vt -0.0510238 1.03267 
vt -0.12903 1.03077 
vt -0.12903 1.02519 
vt -0.0784605 1.02519 
vt -0.12903 1.01173 
vt -0.0784605 1.01173 
vt -0.12903 0.998274 
vt -0.0784605 0.998274 
vt -0.12903 0.992699 
vt -0.121273 0.992699 
vt -0.112075 0.996508 
vt -0.085283 0.99596 
vt -0.0510238 0.990796 
vt -0.0550093 0.996928 
vt -0.0550093 0.990796 
vt -0.0510238 0.996928 
vt -0.0550093 1.01173 
vt -0.0510238 1.01173 
vt -0.0550093 1.02654 
vt -0.0510238 1.02654 
vt -0.0757453 1.01173 
vt -0.0562135 1.02519 
vt -0.0757453 0.992699 
vt -0.0562135 1.02519 
vt -0.0562135 0.992699 
vt -0.0757453 1.02519 
vt -0.0757453 0.998274 
vt -0.0562135 1.01173 
vt -0.0562135 0.998274 
vt -0.0757453 1.01173 
vt -0.132662 1.03286 
vt -0.132662 1.02667 
vt -0.156424 1.02667 
vt -0.132662 1.01173 
vt -0.156424 1.01173 
vt -0.132662 0.996796 
vt -0.156424 0.990609 
vt -0.156424 0.996796 
vt -0.132662 0.990609 
vt -0.132662 0.990609 
vt -0.12903 0.998274 
vt -0.132662 0.996796 
vt -0.132662 1.01173 
vt -0.12903 0.992699 
vt -0.12903 1.01173 
vt -0.12903 1.02519 
vt -0.132662 1.02667 
vt -0.131865 0.994481 
vt -0.130508 0.992699 
vt -0.130508 1.02519 
vt -0.130508 1.03077 
vt -0.131865 1.02393 
vt -0.131865 1.02898 
vt -0.130508 1.03077 
vt -0.130508 0.992699 
vt -0.130508 1.02519 
vt -0.0799383 0.998274 
vt -0.0799383 1.02519 
vt -0.130508 0.998274 
vt -0.0968928 1.02093 
vt -0.0903883 1.01824 
vt -0.0799383 1.01173 
vt -0.0876953 1.01173 
vt -0.0903883 1.00523 
vt -0.0968928 1.00254 
vt -0.123685 1.01961 
vt -0.103397 1.01763 
vt -0.104268 1.01662 
vt -0.130508 1.01173 
vt -0.126389 1.01173 
vt -0.123685 1.00386 
vt -0.103397 1.00584 
vt -0.104268 1.00685 
vt -0.157944 1.01173 
vt -0.153959 0.996928 
vt -0.153959 1.01173 
vt -0.157944 0.996928 
vt -0.157944 1.02654 
vt -0.153959 1.02654 
vt -0.133223 1.03077 
vt -0.133223 1.02519 
vt -0.152755 1.02519 
vt -0.133223 1.01173 
vt -0.152755 1.01173 
vt -0.133223 0.998274 
vt -0.152755 0.998274 
vt -0.133223 0.992699 
vt -0.052544 1.03286 
vt -0.0763058 1.03286 
vt -0.052544 1.02667 
vt -0.0763058 1.02667 
vt -0.0763058 0.996796 
vt -0.052544 1.01173 
vt -0.052544 0.996796 
vt -0.0763058 1.01173 
vt -0.133223 1.03077 
vt -0.131865 1.02898 
vt -0.133223 0.992699 
vt -0.0763058 1.01173 
vt -0.0799383 0.998274 
vt -0.0763058 0.996796 
vt -0.0799383 1.01173 
vt -0.0799383 1.02519 
vt -0.0763058 1.02667 

usemtl Metal4Mtl

f 2518/2518/2518 2519/2519/2519 2520/2520/2520 
f 2519/2519/2519 2518/2518/2518 2521/2521/2521 
f 2521/2521/2521 2518/2518/2518 2522/2522/2522 
f 2519/2519/2519 2521/2521/2521 2523/2523/2523 
f 2523/2523/2523 2521/2521/2521 2524/2524/2524 
f 2519/2519/2519 2523/2523/2523 2525/2525/2525 
f 2526/2526/2526 2527/2527/2527 2528/2528/2528 
f 2529/2529/2529 2528/2528/2528 2527/2527/2527 
f 2526/2526/2526 2528/2528/2528 2530/2530/2530 
f 2528/2528/2528 2529/2529/2529 2531/2531/2531 
f 2530/2530/2530 2532/2532/2532 2526/2526/2526 
f 2529/2529/2529 2533/2533/2533 2531/2531/2531 
f 2532/2532/2532 2530/2530/2530 2534/2534/2534 
f 2533/2533/2533 2529/2529/2529 2535/2535/2535 
f 2536/2536/2536 2532/2532/2532 2534/2534/2534 
f 2537/2537/2537 2533/2533/2533 2535/2535/2535 
f 2532/2532/2532 2536/2536/2536 2538/2538/2538 
f 2533/2533/2533 2537/2537/2537 2539/2539/2539 
f 2540/2540/2540 2538/2538/2538 2536/2536/2536 
f 2540/2540/2540 2539/2539/2539 2537/2537/2537 
f 2540/2540/2540 2536/2536/2536 2541/2541/2541 
f 2539/2539/2539 2540/2540/2540 2541/2541/2541 
f 2542/2542/2542 2543/2543/2543 2544/2544/2544 
f 2543/2543/2543 2542/2542/2542 2545/2545/2545 
f 2544/2544/2544 2546/2546/2546 2542/2542/2542 
f 2547/2547/2547 2543/2543/2543 2545/2545/2545 
f 2544/2544/2544 2548/2548/2548 2546/2546/2546 
f 2545/2545/2545 2549/2549/2549 2547/2547/2547 
f 2550/2550/2550 2546/2546/2546 2548/2548/2548 
f 2551/2551/2551 2547/2547/2547 2549/2549/2549 
f 2546/2546/2546 2550/2550/2550 2552/2552/2552 
f 2547/2547/2547 2551/2551/2551 2553/2553/2553 
f 2554/2554/2554 2552/2552/2552 2550/2550/2550 
f 2555/2555/2555 2553/2553/2553 2551/2551/2551 
f 2552/2552/2552 2554/2554/2554 2556/2556/2556 
f 2555/2555/2555 2556/2556/2556 2554/2554/2554 
f 2556/2556/2556 2555/2555/2555 2557/2557/2557 
f 2555/2555/2555 2551/2551/2551 2557/2557/2557 
f 2565/2565/2565 2564/2564/2564 2562/2562/2562 
f 2565/2565/2565 2566/2566/2566 2564/2564/2564 
f 2568/2568/2568 2566/2566/2566 2565/2565/2565 
f 2568/2568/2568 2569/2569/2569 2566/2566/2566 
f 2577/2577/2577 2575/2575/2575 2576/2576/2576 
f 2576/2576/2576 2578/2578/2578 2577/2577/2577 
f 2579/2579/2579 2577/2577/2577 2578/2578/2578 
f 2578/2578/2578 2580/2580/2580 2579/2579/2579 
f 2581/2581/2581 2582/2582/2582 2583/2583/2583 
f 2582/2582/2582 2584/2584/2584 2583/2583/2583 
f 2585/2585/2585 2582/2582/2582 2581/2581/2581 
f 2586/2586/2586 2585/2585/2585 2581/2581/2581 
f 2590/2590/2590 2591/2591/2591 2589/2589/2589 
f 2591/2591/2591 2590/2590/2590 2592/2592/2592 
f 2592/2592/2592 2593/2593/2593 2591/2591/2591 
f 2593/2593/2593 2592/2592/2592 2594/2594/2594 
f 2600/2600/2600 2598/2598/2598 2599/2599/2599 
f 2598/2598/2598 2600/2600/2600 2602/2602/2602 
f 2600/2600/2600 2604/2604/2604 2602/2602/2602 
f 2600/2600/2600 2605/2605/2605 2604/2604/2604 
f 2609/2609/2609 2610/2610/2610 2611/2611/2611 
f 2612/2612/2612 2611/2611/2611 2610/2610/2610 
f 2610/2610/2610 2609/2609/2609 2613/2613/2613 
f 2612/2612/2612 2614/2614/2614 2611/2611/2611 
f 2620/2620/2620 2622/2622/2622 2619/2619/2619 
f 2622/2622/2622 2620/2620/2620 2624/2624/2624 
f 2623/2623/2623 2624/2624/2624 2621/2621/2621 
f 2624/2624/2624 2623/2623/2623 2622/2622/2622 
f 2627/2627/2627 2628/2628/2628 2626/2626/2626 
f 2628/2628/2628 2627/2627/2627 2629/2629/2629 
f 2629/2629/2629 2630/2630/2630 2628/2628/2628 
f 2630/2630/2630 2629/2629/2629 2632/2632/2632 
f 2635/2635/2635 2636/2636/2636 2637/2637/2637 
f 2636/2636/2636 2638/2638/2638 2637/2637/2637 
f 2639/2639/2639 2636/2636/2636 2635/2635/2635 
f 2641/2641/2641 2639/2639/2639 2635/2635/2635 
f 2651/2651/2651 2649/2649/2649 2648/2648/2648 
f 2648/2648/2648 2653/2653/2653 2651/2651/2651 
f 2654/2654/2654 2651/2651/2651 2653/2653/2653 
f 2651/2651/2651 2654/2654/2654 2655/2655/2655 
f 2656/2656/2656 2657/2657/2657 2658/2658/2658 
f 2659/2659/2659 2657/2657/2657 2656/2656/2656 
f 2657/2657/2657 2659/2659/2659 2660/2660/2660 
f 2660/2660/2660 2659/2659/2659 2661/2661/2661 
f 2659/2659/2659 2656/2656/2656 2662/2662/2662 
f 2659/2659/2659 2662/2662/2662 2663/2663/2663 
f 2664/2664/2664 2665/2665/2665 2666/2666/2666 
f 2665/2665/2665 2664/2664/2664 2667/2667/2667 
f 2668/2668/2668 2666/2666/2666 2665/2665/2665 
f 2669/2669/2669 2667/2667/2667 2664/2664/2664 
f 2666/2666/2666 2668/2668/2668 2670/2670/2670 
f 2667/2667/2667 2669/2669/2669 2671/2671/2671 
f 2668/2668/2668 2672/2672/2672 2670/2670/2670 
f 2673/2673/2673 2671/2671/2671 2669/2669/2669 
f 2672/2672/2672 2668/2668/2668 2674/2674/2674 
f 2669/2669/2669 2675/2675/2675 2673/2673/2673 
f 2676/2676/2676 2672/2672/2672 2674/2674/2674 
f 2675/2675/2675 2677/2677/2677 2673/2673/2673 
f 2672/2672/2672 2676/2676/2676 2678/2678/2678 
f 2677/2677/2677 2678/2678/2678 2676/2676/2676 
f 2677/2677/2677 2675/2675/2675 2679/2679/2679 
f 2678/2678/2678 2677/2677/2677 2679/2679/2679 
f 2685/2685/2685 2686/2686/2686 2687/2687/2687 
f 2686/2686/2686 2688/2688/2688 2687/2687/2687 
f 2686/2686/2686 2685/2685/2685 2689/2689/2689 
f 2688/2688/2688 2686/2686/2686 2690/2690/2690 
f 2691/2691/2691 2689/2689/2689 2685/2685/2685 
f 2692/2692/2692 2688/2688/2688 2690/2690/2690 
f 2685/2685/2685 2693/2693/2693 2691/2691/2691 
f 2688/2688/2688 2692/2692/2692 2694/2694/2694 
f 2693/2693/2693 2695/2695/2695 2691/2691/2691 
f 2696/2696/2696 2694/2694/2694 2692/2692/2692 
f 2693/2693/2693 2697/2697/2697 2695/2695/2695 
f 2694/2694/2694 2696/2696/2696 2698/2698/2698 
f 2697/2697/2697 2699/2699/2699 2695/2695/2695 
f 2699/2699/2699 2698/2698/2698 2696/2696/2696 
f 2697/2697/2697 2700/2700/2700 2699/2699/2699 
f 2698/2698/2698 2699/2699/2699 2700/2700/2700 
f 2701/2701/2701 2702/2702/2702 2703/2703/2703 
f 2704/2704/2704 2703/2703/2703 2702/2702/2702 
f 2701/2701/2701 2703/2703/2703 2705/2705/2705 
f 2703/2703/2703 2704/2704/2704 2706/2706/2706 
f 2707/2707/2707 2701/2701/2701 2705/2705/2705 
f 2704/2704/2704 2708/2708/2708 2706/2706/2706 
f 2701/2701/2701 2707/2707/2707 2709/2709/2709 
f 2704/2704/2704 2710/2710/2710 2708/2708/2708 
f 2711/2711/2711 2709/2709/2709 2707/2707/2707 
f 2712/2712/2712 2708/2708/2708 2710/2710/2710 
f 2709/2709/2709 2711/2711/2711 2713/2713/2713 
f 2710/2710/2710 2714/2714/2714 2712/2712/2712 
f 2715/2715/2715 2713/2713/2713 2711/2711/2711 
f 2715/2715/2715 2712/2712/2712 2714/2714/2714 
f 2715/2715/2715 2711/2711/2711 2716/2716/2716 
f 2712/2712/2712 2715/2715/2715 2716/2716/2716 
f 2727/2727/2727 2726/2726/2726 2725/2725/2725 
f 2726/2726/2726 2727/2727/2727 2728/2728/2728 
f 2729/2729/2729 2728/2728/2728 2727/2727/2727 
f 2728/2728/2728 2729/2729/2729 2730/2730/2730 
f 2738/2738/2738 2739/2739/2739 2736/2736/2736 
f 2739/2739/2739 2738/2738/2738 2740/2740/2740 
f 2740/2740/2740 2741/2741/2741 2739/2739/2739 
f 2741/2741/2741 2740/2740/2740 2742/2742/2742 
f 2748/2748/2748 2750/2750/2750 2746/2746/2746 
f 2750/2750/2750 2748/2748/2748 2752/2752/2752 
f 2751/2751/2751 2752/2752/2752 2749/2749/2749 
f 2752/2752/2752 2751/2751/2751 2750/2750/2750 
f 2756/2756/2756 2754/2754/2754 2755/2755/2755 
f 2757/2757/2757 2756/2756/2756 2755/2755/2755 
f 2758/2758/2758 2756/2756/2756 2757/2757/2757 
f 2760/2760/2760 2758/2758/2758 2757/2757/2757 
f 2765/2765/2765 2764/2764/2764 2763/2763/2763 
f 2763/2763/2763 2767/2767/2767 2765/2765/2765 
f 2768/2768/2768 2765/2765/2765 2767/2767/2767 
f 2765/2765/2765 2768/2768/2768 2769/2769/2769 
f 2780/2780/2780 2778/2778/2778 2782/2782/2782 
f 2780/2780/2780 2782/2782/2782 2783/2783/2783 
f 2784/2784/2784 2780/2780/2780 2783/2783/2783 
f 2783/2783/2783 2785/2785/2785 2784/2784/2784 
f 2786/2786/2786 2784/2784/2784 2785/2785/2785 
f 2784/2784/2784 2786/2786/2786 2779/2779/2779 
f 2786/2786/2786 2787/2787/2787 2779/2779/2779 
f 2781/2781/2781 2779/2779/2779 2787/2787/2787 
f 2788/2788/2788 2782/2782/2782 2778/2778/2778 
f 2782/2782/2782 2788/2788/2788 2789/2789/2789 
f 2789/2789/2789 2788/2788/2788 2790/2790/2790 
f 2791/2791/2791 2788/2788/2788 2778/2778/2778 
f 2788/2788/2788 2791/2791/2791 2792/2792/2792 
f 2791/2791/2791 2793/2793/2793 2792/2792/2792 
f 2791/2791/2791 2781/2781/2781 2793/2793/2793 
f 2787/2787/2787 2793/2793/2793 2781/2781/2781 
f 2793/2793/2793 2787/2787/2787 2794/2794/2794 
f 2793/2793/2793 2794/2794/2794 2795/2795/2795 
f 2796/2796/2796 2797/2797/2797 2798/2798/2798 
f 2797/2797/2797 2796/2796/2796 2799/2799/2799 
f 2798/2798/2798 2800/2800/2800 2796/2796/2796 
f 2800/2800/2800 2798/2798/2798 2801/2801/2801 
f 2804/2804/2804 2805/2805/2805 2803/2803/2803 
f 2805/2805/2805 2804/2804/2804 2806/2806/2806 
f 2806/2806/2806 2807/2807/2807 2805/2805/2805 
f 2807/2807/2807 2806/2806/2806 2808/2808/2808 
f 2812/2812/2812 2813/2813/2813 2815/2815/2815 
f 2813/2813/2813 2817/2817/2817 2815/2815/2815 
f 2817/2817/2817 2814/2814/2814 2816/2816/2816 
f 2815/2815/2815 2817/2817/2817 2816/2816/2816 
f 2821/2821/2821 2822/2822/2822 2823/2823/2823 
f 2822/2822/2822 2821/2821/2821 2824/2824/2824 
f 2825/2825/2825 2824/2824/2824 2821/2821/2821 
f 2821/2821/2821 2826/2826/2826 2825/2825/2825 

g Black5

v -1.15795 0.595301 -0.19255 
v -1.15552 0.647337 -0.191543 
v -1.14475 0.621319 -0.187079 
v -1.18155 0.658109 -0.202326 
v -1.16199 0.591817 -0.19422 
v -1.18155 0.503336 -0.202326 
v -1.15003 0.514149 -0.189269 
v -1.2011 0.591817 -0.19423 
v -1.21305 0.514149 -0.18928 
v -1.20513 0.595301 -0.19256 
v -1.20756 0.647337 -0.191554 
v -1.21834 0.621319 -0.18709 

vn 0.385827 0 -0.92126 
vn 0.385827 0 -0.92126 
vn 0.385827 0 -0.92126 
vn 0 0 -1 
vn 0.385827 0 -0.92126 
vn 0 0 -1 
vn 0.385827 0 -0.92126 
vn -0.385827 0 -0.92126 
vn -0.385827 0 -0.92126 
vn -0.385827 0 -0.92126 
vn -0.385827 0 -0.92126 
vn -0.385827 0 -0.92126 

vt 26.0146 -22.9764 
vt 26.0666 -22.974 
vt 26.0406 -22.9632 
vt 26.0774 -23 
vt 26.0111 -22.9804 
vt 25.9226 -23 
vt 25.9334 -22.9685 
vt 26.0111 -23.0196 
vt 25.9334 -23.0315 
vt 26.0146 -23.0236 
vt 26.0666 -23.026 
vt 26.0406 -23.0368 

usemtl Black1Mtl

f 2827/2827/2827 2828/2828/2828 2829/2829/2829 
f 2828/2828/2828 2827/2827/2827 2830/2830/2830 
f 2830/2830/2830 2827/2827/2827 2831/2831/2831 
f 2832/2832/2832 2830/2830/2830 2831/2831/2831 
f 2831/2831/2831 2833/2833/2833 2832/2832/2832 
f 2830/2830/2830 2832/2832/2832 2834/2834/2834 
f 2832/2832/2832 2835/2835/2835 2834/2834/2834 
f 2836/2836/2836 2830/2830/2830 2834/2834/2834 
f 2830/2830/2830 2836/2836/2836 2837/2837/2837 
f 2837/2837/2837 2836/2836/2836 2838/2838/2838 

g Metal5

v -1.12771 0.372319 -0.180178 
v -1.23538 0.372319 -0.180178 
v -1.18154 0.372319 -0.202477 
v -1.12771 0.372319 -0.0725087 
v -1.10541 0.372319 -0.126343 
v -1.23538 0.372319 -0.0725087 
v -1.18154 0.372319 -0.0502097 
v -1.25768 0.372319 -0.126343 
v -1.12232 0.377136 -0.185561 
v -1.09779 0.377136 -0.126343 
v -1.10541 0.372319 -0.126343 
v -1.12232 0.377136 -0.0671247 
v -1.12771 0.372319 -0.180178 
v -1.12771 0.372319 -0.0725087 
v -1.18154 0.377136 -0.21009 
v -1.18154 0.372319 -0.0502097 
v -1.18154 0.372319 -0.202477 
v -1.18154 0.377136 -0.0425957 
v -1.23538 0.372319 -0.180178 
v -1.24076 0.377136 -0.0671247 
v -1.24076 0.377136 -0.185561 
v -1.23538 0.372319 -0.0725087 
v -1.26529 0.377136 -0.126343 
v -1.25768 0.372319 -0.126343 
v -1.25055 0.481453 -0.126343 
v -1.23538 0.486883 -0.0725087 
v -1.25768 0.486883 -0.126343 
v -1.23034 0.481453 -0.0775477 
v -1.23034 0.481453 -0.175138 
v -1.18154 0.486883 -0.0502097 
v -1.23538 0.486883 -0.180178 
v -1.18154 0.481453 -0.0573367 
v -1.18154 0.486883 -0.202477 
v -1.13275 0.481453 -0.0775477 
v -1.18154 0.481453 -0.195349 
v -1.12771 0.486883 -0.0725087 
v -1.12771 0.486883 -0.180178 
v -1.10541 0.486883 -0.126343 
v -1.13275 0.481453 -0.175138 
v -1.11254 0.481453 -0.126343 
v -1.18154 0.377136 -0.21009 
v -1.18154 0.372319 -0.0502097 
v -1.18154 0.372319 -0.202477 
v -1.18154 0.377136 -0.0425957 
v -1.12771 0.486883 -0.0725087 
v -1.18154 0.68916 -0.0502097 
v -1.12771 0.68916 -0.0725087 
v -1.10541 0.486883 -0.126343 
v -1.10541 0.68916 -0.126343 
v -1.25768 0.486883 -0.126343 
v -1.12771 0.486883 -0.180178 
v -1.12771 0.68916 -0.180178 
v -1.14473 0.621342 -0.18723 
v -1.18154 0.68916 -0.202477 
v -1.18154 0.658132 -0.202477 
v -1.18154 0.377136 -0.21009 
v -1.18154 0.393078 -0.21009 
v -1.12232 0.377136 -0.185561 
v -1.12232 0.393078 -0.185561 
v -1.09779 0.377136 -0.126343 
v -1.09779 0.393078 -0.126343 
v -1.12232 0.377136 -0.0671247 
v -1.12232 0.393078 -0.0671247 
v -1.10541 0.397895 -0.126343 
v -1.10541 0.476022 -0.126343 
v -1.12771 0.397895 -0.0725087 
v -1.12771 0.476022 -0.0725087 
v -1.12771 0.476022 -0.180178 
v -1.12771 0.397895 -0.180178 
v -1.18154 0.397895 -0.202477 
v -1.18154 0.70369 -0.0418497 
v -1.1218 0.798737 -0.0665977 
v -1.1218 0.70369 -0.0665977 
v -1.09705 0.798737 -0.126343 
v -1.09705 0.70369 -0.126343 
v -1.1218 0.798737 -0.186089 
v -1.1218 0.70369 -0.186089 
v -1.18154 0.70369 -0.210836 
v -1.18154 0.70369 -0.210836 
v -1.18154 0.68916 -0.202477 
v -1.12771 0.68916 -0.180178 
v -1.1218 0.70369 -0.186089 
v -1.09705 0.70369 -0.126343 
v -1.18154 0.70369 -0.0418497 
v -1.10541 0.68916 -0.126343 
v -1.18154 0.68916 -0.0502097 
v -1.12771 0.68916 -0.0725087 
v -1.1218 0.70369 -0.0665977 
v -1.25768 0.486883 -0.126343 
v -1.10541 0.486883 -0.126343 
v -1.11254 0.481453 -0.126343 
v -1.12771 0.486883 -0.0725087 
v -1.18154 0.68916 -0.0502097 
v -1.18154 0.486883 -0.0502097 
v -1.23538 0.68916 -0.0725087 
v -1.12771 0.68916 -0.0725087 
v -1.23538 0.486883 -0.0725087 
v -1.10541 0.486883 -0.126343 
v -1.25768 0.68916 -0.126343 
v -1.10541 0.68916 -0.126343 
v -1.25768 0.486883 -0.126343 
v -1.24076 0.393078 -0.0671247 
v -1.24076 0.377136 -0.0671247 
v -1.12232 0.377136 -0.0671247 
v -1.18154 0.393078 -0.0425957 
v -1.12232 0.393078 -0.0671247 
v -1.18154 0.377136 -0.0425957 
v -1.10541 0.476022 -0.126343 
v -1.12771 0.397895 -0.0725087 
v -1.12771 0.476022 -0.0725087 
v -1.18154 0.397895 -0.0502097 
v -1.18154 0.476022 -0.0502097 
v -1.23538 0.397895 -0.0725087 
v -1.18154 0.397895 -0.202477 
v -1.23538 0.476022 -0.0725087 
v -1.25768 0.397895 -0.126343 
v -1.25768 0.476022 -0.126343 
v -1.18154 0.798737 -0.0418497 
v -1.18154 0.70369 -0.0418497 
v -1.1218 0.798737 -0.0665977 
v -1.1218 0.70369 -0.0665977 
v -1.24129 0.70369 -0.0665977 
v -1.09705 0.798737 -0.126343 
v -1.24129 0.798737 -0.0665977 
v -1.09705 0.70369 -0.126343 
v -1.10541 0.476022 -0.126343 
v -1.11254 0.481453 -0.126343 
v -1.25768 0.476022 -0.126343 
v -1.26603 0.70369 -0.126343 
v -1.25768 0.68916 -0.126343 
v -1.23538 0.68916 -0.0725087 
v -1.24129 0.70369 -0.0665977 
v -1.09705 0.70369 -0.126343 
v -1.18154 0.70369 -0.0418497 
v -1.10541 0.68916 -0.126343 
v -1.18154 0.68916 -0.0502097 
v -1.12771 0.68916 -0.0725087 
v -1.1218 0.70369 -0.0665977 
v -1.13942 0.809635 -0.16847 
v -1.13942 0.809635 -0.0842157 
v -1.12197 0.809635 -0.126343 
v -1.24112 0.809635 -0.126343 
v -1.18154 0.809635 -0.0667667 
v -1.22367 0.809635 -0.0842157 
v -1.18154 0.809635 -0.185919 
v -1.22367 0.809635 -0.16847 
v -1.24129 0.798737 -0.0665977 
v -1.24112 0.809635 -0.126343 
v -1.26603 0.798737 -0.126343 
v -1.22367 0.809635 -0.0842157 
v -1.22367 0.809635 -0.16847 
v -1.18154 0.798737 -0.0418497 
v -1.24129 0.798737 -0.186089 
v -1.18154 0.809635 -0.0667667 
v -1.18154 0.798737 -0.210836 
v -1.13942 0.809635 -0.0842157 
v -1.18154 0.809635 -0.185919 
v -1.1218 0.798737 -0.0665977 
v -1.13942 0.809635 -0.16847 
v -1.12197 0.809635 -0.126343 
v -1.1218 0.798737 -0.186089 
v -1.09705 0.798737 -0.126343 
v -1.18154 0.393078 -0.21009 
v -1.09779 0.377136 -0.126343 
v -1.24076 0.393078 -0.0671247 
v -1.12232 0.393078 -0.0671247 
v -1.18154 0.377136 -0.0425957 
v -1.10541 0.476022 -0.126343 
v -1.13275 0.481453 -0.0775477 
v -1.12771 0.476022 -0.0725087 
v -1.18154 0.476022 -0.0502097 
v -1.11254 0.481453 -0.126343 
v -1.18154 0.481453 -0.0573367 
v -1.13275 0.481453 -0.175138 
v -1.23034 0.481453 -0.0775477 
v -1.12771 0.476022 -0.180178 
v -1.23538 0.476022 -0.0725087 
v -1.18154 0.481453 -0.195349 
v -1.25055 0.481453 -0.126343 
v -1.18154 0.476022 -0.202477 
v -1.25768 0.476022 -0.126343 
v -1.23034 0.481453 -0.175138 
v -1.23538 0.476022 -0.180178 
v -1.18154 0.393078 -0.21009 
v -1.24076 0.393078 -0.185561 
v -1.23538 0.397895 -0.180178 
v -1.26529 0.393078 -0.126343 
v -1.18154 0.397895 -0.202477 
v -1.25768 0.397895 -0.126343 
v -1.12771 0.397895 -0.180178 
v -1.23538 0.397895 -0.0725087 
v -1.12232 0.393078 -0.185561 
v -1.24076 0.393078 -0.0671247 
v -1.10541 0.397895 -0.126343 
v -1.18154 0.397895 -0.0502097 
v -1.09779 0.393078 -0.126343 
v -1.18154 0.393078 -0.0425957 
v -1.12232 0.393078 -0.0671247 
v -1.12771 0.397895 -0.0725087 
v -1.24129 0.798737 -0.0665977 
v -1.18154 0.798737 -0.210836 
v -1.18154 0.809635 -0.185919 
v -1.18154 0.377136 -0.21009 
v -1.18154 0.372319 -0.0502097 
v -1.18154 0.372319 -0.202477 
v -1.18154 0.377136 -0.0425957 
v -1.18154 0.68916 -0.0502097 
v -1.23538 0.68916 -0.0725087 
v -1.23538 0.486883 -0.0725087 
v -1.25768 0.68916 -0.126343 
v -1.25768 0.486883 -0.126343 
v -1.23538 0.68916 -0.180178 
v -1.23538 0.486883 -0.180178 
v -1.18154 0.68916 -0.202477 
v -1.18154 0.658132 -0.202477 
v -1.21832 0.621342 -0.187241 
v -1.21304 0.514173 -0.189431 
v -1.18154 0.377136 -0.21009 
v -1.24076 0.393078 -0.185561 
v -1.18154 0.393078 -0.21009 
v -1.24076 0.377136 -0.185561 
v -1.26529 0.393078 -0.126343 
v -1.26529 0.377136 -0.126343 
v -1.24076 0.393078 -0.0671247 
v -1.24076 0.377136 -0.0671247 
v -1.10541 0.476022 -0.126343 
v -1.12771 0.397895 -0.0725087 
v -1.18154 0.476022 -0.202477 
v -1.23538 0.397895 -0.0725087 
v -1.18154 0.397895 -0.202477 
v -1.23538 0.476022 -0.0725087 
v -1.23538 0.476022 -0.180178 
v -1.25768 0.397895 -0.126343 
v -1.23538 0.397895 -0.180178 
v -1.25768 0.476022 -0.126343 
v -1.18154 0.70369 -0.0418497 
v -1.24129 0.70369 -0.0665977 
v -1.24129 0.798737 -0.0665977 
v -1.26603 0.70369 -0.126343 
v -1.26603 0.798737 -0.126343 
v -1.24129 0.70369 -0.186089 
v -1.18154 0.798737 -0.210836 
v -1.24129 0.798737 -0.186089 
v -1.18154 0.70369 -0.210836 
v -1.18154 0.70369 -0.210836 
v -1.23538 0.68916 -0.180178 
v -1.24129 0.70369 -0.186089 
v -1.26603 0.70369 -0.126343 
v -1.18154 0.68916 -0.202477 
v -1.25768 0.68916 -0.126343 
v -1.23538 0.68916 -0.0725087 
v -1.24129 0.70369 -0.0665977 
v -1.25055 0.481453 -0.126343 
v -1.25768 0.486883 -0.126343 
v -1.12771 0.486883 -0.180178 
v -1.10541 0.486883 -0.126343 
v -1.13275 0.481453 -0.175138 
v -1.11254 0.481453 -0.126343 
v -1.10541 0.486883 -0.126343 
v -1.25768 0.486883 -0.126343 
v -1.12771 0.486883 -0.180178 
v -1.23538 0.68916 -0.180178 
v -1.12771 0.68916 -0.180178 
v -1.23538 0.486883 -0.180178 
v -1.14473 0.621342 -0.18723 
v -1.15551 0.64736 -0.191694 
v -1.18154 0.68916 -0.202477 
v -1.18154 0.658132 -0.202477 
v -1.20755 0.64736 -0.191705 
v -1.21832 0.621342 -0.187241 
v -1.15002 0.514173 -0.18942 
v -1.15794 0.595324 -0.192701 
v -1.16197 0.59184 -0.194371 
v -1.18154 0.486883 -0.202477 
v -1.18154 0.503359 -0.202477 
v -1.21304 0.514173 -0.189431 
v -1.20512 0.595324 -0.192711 
v -1.20109 0.59184 -0.194381 
v -1.18154 0.377136 -0.21009 
v -1.24076 0.393078 -0.185561 
v -1.18154 0.393078 -0.21009 
v -1.24076 0.377136 -0.185561 
v -1.12232 0.377136 -0.185561 
v -1.12232 0.393078 -0.185561 
v -1.10541 0.476022 -0.126343 
v -1.12771 0.476022 -0.180178 
v -1.12771 0.397895 -0.180178 
v -1.18154 0.476022 -0.202477 
v -1.18154 0.397895 -0.202477 
v -1.23538 0.476022 -0.180178 
v -1.23538 0.397895 -0.180178 
v -1.25768 0.476022 -0.126343 
v -1.09705 0.798737 -0.126343 
v -1.09705 0.70369 -0.126343 
v -1.1218 0.798737 -0.186089 
v -1.1218 0.70369 -0.186089 
v -1.24129 0.70369 -0.186089 
v -1.18154 0.798737 -0.210836 
v -1.24129 0.798737 -0.186089 
v -1.18154 0.70369 -0.210836 
v -1.10541 0.476022 -0.126343 
v -1.11254 0.481453 -0.126343 
v -1.25768 0.476022 -0.126343 
v -1.18154 0.70369 -0.210836 
v -1.23538 0.68916 -0.180178 
v -1.24129 0.70369 -0.186089 
v -1.18154 0.68916 -0.202477 
v -1.12771 0.68916 -0.180178 
v -1.1218 0.70369 -0.186089 

vn 0 -1 0 
vn 0 -1 0 
vn 0 -1 0 
vn 0 -1 0 
vn 0 -1 0 
vn 0 -1 0 
vn 0 -1 0 
vn 0 -1 0 
vn 0.377953 -0.84252 -0.377953 
vn 0.535433 -0.84252 0 
vn 0.535433 -0.84252 0 
vn 0.377953 -0.84252 0.377953 
vn 0.377953 -0.84252 -0.377953 
vn 0.377953 -0.84252 0.377953 
vn 0 -0.84252 -0.535433 
vn 0 -0.84252 0.535433 
vn 0 -0.84252 -0.535433 
vn 0 -0.84252 0.535433 
vn -0.377953 -0.84252 -0.377953 
vn -0.377953 -0.84252 0.377953 
vn -0.377953 -0.84252 -0.377953 
vn -0.377953 -0.84252 0.377953 
vn -0.535433 -0.84252 0 
vn -0.535433 -0.84252 0 
vn -0.606299 -0.795276 0 
vn -0.425197 -0.795276 0.425197 
vn -0.606299 -0.795276 0 
vn -0.425197 -0.795276 0.425197 
vn -0.425197 -0.795276 -0.425197 
vn 0 -0.795276 0.606299 
vn -0.425197 -0.795276 -0.425197 
vn 0 -0.795276 0.606299 
vn 0 -0.795276 -0.606299 
vn 0.425197 -0.795276 0.425197 
vn 0 -0.795276 -0.606299 
vn 0.425197 -0.795276 0.425197 
vn 0.425197 -0.795276 -0.425197 
vn 0.606299 -0.795276 0 
vn 0.425197 -0.795276 -0.425197 
vn 0.606299 -0.795276 0 
vn 0 -0.84252 -0.535433 
vn 0 -0.84252 0.535433 
vn 0 -0.84252 -0.535433 
vn 0 -0.84252 0.535433 
vn 0.708661 0 0.708661 
vn 0 0 1 
vn 0.708661 0 0.708661 
vn 1 0 0 
vn 1 0 0 
vn -1 0 0 
vn 0.708661 0 -0.708661 
vn 0.708661 0 -0.708661 
vn 0.385827 0 -0.92126 
vn 0 0 -1 
vn 0 0 -1 
vn 0 0 -1 
vn 0 0 -1 
vn 0.708661 0 -0.708661 
vn 0.708661 0 -0.708661 
vn 1 0 0 
vn 1 0 0 
vn 0.708661 0 0.708661 
vn 0.708661 0 0.708661 
vn 1 0 0 
vn 1 0 0 
vn 0.708661 0 0.708661 
vn 0.708661 0 0.708661 
vn 0.708661 0 -0.708661 
vn 0.708661 0 -0.708661 
vn 0 0 -1 
vn 0 0 1 
vn 0.708661 0 0.708661 
vn 0.708661 0 0.708661 
vn 1 0 0 
vn 1 0 0 
vn 0.708661 0 -0.708661 
vn 0.708661 0 -0.708661 
vn 0 0 -1 
vn 0 -0.496063 -0.866142 
vn 0 -0.496063 -0.866142 
vn 0.614173 -0.496063 -0.614173 
vn 0.614173 -0.496063 -0.614173 
vn 0.866142 -0.496063 0 
vn 0 -0.496063 0.866142 
vn 0.866142 -0.496063 0 
vn 0 -0.496063 0.866142 
vn 0.614173 -0.496063 0.614173 
vn 0.614173 -0.496063 0.614173 
vn -0.606299 -0.795276 0 
vn 0.606299 -0.795276 0 
vn 0.606299 -0.795276 0 
vn 0.708661 0 0.708661 
vn 0 0 1 
vn 0 0 1 
vn -0.708661 0 0.708661 
vn 0.708661 0 0.708661 
vn -0.708661 0 0.708661 
vn 1 0 0 
vn -1 0 0 
vn 1 0 0 
vn -1 0 0 
vn -0.708661 0 0.708661 
vn -0.708661 0 0.708661 
vn 0.708661 0 0.708661 
vn 0 0 1 
vn 0.708661 0 0.708661 
vn 0 0 1 
vn 1 0 0 
vn 0.708661 0 0.708661 
vn 0.708661 0 0.708661 
vn 0 0 1 
vn 0 0 1 
vn -0.708661 0 0.708661 
vn 0 0 -1 
vn -0.708661 0 0.708661 
vn -1 0 0 
vn -1 0 0 
vn 0 0 1 
vn 0 0 1 
vn 0.708661 0 0.708661 
vn 0.708661 0 0.708661 
vn -0.708661 0 0.708661 
vn 1 0 0 
vn -0.708661 0 0.708661 
vn 1 0 0 
vn 0.606299 0.795276 0 
vn 0.606299 0.795276 0 
vn -0.606299 0.795276 0 
vn -0.866142 -0.496063 0 
vn -0.866142 -0.496063 0 
vn -0.614173 -0.496063 0.614173 
vn -0.614173 -0.496063 0.614173 
vn 0.866142 -0.496063 0 
vn 0 -0.496063 0.866142 
vn 0.866142 -0.496063 0 
vn 0 -0.496063 0.866142 
vn 0.614173 -0.496063 0.614173 
vn 0.614173 -0.496063 0.614173 
vn 0 1 0 
vn 0 1 0 
vn 0 1 0 
vn 0 1 0 
vn 0 1 0 
vn 0 1 0 
vn 0 1 0 
vn 0 1 0 
vn -0.283465 0.913386 0.283465 
vn -0.401575 0.913386 0 
vn -0.401575 0.913386 0 
vn -0.283465 0.913386 0.283465 
vn -0.283465 0.913386 -0.283465 
vn 0 0.913386 0.401575 
vn -0.283465 0.913386 -0.283465 
vn 0 0.913386 0.401575 
vn 0 0.913386 -0.401575 
vn 0.283465 0.913386 0.283465 
vn 0 0.913386 -0.401575 
vn 0.283465 0.913386 0.283465 
vn 0.283465 0.913386 -0.283465 
vn 0.401575 0.913386 0 
vn 0.283465 0.913386 -0.283465 
vn 0.401575 0.913386 0 
vn 0 0 -1 
vn 1 0 0 
vn -0.708661 0 0.708661 
vn 0.708661 0 0.708661 
vn 0 0 1 
vn 0.606299 0.795276 0 
vn 0.425197 0.795276 0.425197 
vn 0.425197 0.795276 0.425197 
vn 0 0.795276 0.606299 
vn 0.606299 0.795276 0 
vn 0 0.795276 0.606299 
vn 0.425197 0.795276 -0.425197 
vn -0.425197 0.795276 0.425197 
vn 0.425197 0.795276 -0.425197 
vn -0.425197 0.795276 0.425197 
vn 0 0.795276 -0.606299 
vn -0.606299 0.795276 0 
vn 0 0.795276 -0.606299 
vn -0.606299 0.795276 0 
vn -0.425197 0.795276 -0.425197 
vn -0.425197 0.795276 -0.425197 
vn 0 0.84252 -0.535433 
vn -0.377953 0.84252 -0.377953 
vn -0.377953 0.84252 -0.377953 
vn -0.535433 0.84252 0 
vn 0 0.84252 -0.535433 
vn -0.535433 0.84252 0 
vn 0.377953 0.84252 -0.377953 
vn -0.377953 0.84252 0.377953 
vn 0.377953 0.84252 -0.377953 
vn -0.377953 0.84252 0.377953 
vn 0.535433 0.84252 0 
vn 0 0.84252 0.535433 
vn 0.535433 0.84252 0 
vn 0 0.84252 0.535433 
vn 0.377953 0.84252 0.377953 
vn 0.377953 0.84252 0.377953 
vn -0.283465 0.913386 0.283465 
vn 0 0.913386 -0.401575 
vn 0 0.913386 -0.401575 
vn 0 -0.84252 -0.535433 
vn 0 -0.84252 0.535433 
vn 0 -0.84252 -0.535433 
vn 0 -0.84252 0.535433 
vn 0 0 1 
vn -0.708661 0 0.708661 
vn -0.708661 0 0.708661 
vn -1 0 0 
vn -1 0 0 
vn -0.708661 0 -0.708661 
vn -0.708661 0 -0.708661 
vn 0 0 -1 
vn 0 0 -1 
vn -0.385827 0 -0.92126 
vn -0.385827 0 -0.92126 
vn 0 0 -1 
vn -0.708661 0 -0.708661 
vn 0 0 -1 
vn -0.708661 0 -0.708661 
vn -1 0 0 
vn -1 0 0 
vn -0.708661 0 0.708661 
vn -0.708661 0 0.708661 
vn 1 0 0 
vn 0.708661 0 0.708661 
vn 0 0 -1 
vn -0.708661 0 0.708661 
vn 0 0 -1 
vn -0.708661 0 0.708661 
vn -0.708661 0 -0.708661 
vn -1 0 0 
vn -0.708661 0 -0.708661 
vn -1 0 0 
vn 0 0 1 
vn -0.708661 0 0.708661 
vn -0.708661 0 0.708661 
vn -1 0 0 
vn -1 0 0 
vn -0.708661 0 -0.708661 
vn 0 0 -1 
vn -0.708661 0 -0.708661 
vn 0 0 -1 
vn 0 -0.496063 -0.866142 
vn -0.614173 -0.496063 -0.614173 
vn -0.614173 -0.496063 -0.614173 
vn -0.866142 -0.496063 0 
vn 0 -0.496063 -0.866142 
vn -0.866142 -0.496063 0 
vn -0.614173 -0.496063 0.614173 
vn -0.614173 -0.496063 0.614173 
vn -0.606299 -0.795276 0 
vn -0.606299 -0.795276 0 
vn 0.425197 -0.795276 -0.425197 
vn 0.606299 -0.795276 0 
vn 0.425197 -0.795276 -0.425197 
vn 0.606299 -0.795276 0 
vn 1 0 0 
vn -1 0 0 
vn 0.708661 0 -0.708661 
vn -0.708661 0 -0.708661 
vn 0.708661 0 -0.708661 
vn -0.708661 0 -0.708661 
vn 0.385827 0 -0.92126 
vn 0.385827 0 -0.92126 
vn 0 0 -1 
vn 0 0 -1 
vn -0.385827 0 -0.92126 
vn -0.385827 0 -0.92126 
vn 0.385827 0 -0.92126 
vn 0.385827 0 -0.92126 
vn 0.385827 0 -0.92126 
vn 0 0 -1 
vn 0 0 -1 
vn -0.385827 0 -0.92126 
vn -0.385827 0 -0.92126 
vn -0.385827 0 -0.92126 
vn 0 0 -1 
vn -0.708661 0 -0.708661 
vn 0 0 -1 
vn -0.708661 0 -0.708661 
vn 0.708661 0 -0.708661 
vn 0.708661 0 -0.708661 
vn 1 0 0 
vn 0.708661 0 -0.708661 
vn 0.708661 0 -0.708661 
vn 0 0 -1 
vn 0 0 -1 
vn -0.708661 0 -0.708661 
vn -0.708661 0 -0.708661 
vn -1 0 0 
vn 1 0 0 
vn 1 0 0 
vn 0.708661 0 -0.708661 
vn 0.708661 0 -0.708661 
vn -0.708661 0 -0.708661 
vn 0 0 -1 
vn -0.708661 0 -0.708661 
vn 0 0 -1 
vn 0.606299 0.795276 0 
vn 0.606299 0.795276 0 
vn -0.606299 0.795276 0 
vn 0 -0.496063 -0.866142 
vn -0.614173 -0.496063 -0.614173 
vn -0.614173 -0.496063 -0.614173 
vn 0 -0.496063 -0.866142 
vn 0.614173 -0.496063 -0.614173 
vn 0.614173 -0.496063 -0.614173 

vt -0.290183 1.22633 
vt -0.290183 1.19942 
vt -0.284608 1.21287 
vt -0.3171 1.22633 
vt -0.303642 1.23191 
vt -0.3171 1.19942 
vt -0.322675 1.21287 
vt -0.303642 1.19384 
vt -0.288837 1.22768 
vt -0.303642 1.23381 
vt -0.303642 1.23191 
vt -0.318446 1.22768 
vt -0.290183 1.22633 
vt -0.3171 1.22633 
vt -0.282705 1.21287 
vt -0.322675 1.21287 
vt -0.284608 1.21287 
vt -0.324578 1.21287 
vt -0.290183 1.19942 
vt -0.318446 1.19807 
vt -0.288837 1.19807 
vt -0.3171 1.19942 
vt -0.303642 1.19194 
vt -0.303642 1.19384 
vt -0.303642 1.19562 
vt -0.3171 1.19942 
vt -0.303642 1.19384 
vt -0.31584 1.20068 
vt -0.291443 1.20068 
vt -0.322675 1.21287 
vt -0.290183 1.19942 
vt -0.320893 1.21287 
vt -0.284608 1.21287 
vt -0.31584 1.22507 
vt -0.28639 1.21287 
vt -0.3171 1.22633 
vt -0.290183 1.22633 
vt -0.303642 1.23191 
vt -0.291443 1.22507 
vt -0.303642 1.23013 
vt -0.357102 1.19194 
vt -0.358306 1.23191 
vt -0.358306 1.19384 
vt -0.357102 1.23381 
vt -0.329665 1.22633 
vt -0.279096 1.23191 
vt -0.279096 1.22633 
vt -0.329665 1.21287 
vt -0.279096 1.21287 
vt -0.329665 1.21287 
vt -0.329665 1.19942 
vt -0.279096 1.19942 
vt -0.29605 1.19765 
vt -0.279096 1.19384 
vt -0.286853 1.19384 
vt -0.357102 1.19194 
vt -0.353116 1.19194 
vt -0.357102 1.19807 
vt -0.353116 1.19807 
vt -0.357102 1.21287 
vt -0.353116 1.21287 
vt -0.357102 1.22768 
vt -0.353116 1.22768 
vt -0.351912 1.21287 
vt -0.33238 1.21287 
vt -0.351912 1.22633 
vt -0.33238 1.22633 
vt -0.33238 1.19942 
vt -0.351912 1.19942 
vt -0.351912 1.19384 
vt -0.275463 1.234 
vt -0.251702 1.22781 
vt -0.275463 1.22781 
vt -0.251702 1.21287 
vt -0.275463 1.21287 
vt -0.251702 1.19794 
vt -0.275463 1.19794 
vt -0.275463 1.19175 
vt -0.275463 1.19175 
vt -0.279096 1.19384 
vt -0.279096 1.19942 
vt -0.275463 1.19794 
vt -0.275463 1.21287 
vt -0.275463 1.234 
vt -0.279096 1.21287 
vt -0.279096 1.23191 
vt -0.279096 1.22633 
vt -0.275463 1.22781 
vt -0.277618 1.19384 
vt -0.277618 1.23191 
vt -0.276261 1.23013 
vt -0.277618 1.22633 
vt -0.328187 1.21287 
vt -0.277618 1.21287 
vt -0.328187 1.19942 
vt -0.328187 1.22633 
vt -0.277618 1.19942 
vt -0.277618 1.23191 
vt -0.328187 1.19384 
vt -0.328187 1.23191 
vt -0.277618 1.19384 
vt -0.254167 1.19807 
vt -0.250181 1.19807 
vt -0.250181 1.22768 
vt -0.254167 1.21287 
vt -0.254167 1.22768 
vt -0.250181 1.21287 
vt -0.274903 1.23191 
vt -0.255371 1.22633 
vt -0.274903 1.22633 
vt -0.255371 1.21287 
vt -0.274903 1.21287 
vt -0.255371 1.19942 
vt -0.255371 1.21287 
vt -0.274903 1.19942 
vt -0.255371 1.19384 
vt -0.274903 1.19384 
vt -0.355582 1.21287 
vt -0.33182 1.21287 
vt -0.355582 1.22781 
vt -0.33182 1.22781 
vt -0.33182 1.19794 
vt -0.355582 1.234 
vt -0.355582 1.19794 
vt -0.33182 1.234 
vt -0.274903 1.23191 
vt -0.276261 1.23013 
vt -0.274903 1.19384 
vt -0.33182 1.19175 
vt -0.328187 1.19384 
vt -0.328187 1.19942 
vt -0.33182 1.19794 
vt -0.33182 1.234 
vt -0.33182 1.21287 
vt -0.328187 1.23191 
vt -0.328187 1.21287 
vt -0.328187 1.22633 
vt -0.33182 1.22781 
vt -0.314173 1.22341 
vt -0.29311 1.22341 
vt -0.303642 1.22777 
vt -0.303642 1.19798 
vt -0.288748 1.21287 
vt -0.29311 1.20234 
vt -0.318536 1.21287 
vt -0.314173 1.20234 
vt -0.288705 1.19794 
vt -0.303642 1.19798 
vt -0.303642 1.19175 
vt -0.29311 1.20234 
vt -0.314173 1.20234 
vt -0.282518 1.21287 
vt -0.318578 1.19794 
vt -0.288748 1.21287 
vt -0.324765 1.21287 
vt -0.29311 1.22341 
vt -0.318536 1.21287 
vt -0.288705 1.22781 
vt -0.314173 1.22341 
vt -0.303642 1.22777 
vt -0.318578 1.22781 
vt -0.303642 1.234 
vt -0.324578 1.21287 
vt -0.303642 1.23381 
vt -0.288837 1.19807 
vt -0.288837 1.22768 
vt -0.282705 1.21287 
vt -0.303642 1.23191 
vt -0.291443 1.22507 
vt -0.290183 1.22633 
vt -0.284608 1.21287 
vt -0.303642 1.23013 
vt -0.28639 1.21287 
vt -0.31584 1.22507 
vt -0.291443 1.20068 
vt -0.3171 1.22633 
vt -0.290183 1.19942 
vt -0.320893 1.21287 
vt -0.303642 1.19562 
vt -0.322675 1.21287 
vt -0.303642 1.19384 
vt -0.31584 1.20068 
vt -0.3171 1.19942 
vt -0.324578 1.21287 
vt -0.318446 1.19807 
vt -0.3171 1.19942 
vt -0.303642 1.19194 
vt -0.322675 1.21287 
vt -0.303642 1.19384 
vt -0.3171 1.22633 
vt -0.290183 1.19942 
vt -0.318446 1.22768 
vt -0.288837 1.19807 
vt -0.303642 1.23191 
vt -0.284608 1.21287 
vt -0.303642 1.23381 
vt -0.282705 1.21287 
vt -0.288837 1.22768 
vt -0.290183 1.22633 
vt -0.355582 1.22781 
vt -0.355582 1.19175 
vt -0.358306 1.19798 
vt -0.250181 1.19194 
vt -0.248977 1.23191 
vt -0.248977 1.19384 
vt -0.250181 1.23381 
vt -0.328187 1.23191 
vt -0.328187 1.22633 
vt -0.277618 1.22633 
vt -0.328187 1.21287 
vt -0.277618 1.21287 
vt -0.328187 1.19942 
vt -0.277618 1.19942 
vt -0.328187 1.19384 
vt -0.32043 1.19384 
vt -0.311233 1.19765 
vt -0.284441 1.1971 
vt -0.250181 1.19194 
vt -0.254167 1.19807 
vt -0.254167 1.19194 
vt -0.250181 1.19807 
vt -0.254167 1.21287 
vt -0.250181 1.21287 
vt -0.254167 1.22768 
vt -0.250181 1.22768 
vt -0.274903 1.21287 
vt -0.255371 1.22633 
vt -0.274903 1.19384 
vt -0.255371 1.22633 
vt -0.255371 1.19384 
vt -0.274903 1.22633 
vt -0.274903 1.19942 
vt -0.255371 1.21287 
vt -0.255371 1.19942 
vt -0.274903 1.21287 
vt -0.33182 1.234 
vt -0.33182 1.22781 
vt -0.355582 1.22781 
vt -0.33182 1.21287 
vt -0.355582 1.21287 
vt -0.33182 1.19794 
vt -0.355582 1.19175 
vt -0.355582 1.19794 
vt -0.33182 1.19175 
vt -0.33182 1.19175 
vt -0.328187 1.19942 
vt -0.33182 1.19794 
vt -0.33182 1.21287 
vt -0.328187 1.19384 
vt -0.328187 1.21287 
vt -0.328187 1.22633 
vt -0.33182 1.22781 
vt -0.331023 1.19562 
vt -0.329665 1.19384 
vt -0.329665 1.22633 
vt -0.329665 1.23191 
vt -0.331023 1.22507 
vt -0.331023 1.23013 
vt -0.329665 1.23191 
vt -0.329665 1.19384 
vt -0.329665 1.22633 
vt -0.279096 1.19942 
vt -0.279096 1.22633 
vt -0.329665 1.19942 
vt -0.29605 1.22208 
vt -0.289546 1.21938 
vt -0.279096 1.21287 
vt -0.286853 1.21287 
vt -0.289546 1.20637 
vt -0.29605 1.20368 
vt -0.322843 1.22075 
vt -0.302555 1.21877 
vt -0.303426 1.21777 
vt -0.329665 1.21287 
vt -0.325546 1.21287 
vt -0.322843 1.205 
vt -0.302555 1.20698 
vt -0.303426 1.20799 
vt -0.357102 1.21287 
vt -0.353116 1.19807 
vt -0.353116 1.21287 
vt -0.357102 1.19807 
vt -0.357102 1.22768 
vt -0.353116 1.22768 
vt -0.33238 1.23191 
vt -0.33238 1.22633 
vt -0.351912 1.22633 
vt -0.33238 1.21287 
vt -0.351912 1.21287 
vt -0.33238 1.19942 
vt -0.351912 1.19942 
vt -0.33238 1.19384 
vt -0.251702 1.234 
vt -0.275463 1.234 
vt -0.251702 1.22781 
vt -0.275463 1.22781 
vt -0.275463 1.19794 
vt -0.251702 1.21287 
vt -0.251702 1.19794 
vt -0.275463 1.21287 
vt -0.33238 1.23191 
vt -0.331023 1.23013 
vt -0.33238 1.19384 
vt -0.275463 1.21287 
vt -0.279096 1.19942 
vt -0.275463 1.19794 
vt -0.279096 1.21287 
vt -0.279096 1.22633 
vt -0.275463 1.22781 

usemtl Metal5Mtl

f 2839/2839/2839 2840/2840/2840 2841/2841/2841 
f 2840/2840/2840 2839/2839/2839 2842/2842/2842 
f 2842/2842/2842 2839/2839/2839 2843/2843/2843 
f 2840/2840/2840 2842/2842/2842 2844/2844/2844 
f 2844/2844/2844 2842/2842/2842 2845/2845/2845 
f 2840/2840/2840 2844/2844/2844 2846/2846/2846 
f 2847/2847/2847 2848/2848/2848 2849/2849/2849 
f 2850/2850/2850 2849/2849/2849 2848/2848/2848 
f 2847/2847/2847 2849/2849/2849 2851/2851/2851 
f 2849/2849/2849 2850/2850/2850 2852/2852/2852 
f 2851/2851/2851 2853/2853/2853 2847/2847/2847 
f 2850/2850/2850 2854/2854/2854 2852/2852/2852 
f 2853/2853/2853 2851/2851/2851 2855/2855/2855 
f 2854/2854/2854 2850/2850/2850 2856/2856/2856 
f 2857/2857/2857 2853/2853/2853 2855/2855/2855 
f 2858/2858/2858 2854/2854/2854 2856/2856/2856 
f 2853/2853/2853 2857/2857/2857 2859/2859/2859 
f 2854/2854/2854 2858/2858/2858 2860/2860/2860 
f 2861/2861/2861 2859/2859/2859 2857/2857/2857 
f 2861/2861/2861 2860/2860/2860 2858/2858/2858 
f 2861/2861/2861 2857/2857/2857 2862/2862/2862 
f 2860/2860/2860 2861/2861/2861 2862/2862/2862 
f 2863/2863/2863 2864/2864/2864 2865/2865/2865 
f 2864/2864/2864 2863/2863/2863 2866/2866/2866 
f 2865/2865/2865 2867/2867/2867 2863/2863/2863 
f 2868/2868/2868 2864/2864/2864 2866/2866/2866 
f 2865/2865/2865 2869/2869/2869 2867/2867/2867 
f 2866/2866/2866 2870/2870/2870 2868/2868/2868 
f 2871/2871/2871 2867/2867/2867 2869/2869/2869 
f 2872/2872/2872 2868/2868/2868 2870/2870/2870 
f 2867/2867/2867 2871/2871/2871 2873/2873/2873 
f 2868/2868/2868 2872/2872/2872 2874/2874/2874 
f 2875/2875/2875 2873/2873/2873 2871/2871/2871 
f 2876/2876/2876 2874/2874/2874 2872/2872/2872 
f 2873/2873/2873 2875/2875/2875 2877/2877/2877 
f 2876/2876/2876 2877/2877/2877 2875/2875/2875 
f 2877/2877/2877 2876/2876/2876 2878/2878/2878 
f 2876/2876/2876 2872/2872/2872 2878/2878/2878 
f 2886/2886/2886 2885/2885/2885 2883/2883/2883 
f 2886/2886/2886 2887/2887/2887 2885/2885/2885 
f 2889/2889/2889 2887/2887/2887 2886/2886/2886 
f 2889/2889/2889 2890/2890/2890 2887/2887/2887 
f 2898/2898/2898 2896/2896/2896 2897/2897/2897 
f 2897/2897/2897 2899/2899/2899 2898/2898/2898 
f 2900/2900/2900 2898/2898/2898 2899/2899/2899 
f 2899/2899/2899 2901/2901/2901 2900/2900/2900 
f 2902/2902/2902 2903/2903/2903 2904/2904/2904 
f 2903/2903/2903 2905/2905/2905 2904/2904/2904 
f 2906/2906/2906 2903/2903/2903 2902/2902/2902 
f 2907/2907/2907 2906/2906/2906 2902/2902/2902 
f 2911/2911/2911 2912/2912/2912 2910/2910/2910 
f 2912/2912/2912 2911/2911/2911 2913/2913/2913 
f 2913/2913/2913 2914/2914/2914 2912/2912/2912 
f 2914/2914/2914 2913/2913/2913 2915/2915/2915 
f 2921/2921/2921 2919/2919/2919 2920/2920/2920 
f 2919/2919/2919 2921/2921/2921 2923/2923/2923 
f 2921/2921/2921 2925/2925/2925 2923/2923/2923 
f 2921/2921/2921 2926/2926/2926 2925/2925/2925 
f 2930/2930/2930 2931/2931/2931 2932/2932/2932 
f 2933/2933/2933 2932/2932/2932 2931/2931/2931 
f 2931/2931/2931 2930/2930/2930 2934/2934/2934 
f 2933/2933/2933 2935/2935/2935 2932/2932/2932 
f 2941/2941/2941 2943/2943/2943 2940/2940/2940 
f 2943/2943/2943 2941/2941/2941 2945/2945/2945 
f 2944/2944/2944 2945/2945/2945 2942/2942/2942 
f 2945/2945/2945 2944/2944/2944 2943/2943/2943 
f 2948/2948/2948 2949/2949/2949 2947/2947/2947 
f 2949/2949/2949 2948/2948/2948 2950/2950/2950 
f 2950/2950/2950 2951/2951/2951 2949/2949/2949 
f 2951/2951/2951 2950/2950/2950 2953/2953/2953 
f 2956/2956/2956 2957/2957/2957 2958/2958/2958 
f 2957/2957/2957 2959/2959/2959 2958/2958/2958 
f 2960/2960/2960 2957/2957/2957 2956/2956/2956 
f 2962/2962/2962 2960/2960/2960 2956/2956/2956 
f 2972/2972/2972 2970/2970/2970 2969/2969/2969 
f 2969/2969/2969 2974/2974/2974 2972/2972/2972 
f 2975/2975/2975 2972/2972/2972 2974/2974/2974 
f 2972/2972/2972 2975/2975/2975 2976/2976/2976 
f 2977/2977/2977 2978/2978/2978 2979/2979/2979 
f 2980/2980/2980 2978/2978/2978 2977/2977/2977 
f 2978/2978/2978 2980/2980/2980 2981/2981/2981 
f 2981/2981/2981 2980/2980/2980 2982/2982/2982 
f 2980/2980/2980 2977/2977/2977 2983/2983/2983 
f 2980/2980/2980 2983/2983/2983 2984/2984/2984 
f 2985/2985/2985 2986/2986/2986 2987/2987/2987 
f 2986/2986/2986 2985/2985/2985 2988/2988/2988 
f 2989/2989/2989 2987/2987/2987 2986/2986/2986 
f 2990/2990/2990 2988/2988/2988 2985/2985/2985 
f 2987/2987/2987 2989/2989/2989 2991/2991/2991 
f 2988/2988/2988 2990/2990/2990 2992/2992/2992 
f 2989/2989/2989 2993/2993/2993 2991/2991/2991 
f 2994/2994/2994 2992/2992/2992 2990/2990/2990 
f 2993/2993/2993 2989/2989/2989 2995/2995/2995 
f 2990/2990/2990 2996/2996/2996 2994/2994/2994 
f 2997/2997/2997 2993/2993/2993 2995/2995/2995 
f 2996/2996/2996 2998/2998/2998 2994/2994/2994 
f 2993/2993/2993 2997/2997/2997 2999/2999/2999 
f 2998/2998/2998 2999/2999/2999 2997/2997/2997 
f 2998/2998/2998 2996/2996/2996 3000/3000/3000 
f 2999/2999/2999 2998/2998/2998 3000/3000/3000 
f 3006/3006/3006 3007/3007/3007 3008/3008/3008 
f 3007/3007/3007 3009/3009/3009 3008/3008/3008 
f 3007/3007/3007 3006/3006/3006 3010/3010/3010 
f 3009/3009/3009 3007/3007/3007 3011/3011/3011 
f 3012/3012/3012 3010/3010/3010 3006/3006/3006 
f 3013/3013/3013 3009/3009/3009 3011/3011/3011 
f 3006/3006/3006 3014/3014/3014 3012/3012/3012 
f 3009/3009/3009 3013/3013/3013 3015/3015/3015 
f 3014/3014/3014 3016/3016/3016 3012/3012/3012 
f 3017/3017/3017 3015/3015/3015 3013/3013/3013 
f 3014/3014/3014 3018/3018/3018 3016/3016/3016 
f 3015/3015/3015 3017/3017/3017 3019/3019/3019 
f 3018/3018/3018 3020/3020/3020 3016/3016/3016 
f 3020/3020/3020 3019/3019/3019 3017/3017/3017 
f 3018/3018/3018 3021/3021/3021 3020/3020/3020 
f 3019/3019/3019 3020/3020/3020 3021/3021/3021 
f 3022/3022/3022 3023/3023/3023 3024/3024/3024 
f 3025/3025/3025 3024/3024/3024 3023/3023/3023 
f 3022/3022/3022 3024/3024/3024 3026/3026/3026 
f 3024/3024/3024 3025/3025/3025 3027/3027/3027 
f 3028/3028/3028 3022/3022/3022 3026/3026/3026 
f 3025/3025/3025 3029/3029/3029 3027/3027/3027 
f 3022/3022/3022 3028/3028/3028 3030/3030/3030 
f 3025/3025/3025 3031/3031/3031 3029/3029/3029 
f 3032/3032/3032 3030/3030/3030 3028/3028/3028 
f 3033/3033/3033 3029/3029/3029 3031/3031/3031 
f 3030/3030/3030 3032/3032/3032 3034/3034/3034 
f 3031/3031/3031 3035/3035/3035 3033/3033/3033 
f 3036/3036/3036 3034/3034/3034 3032/3032/3032 
f 3036/3036/3036 3033/3033/3033 3035/3035/3035 
f 3036/3036/3036 3032/3032/3032 3037/3037/3037 
f 3033/3033/3033 3036/3036/3036 3037/3037/3037 
f 3048/3048/3048 3047/3047/3047 3046/3046/3046 
f 3047/3047/3047 3048/3048/3048 3049/3049/3049 
f 3050/3050/3050 3049/3049/3049 3048/3048/3048 
f 3049/3049/3049 3050/3050/3050 3051/3051/3051 
f 3059/3059/3059 3060/3060/3060 3057/3057/3057 
f 3060/3060/3060 3059/3059/3059 3061/3061/3061 
f 3061/3061/3061 3062/3062/3062 3060/3060/3060 
f 3062/3062/3062 3061/3061/3061 3063/3063/3063 
f 3069/3069/3069 3071/3071/3071 3067/3067/3067 
f 3071/3071/3071 3069/3069/3069 3073/3073/3073 
f 3072/3072/3072 3073/3073/3073 3070/3070/3070 
f 3073/3073/3073 3072/3072/3072 3071/3071/3071 
f 3077/3077/3077 3075/3075/3075 3076/3076/3076 
f 3078/3078/3078 3077/3077/3077 3076/3076/3076 
f 3079/3079/3079 3077/3077/3077 3078/3078/3078 
f 3081/3081/3081 3079/3079/3079 3078/3078/3078 
f 3086/3086/3086 3085/3085/3085 3084/3084/3084 
f 3084/3084/3084 3088/3088/3088 3086/3086/3086 
f 3089/3089/3089 3086/3086/3086 3088/3088/3088 
f 3086/3086/3086 3089/3089/3089 3090/3090/3090 
f 3101/3101/3101 3099/3099/3099 3103/3103/3103 
f 3101/3101/3101 3103/3103/3103 3104/3104/3104 
f 3105/3105/3105 3101/3101/3101 3104/3104/3104 
f 3104/3104/3104 3106/3106/3106 3105/3105/3105 
f 3107/3107/3107 3105/3105/3105 3106/3106/3106 
f 3105/3105/3105 3107/3107/3107 3100/3100/3100 
f 3107/3107/3107 3108/3108/3108 3100/3100/3100 
f 3102/3102/3102 3100/3100/3100 3108/3108/3108 
f 3109/3109/3109 3103/3103/3103 3099/3099/3099 
f 3103/3103/3103 3109/3109/3109 3110/3110/3110 
f 3110/3110/3110 3109/3109/3109 3111/3111/3111 
f 3112/3112/3112 3109/3109/3109 3099/3099/3099 
f 3109/3109/3109 3112/3112/3112 3113/3113/3113 
f 3112/3112/3112 3114/3114/3114 3113/3113/3113 
f 3112/3112/3112 3102/3102/3102 3114/3114/3114 
f 3108/3108/3108 3114/3114/3114 3102/3102/3102 
f 3114/3114/3114 3108/3108/3108 3115/3115/3115 
f 3114/3114/3114 3115/3115/3115 3116/3116/3116 
f 3117/3117/3117 3118/3118/3118 3119/3119/3119 
f 3118/3118/3118 3117/3117/3117 3120/3120/3120 
f 3119/3119/3119 3121/3121/3121 3117/3117/3117 
f 3121/3121/3121 3119/3119/3119 3122/3122/3122 
f 3125/3125/3125 3126/3126/3126 3124/3124/3124 
f 3126/3126/3126 3125/3125/3125 3127/3127/3127 
f 3127/3127/3127 3128/3128/3128 3126/3126/3126 
f 3128/3128/3128 3127/3127/3127 3129/3129/3129 
f 3133/3133/3133 3134/3134/3134 3136/3136/3136 
f 3134/3134/3134 3138/3138/3138 3136/3136/3136 
f 3138/3138/3138 3135/3135/3135 3137/3137/3137 
f 3136/3136/3136 3138/3138/3138 3137/3137/3137 
f 3142/3142/3142 3143/3143/3143 3144/3144/3144 
f 3143/3143/3143 3142/3142/3142 3145/3145/3145 
f 3146/3146/3146 3145/3145/3145 3142/3142/3142 
f 3142/3142/3142 3147/3147/3147 3146/3146/3146 

g Black6

v -1.3579 0.595301 -0.19255 
v -1.35547 0.647337 -0.191543 
v -1.3447 0.621319 -0.187079 
v -1.3815 0.658109 -0.202326 
v -1.36194 0.591817 -0.19422 
v -1.3815 0.503336 -0.202326 
v -1.34998 0.514149 -0.189269 
v -1.40105 0.591817 -0.19423 
v -1.413 0.514149 -0.18928 
v -1.40508 0.595301 -0.19256 
v -1.40751 0.647337 -0.191554 
v -1.41829 0.621319 -0.18709 

vn 0.385827 0 -0.92126 
vn 0.385827 0 -0.92126 
vn 0.385827 0 -0.92126 
vn 0 0 -1 
vn 0.385827 0 -0.92126 
vn 0 0 -1 
vn 0.385827 0 -0.92126 
vn -0.385827 0 -0.92126 
vn -0.385827 0 -0.92126 
vn -0.385827 0 -0.92126 
vn -0.385827 0 -0.92126 
vn -0.385827 0 -0.92126 

vt 36.0146 -16.9764 
vt 36.0666 -16.974 
vt 36.0406 -16.9632 
vt 36.0774 -17 
vt 36.0111 -16.9804 
vt 35.9226 -17 
vt 35.9334 -16.9685 
vt 36.0111 -17.0196 
vt 35.9334 -17.0315 
vt 36.0146 -17.0236 
vt 36.0666 -17.026 
vt 36.0406 -17.0368 

usemtl Black1Mtl

f 3148/3148/3148 3149/3149/3149 3150/3150/3150 
f 3149/3149/3149 3148/3148/3148 3151/3151/3151 
f 3151/3151/3151 3148/3148/3148 3152/3152/3152 
f 3153/3153/3153 3151/3151/3151 3152/3152/3152 
f 3152/3152/3152 3154/3154/3154 3153/3153/3153 
f 3151/3151/3151 3153/3153/3153 3155/3155/3155 
f 3153/3153/3153 3156/3156/3156 3155/3155/3155 
f 3157/3157/3157 3151/3151/3151 3155/3155/3155 
f 3151/3151/3151 3157/3157/3157 3158/3158/3158 
f 3158/3158/3158 3157/3157/3157 3159/3159/3159 

g Metal6

v -1.32766 0.372319 -0.180056 
v -1.43533 0.372319 -0.180056 
v -1.38149 0.372319 -0.202355 
v -1.32766 0.372319 -0.0723867 
v -1.30536 0.372319 -0.126221 
v -1.43533 0.372319 -0.0723866 
v -1.38149 0.372319 -0.0500876 
v -1.45763 0.372319 -0.126221 
v -1.32227 0.377136 -0.185439 
v -1.29775 0.377136 -0.126221 
v -1.30536 0.372319 -0.126221 
v -1.32227 0.377136 -0.0670027 
v -1.32766 0.372319 -0.180056 
v -1.32766 0.372319 -0.0723867 
v -1.38149 0.377136 -0.209968 
v -1.38149 0.372319 -0.0500876 
v -1.38149 0.372319 -0.202355 
v -1.38149 0.377136 -0.0424736 
v -1.43533 0.372319 -0.180056 
v -1.44071 0.377136 -0.0670026 
v -1.44071 0.377136 -0.185439 
v -1.43533 0.372319 -0.0723866 
v -1.46524 0.377136 -0.126221 
v -1.45763 0.372319 -0.126221 
v -1.4505 0.481453 -0.126221 
v -1.43533 0.486883 -0.0723866 
v -1.45763 0.486883 -0.126221 
v -1.43029 0.481453 -0.0774256 
v -1.43029 0.481453 -0.175016 
v -1.38149 0.486883 -0.0500876 
v -1.43533 0.486883 -0.180056 
v -1.38149 0.481453 -0.0572146 
v -1.38149 0.486883 -0.202355 
v -1.3327 0.481453 -0.0774257 
v -1.38149 0.481453 -0.195227 
v -1.32766 0.486883 -0.0723867 
v -1.32766 0.486883 -0.180056 
v -1.30536 0.486883 -0.126221 
v -1.3327 0.481453 -0.175016 
v -1.31249 0.481453 -0.126221 
v -1.38149 0.377136 -0.209968 
v -1.38149 0.372319 -0.0500876 
v -1.38149 0.372319 -0.202355 
v -1.38149 0.377136 -0.0424736 
v -1.32766 0.486883 -0.0723867 
v -1.38149 0.68916 -0.0500876 
v -1.32766 0.68916 -0.0723867 
v -1.30536 0.486883 -0.126221 
v -1.30536 0.68916 -0.126221 
v -1.45763 0.486883 -0.126221 
v -1.32766 0.486883 -0.180056 
v -1.32766 0.68916 -0.180056 
v -1.34469 0.621342 -0.187108 
v -1.38149 0.68916 -0.202355 
v -1.38149 0.658132 -0.202355 
v -1.38149 0.377136 -0.209968 
v -1.38149 0.393078 -0.209968 
v -1.32227 0.377136 -0.185439 
v -1.32227 0.393078 -0.185439 
v -1.29775 0.377136 -0.126221 
v -1.29775 0.393078 -0.126221 
v -1.32227 0.377136 -0.0670027 
v -1.32227 0.393078 -0.0670027 
v -1.30536 0.397895 -0.126221 
v -1.30536 0.476022 -0.126221 
v -1.32766 0.397895 -0.0723867 
v -1.32766 0.476022 -0.0723867 
v -1.32766 0.476022 -0.180056 
v -1.32766 0.397895 -0.180056 
v -1.38149 0.397895 -0.202355 
v -1.38149 0.70369 -0.0417276 
v -1.32175 0.798737 -0.0664757 
v -1.32175 0.70369 -0.0664757 
v -1.297 0.798737 -0.126221 
v -1.297 0.70369 -0.126221 
v -1.32175 0.798737 -0.185967 
v -1.32175 0.70369 -0.185967 
v -1.38149 0.70369 -0.210714 
v -1.38149 0.70369 -0.210714 
v -1.38149 0.68916 -0.202355 
v -1.32766 0.68916 -0.180056 
v -1.32175 0.70369 -0.185967 
v -1.297 0.70369 -0.126221 
v -1.38149 0.70369 -0.0417276 
v -1.30536 0.68916 -0.126221 
v -1.38149 0.68916 -0.0500876 
v -1.32766 0.68916 -0.0723867 
v -1.32175 0.70369 -0.0664757 
v -1.45763 0.486883 -0.126221 
v -1.30536 0.486883 -0.126221 
v -1.31249 0.481453 -0.126221 
v -1.32766 0.486883 -0.0723867 
v -1.38149 0.68916 -0.0500876 
v -1.38149 0.486883 -0.0500876 
v -1.43533 0.68916 -0.0723866 
v -1.32766 0.68916 -0.0723867 
v -1.43533 0.486883 -0.0723866 
v -1.30536 0.486883 -0.126221 
v -1.45763 0.68916 -0.126221 
v -1.30536 0.68916 -0.126221 
v -1.45763 0.486883 -0.126221 
v -1.44071 0.393078 -0.0670026 
v -1.44071 0.377136 -0.0670026 
v -1.32227 0.377136 -0.0670027 
v -1.38149 0.393078 -0.0424736 
v -1.32227 0.393078 -0.0670027 
v -1.38149 0.377136 -0.0424736 
v -1.30536 0.476022 -0.126221 
v -1.32766 0.397895 -0.0723867 
v -1.32766 0.476022 -0.0723867 
v -1.38149 0.397895 -0.0500876 
v -1.38149 0.476022 -0.0500876 
v -1.43533 0.397895 -0.0723866 
v -1.38149 0.397895 -0.202355 
v -1.43533 0.476022 -0.0723866 
v -1.45763 0.397895 -0.126221 
v -1.45763 0.476022 -0.126221 
v -1.38149 0.798737 -0.0417276 
v -1.38149 0.70369 -0.0417276 
v -1.32175 0.798737 -0.0664757 
v -1.32175 0.70369 -0.0664757 
v -1.44124 0.70369 -0.0664756 
v -1.297 0.798737 -0.126221 
v -1.44124 0.798737 -0.0664756 
v -1.297 0.70369 -0.126221 
v -1.30536 0.476022 -0.126221 
v -1.31249 0.481453 -0.126221 
v -1.45763 0.476022 -0.126221 
v -1.46599 0.70369 -0.126221 
v -1.45763 0.68916 -0.126221 
v -1.43533 0.68916 -0.0723866 
v -1.44124 0.70369 -0.0664756 
v -1.297 0.70369 -0.126221 
v -1.38149 0.70369 -0.0417276 
v -1.30536 0.68916 -0.126221 
v -1.38149 0.68916 -0.0500876 
v -1.32766 0.68916 -0.0723867 
v -1.32175 0.70369 -0.0664757 
v -1.33937 0.809635 -0.168348 
v -1.33937 0.809635 -0.0840936 
v -1.32192 0.809635 -0.126221 
v -1.44107 0.809635 -0.126221 
v -1.38149 0.809635 -0.0666446 
v -1.42362 0.809635 -0.0840936 
v -1.38149 0.809635 -0.185797 
v -1.42362 0.809635 -0.168348 
v -1.44124 0.798737 -0.0664756 
v -1.44107 0.809635 -0.126221 
v -1.46599 0.798737 -0.126221 
v -1.42362 0.809635 -0.0840936 
v -1.42362 0.809635 -0.168348 
v -1.38149 0.798737 -0.0417276 
v -1.44124 0.798737 -0.185967 
v -1.38149 0.809635 -0.0666446 
v -1.38149 0.798737 -0.210714 
v -1.33937 0.809635 -0.0840936 
v -1.38149 0.809635 -0.185797 
v -1.32175 0.798737 -0.0664757 
v -1.33937 0.809635 -0.168348 
v -1.32192 0.809635 -0.126221 
v -1.32175 0.798737 -0.185967 
v -1.297 0.798737 -0.126221 
v -1.38149 0.393078 -0.209968 
v -1.29775 0.377136 -0.126221 
v -1.44071 0.393078 -0.0670026 
v -1.32227 0.393078 -0.0670027 
v -1.38149 0.377136 -0.0424736 
v -1.30536 0.476022 -0.126221 
v -1.3327 0.481453 -0.0774257 
v -1.32766 0.476022 -0.0723867 
v -1.38149 0.476022 -0.0500876 
v -1.31249 0.481453 -0.126221 
v -1.38149 0.481453 -0.0572146 
v -1.3327 0.481453 -0.175016 
v -1.43029 0.481453 -0.0774256 
v -1.32766 0.476022 -0.180056 
v -1.43533 0.476022 -0.0723866 
v -1.38149 0.481453 -0.195227 
v -1.4505 0.481453 -0.126221 
v -1.38149 0.476022 -0.202355 
v -1.45763 0.476022 -0.126221 
v -1.43029 0.481453 -0.175016 
v -1.43533 0.476022 -0.180056 
v -1.38149 0.393078 -0.209968 
v -1.44071 0.393078 -0.185439 
v -1.43533 0.397895 -0.180056 
v -1.46524 0.393078 -0.126221 
v -1.38149 0.397895 -0.202355 
v -1.45763 0.397895 -0.126221 
v -1.32766 0.397895 -0.180056 
v -1.43533 0.397895 -0.0723866 
v -1.32227 0.393078 -0.185439 
v -1.44071 0.393078 -0.0670026 
v -1.30536 0.397895 -0.126221 
v -1.38149 0.397895 -0.0500876 
v -1.29775 0.393078 -0.126221 
v -1.38149 0.393078 -0.0424736 
v -1.32227 0.393078 -0.0670027 
v -1.32766 0.397895 -0.0723867 
v -1.44124 0.798737 -0.0664756 
v -1.38149 0.798737 -0.210714 
v -1.38149 0.809635 -0.185797 
v -1.38149 0.377136 -0.209968 
v -1.38149 0.372319 -0.0500876 
v -1.38149 0.372319 -0.202355 
v -1.38149 0.377136 -0.0424736 
v -1.38149 0.68916 -0.0500876 
v -1.43533 0.68916 -0.0723866 
v -1.43533 0.486883 -0.0723866 
v -1.45763 0.68916 -0.126221 
v -1.45763 0.486883 -0.126221 
v -1.43533 0.68916 -0.180056 
v -1.43533 0.486883 -0.180056 
v -1.38149 0.68916 -0.202355 
v -1.38149 0.658132 -0.202355 
v -1.41828 0.621342 -0.187119 
v -1.41299 0.514173 -0.189309 
v -1.38149 0.377136 -0.209968 
v -1.44071 0.393078 -0.185439 
v -1.38149 0.393078 -0.209968 
v -1.44071 0.377136 -0.185439 
v -1.46524 0.393078 -0.126221 
v -1.46524 0.377136 -0.126221 
v -1.44071 0.393078 -0.0670026 
v -1.44071 0.377136 -0.0670026 
v -1.30536 0.476022 -0.126221 
v -1.32766 0.397895 -0.0723867 
v -1.38149 0.476022 -0.202355 
v -1.43533 0.397895 -0.0723866 
v -1.38149 0.397895 -0.202355 
v -1.43533 0.476022 -0.0723866 
v -1.43533 0.476022 -0.180056 
v -1.45763 0.397895 -0.126221 
v -1.43533 0.397895 -0.180056 
v -1.45763 0.476022 -0.126221 
v -1.38149 0.70369 -0.0417276 
v -1.44124 0.70369 -0.0664756 
v -1.44124 0.798737 -0.0664756 
v -1.46599 0.70369 -0.126221 
v -1.46599 0.798737 -0.126221 
v -1.44124 0.70369 -0.185967 
v -1.38149 0.798737 -0.210714 
v -1.44124 0.798737 -0.185967 
v -1.38149 0.70369 -0.210714 
v -1.38149 0.70369 -0.210714 
v -1.43533 0.68916 -0.180056 
v -1.44124 0.70369 -0.185967 
v -1.46599 0.70369 -0.126221 
v -1.38149 0.68916 -0.202355 
v -1.45763 0.68916 -0.126221 
v -1.43533 0.68916 -0.0723866 
v -1.44124 0.70369 -0.0664756 
v -1.4505 0.481453 -0.126221 
v -1.45763 0.486883 -0.126221 
v -1.32766 0.486883 -0.180056 
v -1.30536 0.486883 -0.126221 
v -1.3327 0.481453 -0.175016 
v -1.31249 0.481453 -0.126221 
v -1.30536 0.486883 -0.126221 
v -1.45763 0.486883 -0.126221 
v -1.32766 0.486883 -0.180056 
v -1.43533 0.68916 -0.180056 
v -1.32766 0.68916 -0.180056 
v -1.43533 0.486883 -0.180056 
v -1.34469 0.621342 -0.187108 
v -1.35546 0.64736 -0.191572 
v -1.38149 0.68916 -0.202355 
v -1.38149 0.658132 -0.202355 
v -1.4075 0.64736 -0.191583 
v -1.41828 0.621342 -0.187119 
v -1.34997 0.514173 -0.189298 
v -1.35789 0.595324 -0.192579 
v -1.36192 0.59184 -0.194249 
v -1.38149 0.486883 -0.202355 
v -1.38149 0.503359 -0.202355 
v -1.41299 0.514173 -0.189309 
v -1.40507 0.595324 -0.192589 
v -1.40104 0.59184 -0.194259 
v -1.38149 0.377136 -0.209968 
v -1.44071 0.393078 -0.185439 
v -1.38149 0.393078 -0.209968 
v -1.44071 0.377136 -0.185439 
v -1.32227 0.377136 -0.185439 
v -1.32227 0.393078 -0.185439 
v -1.30536 0.476022 -0.126221 
v -1.32766 0.476022 -0.180056 
v -1.32766 0.397895 -0.180056 
v -1.38149 0.476022 -0.202355 
v -1.38149 0.397895 -0.202355 
v -1.43533 0.476022 -0.180056 
v -1.43533 0.397895 -0.180056 
v -1.45763 0.476022 -0.126221 
v -1.297 0.798737 -0.126221 
v -1.297 0.70369 -0.126221 
v -1.32175 0.798737 -0.185967 
v -1.32175 0.70369 -0.185967 
v -1.44124 0.70369 -0.185967 
v -1.38149 0.798737 -0.210714 
v -1.44124 0.798737 -0.185967 
v -1.38149 0.70369 -0.210714 
v -1.30536 0.476022 -0.126221 
v -1.31249 0.481453 -0.126221 
v -1.45763 0.476022 -0.126221 
v -1.38149 0.70369 -0.210714 
v -1.43533 0.68916 -0.180056 
v -1.44124 0.70369 -0.185967 
v -1.38149 0.68916 -0.202355 
v -1.32766 0.68916 -0.180056 
v -1.32175 0.70369 -0.185967 

vn 0 -1 0 
vn 0 -1 0 
vn 0 -1 0 
vn 0 -1 0 
vn 0 -1 0 
vn 0 -1 0 
vn 0 -1 0 
vn 0 -1 0 
vn 0.377953 -0.84252 -0.377953 
vn 0.535433 -0.84252 0 
vn 0.535433 -0.84252 0 
vn 0.377953 -0.84252 0.377953 
vn 0.377953 -0.84252 -0.377953 
vn 0.377953 -0.84252 0.377953 
vn 0 -0.84252 -0.535433 
vn 0 -0.84252 0.535433 
vn 0 -0.84252 -0.535433 
vn 0 -0.84252 0.535433 
vn -0.377953 -0.84252 -0.377953 
vn -0.377953 -0.84252 0.377953 
vn -0.377953 -0.84252 -0.377953 
vn -0.377953 -0.84252 0.377953 
vn -0.535433 -0.84252 0 
vn -0.535433 -0.84252 0 
vn -0.606299 -0.795276 0 
vn -0.425197 -0.795276 0.425197 
vn -0.606299 -0.795276 0 
vn -0.425197 -0.795276 0.425197 
vn -0.425197 -0.795276 -0.425197 
vn 0 -0.795276 0.606299 
vn -0.425197 -0.795276 -0.425197 
vn 0 -0.795276 0.606299 
vn 0 -0.795276 -0.606299 
vn 0.425197 -0.795276 0.425197 
vn 0 -0.795276 -0.606299 
vn 0.425197 -0.795276 0.425197 
vn 0.425197 -0.795276 -0.425197 
vn 0.606299 -0.795276 0 
vn 0.425197 -0.795276 -0.425197 
vn 0.606299 -0.795276 0 
vn 0 -0.84252 -0.535433 
vn 0 -0.84252 0.535433 
vn 0 -0.84252 -0.535433 
vn 0 -0.84252 0.535433 
vn 0.708661 0 0.708661 
vn 0 0 1 
vn 0.708661 0 0.708661 
vn 1 0 0 
vn 1 0 0 
vn -1 0 0 
vn 0.708661 0 -0.708661 
vn 0.708661 0 -0.708661 
vn 0.385827 0 -0.92126 
vn 0 0 -1 
vn 0 0 -1 
vn 0 0 -1 
vn 0 0 -1 
vn 0.708661 0 -0.708661 
vn 0.708661 0 -0.708661 
vn 1 0 0 
vn 1 0 0 
vn 0.708661 0 0.708661 
vn 0.708661 0 0.708661 
vn 1 0 0 
vn 1 0 0 
vn 0.708661 0 0.708661 
vn 0.708661 0 0.708661 
vn 0.708661 0 -0.708661 
vn 0.708661 0 -0.708661 
vn 0 0 -1 
vn 0 0 1 
vn 0.708661 0 0.708661 
vn 0.708661 0 0.708661 
vn 1 0 0 
vn 1 0 0 
vn 0.708661 0 -0.708661 
vn 0.708661 0 -0.708661 
vn 0 0 -1 
vn 0 -0.496063 -0.866142 
vn 0 -0.496063 -0.866142 
vn 0.614173 -0.496063 -0.614173 
vn 0.614173 -0.496063 -0.614173 
vn 0.866142 -0.496063 0 
vn 0 -0.496063 0.866142 
vn 0.866142 -0.496063 0 
vn 0 -0.496063 0.866142 
vn 0.614173 -0.496063 0.614173 
vn 0.614173 -0.496063 0.614173 
vn -0.606299 -0.795276 0 
vn 0.606299 -0.795276 0 
vn 0.606299 -0.795276 0 
vn 0.708661 0 0.708661 
vn 0 0 1 
vn 0 0 1 
vn -0.708661 0 0.708661 
vn 0.708661 0 0.708661 
vn -0.708661 0 0.708661 
vn 1 0 0 
vn -1 0 0 
vn 1 0 0 
vn -1 0 0 
vn -0.708661 0 0.708661 
vn -0.708661 0 0.708661 
vn 0.708661 0 0.708661 
vn 0 0 1 
vn 0.708661 0 0.708661 
vn 0 0 1 
vn 1 0 0 
vn 0.708661 0 0.708661 
vn 0.708661 0 0.708661 
vn 0 0 1 
vn 0 0 1 
vn -0.708661 0 0.708661 
vn 0 0 -1 
vn -0.708661 0 0.708661 
vn -1 0 0 
vn -1 0 0 
vn 0 0 1 
vn 0 0 1 
vn 0.708661 0 0.708661 
vn 0.708661 0 0.708661 
vn -0.708661 0 0.708661 
vn 1 0 0 
vn -0.708661 0 0.708661 
vn 1 0 0 
vn 0.606299 0.795276 0 
vn 0.606299 0.795276 0 
vn -0.606299 0.795276 0 
vn -0.866142 -0.496063 0 
vn -0.866142 -0.496063 0 
vn -0.614173 -0.496063 0.614173 
vn -0.614173 -0.496063 0.614173 
vn 0.866142 -0.496063 0 
vn 0 -0.496063 0.866142 
vn 0.866142 -0.496063 0 
vn 0 -0.496063 0.866142 
vn 0.614173 -0.496063 0.614173 
vn 0.614173 -0.496063 0.614173 
vn 0 1 0 
vn 0 1 0 
vn 0 1 0 
vn 0 1 0 
vn 0 1 0 
vn 0 1 0 
vn 0 1 0 
vn 0 1 0 
vn -0.283465 0.913386 0.283465 
vn -0.401575 0.913386 0 
vn -0.401575 0.913386 0 
vn -0.283465 0.913386 0.283465 
vn -0.283465 0.913386 -0.283465 
vn 0 0.913386 0.401575 
vn -0.283465 0.913386 -0.283465 
vn 0 0.913386 0.401575 
vn 0 0.913386 -0.401575 
vn 0.283465 0.913386 0.283465 
vn 0 0.913386 -0.401575 
vn 0.283465 0.913386 0.283465 
vn 0.283465 0.913386 -0.283465 
vn 0.401575 0.913386 0 
vn 0.283465 0.913386 -0.283465 
vn 0.401575 0.913386 0 
vn 0 0 -1 
vn 1 0 0 
vn -0.708661 0 0.708661 
vn 0.708661 0 0.708661 
vn 0 0 1 
vn 0.606299 0.795276 0 
vn 0.425197 0.795276 0.425197 
vn 0.425197 0.795276 0.425197 
vn 0 0.795276 0.606299 
vn 0.606299 0.795276 0 
vn 0 0.795276 0.606299 
vn 0.425197 0.795276 -0.425197 
vn -0.425197 0.795276 0.425197 
vn 0.425197 0.795276 -0.425197 
vn -0.425197 0.795276 0.425197 
vn 0 0.795276 -0.606299 
vn -0.606299 0.795276 0 
vn 0 0.795276 -0.606299 
vn -0.606299 0.795276 0 
vn -0.425197 0.795276 -0.425197 
vn -0.425197 0.795276 -0.425197 
vn 0 0.84252 -0.535433 
vn -0.377953 0.84252 -0.377953 
vn -0.377953 0.84252 -0.377953 
vn -0.535433 0.84252 0 
vn 0 0.84252 -0.535433 
vn -0.535433 0.84252 0 
vn 0.377953 0.84252 -0.377953 
vn -0.377953 0.84252 0.377953 
vn 0.377953 0.84252 -0.377953 
vn -0.377953 0.84252 0.377953 
vn 0.535433 0.84252 0 
vn 0 0.84252 0.535433 
vn 0.535433 0.84252 0 
vn 0 0.84252 0.535433 
vn 0.377953 0.84252 0.377953 
vn 0.377953 0.84252 0.377953 
vn -0.283465 0.913386 0.283465 
vn 0 0.913386 -0.401575 
vn 0 0.913386 -0.401575 
vn 0 -0.84252 -0.535433 
vn 0 -0.84252 0.535433 
vn 0 -0.84252 -0.535433 
vn 0 -0.84252 0.535433 
vn 0 0 1 
vn -0.708661 0 0.708661 
vn -0.708661 0 0.708661 
vn -1 0 0 
vn -1 0 0 
vn -0.708661 0 -0.708661 
vn -0.708661 0 -0.708661 
vn 0 0 -1 
vn 0 0 -1 
vn -0.385827 0 -0.92126 
vn -0.385827 0 -0.92126 
vn 0 0 -1 
vn -0.708661 0 -0.708661 
vn 0 0 -1 
vn -0.708661 0 -0.708661 
vn -1 0 0 
vn -1 0 0 
vn -0.708661 0 0.708661 
vn -0.708661 0 0.708661 
vn 1 0 0 
vn 0.708661 0 0.708661 
vn 0 0 -1 
vn -0.708661 0 0.708661 
vn 0 0 -1 
vn -0.708661 0 0.708661 
vn -0.708661 0 -0.708661 
vn -1 0 0 
vn -0.708661 0 -0.708661 
vn -1 0 0 
vn 0 0 1 
vn -0.708661 0 0.708661 
vn -0.708661 0 0.708661 
vn -1 0 0 
vn -1 0 0 
vn -0.708661 0 -0.708661 
vn 0 0 -1 
vn -0.708661 0 -0.708661 
vn 0 0 -1 
vn 0 -0.496063 -0.866142 
vn -0.614173 -0.496063 -0.614173 
vn -0.614173 -0.496063 -0.614173 
vn -0.866142 -0.496063 0 
vn 0 -0.496063 -0.866142 
vn -0.866142 -0.496063 0 
vn -0.614173 -0.496063 0.614173 
vn -0.614173 -0.496063 0.614173 
vn -0.606299 -0.795276 0 
vn -0.606299 -0.795276 0 
vn 0.425197 -0.795276 -0.425197 
vn 0.606299 -0.795276 0 
vn 0.425197 -0.795276 -0.425197 
vn 0.606299 -0.795276 0 
vn 1 0 0 
vn -1 0 0 
vn 0.708661 0 -0.708661 
vn -0.708661 0 -0.708661 
vn 0.708661 0 -0.708661 
vn -0.708661 0 -0.708661 
vn 0.385827 0 -0.92126 
vn 0.385827 0 -0.92126 
vn 0 0 -1 
vn 0 0 -1 
vn -0.385827 0 -0.92126 
vn -0.385827 0 -0.92126 
vn 0.385827 0 -0.92126 
vn 0.385827 0 -0.92126 
vn 0.385827 0 -0.92126 
vn 0 0 -1 
vn 0 0 -1 
vn -0.385827 0 -0.92126 
vn -0.385827 0 -0.92126 
vn -0.385827 0 -0.92126 
vn 0 0 -1 
vn -0.708661 0 -0.708661 
vn 0 0 -1 
vn -0.708661 0 -0.708661 
vn 0.708661 0 -0.708661 
vn 0.708661 0 -0.708661 
vn 1 0 0 
vn 0.708661 0 -0.708661 
vn 0.708661 0 -0.708661 
vn 0 0 -1 
vn 0 0 -1 
vn -0.708661 0 -0.708661 
vn -0.708661 0 -0.708661 
vn -1 0 0 
vn 1 0 0 
vn 1 0 0 
vn 0.708661 0 -0.708661 
vn 0.708661 0 -0.708661 
vn -0.708661 0 -0.708661 
vn 0 0 -1 
vn -0.708661 0 -0.708661 
vn 0 0 -1 
vn 0.606299 0.795276 0 
vn 0.606299 0.795276 0 
vn -0.606299 0.795276 0 
vn 0 -0.496063 -0.866142 
vn -0.614173 -0.496063 -0.614173 
vn -0.614173 -0.496063 -0.614173 
vn 0 -0.496063 -0.866142 
vn 0.614173 -0.496063 -0.614173 
vn 0.614173 -0.496063 -0.614173 

vt 0.168377 0.786691 
vt 0.168377 0.759774 
vt 0.173952 0.773233 
vt 0.14146 0.786691 
vt 0.154918 0.792266 
vt 0.14146 0.759774 
vt 0.135885 0.773233 
vt 0.154918 0.754199 
vt 0.169723 0.788037 
vt 0.154918 0.79417 
vt 0.154918 0.792266 
vt 0.140114 0.788037 
vt 0.168377 0.786691 
vt 0.14146 0.786691 
vt 0.175855 0.773233 
vt 0.135885 0.773233 
vt 0.173952 0.773233 
vt 0.133981 0.773233 
vt 0.168377 0.759774 
vt 0.140114 0.758428 
vt 0.169723 0.758428 
vt 0.14146 0.759774 
vt 0.154918 0.752296 
vt 0.154918 0.754199 
vt 0.154918 0.755981 
vt 0.14146 0.759774 
vt 0.154918 0.754199 
vt 0.142719 0.761034 
vt 0.167117 0.761034 
vt 0.135885 0.773233 
vt 0.168377 0.759774 
vt 0.137667 0.773233 
vt 0.173952 0.773233 
vt 0.142719 0.785432 
vt 0.17217 0.773233 
vt 0.14146 0.786691 
vt 0.168377 0.786691 
vt 0.154918 0.792266 
vt 0.167117 0.785432 
vt 0.154918 0.790484 
vt 0.101458 0.752296 
vt 0.100254 0.792266 
vt 0.100254 0.754199 
vt 0.101458 0.79417 
vt 0.128895 0.786691 
vt 0.179464 0.792266 
vt 0.179464 0.786691 
vt 0.128895 0.773233 
vt 0.179464 0.773233 
vt 0.128895 0.773233 
vt 0.128895 0.759774 
vt 0.179464 0.759774 
vt 0.162509 0.758011 
vt 0.179464 0.754199 
vt 0.171707 0.754199 
vt 0.101458 0.752296 
vt 0.105443 0.752296 
vt 0.101458 0.758428 
vt 0.105443 0.758428 
vt 0.101458 0.773233 
vt 0.105443 0.773233 
vt 0.101458 0.788037 
vt 0.105443 0.788037 
vt 0.106648 0.773233 
vt 0.126179 0.773233 
vt 0.106648 0.786691 
vt 0.126179 0.786691 
vt 0.126179 0.759774 
vt 0.106648 0.759774 
vt 0.106648 0.754199 
vt 0.183096 0.794356 
vt 0.206858 0.788169 
vt 0.183096 0.788169 
vt 0.206858 0.773233 
vt 0.183096 0.773233 
vt 0.206858 0.758296 
vt 0.183096 0.758296 
vt 0.183096 0.75211 
vt 0.183096 0.75211 
vt 0.179464 0.754199 
vt 0.179464 0.759774 
vt 0.183096 0.758296 
vt 0.183096 0.773233 
vt 0.183096 0.794356 
vt 0.179464 0.773233 
vt 0.179464 0.792266 
vt 0.179464 0.786691 
vt 0.183096 0.788169 
vt 0.180942 0.754199 
vt 0.180942 0.792266 
vt 0.182299 0.790484 
vt 0.180942 0.786691 
vt 0.130372 0.773233 
vt 0.180942 0.773233 
vt 0.130372 0.759774 
vt 0.130372 0.786691 
vt 0.180942 0.759774 
vt 0.180942 0.792266 
vt 0.130372 0.754199 
vt 0.130372 0.792266 
vt 0.180942 0.754199 
vt 0.204393 0.758428 
vt 0.208378 0.758428 
vt 0.208378 0.788037 
vt 0.204393 0.773233 
vt 0.204393 0.788037 
vt 0.208378 0.773233 
vt 0.183657 0.792266 
vt 0.203189 0.786691 
vt 0.183657 0.786691 
vt 0.203189 0.773233 
vt 0.183657 0.773233 
vt 0.203189 0.759774 
vt 0.203189 0.773233 
vt 0.183657 0.759774 
vt 0.203189 0.754199 
vt 0.183657 0.754199 
vt 0.102978 0.773233 
vt 0.12674 0.773233 
vt 0.102978 0.788169 
vt 0.12674 0.788169 
vt 0.12674 0.758296 
vt 0.102978 0.794356 
vt 0.102978 0.758296 
vt 0.12674 0.794356 
vt 0.183657 0.792266 
vt 0.182299 0.790484 
vt 0.183657 0.754199 
vt 0.12674 0.75211 
vt 0.130372 0.754199 
vt 0.130372 0.759774 
vt 0.12674 0.758296 
vt 0.12674 0.794356 
vt 0.12674 0.773233 
vt 0.130372 0.792266 
vt 0.130372 0.773233 
vt 0.130372 0.786691 
vt 0.12674 0.788169 
vt 0.144386 0.783764 
vt 0.16545 0.783764 
vt 0.154918 0.788127 
vt 0.154918 0.758339 
vt 0.169812 0.773233 
vt 0.16545 0.762701 
vt 0.140024 0.773233 
vt 0.144386 0.762701 
vt 0.169854 0.758296 
vt 0.154918 0.758339 
vt 0.154918 0.75211 
vt 0.16545 0.762701 
vt 0.144386 0.762701 
vt 0.176041 0.773233 
vt 0.139982 0.758296 
vt 0.169812 0.773233 
vt 0.133795 0.773233 
vt 0.16545 0.783764 
vt 0.140024 0.773233 
vt 0.169854 0.788169 
vt 0.144386 0.783764 
vt 0.154918 0.788127 
vt 0.139982 0.788169 
vt 0.154918 0.794356 
vt 0.133981 0.773233 
vt 0.154918 0.79417 
vt 0.169723 0.758428 
vt 0.169723 0.788037 
vt 0.175855 0.773233 
vt 0.154918 0.792266 
vt 0.167117 0.785432 
vt 0.168377 0.786691 
vt 0.173951 0.773233 
vt 0.154918 0.790484 
vt 0.17217 0.773233 
vt 0.142719 0.785432 
vt 0.167117 0.761034 
vt 0.141459 0.786691 
vt 0.168377 0.759774 
vt 0.137667 0.773233 
vt 0.154918 0.755981 
vt 0.135885 0.773233 
vt 0.154918 0.754199 
vt 0.142719 0.761034 
vt 0.141459 0.759774 
vt 0.133981 0.773233 
vt 0.140114 0.758428 
vt 0.141459 0.759774 
vt 0.154918 0.752296 
vt 0.135885 0.773233 
vt 0.154918 0.754199 
vt 0.141459 0.786691 
vt 0.168377 0.759774 
vt 0.140114 0.788037 
vt 0.169723 0.758428 
vt 0.154918 0.792266 
vt 0.173951 0.773233 
vt 0.154918 0.79417 
vt 0.175855 0.773233 
vt 0.169723 0.788037 
vt 0.168377 0.786691 
vt 0.102978 0.788169 
vt 0.102978 0.75211 
vt 0.100254 0.758339 
vt 0.208378 0.752296 
vt 0.209583 0.792266 
vt 0.209583 0.754199 
vt 0.208378 0.79417 
vt 0.130372 0.792266 
vt 0.130372 0.786691 
vt 0.180942 0.786691 
vt 0.130372 0.773233 
vt 0.180942 0.773233 
vt 0.130372 0.759774 
vt 0.180942 0.759774 
vt 0.130372 0.754199 
vt 0.138129 0.754199 
vt 0.147327 0.758008 
vt 0.174119 0.757461 
vt 0.208378 0.752296 
vt 0.204393 0.758428 
vt 0.204393 0.752296 
vt 0.208378 0.758428 
vt 0.204393 0.773233 
vt 0.208378 0.773233 
vt 0.204393 0.788037 
vt 0.208378 0.788037 
vt 0.183657 0.773233 
vt 0.203189 0.786691 
vt 0.183657 0.754199 
vt 0.203189 0.786691 
vt 0.203189 0.754199 
vt 0.183657 0.786691 
vt 0.183657 0.759774 
vt 0.203189 0.773233 
vt 0.203189 0.759774 
vt 0.183657 0.773233 
vt 0.12674 0.794356 
vt 0.12674 0.788169 
vt 0.102978 0.788169 
vt 0.12674 0.773233 
vt 0.102978 0.773233 
vt 0.12674 0.758296 
vt 0.102978 0.75211 
vt 0.102978 0.758296 
vt 0.12674 0.75211 
vt 0.12674 0.75211 
vt 0.130372 0.759774 
vt 0.12674 0.758296 
vt 0.12674 0.773233 
vt 0.130372 0.754199 
vt 0.130372 0.773233 
vt 0.130372 0.786691 
vt 0.12674 0.788169 
vt 0.127537 0.755981 
vt 0.128895 0.754199 
vt 0.128895 0.786691 
vt 0.128895 0.792266 
vt 0.127537 0.785432 
vt 0.127537 0.790484 
vt 0.128895 0.792266 
vt 0.128895 0.754199 
vt 0.128895 0.786691 
vt 0.179464 0.759774 
vt 0.179464 0.786691 
vt 0.128895 0.759774 
vt 0.162509 0.782435 
vt 0.169014 0.779741 
vt 0.179464 0.773233 
vt 0.171707 0.773233 
vt 0.169014 0.766731 
vt 0.162509 0.764037 
vt 0.135717 0.781113 
vt 0.156005 0.779133 
vt 0.155134 0.778125 
vt 0.128895 0.773233 
vt 0.133014 0.773233 
vt 0.135717 0.765359 
vt 0.156005 0.767339 
vt 0.155134 0.768347 
vt 0.101458 0.773233 
vt 0.105443 0.758428 
vt 0.105443 0.773233 
vt 0.101458 0.758428 
vt 0.101458 0.788037 
vt 0.105443 0.788037 
vt 0.126179 0.792266 
vt 0.126179 0.786691 
vt 0.106648 0.786691 
vt 0.126179 0.773233 
vt 0.106648 0.773233 
vt 0.126179 0.759774 
vt 0.106648 0.759774 
vt 0.126179 0.754199 
vt 0.206858 0.794356 
vt 0.183096 0.794356 
vt 0.206858 0.788169 
vt 0.183096 0.788169 
vt 0.183096 0.758296 
vt 0.206858 0.773233 
vt 0.206858 0.758296 
vt 0.183096 0.773233 
vt 0.126179 0.792266 
vt 0.127537 0.790484 
vt 0.126179 0.754199 
vt 0.183096 0.773233 
vt 0.179464 0.759774 
vt 0.183096 0.758296 
vt 0.179464 0.773233 
vt 0.179464 0.786691 
vt 0.183096 0.788169 

usemtl Metal6Mtl

f 3160/3160/3160 3161/3161/3161 3162/3162/3162 
f 3161/3161/3161 3160/3160/3160 3163/3163/3163 
f 3163/3163/3163 3160/3160/3160 3164/3164/3164 
f 3161/3161/3161 3163/3163/3163 3165/3165/3165 
f 3165/3165/3165 3163/3163/3163 3166/3166/3166 
f 3161/3161/3161 3165/3165/3165 3167/3167/3167 
f 3168/3168/3168 3169/3169/3169 3170/3170/3170 
f 3171/3171/3171 3170/3170/3170 3169/3169/3169 
f 3168/3168/3168 3170/3170/3170 3172/3172/3172 
f 3170/3170/3170 3171/3171/3171 3173/3173/3173 
f 3172/3172/3172 3174/3174/3174 3168/3168/3168 
f 3171/3171/3171 3175/3175/3175 3173/3173/3173 
f 3174/3174/3174 3172/3172/3172 3176/3176/3176 
f 3175/3175/3175 3171/3171/3171 3177/3177/3177 
f 3178/3178/3178 3174/3174/3174 3176/3176/3176 
f 3179/3179/3179 3175/3175/3175 3177/3177/3177 
f 3174/3174/3174 3178/3178/3178 3180/3180/3180 
f 3175/3175/3175 3179/3179/3179 3181/3181/3181 
f 3182/3182/3182 3180/3180/3180 3178/3178/3178 
f 3182/3182/3182 3181/3181/3181 3179/3179/3179 
f 3182/3182/3182 3178/3178/3178 3183/3183/3183 
f 3181/3181/3181 3182/3182/3182 3183/3183/3183 
f 3184/3184/3184 3185/3185/3185 3186/3186/3186 
f 3185/3185/3185 3184/3184/3184 3187/3187/3187 
f 3186/3186/3186 3188/3188/3188 3184/3184/3184 
f 3189/3189/3189 3185/3185/3185 3187/3187/3187 
f 3186/3186/3186 3190/3190/3190 3188/3188/3188 
f 3187/3187/3187 3191/3191/3191 3189/3189/3189 
f 3192/3192/3192 3188/3188/3188 3190/3190/3190 
f 3193/3193/3193 3189/3189/3189 3191/3191/3191 
f 3188/3188/3188 3192/3192/3192 3194/3194/3194 
f 3189/3189/3189 3193/3193/3193 3195/3195/3195 
f 3196/3196/3196 3194/3194/3194 3192/3192/3192 
f 3197/3197/3197 3195/3195/3195 3193/3193/3193 
f 3194/3194/3194 3196/3196/3196 3198/3198/3198 
f 3197/3197/3197 3198/3198/3198 3196/3196/3196 
f 3198/3198/3198 3197/3197/3197 3199/3199/3199 
f 3197/3197/3197 3193/3193/3193 3199/3199/3199 
f 3207/3207/3207 3206/3206/3206 3204/3204/3204 
f 3207/3207/3207 3208/3208/3208 3206/3206/3206 
f 3210/3210/3210 3208/3208/3208 3207/3207/3207 
f 3210/3210/3210 3211/3211/3211 3208/3208/3208 
f 3219/3219/3219 3217/3217/3217 3218/3218/3218 
f 3218/3218/3218 3220/3220/3220 3219/3219/3219 
f 3221/3221/3221 3219/3219/3219 3220/3220/3220 
f 3220/3220/3220 3222/3222/3222 3221/3221/3221 
f 3223/3223/3223 3224/3224/3224 3225/3225/3225 
f 3224/3224/3224 3226/3226/3226 3225/3225/3225 
f 3227/3227/3227 3224/3224/3224 3223/3223/3223 
f 3228/3228/3228 3227/3227/3227 3223/3223/3223 
f 3232/3232/3232 3233/3233/3233 3231/3231/3231 
f 3233/3233/3233 3232/3232/3232 3234/3234/3234 
f 3234/3234/3234 3235/3235/3235 3233/3233/3233 
f 3235/3235/3235 3234/3234/3234 3236/3236/3236 
f 3242/3242/3242 3240/3240/3240 3241/3241/3241 
f 3240/3240/3240 3242/3242/3242 3244/3244/3244 
f 3242/3242/3242 3246/3246/3246 3244/3244/3244 
f 3242/3242/3242 3247/3247/3247 3246/3246/3246 
f 3251/3251/3251 3252/3252/3252 3253/3253/3253 
f 3254/3254/3254 3253/3253/3253 3252/3252/3252 
f 3252/3252/3252 3251/3251/3251 3255/3255/3255 
f 3254/3254/3254 3256/3256/3256 3253/3253/3253 
f 3262/3262/3262 3264/3264/3264 3261/3261/3261 
f 3264/3264/3264 3262/3262/3262 3266/3266/3266 
f 3265/3265/3265 3266/3266/3266 3263/3263/3263 
f 3266/3266/3266 3265/3265/3265 3264/3264/3264 
f 3269/3269/3269 3270/3270/3270 3268/3268/3268 
f 3270/3270/3270 3269/3269/3269 3271/3271/3271 
f 3271/3271/3271 3272/3272/3272 3270/3270/3270 
f 3272/3272/3272 3271/3271/3271 3274/3274/3274 
f 3277/3277/3277 3278/3278/3278 3279/3279/3279 
f 3278/3278/3278 3280/3280/3280 3279/3279/3279 
f 3281/3281/3281 3278/3278/3278 3277/3277/3277 
f 3283/3283/3283 3281/3281/3281 3277/3277/3277 
f 3293/3293/3293 3291/3291/3291 3290/3290/3290 
f 3290/3290/3290 3295/3295/3295 3293/3293/3293 
f 3296/3296/3296 3293/3293/3293 3295/3295/3295 
f 3293/3293/3293 3296/3296/3296 3297/3297/3297 
f 3298/3298/3298 3299/3299/3299 3300/3300/3300 
f 3301/3301/3301 3299/3299/3299 3298/3298/3298 
f 3299/3299/3299 3301/3301/3301 3302/3302/3302 
f 3302/3302/3302 3301/3301/3301 3303/3303/3303 
f 3301/3301/3301 3298/3298/3298 3304/3304/3304 
f 3301/3301/3301 3304/3304/3304 3305/3305/3305 
f 3306/3306/3306 3307/3307/3307 3308/3308/3308 
f 3307/3307/3307 3306/3306/3306 3309/3309/3309 
f 3310/3310/3310 3308/3308/3308 3307/3307/3307 
f 3311/3311/3311 3309/3309/3309 3306/3306/3306 
f 3308/3308/3308 3310/3310/3310 3312/3312/3312 
f 3309/3309/3309 3311/3311/3311 3313/3313/3313 
f 3310/3310/3310 3314/3314/3314 3312/3312/3312 
f 3315/3315/3315 3313/3313/3313 3311/3311/3311 
f 3314/3314/3314 3310/3310/3310 3316/3316/3316 
f 3311/3311/3311 3317/3317/3317 3315/3315/3315 
f 3318/3318/3318 3314/3314/3314 3316/3316/3316 
f 3317/3317/3317 3319/3319/3319 3315/3315/3315 
f 3314/3314/3314 3318/3318/3318 3320/3320/3320 
f 3319/3319/3319 3320/3320/3320 3318/3318/3318 
f 3319/3319/3319 3317/3317/3317 3321/3321/3321 
f 3320/3320/3320 3319/3319/3319 3321/3321/3321 
f 3327/3327/3327 3328/3328/3328 3329/3329/3329 
f 3328/3328/3328 3330/3330/3330 3329/3329/3329 
f 3328/3328/3328 3327/3327/3327 3331/3331/3331 
f 3330/3330/3330 3328/3328/3328 3332/3332/3332 
f 3333/3333/3333 3331/3331/3331 3327/3327/3327 
f 3334/3334/3334 3330/3330/3330 3332/3332/3332 
f 3327/3327/3327 3335/3335/3335 3333/3333/3333 
f 3330/3330/3330 3334/3334/3334 3336/3336/3336 
f 3335/3335/3335 3337/3337/3337 3333/3333/3333 
f 3338/3338/3338 3336/3336/3336 3334/3334/3334 
f 3335/3335/3335 3339/3339/3339 3337/3337/3337 
f 3336/3336/3336 3338/3338/3338 3340/3340/3340 
f 3339/3339/3339 3341/3341/3341 3337/3337/3337 
f 3341/3341/3341 3340/3340/3340 3338/3338/3338 
f 3339/3339/3339 3342/3342/3342 3341/3341/3341 
f 3340/3340/3340 3341/3341/3341 3342/3342/3342 
f 3343/3343/3343 3344/3344/3344 3345/3345/3345 
f 3346/3346/3346 3345/3345/3345 3344/3344/3344 
f 3343/3343/3343 3345/3345/3345 3347/3347/3347 
f 3345/3345/3345 3346/3346/3346 3348/3348/3348 
f 3349/3349/3349 3343/3343/3343 3347/3347/3347 
f 3346/3346/3346 3350/3350/3350 3348/3348/3348 
f 3343/3343/3343 3349/3349/3349 3351/3351/3351 
f 3346/3346/3346 3352/3352/3352 3350/3350/3350 
f 3353/3353/3353 3351/3351/3351 3349/3349/3349 
f 3354/3354/3354 3350/3350/3350 3352/3352/3352 
f 3351/3351/3351 3353/3353/3353 3355/3355/3355 
f 3352/3352/3352 3356/3356/3356 3354/3354/3354 
f 3357/3357/3357 3355/3355/3355 3353/3353/3353 
f 3357/3357/3357 3354/3354/3354 3356/3356/3356 
f 3357/3357/3357 3353/3353/3353 3358/3358/3358 
f 3354/3354/3354 3357/3357/3357 3358/3358/3358 
f 3369/3369/3369 3368/3368/3368 3367/3367/3367 
f 3368/3368/3368 3369/3369/3369 3370/3370/3370 
f 3371/3371/3371 3370/3370/3370 3369/3369/3369 
f 3370/3370/3370 3371/3371/3371 3372/3372/3372 
f 3380/3380/3380 3381/3381/3381 3378/3378/3378 
f 3381/3381/3381 3380/3380/3380 3382/3382/3382 
f 3382/3382/3382 3383/3383/3383 3381/3381/3381 
f 3383/3383/3383 3382/3382/3382 3384/3384/3384 
f 3390/3390/3390 3392/3392/3392 3388/3388/3388 
f 3392/3392/3392 3390/3390/3390 3394/3394/3394 
f 3393/3393/3393 3394/3394/3394 3391/3391/3391 
f 3394/3394/3394 3393/3393/3393 3392/3392/3392 
f 3398/3398/3398 3396/3396/3396 3397/3397/3397 
f 3399/3399/3399 3398/3398/3398 3397/3397/3397 
f 3400/3400/3400 3398/3398/3398 3399/3399/3399 
f 3402/3402/3402 3400/3400/3400 3399/3399/3399 
f 3407/3407/3407 3406/3406/3406 3405/3405/3405 
f 3405/3405/3405 3409/3409/3409 3407/3407/3407 
f 3410/3410/3410 3407/3407/3407 3409/3409/3409 
f 3407/3407/3407 3410/3410/3410 3411/3411/3411 
f 3422/3422/3422 3420/3420/3420 3424/3424/3424 
f 3422/3422/3422 3424/3424/3424 3425/3425/3425 
f 3426/3426/3426 3422/3422/3422 3425/3425/3425 
f 3425/3425/3425 3427/3427/3427 3426/3426/3426 
f 3428/3428/3428 3426/3426/3426 3427/3427/3427 
f 3426/3426/3426 3428/3428/3428 3421/3421/3421 
f 3428/3428/3428 3429/3429/3429 3421/3421/3421 
f 3423/3423/3423 3421/3421/3421 3429/3429/3429 
f 3430/3430/3430 3424/3424/3424 3420/3420/3420 
f 3424/3424/3424 3430/3430/3430 3431/3431/3431 
f 3431/3431/3431 3430/3430/3430 3432/3432/3432 
f 3433/3433/3433 3430/3430/3430 3420/3420/3420 
f 3430/3430/3430 3433/3433/3433 3434/3434/3434 
f 3433/3433/3433 3435/3435/3435 3434/3434/3434 
f 3433/3433/3433 3423/3423/3423 3435/3435/3435 
f 3429/3429/3429 3435/3435/3435 3423/3423/3423 
f 3435/3435/3435 3429/3429/3429 3436/3436/3436 
f 3435/3435/3435 3436/3436/3436 3437/3437/3437 
f 3438/3438/3438 3439/3439/3439 3440/3440/3440 
f 3439/3439/3439 3438/3438/3438 3441/3441/3441 
f 3440/3440/3440 3442/3442/3442 3438/3438/3438 
f 3442/3442/3442 3440/3440/3440 3443/3443/3443 
f 3446/3446/3446 3447/3447/3447 3445/3445/3445 
f 3447/3447/3447 3446/3446/3446 3448/3448/3448 
f 3448/3448/3448 3449/3449/3449 3447/3447/3447 
f 3449/3449/3449 3448/3448/3448 3450/3450/3450 
f 3454/3454/3454 3455/3455/3455 3457/3457/3457 
f 3455/3455/3455 3459/3459/3459 3457/3457/3457 
f 3459/3459/3459 3456/3456/3456 3458/3458/3458 
f 3457/3457/3457 3459/3459/3459 3458/3458/3458 
f 3463/3463/3463 3464/3464/3464 3465/3465/3465 
f 3464/3464/3464 3463/3463/3463 3466/3466/3466 
f 3467/3467/3467 3466/3466/3466 3463/3463/3463 
f 3463/3463/3463 3468/3468/3468 3467/3467/3467 

g Black7

v -1.55798 0.595301 -0.19255 
v -1.55555 0.647337 -0.191543 
v -1.54477 0.621319 -0.187079 
v -1.58158 0.658109 -0.202326 
v -1.56201 0.591817 -0.19422 
v -1.58158 0.503336 -0.202326 
v -1.55006 0.514149 -0.189269 
v -1.60112 0.591817 -0.19423 
v -1.61307 0.514149 -0.18928 
v -1.60515 0.595301 -0.19256 
v -1.60758 0.647337 -0.191554 
v -1.61836 0.621319 -0.18709 

vn 0.385827 0 -0.92126 
vn 0.385827 0 -0.92126 
vn 0.385827 0 -0.92126 
vn 0 0 -1 
vn 0.385827 0 -0.92126 
vn 0 0 -1 
vn 0.385827 0 -0.92126 
vn -0.385827 0 -0.92126 
vn -0.385827 0 -0.92126 
vn -0.385827 0 -0.92126 
vn -0.385827 0 -0.92126 
vn -0.385827 0 -0.92126 

vt 52.0146 -60.9764 
vt 52.0666 -60.974 
vt 52.0406 -60.9632 
vt 52.0774 -61 
vt 52.0111 -60.9804 
vt 51.9226 -61 
vt 51.9334 -60.9685 
vt 52.0111 -61.0196 
vt 51.9334 -61.0315 
vt 52.0146 -61.0236 
vt 52.0666 -61.026 
vt 52.0406 -61.0368 

usemtl Black1Mtl

f 3469/3469/3469 3470/3470/3470 3471/3471/3471 
f 3470/3470/3470 3469/3469/3469 3472/3472/3472 
f 3472/3472/3472 3469/3469/3469 3473/3473/3473 
f 3474/3474/3474 3472/3472/3472 3473/3473/3473 
f 3473/3473/3473 3475/3475/3475 3474/3474/3474 
f 3472/3472/3472 3474/3474/3474 3476/3476/3476 
f 3474/3474/3474 3477/3477/3477 3476/3476/3476 
f 3478/3478/3478 3472/3472/3472 3476/3476/3476 
f 3472/3472/3472 3478/3478/3478 3479/3479/3479 
f 3479/3479/3479 3478/3478/3478 3480/3480/3480 

g Metal7

v -1.52773 0.372319 -0.180178 
v -1.6354 0.372319 -0.180178 
v -1.58157 0.372319 -0.202477 
v -1.52773 0.372319 -0.0725087 
v -1.50543 0.372319 -0.126343 
v -1.6354 0.372319 -0.0725087 
v -1.58157 0.372319 -0.0502097 
v -1.6577 0.372319 -0.126343 
v -1.52235 0.377136 -0.185561 
v -1.49782 0.377136 -0.126343 
v -1.50543 0.372319 -0.126343 
v -1.52235 0.377136 -0.0671247 
v -1.52773 0.372319 -0.180178 
v -1.52773 0.372319 -0.0725087 
v -1.58157 0.377136 -0.21009 
v -1.58157 0.372319 -0.0502097 
v -1.58157 0.372319 -0.202477 
v -1.58157 0.377136 -0.0425957 
v -1.6354 0.372319 -0.180178 
v -1.64078 0.377136 -0.0671247 
v -1.64078 0.377136 -0.185561 
v -1.6354 0.372319 -0.0725087 
v -1.66531 0.377136 -0.126343 
v -1.6577 0.372319 -0.126343 
v -1.65057 0.481453 -0.126343 
v -1.6354 0.486883 -0.0725087 
v -1.6577 0.486883 -0.126343 
v -1.63036 0.481453 -0.0775477 
v -1.63036 0.481453 -0.175138 
v -1.58157 0.486883 -0.0502097 
v -1.6354 0.486883 -0.180178 
v -1.58157 0.481453 -0.0573367 
v -1.58157 0.486883 -0.202477 
v -1.53277 0.481453 -0.0775477 
v -1.58157 0.481453 -0.195349 
v -1.52773 0.486883 -0.0725087 
v -1.52773 0.486883 -0.180178 
v -1.50543 0.486883 -0.126343 
v -1.53277 0.481453 -0.175138 
v -1.51256 0.481453 -0.126343 
v -1.58157 0.377136 -0.21009 
v -1.58157 0.372319 -0.0502097 
v -1.58157 0.372319 -0.202477 
v -1.58157 0.377136 -0.0425957 
v -1.52773 0.486883 -0.0725087 
v -1.58157 0.68916 -0.0502097 
v -1.52773 0.68916 -0.0725087 
v -1.50543 0.486883 -0.126343 
v -1.50543 0.68916 -0.126343 
v -1.6577 0.486883 -0.126343 
v -1.52773 0.486883 -0.180178 
v -1.52773 0.68916 -0.180178 
v -1.54476 0.621342 -0.18723 
v -1.58157 0.68916 -0.202477 
v -1.58157 0.658132 -0.202477 
v -1.58157 0.377136 -0.21009 
v -1.58157 0.393078 -0.21009 
v -1.52235 0.377136 -0.185561 
v -1.52235 0.393078 -0.185561 
v -1.49782 0.377136 -0.126343 
v -1.49782 0.393078 -0.126343 
v -1.52235 0.377136 -0.0671247 
v -1.52235 0.393078 -0.0671247 
v -1.50543 0.397895 -0.126343 
v -1.50543 0.476022 -0.126343 
v -1.52773 0.397895 -0.0725087 
v -1.52773 0.476022 -0.0725087 
v -1.52773 0.476022 -0.180178 
v -1.52773 0.397895 -0.180178 
v -1.58157 0.397895 -0.202477 
v -1.58157 0.70369 -0.0418497 
v -1.52182 0.798737 -0.0665977 
v -1.52182 0.70369 -0.0665977 
v -1.49707 0.798737 -0.126343 
v -1.49707 0.70369 -0.126343 
v -1.52182 0.798737 -0.186089 
v -1.52182 0.70369 -0.186089 
v -1.58157 0.70369 -0.210836 
v -1.58157 0.70369 -0.210836 
v -1.58157 0.68916 -0.202477 
v -1.52773 0.68916 -0.180178 
v -1.52182 0.70369 -0.186089 
v -1.49707 0.70369 -0.126343 
v -1.58157 0.70369 -0.0418497 
v -1.50543 0.68916 -0.126343 
v -1.58157 0.68916 -0.0502097 
v -1.52773 0.68916 -0.0725087 
v -1.52182 0.70369 -0.0665977 
v -1.6577 0.486883 -0.126343 
v -1.50543 0.486883 -0.126343 
v -1.51256 0.481453 -0.126343 
v -1.52773 0.486883 -0.0725087 
v -1.58157 0.68916 -0.0502097 
v -1.58157 0.486883 -0.0502097 
v -1.6354 0.68916 -0.0725087 
v -1.52773 0.68916 -0.0725087 
v -1.6354 0.486883 -0.0725087 
v -1.50543 0.486883 -0.126343 
v -1.6577 0.68916 -0.126343 
v -1.50543 0.68916 -0.126343 
v -1.6577 0.486883 -0.126343 
v -1.64078 0.393078 -0.0671247 
v -1.64078 0.377136 -0.0671247 
v -1.52235 0.377136 -0.0671247 
v -1.58157 0.393078 -0.0425957 
v -1.52235 0.393078 -0.0671247 
v -1.58157 0.377136 -0.0425957 
v -1.50543 0.476022 -0.126343 
v -1.52773 0.397895 -0.0725087 
v -1.52773 0.476022 -0.0725087 
v -1.58157 0.397895 -0.0502097 
v -1.58157 0.476022 -0.0502097 
v -1.6354 0.397895 -0.0725087 
v -1.58157 0.397895 -0.202477 
v -1.6354 0.476022 -0.0725087 
v -1.6577 0.397895 -0.126343 
v -1.6577 0.476022 -0.126343 
v -1.58157 0.798737 -0.0418497 
v -1.58157 0.70369 -0.0418497 
v -1.52182 0.798737 -0.0665977 
v -1.52182 0.70369 -0.0665977 
v -1.64131 0.70369 -0.0665977 
v -1.49707 0.798737 -0.126343 
v -1.64131 0.798737 -0.0665977 
v -1.49707 0.70369 -0.126343 
v -1.50543 0.476022 -0.126343 
v -1.51256 0.481453 -0.126343 
v -1.6577 0.476022 -0.126343 
v -1.66606 0.70369 -0.126343 
v -1.6577 0.68916 -0.126343 
v -1.6354 0.68916 -0.0725087 
v -1.64131 0.70369 -0.0665977 
v -1.49707 0.70369 -0.126343 
v -1.58157 0.70369 -0.0418497 
v -1.50543 0.68916 -0.126343 
v -1.58157 0.68916 -0.0502097 
v -1.52773 0.68916 -0.0725087 
v -1.52182 0.70369 -0.0665977 
v -1.53944 0.809635 -0.16847 
v -1.53944 0.809635 -0.0842157 
v -1.52199 0.809635 -0.126343 
v -1.64114 0.809635 -0.126343 
v -1.58157 0.809635 -0.0667667 
v -1.62369 0.809635 -0.0842157 
v -1.58157 0.809635 -0.185919 
v -1.62369 0.809635 -0.16847 
v -1.64131 0.798737 -0.0665977 
v -1.64114 0.809635 -0.126343 
v -1.66606 0.798737 -0.126343 
v -1.62369 0.809635 -0.0842157 
v -1.62369 0.809635 -0.16847 
v -1.58157 0.798737 -0.0418497 
v -1.64131 0.798737 -0.186089 
v -1.58157 0.809635 -0.0667667 
v -1.58157 0.798737 -0.210836 
v -1.53944 0.809635 -0.0842157 
v -1.58157 0.809635 -0.185919 
v -1.52182 0.798737 -0.0665977 
v -1.53944 0.809635 -0.16847 
v -1.52199 0.809635 -0.126343 
v -1.52182 0.798737 -0.186089 
v -1.49707 0.798737 -0.126343 
v -1.58157 0.393078 -0.21009 
v -1.49782 0.377136 -0.126343 
v -1.64078 0.393078 -0.0671247 
v -1.52235 0.393078 -0.0671247 
v -1.58157 0.377136 -0.0425957 
v -1.50543 0.476022 -0.126343 
v -1.53277 0.481453 -0.0775477 
v -1.52773 0.476022 -0.0725087 
v -1.58157 0.476022 -0.0502097 
v -1.51256 0.481453 -0.126343 
v -1.58157 0.481453 -0.0573367 
v -1.53277 0.481453 -0.175138 
v -1.63036 0.481453 -0.0775477 
v -1.52773 0.476022 -0.180178 
v -1.6354 0.476022 -0.0725087 
v -1.58157 0.481453 -0.195349 
v -1.65057 0.481453 -0.126343 
v -1.58157 0.476022 -0.202477 
v -1.6577 0.476022 -0.126343 
v -1.63036 0.481453 -0.175138 
v -1.6354 0.476022 -0.180178 
v -1.58157 0.393078 -0.21009 
v -1.64078 0.393078 -0.185561 
v -1.6354 0.397895 -0.180178 
v -1.66531 0.393078 -0.126343 
v -1.58157 0.397895 -0.202477 
v -1.6577 0.397895 -0.126343 
v -1.52773 0.397895 -0.180178 
v -1.6354 0.397895 -0.0725087 
v -1.52235 0.393078 -0.185561 
v -1.64078 0.393078 -0.0671247 
v -1.50543 0.397895 -0.126343 
v -1.58157 0.397895 -0.0502097 
v -1.49782 0.393078 -0.126343 
v -1.58157 0.393078 -0.0425957 
v -1.52235 0.393078 -0.0671247 
v -1.52773 0.397895 -0.0725087 
v -1.64131 0.798737 -0.0665977 
v -1.58157 0.798737 -0.210836 
v -1.58157 0.809635 -0.185919 
v -1.58157 0.377136 -0.21009 
v -1.58157 0.372319 -0.0502097 
v -1.58157 0.372319 -0.202477 
v -1.58157 0.377136 -0.0425957 
v -1.58157 0.68916 -0.0502097 
v -1.6354 0.68916 -0.0725087 
v -1.6354 0.486883 -0.0725087 
v -1.6577 0.68916 -0.126343 
v -1.6577 0.486883 -0.126343 
v -1.6354 0.68916 -0.180178 
v -1.6354 0.486883 -0.180178 
v -1.58157 0.68916 -0.202477 
v -1.58157 0.658132 -0.202477 
v -1.61835 0.621342 -0.187241 
v -1.61306 0.514173 -0.189431 
v -1.58157 0.377136 -0.21009 
v -1.64078 0.393078 -0.185561 
v -1.58157 0.393078 -0.21009 
v -1.64078 0.377136 -0.185561 
v -1.66531 0.393078 -0.126343 
v -1.66531 0.377136 -0.126343 
v -1.64078 0.393078 -0.0671247 
v -1.64078 0.377136 -0.0671247 
v -1.50543 0.476022 -0.126343 
v -1.52773 0.397895 -0.0725087 
v -1.58157 0.476022 -0.202477 
v -1.6354 0.397895 -0.0725087 
v -1.58157 0.397895 -0.202477 
v -1.6354 0.476022 -0.0725087 
v -1.6354 0.476022 -0.180178 
v -1.6577 0.397895 -0.126343 
v -1.6354 0.397895 -0.180178 
v -1.6577 0.476022 -0.126343 
v -1.58157 0.70369 -0.0418497 
v -1.64131 0.70369 -0.0665977 
v -1.64131 0.798737 -0.0665977 
v -1.66606 0.70369 -0.126343 
v -1.66606 0.798737 -0.126343 
v -1.64131 0.70369 -0.186089 
v -1.58157 0.798737 -0.210836 
v -1.64131 0.798737 -0.186089 
v -1.58157 0.70369 -0.210836 
v -1.58157 0.70369 -0.210836 
v -1.6354 0.68916 -0.180178 
v -1.64131 0.70369 -0.186089 
v -1.66606 0.70369 -0.126343 
v -1.58157 0.68916 -0.202477 
v -1.6577 0.68916 -0.126343 
v -1.6354 0.68916 -0.0725087 
v -1.64131 0.70369 -0.0665977 
v -1.65057 0.481453 -0.126343 
v -1.6577 0.486883 -0.126343 
v -1.52773 0.486883 -0.180178 
v -1.50543 0.486883 -0.126343 
v -1.53277 0.481453 -0.175138 
v -1.51256 0.481453 -0.126343 
v -1.50543 0.486883 -0.126343 
v -1.6577 0.486883 -0.126343 
v -1.52773 0.486883 -0.180178 
v -1.6354 0.68916 -0.180178 
v -1.52773 0.68916 -0.180178 
v -1.6354 0.486883 -0.180178 
v -1.54476 0.621342 -0.18723 
v -1.55553 0.64736 -0.191694 
v -1.58157 0.68916 -0.202477 
v -1.58157 0.658132 -0.202477 
v -1.60757 0.64736 -0.191705 
v -1.61835 0.621342 -0.187241 
v -1.55005 0.514173 -0.18942 
v -1.55796 0.595324 -0.192701 
v -1.562 0.59184 -0.194371 
v -1.58157 0.486883 -0.202477 
v -1.58157 0.503359 -0.202477 
v -1.61306 0.514173 -0.189431 
v -1.60514 0.595324 -0.192711 
v -1.60111 0.59184 -0.194381 
v -1.58157 0.377136 -0.21009 
v -1.64078 0.393078 -0.185561 
v -1.58157 0.393078 -0.21009 
v -1.64078 0.377136 -0.185561 
v -1.52235 0.377136 -0.185561 
v -1.52235 0.393078 -0.185561 
v -1.50543 0.476022 -0.126343 
v -1.52773 0.476022 -0.180178 
v -1.52773 0.397895 -0.180178 
v -1.58157 0.476022 -0.202477 
v -1.58157 0.397895 -0.202477 
v -1.6354 0.476022 -0.180178 
v -1.6354 0.397895 -0.180178 
v -1.6577 0.476022 -0.126343 
v -1.49707 0.798737 -0.126343 
v -1.49707 0.70369 -0.126343 
v -1.52182 0.798737 -0.186089 
v -1.52182 0.70369 -0.186089 
v -1.64131 0.70369 -0.186089 
v -1.58157 0.798737 -0.210836 
v -1.64131 0.798737 -0.186089 
v -1.58157 0.70369 -0.210836 
v -1.50543 0.476022 -0.126343 
v -1.51256 0.481453 -0.126343 
v -1.6577 0.476022 -0.126343 
v -1.58157 0.70369 -0.210836 
v -1.6354 0.68916 -0.180178 
v -1.64131 0.70369 -0.186089 
v -1.58157 0.68916 -0.202477 
v -1.52773 0.68916 -0.180178 
v -1.52182 0.70369 -0.186089 

vn 0 -1 0 
vn 0 -1 0 
vn 0 -1 0 
vn 0 -1 0 
vn 0 -1 0 
vn 0 -1 0 
vn 0 -1 0 
vn 0 -1 0 
vn 0.377953 -0.84252 -0.377953 
vn 0.535433 -0.84252 0 
vn 0.535433 -0.84252 0 
vn 0.377953 -0.84252 0.377953 
vn 0.377953 -0.84252 -0.377953 
vn 0.377953 -0.84252 0.377953 
vn 0 -0.84252 -0.535433 
vn 0 -0.84252 0.535433 
vn 0 -0.84252 -0.535433 
vn 0 -0.84252 0.535433 
vn -0.377953 -0.84252 -0.377953 
vn -0.377953 -0.84252 0.377953 
vn -0.377953 -0.84252 -0.377953 
vn -0.377953 -0.84252 0.377953 
vn -0.535433 -0.84252 0 
vn -0.535433 -0.84252 0 
vn -0.606299 -0.795276 0 
vn -0.425197 -0.795276 0.425197 
vn -0.606299 -0.795276 0 
vn -0.425197 -0.795276 0.425197 
vn -0.425197 -0.795276 -0.425197 
vn 0 -0.795276 0.606299 
vn -0.425197 -0.795276 -0.425197 
vn 0 -0.795276 0.606299 
vn 0 -0.795276 -0.606299 
vn 0.425197 -0.795276 0.425197 
vn 0 -0.795276 -0.606299 
vn 0.425197 -0.795276 0.425197 
vn 0.425197 -0.795276 -0.425197 
vn 0.606299 -0.795276 0 
vn 0.425197 -0.795276 -0.425197 
vn 0.606299 -0.795276 0 
vn 0 -0.84252 -0.535433 
vn 0 -0.84252 0.535433 
vn 0 -0.84252 -0.535433 
vn 0 -0.84252 0.535433 
vn 0.708661 0 0.708661 
vn 0 0 1 
vn 0.708661 0 0.708661 
vn 1 0 0 
vn 1 0 0 
vn -1 0 0 
vn 0.708661 0 -0.708661 
vn 0.708661 0 -0.708661 
vn 0.385827 0 -0.92126 
vn 0 0 -1 
vn 0 0 -1 
vn 0 0 -1 
vn 0 0 -1 
vn 0.708661 0 -0.708661 
vn 0.708661 0 -0.708661 
vn 1 0 0 
vn 1 0 0 
vn 0.708661 0 0.708661 
vn 0.708661 0 0.708661 
vn 1 0 0 
vn 1 0 0 
vn 0.708661 0 0.708661 
vn 0.708661 0 0.708661 
vn 0.708661 0 -0.708661 
vn 0.708661 0 -0.708661 
vn 0 0 -1 
vn 0 0 1 
vn 0.708661 0 0.708661 
vn 0.708661 0 0.708661 
vn 1 0 0 
vn 1 0 0 
vn 0.708661 0 -0.708661 
vn 0.708661 0 -0.708661 
vn 0 0 -1 
vn 0 -0.496063 -0.866142 
vn 0 -0.496063 -0.866142 
vn 0.614173 -0.496063 -0.614173 
vn 0.614173 -0.496063 -0.614173 
vn 0.866142 -0.496063 0 
vn 0 -0.496063 0.866142 
vn 0.866142 -0.496063 0 
vn 0 -0.496063 0.866142 
vn 0.614173 -0.496063 0.614173 
vn 0.614173 -0.496063 0.614173 
vn -0.606299 -0.795276 0 
vn 0.606299 -0.795276 0 
vn 0.606299 -0.795276 0 
vn 0.708661 0 0.708661 
vn 0 0 1 
vn 0 0 1 
vn -0.708661 0 0.708661 
vn 0.708661 0 0.708661 
vn -0.708661 0 0.708661 
vn 1 0 0 
vn -1 0 0 
vn 1 0 0 
vn -1 0 0 
vn -0.708661 0 0.708661 
vn -0.708661 0 0.708661 
vn 0.708661 0 0.708661 
vn 0 0 1 
vn 0.708661 0 0.708661 
vn 0 0 1 
vn 1 0 0 
vn 0.708661 0 0.708661 
vn 0.708661 0 0.708661 
vn 0 0 1 
vn 0 0 1 
vn -0.708661 0 0.708661 
vn 0 0 -1 
vn -0.708661 0 0.708661 
vn -1 0 0 
vn -1 0 0 
vn 0 0 1 
vn 0 0 1 
vn 0.708661 0 0.708661 
vn 0.708661 0 0.708661 
vn -0.708661 0 0.708661 
vn 1 0 0 
vn -0.708661 0 0.708661 
vn 1 0 0 
vn 0.606299 0.795276 0 
vn 0.606299 0.795276 0 
vn -0.606299 0.795276 0 
vn -0.866142 -0.496063 0 
vn -0.866142 -0.496063 0 
vn -0.614173 -0.496063 0.614173 
vn -0.614173 -0.496063 0.614173 
vn 0.866142 -0.496063 0 
vn 0 -0.496063 0.866142 
vn 0.866142 -0.496063 0 
vn 0 -0.496063 0.866142 
vn 0.614173 -0.496063 0.614173 
vn 0.614173 -0.496063 0.614173 
vn 0 1 0 
vn 0 1 0 
vn 0 1 0 
vn 0 1 0 
vn 0 1 0 
vn 0 1 0 
vn 0 1 0 
vn 0 1 0 
vn -0.283465 0.913386 0.283465 
vn -0.401575 0.913386 0 
vn -0.401575 0.913386 0 
vn -0.283465 0.913386 0.283465 
vn -0.283465 0.913386 -0.283465 
vn 0 0.913386 0.401575 
vn -0.283465 0.913386 -0.283465 
vn 0 0.913386 0.401575 
vn 0 0.913386 -0.401575 
vn 0.283465 0.913386 0.283465 
vn 0 0.913386 -0.401575 
vn 0.283465 0.913386 0.283465 
vn 0.283465 0.913386 -0.283465 
vn 0.401575 0.913386 0 
vn 0.283465 0.913386 -0.283465 
vn 0.401575 0.913386 0 
vn 0 0 -1 
vn 1 0 0 
vn -0.708661 0 0.708661 
vn 0.708661 0 0.708661 
vn 0 0 1 
vn 0.606299 0.795276 0 
vn 0.425197 0.795276 0.425197 
vn 0.425197 0.795276 0.425197 
vn 0 0.795276 0.606299 
vn 0.606299 0.795276 0 
vn 0 0.795276 0.606299 
vn 0.425197 0.795276 -0.425197 
vn -0.425197 0.795276 0.425197 
vn 0.425197 0.795276 -0.425197 
vn -0.425197 0.795276 0.425197 
vn 0 0.795276 -0.606299 
vn -0.606299 0.795276 0 
vn 0 0.795276 -0.606299 
vn -0.606299 0.795276 0 
vn -0.425197 0.795276 -0.425197 
vn -0.425197 0.795276 -0.425197 
vn 0 0.84252 -0.535433 
vn -0.377953 0.84252 -0.377953 
vn -0.377953 0.84252 -0.377953 
vn -0.535433 0.84252 0 
vn 0 0.84252 -0.535433 
vn -0.535433 0.84252 0 
vn 0.377953 0.84252 -0.377953 
vn -0.377953 0.84252 0.377953 
vn 0.377953 0.84252 -0.377953 
vn -0.377953 0.84252 0.377953 
vn 0.535433 0.84252 0 
vn 0 0.84252 0.535433 
vn 0.535433 0.84252 0 
vn 0 0.84252 0.535433 
vn 0.377953 0.84252 0.377953 
vn 0.377953 0.84252 0.377953 
vn -0.283465 0.913386 0.283465 
vn 0 0.913386 -0.401575 
vn 0 0.913386 -0.401575 
vn 0 -0.84252 -0.535433 
vn 0 -0.84252 0.535433 
vn 0 -0.84252 -0.535433 
vn 0 -0.84252 0.535433 
vn 0 0 1 
vn -0.708661 0 0.708661 
vn -0.708661 0 0.708661 
vn -1 0 0 
vn -1 0 0 
vn -0.708661 0 -0.708661 
vn -0.708661 0 -0.708661 
vn 0 0 -1 
vn 0 0 -1 
vn -0.385827 0 -0.92126 
vn -0.385827 0 -0.92126 
vn 0 0 -1 
vn -0.708661 0 -0.708661 
vn 0 0 -1 
vn -0.708661 0 -0.708661 
vn -1 0 0 
vn -1 0 0 
vn -0.708661 0 0.708661 
vn -0.708661 0 0.708661 
vn 1 0 0 
vn 0.708661 0 0.708661 
vn 0 0 -1 
vn -0.708661 0 0.708661 
vn 0 0 -1 
vn -0.708661 0 0.708661 
vn -0.708661 0 -0.708661 
vn -1 0 0 
vn -0.708661 0 -0.708661 
vn -1 0 0 
vn 0 0 1 
vn -0.708661 0 0.708661 
vn -0.708661 0 0.708661 
vn -1 0 0 
vn -1 0 0 
vn -0.708661 0 -0.708661 
vn 0 0 -1 
vn -0.708661 0 -0.708661 
vn 0 0 -1 
vn 0 -0.496063 -0.866142 
vn -0.614173 -0.496063 -0.614173 
vn -0.614173 -0.496063 -0.614173 
vn -0.866142 -0.496063 0 
vn 0 -0.496063 -0.866142 
vn -0.866142 -0.496063 0 
vn -0.614173 -0.496063 0.614173 
vn -0.614173 -0.496063 0.614173 
vn -0.606299 -0.795276 0 
vn -0.606299 -0.795276 0 
vn 0.425197 -0.795276 -0.425197 
vn 0.606299 -0.795276 0 
vn 0.425197 -0.795276 -0.425197 
vn 0.606299 -0.795276 0 
vn 1 0 0 
vn -1 0 0 
vn 0.708661 0 -0.708661 
vn -0.708661 0 -0.708661 
vn 0.708661 0 -0.708661 
vn -0.708661 0 -0.708661 
vn 0.385827 0 -0.92126 
vn 0.385827 0 -0.92126 
vn 0 0 -1 
vn 0 0 -1 
vn -0.385827 0 -0.92126 
vn -0.385827 0 -0.92126 
vn 0.385827 0 -0.92126 
vn 0.385827 0 -0.92126 
vn 0.385827 0 -0.92126 
vn 0 0 -1 
vn 0 0 -1 
vn -0.385827 0 -0.92126 
vn -0.385827 0 -0.92126 
vn -0.385827 0 -0.92126 
vn 0 0 -1 
vn -0.708661 0 -0.708661 
vn 0 0 -1 
vn -0.708661 0 -0.708661 
vn 0.708661 0 -0.708661 
vn 0.708661 0 -0.708661 
vn 1 0 0 
vn 0.708661 0 -0.708661 
vn 0.708661 0 -0.708661 
vn 0 0 -1 
vn 0 0 -1 
vn -0.708661 0 -0.708661 
vn -0.708661 0 -0.708661 
vn -1 0 0 
vn 1 0 0 
vn 1 0 0 
vn 0.708661 0 -0.708661 
vn 0.708661 0 -0.708661 
vn -0.708661 0 -0.708661 
vn 0 0 -1 
vn -0.708661 0 -0.708661 
vn 0 0 -1 
vn 0.606299 0.795276 0 
vn 0.606299 0.795276 0 
vn -0.606299 0.795276 0 
vn 0 -0.496063 -0.866142 
vn -0.614173 -0.496063 -0.614173 
vn -0.614173 -0.496063 -0.614173 
vn 0 -0.496063 -0.866142 
vn 0.614173 -0.496063 -0.614173 
vn 0.614173 -0.496063 -0.614173 

vt -0.336545 1.39964 
vt -0.336545 1.37273 
vt -0.33097 1.38618 
vt -0.363462 1.39964 
vt -0.350004 1.40522 
vt -0.363462 1.37273 
vt -0.369037 1.38618 
vt -0.350004 1.36715 
vt -0.335199 1.40099 
vt -0.350004 1.40712 
vt -0.350004 1.40522 
vt -0.364808 1.40099 
vt -0.336545 1.39964 
vt -0.363462 1.39964 
vt -0.329067 1.38618 
vt -0.369037 1.38618 
vt -0.33097 1.38618 
vt -0.370941 1.38618 
vt -0.336545 1.37273 
vt -0.364808 1.37138 
vt -0.335199 1.37138 
vt -0.363462 1.37273 
vt -0.350004 1.36525 
vt -0.350004 1.36715 
vt -0.350004 1.36893 
vt -0.363462 1.37273 
vt -0.350004 1.36715 
vt -0.362202 1.37399 
vt -0.337805 1.37399 
vt -0.369037 1.38618 
vt -0.336545 1.37273 
vt -0.367255 1.38618 
vt -0.33097 1.38618 
vt -0.362202 1.39838 
vt -0.332752 1.38618 
vt -0.363462 1.39964 
vt -0.336545 1.39964 
vt -0.350004 1.40522 
vt -0.337805 1.39838 
vt -0.350004 1.40344 
vt -0.403464 1.36525 
vt -0.404668 1.40522 
vt -0.404668 1.36715 
vt -0.403464 1.40712 
vt -0.376027 1.39964 
vt -0.325458 1.40522 
vt -0.325458 1.39964 
vt -0.376027 1.38618 
vt -0.325458 1.38618 
vt -0.376027 1.38618 
vt -0.376027 1.37273 
vt -0.325458 1.37273 
vt -0.342413 1.37096 
vt -0.325458 1.36715 
vt -0.333215 1.36715 
vt -0.403464 1.36525 
vt -0.399478 1.36525 
vt -0.403464 1.37138 
vt -0.399478 1.37138 
vt -0.403464 1.38618 
vt -0.399478 1.38618 
vt -0.403464 1.40099 
vt -0.399478 1.40099 
vt -0.398274 1.38618 
vt -0.378742 1.38618 
vt -0.398274 1.39964 
vt -0.378742 1.39964 
vt -0.378742 1.37273 
vt -0.398274 1.37273 
vt -0.398274 1.36715 
vt -0.321826 1.40731 
vt -0.298064 1.40112 
vt -0.321826 1.40112 
vt -0.298064 1.38618 
vt -0.321826 1.38618 
vt -0.298064 1.37125 
vt -0.321826 1.37125 
vt -0.321826 1.36506 
vt -0.321826 1.36506 
vt -0.325458 1.36715 
vt -0.325458 1.37273 
vt -0.321826 1.37125 
vt -0.321826 1.38618 
vt -0.321826 1.40731 
vt -0.325458 1.38618 
vt -0.325458 1.40522 
vt -0.325458 1.39964 
vt -0.321826 1.40112 
vt -0.32398 1.36715 
vt -0.32398 1.40522 
vt -0.322623 1.40344 
vt -0.32398 1.39964 
vt -0.37455 1.38618 
vt -0.32398 1.38618 
vt -0.37455 1.37273 
vt -0.37455 1.39964 
vt -0.32398 1.37273 
vt -0.32398 1.40522 
vt -0.37455 1.36715 
vt -0.37455 1.40522 
vt -0.32398 1.36715 
vt -0.300529 1.37138 
vt -0.296544 1.37138 
vt -0.296544 1.40099 
vt -0.300529 1.38618 
vt -0.300529 1.40099 
vt -0.296544 1.38618 
vt -0.321265 1.40522 
vt -0.301733 1.39964 
vt -0.321265 1.39964 
vt -0.301733 1.38618 
vt -0.321265 1.38618 
vt -0.301733 1.37273 
vt -0.301733 1.38618 
vt -0.321265 1.37273 
vt -0.301733 1.36715 
vt -0.321265 1.36715 
vt -0.401944 1.38618 
vt -0.378182 1.38618 
vt -0.401944 1.40112 
vt -0.378182 1.40112 
vt -0.378182 1.37125 
vt -0.401944 1.40731 
vt -0.401944 1.37125 
vt -0.378182 1.40731 
vt -0.321265 1.40522 
vt -0.322623 1.40344 
vt -0.321265 1.36715 
vt -0.378182 1.36506 
vt -0.37455 1.36715 
vt -0.37455 1.37273 
vt -0.378182 1.37125 
vt -0.378182 1.40731 
vt -0.378182 1.38618 
vt -0.37455 1.40522 
vt -0.37455 1.38618 
vt -0.37455 1.39964 
vt -0.378182 1.40112 
vt -0.360536 1.39672 
vt -0.339472 1.39672 
vt -0.350004 1.40108 
vt -0.350004 1.37129 
vt -0.33511 1.38618 
vt -0.339472 1.37565 
vt -0.364898 1.38618 
vt -0.360536 1.37565 
vt -0.335068 1.37125 
vt -0.350004 1.37129 
vt -0.350004 1.36506 
vt -0.339472 1.37565 
vt -0.360536 1.37565 
vt -0.32888 1.38618 
vt -0.36494 1.37125 
vt -0.33511 1.38618 
vt -0.371127 1.38618 
vt -0.339472 1.39672 
vt -0.364898 1.38618 
vt -0.335068 1.40112 
vt -0.360536 1.39672 
vt -0.350004 1.40108 
vt -0.36494 1.40112 
vt -0.350004 1.40731 
vt -0.370941 1.38618 
vt -0.350004 1.40712 
vt -0.335199 1.37138 
vt -0.335199 1.40099 
vt -0.329067 1.38618 
vt -0.350004 1.40522 
vt -0.337805 1.39838 
vt -0.336545 1.39964 
vt -0.33097 1.38618 
vt -0.350004 1.40344 
vt -0.332752 1.38618 
vt -0.362202 1.39838 
vt -0.337805 1.37399 
vt -0.363463 1.39964 
vt -0.336545 1.37273 
vt -0.367255 1.38618 
vt -0.350004 1.36893 
vt -0.369037 1.38618 
vt -0.350004 1.36715 
vt -0.362202 1.37399 
vt -0.363463 1.37273 
vt -0.370941 1.38618 
vt -0.364808 1.37138 
vt -0.363463 1.37273 
vt -0.350004 1.36525 
vt -0.369037 1.38618 
vt -0.350004 1.36715 
vt -0.363463 1.39964 
vt -0.336545 1.37273 
vt -0.364808 1.40099 
vt -0.335199 1.37138 
vt -0.350004 1.40522 
vt -0.33097 1.38618 
vt -0.350004 1.40712 
vt -0.329067 1.38618 
vt -0.335199 1.40099 
vt -0.336545 1.39964 
vt -0.401944 1.40112 
vt -0.401944 1.36506 
vt -0.404668 1.37129 
vt -0.296544 1.36525 
vt -0.295339 1.40522 
vt -0.295339 1.36715 
vt -0.296544 1.40712 
vt -0.37455 1.40522 
vt -0.37455 1.39964 
vt -0.32398 1.39964 
vt -0.37455 1.38618 
vt -0.32398 1.38618 
vt -0.37455 1.37273 
vt -0.32398 1.37273 
vt -0.37455 1.36715 
vt -0.366793 1.36715 
vt -0.357595 1.37096 
vt -0.330803 1.37041 
vt -0.296544 1.36525 
vt -0.300529 1.37138 
vt -0.300529 1.36525 
vt -0.296544 1.37138 
vt -0.300529 1.38618 
vt -0.296544 1.38618 
vt -0.300529 1.40099 
vt -0.296544 1.40099 
vt -0.321265 1.38618 
vt -0.301733 1.39964 
vt -0.321265 1.36715 
vt -0.301733 1.39964 
vt -0.301733 1.36715 
vt -0.321265 1.39964 
vt -0.321265 1.37273 
vt -0.301733 1.38618 
vt -0.301733 1.37273 
vt -0.321265 1.38618 
vt -0.378182 1.40731 
vt -0.378182 1.40112 
vt -0.401944 1.40112 
vt -0.378182 1.38618 
vt -0.401944 1.38618 
vt -0.378182 1.37125 
vt -0.401944 1.36506 
vt -0.401944 1.37125 
vt -0.378182 1.36506 
vt -0.378182 1.36506 
vt -0.37455 1.37273 
vt -0.378182 1.37125 
vt -0.378182 1.38618 
vt -0.37455 1.36715 
vt -0.37455 1.38618 
vt -0.37455 1.39964 
vt -0.378182 1.40112 
vt -0.377385 1.36893 
vt -0.376027 1.36715 
vt -0.376027 1.39964 
vt -0.376027 1.40522 
vt -0.377385 1.39838 
vt -0.377385 1.40344 
vt -0.376027 1.40522 
vt -0.376027 1.36715 
vt -0.376027 1.39964 
vt -0.325458 1.37273 
vt -0.325458 1.39964 
vt -0.376027 1.37273 
vt -0.342413 1.39539 
vt -0.335908 1.39269 
vt -0.325458 1.38618 
vt -0.333215 1.38618 
vt -0.335908 1.37968 
vt -0.342413 1.37699 
vt -0.369205 1.39406 
vt -0.348917 1.39209 
vt -0.349788 1.39108 
vt -0.376027 1.38618 
vt -0.371908 1.38618 
vt -0.369205 1.37831 
vt -0.348917 1.38029 
vt -0.349788 1.3813 
vt -0.403464 1.38618 
vt -0.399478 1.37138 
vt -0.399478 1.38618 
vt -0.403464 1.37138 
vt -0.403464 1.40099 
vt -0.399478 1.40099 
vt -0.378742 1.40522 
vt -0.378742 1.39964 
vt -0.398274 1.39964 
vt -0.378742 1.38618 
vt -0.398274 1.38618 
vt -0.378742 1.37273 
vt -0.398274 1.37273 
vt -0.378742 1.36715 
vt -0.298064 1.40731 
vt -0.321826 1.40731 
vt -0.298064 1.40112 
vt -0.321826 1.40112 
vt -0.321826 1.37125 
vt -0.298064 1.38618 
vt -0.298064 1.37125 
vt -0.321826 1.38618 
vt -0.378742 1.40522 
vt -0.377385 1.40344 
vt -0.378742 1.36715 
vt -0.321826 1.38618 
vt -0.325458 1.37273 
vt -0.321826 1.37125 
vt -0.325458 1.38618 
vt -0.325458 1.39964 
vt -0.321826 1.40112 

usemtl Metal5Mtl

f 3481/3481/3481 3482/3482/3482 3483/3483/3483 
f 3482/3482/3482 3481/3481/3481 3484/3484/3484 
f 3484/3484/3484 3481/3481/3481 3485/3485/3485 
f 3482/3482/3482 3484/3484/3484 3486/3486/3486 
f 3486/3486/3486 3484/3484/3484 3487/3487/3487 
f 3482/3482/3482 3486/3486/3486 3488/3488/3488 
f 3489/3489/3489 3490/3490/3490 3491/3491/3491 
f 3492/3492/3492 3491/3491/3491 3490/3490/3490 
f 3489/3489/3489 3491/3491/3491 3493/3493/3493 
f 3491/3491/3491 3492/3492/3492 3494/3494/3494 
f 3493/3493/3493 3495/3495/3495 3489/3489/3489 
f 3492/3492/3492 3496/3496/3496 3494/3494/3494 
f 3495/3495/3495 3493/3493/3493 3497/3497/3497 
f 3496/3496/3496 3492/3492/3492 3498/3498/3498 
f 3499/3499/3499 3495/3495/3495 3497/3497/3497 
f 3500/3500/3500 3496/3496/3496 3498/3498/3498 
f 3495/3495/3495 3499/3499/3499 3501/3501/3501 
f 3496/3496/3496 3500/3500/3500 3502/3502/3502 
f 3503/3503/3503 3501/3501/3501 3499/3499/3499 
f 3503/3503/3503 3502/3502/3502 3500/3500/3500 
f 3503/3503/3503 3499/3499/3499 3504/3504/3504 
f 3502/3502/3502 3503/3503/3503 3504/3504/3504 
f 3505/3505/3505 3506/3506/3506 3507/3507/3507 
f 3506/3506/3506 3505/3505/3505 3508/3508/3508 
f 3507/3507/3507 3509/3509/3509 3505/3505/3505 
f 3510/3510/3510 3506/3506/3506 3508/3508/3508 
f 3507/3507/3507 3511/3511/3511 3509/3509/3509 
f 3508/3508/3508 3512/3512/3512 3510/3510/3510 
f 3513/3513/3513 3509/3509/3509 3511/3511/3511 
f 3514/3514/3514 3510/3510/3510 3512/3512/3512 
f 3509/3509/3509 3513/3513/3513 3515/3515/3515 
f 3510/3510/3510 3514/3514/3514 3516/3516/3516 
f 3517/3517/3517 3515/3515/3515 3513/3513/3513 
f 3518/3518/3518 3516/3516/3516 3514/3514/3514 
f 3515/3515/3515 3517/3517/3517 3519/3519/3519 
f 3518/3518/3518 3519/3519/3519 3517/3517/3517 
f 3519/3519/3519 3518/3518/3518 3520/3520/3520 
f 3518/3518/3518 3514/3514/3514 3520/3520/3520 
f 3528/3528/3528 3527/3527/3527 3525/3525/3525 
f 3528/3528/3528 3529/3529/3529 3527/3527/3527 
f 3531/3531/3531 3529/3529/3529 3528/3528/3528 
f 3531/3531/3531 3532/3532/3532 3529/3529/3529 
f 3540/3540/3540 3538/3538/3538 3539/3539/3539 
f 3539/3539/3539 3541/3541/3541 3540/3540/3540 
f 3542/3542/3542 3540/3540/3540 3541/3541/3541 
f 3541/3541/3541 3543/3543/3543 3542/3542/3542 
f 3544/3544/3544 3545/3545/3545 3546/3546/3546 
f 3545/3545/3545 3547/3547/3547 3546/3546/3546 
f 3548/3548/3548 3545/3545/3545 3544/3544/3544 
f 3549/3549/3549 3548/3548/3548 3544/3544/3544 
f 3553/3553/3553 3554/3554/3554 3552/3552/3552 
f 3554/3554/3554 3553/3553/3553 3555/3555/3555 
f 3555/3555/3555 3556/3556/3556 3554/3554/3554 
f 3556/3556/3556 3555/3555/3555 3557/3557/3557 
f 3563/3563/3563 3561/3561/3561 3562/3562/3562 
f 3561/3561/3561 3563/3563/3563 3565/3565/3565 
f 3563/3563/3563 3567/3567/3567 3565/3565/3565 
f 3563/3563/3563 3568/3568/3568 3567/3567/3567 
f 3572/3572/3572 3573/3573/3573 3574/3574/3574 
f 3575/3575/3575 3574/3574/3574 3573/3573/3573 
f 3573/3573/3573 3572/3572/3572 3576/3576/3576 
f 3575/3575/3575 3577/3577/3577 3574/3574/3574 
f 3583/3583/3583 3585/3585/3585 3582/3582/3582 
f 3585/3585/3585 3583/3583/3583 3587/3587/3587 
f 3586/3586/3586 3587/3587/3587 3584/3584/3584 
f 3587/3587/3587 3586/3586/3586 3585/3585/3585 
f 3590/3590/3590 3591/3591/3591 3589/3589/3589 
f 3591/3591/3591 3590/3590/3590 3592/3592/3592 
f 3592/3592/3592 3593/3593/3593 3591/3591/3591 
f 3593/3593/3593 3592/3592/3592 3595/3595/3595 
f 3598/3598/3598 3599/3599/3599 3600/3600/3600 
f 3599/3599/3599 3601/3601/3601 3600/3600/3600 
f 3602/3602/3602 3599/3599/3599 3598/3598/3598 
f 3604/3604/3604 3602/3602/3602 3598/3598/3598 
f 3614/3614/3614 3612/3612/3612 3611/3611/3611 
f 3611/3611/3611 3616/3616/3616 3614/3614/3614 
f 3617/3617/3617 3614/3614/3614 3616/3616/3616 
f 3614/3614/3614 3617/3617/3617 3618/3618/3618 
f 3619/3619/3619 3620/3620/3620 3621/3621/3621 
f 3622/3622/3622 3620/3620/3620 3619/3619/3619 
f 3620/3620/3620 3622/3622/3622 3623/3623/3623 
f 3623/3623/3623 3622/3622/3622 3624/3624/3624 
f 3622/3622/3622 3619/3619/3619 3625/3625/3625 
f 3622/3622/3622 3625/3625/3625 3626/3626/3626 
f 3627/3627/3627 3628/3628/3628 3629/3629/3629 
f 3628/3628/3628 3627/3627/3627 3630/3630/3630 
f 3631/3631/3631 3629/3629/3629 3628/3628/3628 
f 3632/3632/3632 3630/3630/3630 3627/3627/3627 
f 3629/3629/3629 3631/3631/3631 3633/3633/3633 
f 3630/3630/3630 3632/3632/3632 3634/3634/3634 
f 3631/3631/3631 3635/3635/3635 3633/3633/3633 
f 3636/3636/3636 3634/3634/3634 3632/3632/3632 
f 3635/3635/3635 3631/3631/3631 3637/3637/3637 
f 3632/3632/3632 3638/3638/3638 3636/3636/3636 
f 3639/3639/3639 3635/3635/3635 3637/3637/3637 
f 3638/3638/3638 3640/3640/3640 3636/3636/3636 
f 3635/3635/3635 3639/3639/3639 3641/3641/3641 
f 3640/3640/3640 3641/3641/3641 3639/3639/3639 
f 3640/3640/3640 3638/3638/3638 3642/3642/3642 
f 3641/3641/3641 3640/3640/3640 3642/3642/3642 
f 3648/3648/3648 3649/3649/3649 3650/3650/3650 
f 3649/3649/3649 3651/3651/3651 3650/3650/3650 
f 3649/3649/3649 3648/3648/3648 3652/3652/3652 
f 3651/3651/3651 3649/3649/3649 3653/3653/3653 
f 3654/3654/3654 3652/3652/3652 3648/3648/3648 
f 3655/3655/3655 3651/3651/3651 3653/3653/3653 
f 3648/3648/3648 3656/3656/3656 3654/3654/3654 
f 3651/3651/3651 3655/3655/3655 3657/3657/3657 
f 3656/3656/3656 3658/3658/3658 3654/3654/3654 
f 3659/3659/3659 3657/3657/3657 3655/3655/3655 
f 3656/3656/3656 3660/3660/3660 3658/3658/3658 
f 3657/3657/3657 3659/3659/3659 3661/3661/3661 
f 3660/3660/3660 3662/3662/3662 3658/3658/3658 
f 3662/3662/3662 3661/3661/3661 3659/3659/3659 
f 3660/3660/3660 3663/3663/3663 3662/3662/3662 
f 3661/3661/3661 3662/3662/3662 3663/3663/3663 
f 3664/3664/3664 3665/3665/3665 3666/3666/3666 
f 3667/3667/3667 3666/3666/3666 3665/3665/3665 
f 3664/3664/3664 3666/3666/3666 3668/3668/3668 
f 3666/3666/3666 3667/3667/3667 3669/3669/3669 
f 3670/3670/3670 3664/3664/3664 3668/3668/3668 
f 3667/3667/3667 3671/3671/3671 3669/3669/3669 
f 3664/3664/3664 3670/3670/3670 3672/3672/3672 
f 3667/3667/3667 3673/3673/3673 3671/3671/3671 
f 3674/3674/3674 3672/3672/3672 3670/3670/3670 
f 3675/3675/3675 3671/3671/3671 3673/3673/3673 
f 3672/3672/3672 3674/3674/3674 3676/3676/3676 
f 3673/3673/3673 3677/3677/3677 3675/3675/3675 
f 3678/3678/3678 3676/3676/3676 3674/3674/3674 
f 3678/3678/3678 3675/3675/3675 3677/3677/3677 
f 3678/3678/3678 3674/3674/3674 3679/3679/3679 
f 3675/3675/3675 3678/3678/3678 3679/3679/3679 
f 3690/3690/3690 3689/3689/3689 3688/3688/3688 
f 3689/3689/3689 3690/3690/3690 3691/3691/3691 
f 3692/3692/3692 3691/3691/3691 3690/3690/3690 
f 3691/3691/3691 3692/3692/3692 3693/3693/3693 
f 3701/3701/3701 3702/3702/3702 3699/3699/3699 
f 3702/3702/3702 3701/3701/3701 3703/3703/3703 
f 3703/3703/3703 3704/3704/3704 3702/3702/3702 
f 3704/3704/3704 3703/3703/3703 3705/3705/3705 
f 3711/3711/3711 3713/3713/3713 3709/3709/3709 
f 3713/3713/3713 3711/3711/3711 3715/3715/3715 
f 3714/3714/3714 3715/3715/3715 3712/3712/3712 
f 3715/3715/3715 3714/3714/3714 3713/3713/3713 
f 3719/3719/3719 3717/3717/3717 3718/3718/3718 
f 3720/3720/3720 3719/3719/3719 3718/3718/3718 
f 3721/3721/3721 3719/3719/3719 3720/3720/3720 
f 3723/3723/3723 3721/3721/3721 3720/3720/3720 
f 3728/3728/3728 3727/3727/3727 3726/3726/3726 
f 3726/3726/3726 3730/3730/3730 3728/3728/3728 
f 3731/3731/3731 3728/3728/3728 3730/3730/3730 
f 3728/3728/3728 3731/3731/3731 3732/3732/3732 
f 3743/3743/3743 3741/3741/3741 3745/3745/3745 
f 3743/3743/3743 3745/3745/3745 3746/3746/3746 
f 3747/3747/3747 3743/3743/3743 3746/3746/3746 
f 3746/3746/3746 3748/3748/3748 3747/3747/3747 
f 3749/3749/3749 3747/3747/3747 3748/3748/3748 
f 3747/3747/3747 3749/3749/3749 3742/3742/3742 
f 3749/3749/3749 3750/3750/3750 3742/3742/3742 
f 3744/3744/3744 3742/3742/3742 3750/3750/3750 
f 3751/3751/3751 3745/3745/3745 3741/3741/3741 
f 3745/3745/3745 3751/3751/3751 3752/3752/3752 
f 3752/3752/3752 3751/3751/3751 3753/3753/3753 
f 3754/3754/3754 3751/3751/3751 3741/3741/3741 
f 3751/3751/3751 3754/3754/3754 3755/3755/3755 
f 3754/3754/3754 3756/3756/3756 3755/3755/3755 
f 3754/3754/3754 3744/3744/3744 3756/3756/3756 
f 3750/3750/3750 3756/3756/3756 3744/3744/3744 
f 3756/3756/3756 3750/3750/3750 3757/3757/3757 
f 3756/3756/3756 3757/3757/3757 3758/3758/3758 
f 3759/3759/3759 3760/3760/3760 3761/3761/3761 
f 3760/3760/3760 3759/3759/3759 3762/3762/3762 
f 3761/3761/3761 3763/3763/3763 3759/3759/3759 
f 3763/3763/3763 3761/3761/3761 3764/3764/3764 
f 3767/3767/3767 3768/3768/3768 3766/3766/3766 
f 3768/3768/3768 3767/3767/3767 3769/3769/3769 
f 3769/3769/3769 3770/3770/3770 3768/3768/3768 
f 3770/3770/3770 3769/3769/3769 3771/3771/3771 
f 3775/3775/3775 3776/3776/3776 3778/3778/3778 
f 3776/3776/3776 3780/3780/3780 3778/3778/3778 
f 3780/3780/3780 3777/3777/3777 3779/3779/3779 
f 3778/3778/3778 3780/3780/3780 3779/3779/3779 
f 3784/3784/3784 3785/3785/3785 3786/3786/3786 
f 3785/3785/3785 3784/3784/3784 3787/3787/3787 
f 3788/3788/3788 3787/3787/3787 3784/3784/3784 
f 3784/3784/3784 3789/3789/3789 3788/3788/3788 

