# Blender 5.0.0
# www.blender.org
mtllib singularity_bodyatt8.mtl
o singularity_body
v 0.510650 0.737200 0.048594
v 0.528140 0.730900 0.004448
v 0.510650 0.749030 0.004448
v 0.528140 0.721500 0.039529
v 0.510650 0.737200 -0.039698
v 0.528140 0.730900 0.004448
v 0.528140 0.721500 -0.030633
v 0.510650 0.749030 0.004448
v 0.525890 0.664000 0.093687
v 0.510610 0.679280 0.093687
v 0.510610 0.664000 0.129405
v 0.530470 0.664000 0.071356
v 0.510610 0.683860 0.071356
v 0.510610 0.679280 0.050942
v 0.525890 0.664000 0.050942
v 0.510610 0.664000 0.015225
v 0.525890 0.664000 -0.084791
v 0.510610 0.664000 -0.120509
v 0.510610 0.679280 -0.084791
v 0.530470 0.664000 -0.062460
v 0.510610 0.683860 -0.062460
v 0.510610 0.679280 -0.042046
v 0.525890 0.664000 -0.042046
v 0.510610 0.664000 -0.006329
v 0.510650 0.704880 0.080911
v 0.528140 0.721500 0.039529
v 0.510650 0.737200 0.048594
v 0.528140 0.695810 0.065210
v 0.528140 0.721500 -0.030633
v 0.528140 0.695810 -0.056314
v 0.510650 0.704880 -0.072015
v 0.510650 0.737200 -0.039698
v 0.528140 0.599970 0.039529
v 0.510650 0.634000 0.050744
v 0.528140 0.625650 0.065210
v 0.510650 0.614440 0.031177
v 0.528140 0.599970 -0.030633
v 0.510650 0.634010 -0.041848
v 0.510650 0.614440 -0.022281
v 0.528140 0.625650 -0.056314
v 0.510650 0.111258 0.169286
v 0.510650 0.041589 0.099617
v 0.558100 0.081852 0.076372
v 0.558100 0.134503 0.129023
v 0.510650 0.041589 -0.090721
v 0.558100 0.134503 -0.120127
v 0.558100 0.081852 -0.067476
v 0.510650 0.111258 -0.160390
v 0.528140 0.660730 0.074610
v 0.528140 0.695810 0.065210
v 0.510650 0.704880 0.080911
v 0.510650 0.660730 0.092740
v 0.510650 0.704880 -0.072015
v 0.528140 0.660730 -0.065714
v 0.510650 0.660730 -0.083844
v 0.528140 0.695810 -0.056314
v 0.510650 0.371265 0.099618
v 0.510650 0.301597 0.169286
v 0.558100 0.278351 0.129023
v 0.558100 0.331003 0.076372
v 0.558100 0.331003 -0.067476
v 0.558100 0.278351 -0.120127
v 0.510650 0.301597 -0.160390
v 0.510650 0.371265 -0.090721
v 0.248746 -0.047481 0.151042
v 0.248746 -0.086761 0.004448
v 0.303909 -0.030828 0.004448
v 0.303909 0.000959 0.123075
v 0.303909 -0.030828 0.004448
v 0.248746 -0.047481 -0.142146
v 0.303909 0.000959 -0.114179
v 0.248746 -0.086761 0.004448
v 0.248746 0.059833 0.258356
v 0.248746 -0.047481 0.151042
v 0.303909 0.000959 0.123075
v 0.303909 0.087800 0.209917
v 0.303909 0.000959 -0.114179
v 0.248746 0.059833 -0.249460
v 0.303909 0.087800 -0.201021
v 0.248746 -0.047481 -0.142146
v 0.248746 0.206427 0.297636
v 0.303909 0.087800 0.209917
v 0.303909 0.206427 0.241703
v 0.248746 0.059833 0.258356
v 0.248746 0.206427 -0.288740
v 0.303909 0.087800 -0.201021
v 0.248746 0.059833 -0.249460
v 0.303909 0.206427 -0.232807
v 0.510610 0.753240 -0.010825
v 0.530470 0.730910 0.004448
v 0.510610 0.730910 -0.015408
v 0.510610 0.710500 -0.010825
v 0.530470 0.730910 0.004448
v 0.510610 0.753240 0.019722
v 0.510610 0.730910 0.024304
v 0.510610 0.710500 0.019722
v 0.525890 0.753240 0.004448
v 0.510610 0.788960 0.004448
v 0.525890 0.710500 0.004448
v 0.510610 0.674780 0.004448
v 0.510610 0.574770 -0.010825
v 0.530470 0.597100 0.004448
v 0.510610 0.597100 -0.015408
v 0.510610 0.617510 -0.010825
v 0.530470 0.597100 0.004448
v 0.510610 0.574770 0.019722
v 0.525890 0.574770 0.004448
v 0.510610 0.539047 0.004448
v 0.510610 0.597100 0.024304
v 0.510610 0.617510 0.019722
v 0.525890 0.617510 0.004448
v 0.510610 0.653230 0.004448
v 0.303909 0.325054 0.209917
v 0.248746 0.206427 0.297636
v 0.303909 0.206427 0.241703
v 0.248746 0.353021 0.258356
v 0.248746 0.206427 -0.288740
v 0.248746 0.353021 -0.249460
v 0.303909 0.325054 -0.201021
v 0.303909 0.206427 -0.232807
v 0.248746 0.460335 0.151042
v 0.248746 0.353021 0.258356
v 0.303909 0.325054 0.209917
v 0.303909 0.411896 0.123075
v 0.303909 0.325054 -0.201021
v 0.248746 0.460335 -0.142146
v 0.303909 0.411896 -0.114179
v 0.248746 0.353021 -0.249460
v 0.510650 0.660730 0.092740
v 0.528140 0.625650 0.065210
v 0.528140 0.660730 0.074610
v 0.510650 0.616590 0.080911
v 0.510650 0.660730 -0.083844
v 0.528140 0.625650 -0.056314
v 0.510650 0.616590 -0.072015
v 0.528140 0.660730 -0.065714
v 0.248746 0.499615 0.004448
v 0.248746 0.460335 0.151042
v 0.303909 0.411896 0.123075
v 0.303909 0.443682 0.004448
v 0.303909 0.411896 -0.114179
v 0.248746 0.499615 0.004448
v 0.303909 0.443682 0.004448
v 0.248746 0.460335 -0.142146
v 0.558100 0.350274 0.004448
v 0.558100 0.331003 0.076372
v 0.510650 0.289024 0.052135
v 0.510650 0.301802 0.004448
v 0.510650 0.289024 -0.043239
v 0.558100 0.350274 0.004448
v 0.510650 0.301802 0.004448
v 0.558100 0.331003 -0.067476
v 0.558100 0.331003 0.076372
v 0.558100 0.278351 0.129023
v 0.510650 0.254115 0.087045
v 0.510650 0.289024 0.052135
v 0.510650 0.254115 -0.078149
v 0.558100 0.331003 -0.067476
v 0.510650 0.289024 -0.043239
v 0.558100 0.278351 -0.120127
v 0.558100 0.278351 -0.120127
v 0.510650 0.206427 -0.090927
v 0.558100 0.206427 -0.139399
v 0.510650 0.254115 -0.078149
v 0.510650 0.206427 0.099823
v 0.510650 0.254115 0.087045
v 0.558100 0.278351 0.129023
v 0.558100 0.206427 0.148295
v 0.558100 0.206427 0.148295
v 0.510650 0.158740 0.087045
v 0.510650 0.206427 0.099823
v 0.558100 0.134503 0.129023
v 0.558100 0.206427 -0.139399
v 0.510650 0.158740 -0.078149
v 0.558100 0.134503 -0.120127
v 0.510650 0.206427 -0.090927
v 0.558100 0.081852 0.076372
v 0.510650 0.158740 0.087045
v 0.558100 0.134503 0.129023
v 0.510650 0.123830 0.052135
v 0.558100 0.081852 -0.067476
v 0.510650 0.158740 -0.078149
v 0.510650 0.123830 -0.043239
v 0.558100 0.134503 -0.120127
v 0.558100 0.062580 0.004448
v 0.510650 0.123830 0.052135
v 0.558100 0.081852 0.076372
v 0.510650 0.111052 0.004448
v 0.510650 0.123830 -0.043239
v 0.510650 0.111052 0.004448
v 0.558100 0.062580 0.004448
v 0.558100 0.081852 -0.067476
v 0.089392 -0.052075 0.028395
v 0.038530 -0.078371 0.057513
v 0.093971 -0.075497 0.004448
v 0.038529 -0.078371 -0.048617
v 0.093971 -0.075497 0.004448
v 0.089392 -0.052075 -0.019499
v 0.510650 0.616590 0.080911
v 0.510650 0.584270 0.048594
v 0.528140 0.599970 0.039529
v 0.528140 0.625650 0.065210
v 0.528140 0.599970 -0.030633
v 0.510650 0.616590 -0.072015
v 0.528140 0.625650 -0.056314
v 0.510650 0.584270 -0.039698
v 0.510650 0.584270 0.048594
v 0.510650 0.572440 0.004448
v 0.528140 0.590570 0.004448
v 0.528140 0.599970 0.039529
v 0.528140 0.590570 0.004448
v 0.510650 0.584270 -0.039698
v 0.528140 0.599970 -0.030633
v 0.510650 0.572440 0.004448
v -0.048775 0.241296 0.264102
v -0.137309 0.110855 0.377566
v -0.068902 0.085634 0.304407
v -0.118058 0.307095 0.327437
v -0.137310 0.110855 -0.368670
v -0.118058 0.307095 -0.318541
v -0.048775 0.241296 -0.255206
v -0.068903 0.085634 -0.295511
v 0.528140 0.721500 0.039529
v 0.528140 0.695810 0.065210
v 0.510650 0.687460 0.050744
v 0.510650 0.707030 0.031177
v 0.510650 0.687460 -0.041848
v 0.528140 0.721500 -0.030633
v 0.510650 0.707030 -0.022281
v 0.528140 0.695810 -0.056314
v 0.510610 0.644150 0.071356
v 0.530470 0.664000 0.071356
v 0.525890 0.664000 0.093687
v 0.525890 0.664000 0.050942
v 0.525890 0.664000 -0.084791
v 0.510610 0.644150 -0.062460
v 0.530470 0.664000 -0.062460
v 0.525890 0.664000 -0.042046
v 0.303909 0.411896 0.123075
v 0.303909 0.325054 0.209917
v 0.248746 0.297928 0.162932
v 0.248746 0.364911 0.095949
v 0.248746 0.297928 -0.154036
v 0.303909 0.411896 -0.114179
v 0.248746 0.364911 -0.087053
v 0.303909 0.325054 -0.201021
v -0.118058 0.307095 0.327437
v -0.061127 0.367749 0.154814
v -0.127129 0.463285 0.190956
v -0.048775 0.241296 0.264102
v -0.061127 0.367749 -0.145918
v -0.048775 0.241296 -0.255206
v -0.118058 0.307095 -0.318541
v -0.127129 0.463285 -0.182060
v 0.303909 0.000959 0.123075
v 0.248746 0.114926 0.162932
v 0.303909 0.087800 0.209917
v 0.248746 0.047943 0.095949
v 0.303909 0.000959 -0.114179
v 0.248746 0.114926 -0.154036
v 0.248746 0.047943 -0.087053
v 0.303909 0.087800 -0.201021
v -0.127129 0.463285 0.190956
v -0.088173 0.425223 0.004448
v -0.147237 0.530062 0.004448
v -0.061127 0.367749 0.154814
v -0.127129 0.463285 -0.182060
v -0.088173 0.425223 0.004448
v -0.061127 0.367749 -0.145918
v -0.147237 0.530062 0.004448
v -0.267444 -0.347837 0.004448
v -0.393154 -0.369584 -0.120495
v -0.370826 -0.309450 -0.105831
v -0.276024 -0.413076 0.004448
v -0.267444 -0.347837 0.004448
v -0.393154 -0.369584 0.129391
v -0.276024 -0.413076 0.004448
v -0.370826 -0.309450 0.114727
v -0.061127 0.367749 0.154814
v -0.048775 0.241296 0.264102
v -0.117042 0.227684 0.202418
v -0.061127 0.367749 -0.145918
v -0.117042 0.227684 -0.193522
v -0.048775 0.241296 -0.255206
v -0.241025 -0.118574 0.154607
v -0.196484 0.012790 0.202517
v -0.152624 -0.039874 0.264051
v -0.267006 -0.044899 0.119362
v -0.241025 -0.118574 -0.145711
v -0.196484 0.012790 -0.193621
v -0.267006 -0.044899 -0.110466
v -0.152625 -0.039874 -0.255155
v -0.273101 -0.271801 0.004448
v -0.370826 -0.309450 0.114727
v -0.267444 -0.347837 0.004448
v -0.346699 -0.244473 0.082956
v -0.327123 -0.191750 0.026861
v -0.306111 -0.199552 0.004448
v -0.273101 -0.271801 0.004448
v -0.370826 -0.309450 -0.105831
v -0.346699 -0.244473 -0.074060
v -0.267444 -0.347837 0.004448
v -0.327123 -0.191750 -0.017965
v -0.306111 -0.199552 0.004448
v -0.327123 -0.191750 -0.017965
v -0.320107 -0.172856 0.004448
v -0.295369 -0.134365 0.004448
v -0.267006 -0.044899 0.119362
v -0.241025 -0.118574 0.154607
v -0.316110 -0.054317 0.004448
v -0.241025 -0.118574 -0.145711
v -0.267006 -0.044899 -0.110466
v -0.295369 -0.134365 0.004448
v -0.316110 -0.054317 0.004448
v -0.327123 -0.191750 0.026861
v -0.306111 -0.199552 0.004448
v -0.320107 -0.172856 0.004448
v 0.528140 0.590570 0.004448
v 0.510650 0.614440 0.031177
v 0.528140 0.599970 0.039529
v 0.510650 0.607280 0.004448
v 0.528140 0.599970 -0.030633
v 0.510650 0.614440 -0.022281
v 0.528140 0.590570 0.004448
v 0.510650 0.607280 0.004448
v -0.199862 0.420756 0.154148
v -0.147237 0.530062 0.004448
v -0.226949 0.479801 0.004448
v -0.127129 0.463285 0.190956
v -0.199862 0.420756 -0.145252
v -0.147237 0.530062 0.004448
v -0.127129 0.463285 -0.182060
v -0.226949 0.479801 0.004448
v 0.510650 0.396766 0.004448
v 0.558100 0.331003 0.076372
v 0.558100 0.350274 0.004448
v 0.510650 0.371265 0.099618
v 0.558100 0.331003 -0.067476
v 0.510650 0.396766 0.004448
v 0.558100 0.350274 0.004448
v 0.510650 0.371265 -0.090721
v 0.510650 0.607280 0.004448
v 0.493160 0.590570 0.004448
v 0.510650 0.614440 0.031177
v 0.493160 0.599970 0.039529
v 0.510650 0.614440 -0.022281
v 0.493160 0.590570 0.004448
v 0.510650 0.607280 0.004448
v 0.493160 0.599970 -0.030633
v 0.510650 0.396766 0.004448
v 0.463196 0.331003 0.076372
v 0.510650 0.371265 0.099618
v 0.463196 0.350274 0.004448
v 0.463196 0.331003 -0.067476
v 0.510650 0.396766 0.004448
v 0.510650 0.371265 -0.090721
v 0.463196 0.350274 0.004448
v -0.346699 -0.244473 0.082956
v -0.348134 -0.183948 0.004448
v -0.420298 -0.217145 0.004448
v -0.327123 -0.191750 0.026861
v -0.327123 -0.191750 -0.017965
v -0.348134 -0.183948 0.004448
v -0.320107 -0.172856 0.004448
v -0.346699 -0.244473 -0.074060
v -0.348134 -0.183948 0.004448
v -0.420298 -0.217145 0.004448
v 0.303909 -0.030828 0.004448
v 0.248746 0.047943 0.095949
v 0.303909 0.000959 0.123075
v 0.248746 0.023425 0.004448
v 0.303909 -0.030828 0.004448
v 0.303909 0.000959 -0.114179
v 0.248746 0.047943 -0.087053
v 0.248746 0.023425 0.004448
v -0.348134 -0.183948 0.004448
v -0.327123 -0.191750 0.026861
v -0.320107 -0.172856 0.004448
v -0.287997 0.010672 0.263794
v -0.267006 -0.044899 0.119362
v -0.379605 -0.064878 0.154010
v -0.196484 0.012790 0.202517
v -0.267006 -0.044899 -0.110466
v -0.196484 0.012790 -0.193621
v -0.287997 0.010672 -0.254898
v -0.379605 -0.064878 -0.145114
v 0.248746 0.023425 0.004448
v 0.193583 -0.030828 0.004448
v 0.248746 0.047943 0.095949
v 0.193583 0.000959 0.123075
v 0.248746 0.047943 -0.087053
v 0.193583 -0.030828 0.004448
v 0.248746 0.023425 0.004448
v 0.193583 0.000959 -0.114179
v 0.089392 -0.052075 -0.019499
v 0.027801 -0.026510 0.004448
v 0.084699 -0.028388 0.004448
v 0.038529 -0.078371 -0.048617
v -0.030661 -0.105091 -0.069934
v 0.027801 -0.026510 0.004448
v -0.062353 -0.037616 0.004448
v -0.030661 -0.105091 0.078830
v 0.027801 -0.026510 0.004448
v -0.062353 -0.037616 0.004448
v 0.038530 -0.078371 0.057513
v 0.089392 -0.052075 0.028395
v 0.027801 -0.026510 0.004448
v 0.084699 -0.028388 0.004448
v 0.089392 -0.052075 0.028395
v 0.132543 -0.033231 0.004448
v -0.379605 -0.064878 0.154010
v -0.316110 -0.054317 0.004448
v -0.434651 -0.081487 0.004448
v -0.267006 -0.044899 0.119362
v -0.316110 -0.054317 0.004448
v -0.267006 -0.044899 -0.110466
v -0.379605 -0.064878 -0.145114
v -0.434651 -0.081487 0.004448
v 0.089392 -0.052075 -0.019499
v 0.084699 -0.028388 0.004448
v 0.132543 -0.033231 0.004448
v -0.118058 0.307095 0.327437
v -0.204476 0.135686 0.303387
v -0.137309 0.110855 0.377566
v -0.287997 0.010672 0.263794
v -0.137309 0.110855 0.377566
v -0.204476 0.135686 0.303387
v -0.184464 0.290876 0.263905
v -0.127129 0.463285 0.190956
v -0.199862 0.420756 0.154148
v -0.423971 -0.452580 0.141892
v -0.510284 -0.326093 0.004448
v -0.552819 -0.404737 0.004448
v -0.393154 -0.369584 0.129391
v 0.510650 0.111258 0.169286
v 0.558100 0.134503 0.129023
v 0.510650 0.206427 0.194787
v 0.558100 0.206427 0.148295
v 0.510650 0.206427 0.194787
v 0.558100 0.278351 0.129023
v 0.510650 0.301597 0.169286
v 0.558100 0.206427 0.148295
v -0.115077 -0.148929 0.076760
v -0.159234 -0.185227 0.064617
v -0.085137 -0.214408 0.004448
v -0.129622 -0.237626 0.004448
v 0.510650 0.634010 -0.041848
v 0.528140 0.660730 -0.065714
v 0.510650 0.660730 -0.049010
v 0.528140 0.625650 -0.056314
v 0.000904 -0.172256 0.004448
v -0.115077 -0.148929 0.076760
v -0.085137 -0.214408 0.004448
v -0.030661 -0.105091 0.078830
v -0.510284 -0.326093 0.004448
v -0.393154 -0.369584 0.129391
v -0.474208 -0.271063 0.004448
v -0.370826 -0.309450 0.114727
v -0.137309 0.110855 0.377566
v -0.247334 -0.042626 0.327441
v -0.152624 -0.039874 0.264051
v -0.068902 0.085634 0.304407
v -0.030661 -0.105091 0.078830
v 0.000904 -0.172256 0.004448
v 0.049401 -0.130559 0.004448
v 0.038530 -0.078371 0.057513
v 0.089392 -0.052075 0.028395
v 0.093971 -0.075497 0.004448
v 0.132543 -0.033231 0.004448
v 0.038530 -0.078371 0.057513
v 0.093971 -0.075497 0.004448
v 0.049401 -0.130559 0.004448
v 0.528140 0.660730 -0.065714
v 0.510650 0.687460 -0.041848
v 0.510650 0.660730 -0.049010
v 0.528140 0.695810 -0.056314
v -0.370826 -0.309450 0.114727
v -0.420298 -0.217145 0.004448
v -0.474208 -0.271063 0.004448
v -0.346699 -0.244473 0.082956
v -0.145411 -0.082881 0.004448
v -0.188887 -0.132745 0.004448
v -0.115077 -0.148929 0.076760
v -0.159234 -0.185227 0.064617
v 0.463196 0.134503 0.129023
v 0.510650 0.206427 0.194787
v 0.463196 0.206427 0.148295
v 0.510650 0.111258 0.169286
v -0.287997 0.010672 -0.254898
v -0.196484 0.012790 -0.193621
v -0.204476 0.135686 -0.294491
v -0.137546 0.111027 -0.224266
v 0.463196 0.206427 0.148295
v 0.510650 0.206427 0.194787
v 0.463196 0.278351 0.129023
v 0.510650 0.301597 0.169286
v -0.030661 -0.105091 0.078830
v -0.145411 -0.082881 0.004448
v -0.115077 -0.148929 0.076760
v -0.062353 -0.037616 0.004448
v 0.303909 0.206427 -0.232807
v 0.248746 0.297928 -0.154036
v 0.248746 0.206427 -0.178554
v 0.303909 0.325054 -0.201021
v 0.248746 0.114926 -0.154036
v 0.303909 0.206427 -0.232807
v 0.248746 0.206427 -0.178554
v 0.303909 0.087800 -0.201021
v 0.193583 0.206427 -0.232807
v 0.248746 0.297928 -0.154036
v 0.193583 0.325054 -0.201021
v 0.248746 0.206427 -0.178554
v -0.276024 -0.413076 0.004448
v -0.423971 -0.452580 0.141892
v -0.295122 -0.500422 0.004448
v -0.393154 -0.369584 0.129391
v -0.423971 -0.452580 0.141892
v -0.332934 -0.560399 0.004448
v -0.448124 -0.517628 0.127322
v 0.248746 0.114926 -0.154036
v 0.193583 0.206427 -0.232807
v 0.193583 0.087800 -0.201021
v 0.248746 0.206427 -0.178554
v 0.510650 0.634010 -0.041848
v 0.493160 0.660730 -0.065714
v 0.493160 0.625650 -0.056314
v 0.510650 0.660730 -0.049010
v 0.493160 0.660730 -0.065714
v 0.510650 0.687460 -0.041848
v 0.493160 0.695810 -0.056314
v 0.510650 0.660730 -0.049010
v -0.061127 0.367749 -0.145918
v -0.117042 0.227684 -0.193522
v -0.129965 0.325790 -0.110329
v -0.068903 0.085634 -0.295511
v -0.117042 0.227684 -0.193522
v -0.137546 0.111027 -0.224266
v -0.048775 0.241296 -0.255206
v -0.196484 0.012790 -0.193621
v -0.068903 0.085634 -0.295511
v -0.137546 0.111027 -0.224266
v -0.152625 -0.039874 -0.255155
v -0.545442 -0.541736 0.004448
v -0.448124 -0.517628 0.127322
v -0.563314 -0.474857 0.004448
v -0.467782 -0.570572 0.087288
v -0.545442 -0.541736 0.004448
v -0.448124 -0.517628 -0.118426
v -0.467782 -0.570572 -0.078392
v -0.563314 -0.474857 0.004448
v -0.405622 -0.168745 0.004448
v -0.351021 -0.141602 0.191012
v -0.379605 -0.064878 0.154010
v -0.434651 -0.081487 0.004448
v -0.379605 -0.064878 -0.145114
v -0.405622 -0.168745 0.004448
v -0.434651 -0.081487 0.004448
v -0.351021 -0.141602 -0.182116
v -0.287997 0.010672 0.263794
v -0.351021 -0.141602 0.191012
v -0.247334 -0.042626 0.327441
v -0.379605 -0.064878 0.154010
v -0.287997 0.010672 -0.254898
v -0.351021 -0.141602 -0.182116
v -0.379605 -0.064878 -0.145114
v -0.247334 -0.042626 -0.318545
v -0.118058 0.307095 0.327437
v -0.204476 0.135686 0.303387
v -0.184464 0.290876 0.263905
v -0.118058 0.307095 -0.318541
v -0.204476 0.135686 -0.294491
v -0.184464 0.290876 -0.255009
v -0.287997 0.010672 0.263794
v -0.137309 0.110855 0.377566
v -0.247334 -0.042626 0.327441
v -0.287997 0.010672 -0.254898
v -0.137310 0.110855 -0.368670
v -0.247334 -0.042626 -0.318545
v -0.184464 0.290876 0.263905
v -0.127129 0.463285 0.190956
v -0.118058 0.307095 0.327437
v -0.184464 0.290876 -0.255009
v -0.127129 0.463285 -0.182060
v -0.118058 0.307095 -0.318541
v -0.552819 -0.404737 0.004448
v -0.423972 -0.452580 -0.132996
v -0.563314 -0.474857 0.004448
v -0.448124 -0.517628 -0.118426
v -0.552819 -0.404737 0.004448
v -0.563314 -0.474857 0.004448
v -0.423971 -0.452580 0.141892
v -0.448124 -0.517628 0.127322
v -0.208278 -0.183536 0.004448
v -0.190777 -0.214768 -0.031202
v -0.219299 -0.251956 0.004448
v -0.157279 0.374170 0.004448
v -0.199862 0.420756 0.154148
v -0.226949 0.479801 0.004448
v -0.129965 0.325789 0.119225
v -0.157279 0.374170 0.004448
v -0.199862 0.420756 -0.145252
v -0.129965 0.325790 -0.110329
v -0.226949 0.479801 0.004448
v -0.188887 -0.132745 0.004448
v -0.208278 -0.183536 0.004448
v -0.159234 -0.185227 0.064617
v -0.190777 -0.214768 0.040098
v -0.208278 -0.183536 0.004448
v -0.219299 -0.251956 0.004448
v 0.248746 -0.047481 0.151042
v 0.193583 -0.030828 0.004448
v 0.248746 -0.086761 0.004448
v 0.193583 0.000959 0.123075
v 0.193583 -0.030828 0.004448
v 0.193583 0.000959 -0.114179
v 0.248746 -0.047481 -0.142146
v 0.248746 -0.086761 0.004448
v 0.248746 0.059833 0.258356
v 0.193583 0.000959 0.123075
v 0.248746 -0.047481 0.151042
v 0.193583 0.087800 0.209917
v 0.248746 0.059833 -0.249460
v 0.193583 0.000959 -0.114179
v 0.193583 0.087800 -0.201021
v 0.248746 -0.047481 -0.142146
v -0.184464 0.290876 0.263905
v -0.199862 0.420756 0.154148
v -0.129965 0.325789 0.119225
v -0.117042 0.227684 0.202418
v -0.184464 0.290876 -0.255009
v -0.129965 0.325790 -0.110329
v -0.199862 0.420756 -0.145252
v -0.117042 0.227684 -0.193522
v 0.193583 0.087800 0.209917
v 0.248746 0.206427 0.297636
v 0.193583 0.206427 0.241703
v 0.248746 0.059833 0.258356
v 0.193583 0.087800 -0.201021
v 0.248746 0.206427 -0.288740
v 0.248746 0.059833 -0.249460
v 0.193583 0.206427 -0.232807
v -0.159234 -0.185227 -0.055721
v -0.208278 -0.183536 0.004448
v -0.188887 -0.132745 0.004448
v -0.190777 -0.214768 -0.031202
v 0.193583 0.325054 0.209917
v 0.193583 0.206427 0.241703
v 0.248746 0.206427 0.297636
v 0.248746 0.353021 0.258356
v 0.248746 0.206427 -0.288740
v 0.193583 0.325054 -0.201021
v 0.248746 0.353021 -0.249460
v 0.193583 0.206427 -0.232807
v 0.248746 0.460335 0.151042
v 0.193583 0.325054 0.209917
v 0.248746 0.353021 0.258356
v 0.193583 0.411896 0.123075
v 0.193583 0.325054 -0.201021
v 0.193583 0.411896 -0.114179
v 0.248746 0.460335 -0.142146
v 0.248746 0.353021 -0.249460
v 0.248746 0.499615 0.004448
v 0.193583 0.411896 0.123075
v 0.248746 0.460335 0.151042
v 0.193583 0.443682 0.004448
v 0.248746 0.499615 0.004448
v 0.193583 0.411896 -0.114179
v 0.193583 0.443682 0.004448
v 0.248746 0.460335 -0.142146
v 0.493160 0.730900 0.004448
v 0.510650 0.737200 0.048594
v 0.510650 0.749030 0.004448
v 0.493160 0.721500 0.039529
v 0.493160 0.730900 0.004448
v 0.510650 0.737200 -0.039698
v 0.493160 0.721500 -0.030633
v 0.510650 0.749030 0.004448
v -0.117042 0.227684 0.202418
v -0.137546 0.111027 0.233162
v -0.204476 0.135686 0.303387
v -0.184464 0.290876 0.263905
v -0.204476 0.135686 -0.294491
v -0.117042 0.227684 -0.193522
v -0.184464 0.290876 -0.255009
v -0.137546 0.111027 -0.224266
v 0.495340 0.664000 0.050942
v 0.510610 0.679280 0.050942
v 0.510610 0.664000 0.015225
v 0.490760 0.664000 0.071356
v 0.510610 0.683860 0.071356
v 0.510610 0.679280 0.093687
v 0.495340 0.664000 0.093687
v 0.510610 0.664000 0.129405
v 0.495340 0.664000 -0.042046
v 0.510610 0.664000 -0.006329
v 0.510610 0.679280 -0.042046
v 0.490760 0.664000 -0.062460
v 0.510610 0.683860 -0.062460
v 0.510610 0.679280 -0.084791
v 0.495340 0.664000 -0.084791
v 0.510610 0.664000 -0.120509
v 0.510650 0.704880 0.080911
v 0.510650 0.737200 0.048594
v 0.493160 0.721500 0.039529
v 0.493160 0.695810 0.065210
v 0.493160 0.721500 -0.030633
v 0.510650 0.704880 -0.072015
v 0.493160 0.695810 -0.056314
v 0.510650 0.737200 -0.039698
v 0.510650 0.634000 0.050744
v 0.493160 0.599970 0.039529
v 0.493160 0.625650 0.065210
v 0.510650 0.614440 0.031177
v 0.510650 0.634010 -0.041848
v 0.493160 0.599970 -0.030633
v 0.510650 0.614440 -0.022281
v 0.493160 0.625650 -0.056314
v 0.463196 0.134503 0.129023
v 0.510650 0.041589 0.099617
v 0.510650 0.111258 0.169286
v 0.463196 0.081852 0.076372
v 0.510650 0.111258 -0.160390
v 0.463196 0.081852 -0.067476
v 0.463196 0.134503 -0.120127
v 0.510650 0.041589 -0.090721
v 0.493160 0.660730 0.074610
v 0.510650 0.704880 0.080911
v 0.493160 0.695810 0.065210
v 0.510650 0.660730 0.092740
v 0.510650 0.704880 -0.072015
v 0.510650 0.660730 -0.083844
v 0.493160 0.660730 -0.065714
v 0.493160 0.695810 -0.056314
v 0.510650 0.371265 0.099618
v 0.463196 0.278351 0.129023
v 0.510650 0.301597 0.169286
v 0.463196 0.331003 0.076372
v 0.463196 0.331003 -0.067476
v 0.510650 0.301597 -0.160390
v 0.463196 0.278351 -0.120127
v 0.510650 0.371265 -0.090721
v 0.193583 0.411896 0.123075
v 0.248746 0.297928 0.162932
v 0.193583 0.325054 0.209917
v 0.248746 0.364911 0.095949
v 0.248746 0.297928 -0.154036
v 0.248746 0.364911 -0.087053
v 0.193583 0.411896 -0.114179
v 0.193583 0.325054 -0.201021
v 0.248746 0.114926 -0.154036
v 0.193583 0.000959 -0.114179
v 0.248746 0.047943 -0.087053
v 0.193583 0.087800 -0.201021
v 0.248746 0.114926 0.162932
v 0.193583 0.000959 0.123075
v 0.193583 0.087800 0.209917
v 0.248746 0.047943 0.095949
v 0.490760 0.730910 0.004448
v 0.510610 0.753240 0.019722
v 0.495340 0.753240 0.004448
v 0.510610 0.788960 0.004448
v 0.510610 0.730910 0.024304
v 0.510610 0.710500 0.019722
v 0.495340 0.710500 0.004448
v 0.510610 0.674780 0.004448
v 0.495340 0.710500 0.004448
v 0.510610 0.730910 -0.015408
v 0.490760 0.730910 0.004448
v 0.495340 0.753240 0.004448
v 0.490760 0.597100 0.004448
v 0.495340 0.574770 0.004448
v 0.510610 0.574770 0.019722
v 0.510610 0.539047 0.004448
v 0.510610 0.597100 0.024304
v 0.495340 0.617510 0.004448
v 0.510610 0.617510 0.019722
v 0.510610 0.653230 0.004448
v 0.495340 0.617510 0.004448
v 0.510610 0.597100 -0.015408
v 0.490760 0.597100 0.004448
v 0.495340 0.574770 0.004448
v 0.493160 0.625650 0.065210
v 0.510650 0.660730 0.092740
v 0.493160 0.660730 0.074610
v 0.510650 0.616590 0.080911
v 0.493160 0.625650 -0.056314
v 0.510650 0.660730 -0.083844
v 0.510650 0.616590 -0.072015
v 0.493160 0.660730 -0.065714
v 0.463196 0.350274 0.004448
v 0.510650 0.289024 0.052135
v 0.463196 0.331003 0.076372
v 0.510650 0.301802 0.004448
v 0.463196 0.350274 0.004448
v 0.510650 0.289024 -0.043239
v 0.510650 0.301802 0.004448
v 0.463196 0.331003 -0.067476
v 0.463196 0.331003 0.076372
v 0.510650 0.254115 0.087045
v 0.463196 0.278351 0.129023
v 0.510650 0.289024 0.052135
v 0.510650 0.254115 -0.078149
v 0.510650 0.289024 -0.043239
v 0.463196 0.331003 -0.067476
v 0.463196 0.278351 -0.120127
v 0.510650 0.206427 0.099823
v 0.463196 0.278351 0.129023
v 0.510650 0.254115 0.087045
v 0.463196 0.206427 0.148295
v 0.463196 0.278351 -0.120127
v 0.463196 0.206427 -0.139399
v 0.510650 0.206427 -0.090927
v 0.510650 0.254115 -0.078149
v 0.510650 0.158740 0.087045
v 0.463196 0.206427 0.148295
v 0.510650 0.206427 0.099823
v 0.463196 0.134503 0.129023
v 0.510650 0.158740 -0.078149
v 0.463196 0.206427 -0.139399
v 0.463196 0.134503 -0.120127
v 0.510650 0.206427 -0.090927
v 0.510650 0.158740 0.087045
v 0.463196 0.081852 0.076372
v 0.463196 0.134503 0.129023
v 0.510650 0.123830 0.052135
v 0.510650 0.158740 -0.078149
v 0.463196 0.081852 -0.067476
v 0.510650 0.123830 -0.043239
v 0.463196 0.134503 -0.120127
v 0.463196 0.062580 0.004448
v 0.463196 0.081852 0.076372
v 0.510650 0.123830 0.052135
v 0.510650 0.111052 0.004448
v 0.510650 0.123830 -0.043239
v 0.463196 0.062580 0.004448
v 0.510650 0.111052 0.004448
v 0.463196 0.081852 -0.067476
v 0.510650 0.616590 0.080911
v 0.493160 0.599970 0.039529
v 0.510650 0.584270 0.048594
v 0.493160 0.625650 0.065210
v 0.510650 0.616590 -0.072015
v 0.493160 0.599970 -0.030633
v 0.493160 0.625650 -0.056314
v 0.510650 0.584270 -0.039698
v 0.510650 0.584270 0.048594
v 0.493160 0.590570 0.004448
v 0.510650 0.572440 0.004448
v 0.493160 0.599970 0.039529
v 0.493160 0.590570 0.004448
v 0.493160 0.599970 -0.030633
v 0.510650 0.584270 -0.039698
v 0.510650 0.572440 0.004448
v 0.493160 0.721500 0.039529
v 0.510650 0.687460 0.050744
v 0.493160 0.695810 0.065210
v 0.510650 0.707030 0.031177
v 0.510650 0.687460 -0.041848
v 0.510650 0.707030 -0.022281
v 0.493160 0.721500 -0.030633
v 0.493160 0.695810 -0.056314
v -0.545442 -0.541736 0.004448
v -0.467782 -0.570572 -0.078392
v -0.479130 -0.601135 0.004448
v -0.467782 -0.570572 0.087288
v -0.545442 -0.541736 0.004448
v -0.479130 -0.601135 0.004448
v -0.390123 -0.599407 0.004448
v -0.467782 -0.570572 0.087288
v -0.479130 -0.601135 0.004448
v -0.448124 -0.517628 -0.118426
v -0.332934 -0.560399 0.004448
v -0.390123 -0.599407 0.004448
v -0.467782 -0.570572 -0.078392
v -0.390123 -0.599407 0.004448
v -0.479130 -0.601135 0.004448
v 0.510650 0.016088 0.004448
v 0.558100 0.081852 0.076372
v 0.510650 0.041589 0.099617
v 0.558100 0.062580 0.004448
v 0.510650 0.041589 -0.090721
v 0.558100 0.081852 -0.067476
v 0.510650 0.016088 0.004448
v 0.558100 0.062580 0.004448
v -0.173366 -0.245810 0.004448
v -0.190777 -0.214768 0.040098
v -0.219299 -0.251956 0.004448
v -0.448124 -0.517628 0.127322
v -0.390123 -0.599407 0.004448
v -0.332934 -0.560399 0.004448
v -0.467782 -0.570572 0.087288
v -0.351021 -0.141602 0.191012
v -0.405622 -0.168745 0.004448
v -0.295369 -0.134365 0.004448
v -0.241025 -0.118574 0.154607
v -0.247334 -0.042626 0.327441
v -0.351021 -0.141602 0.191012
v -0.241025 -0.118574 0.154607
v -0.152624 -0.039874 0.264051
v -0.241025 -0.118574 -0.145711
v -0.247334 -0.042626 -0.318545
v -0.152625 -0.039874 -0.255155
v -0.351021 -0.141602 -0.182116
v -0.295369 -0.134365 0.004448
v -0.351021 -0.141602 -0.182116
v -0.241025 -0.118574 -0.145711
v -0.405622 -0.168745 0.004448
v -0.159234 -0.185227 -0.055721
v -0.129622 -0.237626 0.004448
v -0.173366 -0.245810 0.004448
v -0.190777 -0.214768 -0.031202
v -0.173366 -0.245810 0.004448
v -0.219299 -0.251956 0.004448
v -0.159234 -0.185227 0.064617
v -0.129622 -0.237626 0.004448
v -0.173366 -0.245810 0.004448
v -0.190777 -0.214768 0.040098
v 0.463196 0.062580 0.004448
v 0.510650 0.016088 0.004448
v 0.463196 0.081852 0.076372
v 0.510650 0.041589 0.099617
v 0.463196 0.081852 -0.067476
v 0.510650 0.016088 0.004448
v 0.463196 0.062580 0.004448
v 0.510650 0.041589 -0.090721
v 0.510610 0.644150 0.071356
v 0.525890 0.664000 0.093687
v 0.525890 0.664000 0.050942
v 0.510610 0.648730 0.093687
v 0.510610 0.664000 0.129405
v 0.510610 0.648730 0.050942
v 0.510610 0.664000 0.015225
v 0.510610 0.648730 -0.084791
v 0.525890 0.664000 -0.084791
v 0.510610 0.644150 -0.062460
v 0.510610 0.664000 -0.120509
v 0.525890 0.664000 -0.042046
v 0.510610 0.648730 -0.042046
v 0.510610 0.664000 -0.006329
v 0.303909 0.443682 0.004448
v 0.248746 0.364911 0.095949
v 0.248746 0.389429 0.004448
v 0.303909 0.411896 0.123075
v 0.248746 0.364911 -0.087053
v 0.303909 0.443682 0.004448
v 0.248746 0.389429 0.004448
v 0.303909 0.411896 -0.114179
v 0.193583 0.443682 0.004448
v 0.248746 0.364911 0.095949
v 0.193583 0.411896 0.123075
v 0.248746 0.389429 0.004448
v 0.248746 0.364911 -0.087053
v 0.193583 0.443682 0.004448
v 0.193583 0.411896 -0.114179
v 0.248746 0.389429 0.004448
v 0.528140 0.730900 0.004448
v 0.510650 0.707030 0.031177
v 0.510650 0.714190 0.004448
v 0.528140 0.721500 0.039529
v 0.510650 0.707030 -0.022281
v 0.528140 0.730900 0.004448
v 0.510650 0.714190 0.004448
v 0.528140 0.721500 -0.030633
v -0.088173 0.425223 0.004448
v -0.129965 0.325789 0.119225
v -0.157279 0.374170 0.004448
v -0.061127 0.367749 0.154814
v -0.088173 0.425223 0.004448
v -0.129965 0.325790 -0.110329
v -0.061127 0.367749 -0.145918
v -0.157279 0.374170 0.004448
v 0.510610 0.644150 0.071356
v 0.495340 0.664000 0.093687
v 0.490760 0.664000 0.071356
v 0.495340 0.664000 0.050942
v 0.510610 0.648730 0.093687
v 0.510610 0.664000 0.129405
v 0.510610 0.648730 0.050942
v 0.510610 0.664000 0.015225
v 0.510610 0.644150 -0.062460
v 0.495340 0.664000 -0.084791
v 0.510610 0.648730 -0.084791
v 0.510610 0.664000 -0.120509
v 0.490760 0.664000 -0.062460
v 0.495340 0.664000 -0.042046
v 0.510610 0.648730 -0.042046
v 0.510610 0.664000 -0.006329
v 0.493160 0.730900 0.004448
v 0.510650 0.707030 0.031177
v 0.493160 0.721500 0.039529
v 0.510650 0.714190 0.004448
v 0.510650 0.707030 -0.022281
v 0.493160 0.730900 0.004448
v 0.493160 0.721500 -0.030633
v 0.510650 0.714190 0.004448
v -0.118058 0.307095 -0.318541
v -0.137310 0.110855 -0.368670
v -0.204476 0.135686 -0.294491
v -0.287997 0.010672 -0.254898
v -0.137310 0.110855 -0.368670
v -0.204476 0.135686 -0.294491
v -0.184464 0.290876 -0.255009
v -0.199862 0.420756 -0.145252
v -0.127129 0.463285 -0.182060
v -0.423972 -0.452580 -0.132996
v -0.510284 -0.326093 0.004448
v -0.393154 -0.369584 -0.120495
v -0.552819 -0.404737 0.004448
v 0.510650 0.206427 -0.185891
v 0.558100 0.134503 -0.120127
v 0.510650 0.111258 -0.160390
v 0.558100 0.206427 -0.139399
v 0.510650 0.301597 -0.160390
v 0.558100 0.278351 -0.120127
v 0.510650 0.206427 -0.185891
v 0.558100 0.206427 -0.139399
v -0.159234 -0.185227 -0.055721
v -0.085137 -0.214408 0.004448
v -0.129622 -0.237626 0.004448
v -0.115077 -0.148929 -0.067864
v 0.528140 0.660730 0.074610
v 0.510650 0.634000 0.050744
v 0.510650 0.660730 0.057906
v 0.528140 0.625650 0.065210
v 0.525890 0.753240 0.004448
v 0.510610 0.753240 -0.010825
v 0.510610 0.788960 0.004448
v 0.530470 0.730910 0.004448
v 0.510610 0.710500 -0.010825
v 0.525890 0.710500 0.004448
v 0.510610 0.674780 0.004448
v 0.525890 0.574770 0.004448
v 0.510610 0.539047 0.004448
v 0.510610 0.574770 -0.010825
v 0.530470 0.597100 0.004448
v 0.510610 0.617510 -0.010825
v 0.525890 0.617510 0.004448
v 0.510610 0.653230 0.004448
v -0.085137 -0.214408 0.004448
v -0.115077 -0.148929 -0.067864
v 0.000904 -0.172256 0.004448
v -0.030661 -0.105091 -0.069934
v -0.393154 -0.369584 -0.120495
v -0.474208 -0.271063 0.004448
v -0.370826 -0.309450 -0.105831
v -0.510284 -0.326093 0.004448
v -0.152625 -0.039874 -0.255155
v -0.137310 0.110855 -0.368670
v -0.068903 0.085634 -0.295511
v -0.247334 -0.042626 -0.318545
v -0.030661 -0.105091 -0.069934
v 0.049401 -0.130559 0.004448
v 0.000904 -0.172256 0.004448
v 0.038529 -0.078371 -0.048617
v 0.093971 -0.075497 0.004448
v 0.089392 -0.052075 -0.019499
v 0.132543 -0.033231 0.004448
v 0.038529 -0.078371 -0.048617
v 0.093971 -0.075497 0.004448
v 0.049401 -0.130559 0.004448
v 0.510650 0.687460 0.050744
v 0.528140 0.660730 0.074610
v 0.510650 0.660730 0.057906
v 0.528140 0.695810 0.065210
v -0.346699 -0.244473 -0.074060
v -0.370826 -0.309450 -0.105831
v -0.420298 -0.217145 0.004448
v -0.474208 -0.271063 0.004448
v -0.188887 -0.132745 0.004448
v -0.115077 -0.148929 -0.067864
v -0.159234 -0.185227 -0.055721
v -0.145411 -0.082881 0.004448
v 0.463196 0.206427 -0.139399
v 0.510650 0.206427 -0.185891
v 0.463196 0.134503 -0.120127
v 0.510650 0.111258 -0.160390
v -0.196484 0.012790 0.202517
v -0.204476 0.135686 0.303387
v -0.137546 0.111027 0.233162
v -0.287997 0.010672 0.263794
v 0.463196 0.278351 -0.120127
v 0.510650 0.206427 -0.185891
v 0.463196 0.206427 -0.139399
v 0.510650 0.301597 -0.160390
v -0.115077 -0.148929 -0.067864
v -0.145411 -0.082881 0.004448
v -0.030661 -0.105091 -0.069934
v -0.062353 -0.037616 0.004448
v 0.248746 0.297928 0.162932
v 0.303909 0.206427 0.241703
v 0.248746 0.206427 0.187450
v 0.303909 0.325054 0.209917
v 0.303909 0.206427 0.241703
v 0.248746 0.114926 0.162932
v 0.248746 0.206427 0.187450
v 0.303909 0.087800 0.209917
v 0.248746 0.297928 0.162932
v 0.193583 0.206427 0.241703
v 0.193583 0.325054 0.209917
v 0.248746 0.206427 0.187450
v -0.332934 -0.560399 0.004448
v -0.423972 -0.452580 -0.132996
v -0.295122 -0.500422 0.004448
v -0.448124 -0.517628 -0.118426
v -0.423972 -0.452580 -0.132996
v -0.276024 -0.413076 0.004448
v -0.393154 -0.369584 -0.120495
v 0.193583 0.206427 0.241703
v 0.248746 0.114926 0.162932
v 0.193583 0.087800 0.209917
v 0.248746 0.206427 0.187450
v 0.493160 0.660730 0.074610
v 0.510650 0.634000 0.050744
v 0.493160 0.625650 0.065210
v 0.510650 0.660730 0.057906
v 0.495340 0.710500 0.004448
v 0.510610 0.710500 -0.010825
v 0.510610 0.674780 0.004448
v 0.510610 0.730910 -0.015408
v 0.495340 0.753240 0.004448
v 0.510610 0.753240 -0.010825
v 0.510610 0.788960 0.004448
v 0.495340 0.617510 0.004448
v 0.510610 0.653230 0.004448
v 0.510610 0.617510 -0.010825
v 0.510610 0.597100 -0.015408
v 0.495340 0.574770 0.004448
v 0.510610 0.574770 -0.010825
v 0.510610 0.539047 0.004448
v 0.510650 0.687460 0.050744
v 0.493160 0.660730 0.074610
v 0.493160 0.695810 0.065210
v 0.510650 0.660730 0.057906
v -0.061127 0.367749 0.154814
v -0.117042 0.227684 0.202418
v -0.129965 0.325789 0.119225
v -0.068902 0.085634 0.304407
v -0.117042 0.227684 0.202418
v -0.048775 0.241296 0.264102
v -0.137546 0.111027 0.233162
v -0.068902 0.085634 0.304407
v -0.152624 -0.039874 0.264051
v -0.196484 0.012790 0.202517
v -0.137546 0.111027 0.233162
v -0.657023 0.358178 0.236636
v -0.657023 0.090635 0.236636
v -0.657023 -0.007293 0.138709
v -0.720988 0.115163 0.194152
v -0.720988 0.035191 0.114180
v -0.770086 0.090566 0.082210
v -0.720988 0.005920 0.004937
v -0.770086 0.069861 0.004937
v -0.800966 0.155059 0.044974
v -0.720988 0.035191 -0.104306
v -0.800966 0.144331 0.004937
v -0.811527 0.224406 0.004937
v -0.800966 0.155059 -0.035100
v -0.770086 0.090566 -0.072336
v -0.800966 0.184369 -0.064410
v -0.800966 0.224406 -0.075138
v -0.770086 0.147134 -0.128903
v -0.770086 0.224406 -0.149609
v -0.720988 0.115163 -0.184278
v -0.657023 -0.007293 -0.128835
v -0.657023 0.090635 -0.226763
v -0.720988 0.224406 0.223424
v -0.770086 0.224406 0.159483
v -0.720988 0.333650 0.194152
v -0.770086 0.301679 0.138777
v -0.800966 0.224406 0.085012
v -0.770086 0.147134 0.138777
v -0.800966 0.264444 0.074284
v -0.770086 0.358247 0.082210
v -0.800966 0.184369 0.074284
v -0.800966 0.293753 0.044974
v -0.770086 0.378952 0.004937
v -0.800966 0.304481 0.004937
v -0.720988 0.413621 0.114180
v -0.800966 0.293753 -0.035100
v -0.720988 0.442893 0.004937
v -0.657023 0.456106 0.138709
v -0.770086 0.358247 -0.072336
v -0.720988 0.413622 -0.104306
v -0.800966 0.264444 -0.064410
v -0.720988 0.333650 -0.184278
v -0.770086 0.301679 -0.128903
v -0.657023 0.456106 -0.128835
v -0.720988 0.224406 -0.213550
v -0.657023 0.358178 -0.226762
v -0.348236 0.090636 0.236635
v -0.205357 0.156673 0.122254
v -0.422716 0.075217 0.263341
v -0.284247 0.035211 0.114169
v -0.657023 0.090635 0.236636
v -0.582547 0.075217 0.263341
v -0.502631 0.069959 0.272449
v -0.502631 -0.043105 0.159385
v -0.582547 -0.033997 0.154126
v -0.422716 -0.033997 0.154126
v -0.502631 -0.084489 0.004937
v -0.657023 -0.007293 0.138709
v -0.348236 -0.007292 0.138708
v -0.582547 -0.073972 0.004937
v -0.720988 0.035191 0.114180
v -0.657023 -0.043137 0.004937
v -0.720988 0.005920 0.004937
v -0.720988 0.035191 -0.104306
v -0.657023 -0.007293 -0.128835
v -0.657023 0.090635 -0.226763
v -0.582547 -0.033997 -0.144252
v -0.582547 0.075217 -0.253467
v -0.502631 -0.043105 -0.149511
v -0.502631 0.069959 -0.262575
v -0.422716 0.075217 -0.253467
v -0.422716 -0.033997 -0.144252
v -0.348236 0.090636 -0.226761
v -0.284247 0.035211 -0.104295
v -0.348236 -0.007292 -0.128834
v -0.422716 -0.073973 0.004937
v -0.348236 -0.043135 0.004937
v -0.205357 0.156673 -0.112380
v -0.284247 0.005943 0.004937
v -0.205357 0.107089 -0.062796
v -0.205357 0.107089 0.072670
v -0.205357 0.088940 0.004937
v -0.110033 0.147341 -0.039557
v -0.110033 0.147341 0.049431
v -0.110033 0.135419 0.004937
v 0.028989 0.181883 0.029488
v 0.028989 0.199856 0.047460
v 0.028989 0.181883 -0.019615
v 0.028989 0.175305 0.004937
v 0.239895 0.207116 0.014918
v 0.239895 0.214424 0.022226
v 0.348503 0.211685 0.012280
v 0.239895 0.204442 0.004936
v 1.229290 0.217075 0.009169
v 0.239895 0.207116 -0.005046
v 0.348503 0.209717 0.004936
v 0.348503 0.211685 -0.002408
v 0.028989 0.199856 -0.037587
v 0.239895 0.214424 -0.012354
v 1.229290 0.217075 0.000703
v 1.229290 0.215941 0.004936
v 1.233380 0.220391 0.002618
v 1.233380 0.219770 0.004936
v 1.233380 0.220391 0.007254
v -0.348236 0.358177 -0.226761
v -0.284247 0.333638 -0.184259
v -0.205357 0.292140 -0.112380
v -0.110033 0.301472 -0.039557
v 0.028989 0.266929 -0.019614
v -0.720988 0.115163 -0.184278
v -0.657023 0.090635 -0.226763
v -0.582547 0.075217 -0.253467
v -0.582547 0.224406 -0.293442
v -0.502631 0.224406 -0.303959
v -0.502631 0.069959 -0.262575
v -0.422716 0.075217 -0.253467
v -0.422716 -0.033997 -0.144252
v -0.422716 0.224406 -0.293442
v -0.422716 0.373596 -0.253467
v -0.348236 0.090636 -0.226761
v -0.348236 0.224406 -0.262605
v -0.284247 0.224406 -0.213527
v -0.284247 0.115175 -0.184259
v -0.205357 0.224406 -0.130530
v -0.348236 -0.007292 -0.128834
v -0.205357 0.156673 -0.112380
v -0.110033 0.147341 -0.039557
v -0.110033 0.179913 -0.072128
v 0.028989 0.181883 -0.019615
v 0.239895 0.207116 -0.005046
v 0.348503 0.211685 -0.002408
v 0.028989 0.199856 -0.037587
v 0.239895 0.214424 -0.012354
v -0.110033 0.224406 -0.084050
v 0.028989 0.224406 -0.044165
v -0.110033 0.268900 -0.072128
v 0.028989 0.248957 -0.037587
v 0.239895 0.234389 -0.012354
v 0.239895 0.224406 -0.015029
v 0.348503 0.217062 -0.007785
v 0.348503 0.231751 -0.007785
v 0.348503 0.224406 -0.009753
v 1.229290 0.217075 0.000703
v 1.229290 0.220174 -0.002395
v 1.229290 0.228639 -0.002395
v 1.229290 0.224406 -0.003529
v 1.233380 0.222088 0.000921
v 1.233380 0.224406 0.000300
v 1.233380 0.226724 0.000921
v -0.720988 0.333650 -0.184278
v -0.657023 0.456106 -0.128835
v -0.720988 0.224406 -0.213550
v -0.657023 0.358178 -0.226762
v -0.657023 0.224406 -0.262607
v -0.582547 0.482810 -0.144252
v -0.582547 0.373596 -0.253467
v -0.502631 0.491918 -0.149511
v -0.502631 0.378854 -0.262575
v -0.348236 0.456104 -0.128834
v -0.348236 0.456104 0.138708
v -0.284247 0.413601 -0.104295
v -0.348236 0.358177 -0.226761
v -0.284247 0.413601 0.114169
v -0.348236 0.358177 0.236635
v -0.284247 0.442870 0.004937
v -0.284247 0.333638 -0.184259
v -0.284247 0.333638 0.194132
v -0.205357 0.341724 -0.062796
v -0.205357 0.292140 -0.112380
v -0.205357 0.359873 0.004937
v -0.205357 0.341724 0.072670
v -0.205357 0.292140 0.122254
v -0.205357 0.224406 0.140404
v -0.284247 0.224406 0.223401
v -0.284247 0.115175 0.194132
v -0.348236 0.090636 0.236635
v -0.205357 0.156673 0.122254
v -0.284247 0.035211 0.114169
v -0.348236 -0.007292 0.138708
v -0.348236 0.090636 -0.226761
v -0.284247 0.224406 -0.213527
v -0.284247 0.115175 -0.184259
v -0.205357 0.224406 -0.130530
v -0.284247 0.035211 -0.104295
v -0.348236 -0.007292 -0.128834
v -0.205357 0.156673 -0.112380
v -0.284247 0.005943 0.004937
v -0.205357 0.107089 -0.062796
v -0.205357 0.107089 0.072670
v -0.205357 0.088940 0.004937
v 1.229290 0.217075 0.009169
v 1.229290 0.217075 0.000703
v 1.229290 0.220174 -0.002395
v 1.229290 0.228639 -0.002395
v 1.233380 0.222088 0.000921
v 1.233380 0.220391 0.002618
v 1.233380 0.219770 0.004936
v 1.233380 0.220391 0.007254
v 1.233380 0.222088 0.008951
v 1.229290 0.220174 0.012267
v 1.233380 0.224406 0.000300
v 1.233380 0.224406 0.009572
v 1.233380 0.229042 0.004936
v 1.233380 0.226724 0.000921
v 1.233380 0.226724 0.008951
v 1.233380 0.228421 0.002618
v 1.229290 0.228639 0.012267
v 1.233380 0.228421 0.007254
v 1.229290 0.231737 0.009169
v 1.229290 0.231737 0.000703
v -0.348236 0.456104 -0.128834
v -0.348236 0.491948 0.004937
v -0.422715 0.522785 0.004937
v -0.348236 0.456104 0.138708
v -0.284247 0.413601 -0.104295
v -0.348236 0.358177 -0.226761
v -0.284247 0.413601 0.114169
v -0.348236 0.358177 0.236635
v -0.284247 0.442870 0.004937
v -0.205357 0.341724 -0.062796
v -0.205357 0.292140 -0.112380
v -0.205357 0.359873 0.004937
v -0.110033 0.301472 -0.039557
v -0.205357 0.341724 0.072670
v -0.110033 0.313394 0.004937
v -0.205357 0.292140 0.122254
v -0.110033 0.301472 0.049431
v -0.110033 0.268900 0.082002
v 0.028989 0.266929 0.029488
v 0.028989 0.266929 -0.019614
v -0.422716 0.373596 0.263341
v -0.582547 0.373596 0.263341
v -0.657023 0.358178 0.236636
v -0.422716 0.373596 -0.253467
v 0.028989 0.248957 0.047460
v 0.239895 0.234389 0.022226
v -0.110033 0.268900 -0.072128
v 0.028989 0.248957 -0.037587
v 0.239895 0.234389 -0.012354
v 0.239895 0.241696 -0.005046
v 0.348503 0.231751 -0.007785
v 1.229290 0.228639 -0.002395
v 1.233380 0.229042 0.004936
v 1.233380 0.228421 0.002618
v 1.229290 0.228639 0.012267
v 1.233380 0.228421 0.007254
v 0.348503 0.231751 0.017657
v 1.229290 0.231737 0.009169
v 1.229290 0.232872 0.004936
v 0.239895 0.241696 0.014918
v 0.348503 0.237127 0.012280
v 0.348503 0.239095 0.004936
v 1.229290 0.231737 0.000703
v 0.348503 0.237127 -0.002408
v 0.239895 0.244371 0.004936
v 0.028989 0.273508 0.004937
v -0.720988 0.413621 0.114180
v -0.720988 0.442893 0.004937
v -0.657023 0.456106 0.138709
v -0.720988 0.413622 -0.104306
v -0.657023 0.491950 0.004937
v -0.657023 0.456106 -0.128835
v -0.582547 0.522785 0.004937
v -0.657023 0.358178 -0.226762
v -0.582547 0.482810 -0.144252
v -0.582547 0.482810 0.154126
v -0.502631 0.533302 0.004937
v -0.582547 0.373596 -0.253467
v -0.502631 0.491918 -0.149511
v -0.422715 0.482810 -0.144252
v -0.502631 0.491918 0.159385
v -0.422715 0.482810 0.154126
v -0.348236 0.358177 0.236635
v -0.284247 0.333638 0.194132
v -0.205357 0.292140 0.122254
v -0.110033 0.301472 0.049431
v -0.205357 0.224406 0.140404
v -0.110033 0.268900 0.082002
v 0.028989 0.266929 0.029488
v -0.284247 0.224406 0.223401
v -0.348236 0.224406 0.272479
v -0.284247 0.115175 0.194132
v -0.422716 0.224406 0.303316
v -0.422716 0.373596 0.263341
v -0.348236 0.090636 0.236635
v -0.502631 0.224406 0.313833
v -0.502631 0.378854 0.272449
v -0.582547 0.373596 0.263341
v -0.205357 0.156673 0.122254
v -0.422716 0.075217 0.263341
v -0.582547 0.224406 0.303316
v -0.657023 0.358178 0.236636
v -0.657023 0.224406 0.272481
v -0.657023 0.090635 0.236636
v -0.582547 0.075217 0.263341
v -0.502631 0.069959 0.272449
v -0.582547 -0.033997 0.154126
v -0.422716 -0.033997 0.154126
v -0.657023 -0.007293 0.138709
v -0.720988 0.115163 0.194152
v -0.348236 -0.007292 0.138708
v -0.110033 0.147341 0.049431
v -0.110033 0.179913 0.082002
v 0.028989 0.181883 0.029488
v -0.110033 0.224406 0.093924
v 0.028989 0.199856 0.047460
v 0.239895 0.207116 0.014918
v 0.028989 0.224406 0.054038
v 0.028989 0.248957 0.047460
v 0.239895 0.214424 0.022226
v 0.239895 0.234389 0.022226
v 0.239895 0.224406 0.024901
v 0.348503 0.211685 0.012280
v 0.348503 0.217062 0.017657
v 1.229290 0.217075 0.009169
v 1.233380 0.222088 0.008951
v 1.229290 0.220174 0.012267
v 0.348503 0.224406 0.019625
v 1.229290 0.224406 0.013401
v 1.233380 0.224406 0.009572
v 1.233380 0.226724 0.008951
v 1.229290 0.228639 0.012267
v 0.348503 0.231751 0.017657
v -0.720988 0.224406 0.223424
v -0.720988 0.333650 0.194152
v -0.657023 0.456106 0.138709
v -0.582547 0.482810 0.154126
v -0.502631 0.491918 0.159385
vn 0.7196 0.6010 0.3479
vn 0.7189 0.6952 0.0001
vn 0.7196 0.6010 -0.3479
vn 0.7189 0.6952 -0.0001
vn 0.6922 0.6922 0.2046
vn 0.6922 0.6922 0.2045
vn 0.6765 0.6765 0.2911
vn 0.7071 0.7071 -0.0078
vn 0.7071 0.7071 -0.0079
vn 0.6910 0.6910 -0.2120
vn 0.6765 0.6765 -0.2911
vn 0.6922 0.6922 -0.2045
vn 0.6765 0.6765 -0.2910
vn 0.6922 0.6922 -0.2046
vn 0.7071 0.7071 0.0079
vn 0.6910 0.6910 0.2120
vn 0.7196 0.3479 0.6010
vn 0.7196 0.6009 0.3480
vn 0.7196 0.3479 -0.6010
vn 0.7196 0.3480 -0.6009
vn 0.7196 0.6009 -0.3480
vn 0.6901 0.6274 -0.3608
vn 0.6935 0.3626 -0.6226
vn 0.6935 0.3625 -0.6226
vn 0.6901 0.6274 0.3608
vn 0.6901 0.3608 0.6274
vn 0.6995 -0.3537 0.6209
vn 0.6995 -0.6209 0.3537
vn 0.6995 -0.6209 -0.3537
vn 0.6995 -0.3537 -0.6209
vn 0.7188 -0.0000 0.6952
vn 0.7189 -0.0000 0.6952
vn 0.7189 -0.0000 -0.6952
vn 0.6995 0.6209 0.3537
vn 0.6995 0.3537 0.6209
vn 0.6995 0.6209 -0.3537
vn 0.6995 0.3538 -0.6209
vn 0.6995 0.3537 -0.6209
vn 0.7103 -0.6078 0.3551
vn 0.7110 -0.7032 -0.0000
vn 0.7110 -0.7031 -0.0000
vn 0.7103 -0.6077 0.3551
vn 0.7111 -0.7031 -0.0000
vn 0.7103 -0.6077 -0.3551
vn 0.7103 -0.3552 0.6077
vn 0.7103 -0.6077 0.3552
vn 0.7103 -0.6077 -0.3552
vn 0.7103 -0.3552 -0.6077
vn 0.7110 -0.0000 0.7032
vn 0.7103 -0.3551 0.6077
vn 0.7110 -0.0000 0.7031
vn 0.7110 -0.0000 -0.7032
vn 0.7103 -0.3551 -0.6078
vn 0.7110 -0.0000 -0.7031
vn 0.6922 0.2045 -0.6922
vn 0.7071 -0.0078 -0.7071
vn 0.7071 -0.0079 -0.7071
vn 0.6910 -0.2120 -0.6910
vn 0.7071 -0.0079 0.7071
vn 0.6922 0.2045 0.6922
vn 0.6910 -0.2121 0.6910
vn 0.6765 0.2910 0.6765
vn 0.6910 -0.2120 0.6910
vn 0.6765 -0.2911 0.6765
vn 0.6922 -0.2045 -0.6922
vn 0.7071 0.0078 -0.7071
vn 0.6910 0.2120 -0.6910
vn 0.7071 0.0079 0.7071
vn 0.6922 -0.2045 0.6922
vn 0.6922 -0.2046 0.6922
vn 0.6765 -0.2910 0.6765
vn 0.6910 0.2120 0.6910
vn 0.6910 0.2121 0.6910
vn 0.7103 0.3551 0.6077
vn 0.7103 0.3551 0.6078
vn 0.7103 0.3551 -0.6077
vn 0.7103 0.6077 0.3552
vn 0.7103 0.3552 0.6077
vn 0.7103 0.3552 -0.6077
vn 0.7103 0.6077 -0.3552
vn 0.7188 -0.0001 0.6952
vn 0.7196 -0.3479 0.6010
vn 0.7189 -0.0001 0.6952
vn 0.7189 -0.0001 -0.6952
vn 0.7196 -0.3479 -0.6010
vn 0.7110 0.7032 -0.0000
vn 0.7103 0.6077 0.3551
vn 0.7110 0.7031 -0.0000
vn 0.7103 0.6077 -0.3551
vn 0.7149 -0.6992 -0.0001
vn 0.7161 -0.6060 -0.3462
vn 0.7162 -0.6060 -0.3463
vn 0.7162 -0.6060 0.3463
vn 0.7149 -0.6992 0.0001
vn 0.7161 -0.6060 0.3462
vn 0.7162 -0.3463 -0.6060
vn 0.7162 -0.3463 0.6060
vn 0.7162 -0.6059 0.3463
vn 0.7162 -0.3462 0.6060
vn 0.7149 -0.0001 0.6992
vn 0.7149 -0.0001 -0.6992
vn 0.7162 -0.3462 -0.6060
vn 0.7149 0.0001 -0.6992
vn 0.7162 0.3463 -0.6060
vn 0.7162 0.3462 -0.6060
vn 0.7149 0.0001 0.6992
vn 0.7162 0.3463 0.6060
vn 0.7161 0.3463 0.6060
vn 0.7162 0.6059 -0.3463
vn 0.7162 0.3463 -0.6059
vn 0.7161 0.6060 -0.3463
vn 0.7162 0.6059 0.3463
vn 0.7162 0.6060 0.3463
vn 0.7162 0.3463 0.6059
vn 0.7149 0.6992 -0.0001
vn 0.7162 0.6060 -0.3463
vn 0.7149 0.6992 0.0001
vn 0.7162 0.6060 0.3462
vn 0.5993 -0.5125 0.6150
vn 0.5297 -0.5375 0.6561
vn 0.5993 -0.5125 -0.6150
vn 0.5297 -0.5376 -0.6561
vn 0.5964 -0.5100 -0.6199
vn 0.7196 -0.3480 0.6009
vn 0.7196 -0.6009 0.3480
vn 0.7196 -0.6009 -0.3480
vn 0.7196 -0.3480 -0.6009
vn 0.7196 -0.6010 0.3479
vn 0.7189 -0.6952 0.0001
vn 0.7189 -0.6952 -0.0001
vn 0.7196 -0.6010 -0.3479
vn 0.7188 -0.6952 -0.0001
vn 0.7819 0.2369 0.5766
vn 0.6490 -0.2453 0.7202
vn 0.7937 0.2907 0.5344
vn 0.6490 -0.2453 -0.7202
vn 0.7937 0.2907 -0.5344
vn 0.7819 0.2369 -0.5766
vn 0.6935 -0.6226 -0.3626
vn 0.6935 -0.3625 -0.6226
vn 0.6935 -0.3626 -0.6226
vn 0.6901 -0.3608 0.6273
vn 0.6935 -0.6226 0.3626
vn 0.6935 -0.6226 0.3625
vn 0.6901 -0.3608 0.6274
vn 0.7071 -0.7071 -0.0078
vn 0.7071 -0.7071 -0.0079
vn 0.6922 -0.6922 0.2045
vn 0.6910 -0.6910 -0.2120
vn 0.6922 -0.6922 -0.2045
vn 0.7071 -0.7071 0.0079
vn 0.7071 -0.7071 0.0078
vn 0.6910 -0.6910 0.2120
vn 0.7029 -0.6161 -0.3555
vn 0.7029 -0.3555 -0.6160
vn 0.7029 -0.3555 -0.6161
vn 0.7029 -0.3555 0.6161
vn 0.7029 -0.6160 0.3555
vn 0.7029 -0.6161 0.3555
vn 0.7029 -0.3555 0.6160
vn 0.7937 0.2908 0.5343
vn 0.8387 0.4703 0.2744
vn 0.8461 0.4857 0.2194
vn 0.7819 0.2370 0.5765
vn 0.8388 0.4703 -0.2744
vn 0.7819 0.2370 -0.5765
vn 0.7937 0.2908 -0.5343
vn 0.8461 0.4857 -0.2194
vn 0.7029 0.6161 -0.3555
vn 0.7029 0.3555 -0.6161
vn 0.7029 0.3555 -0.6160
vn 0.7029 0.6161 0.3555
vn 0.7029 0.3555 0.6161
vn 0.7029 0.6160 0.3555
vn 0.7029 0.3555 0.6160
vn 0.8461 0.4857 0.2193
vn 0.8533 0.5214 -0.0000
vn 0.8388 0.4704 0.2743
vn 0.8461 0.4857 -0.2193
vn 0.8533 0.5215 -0.0000
vn 0.8388 0.4704 -0.2743
vn 0.7223 -0.0314 -0.6909
vn 0.7015 -0.1261 -0.7015
vn 0.7223 -0.0314 0.6909
vn 0.7015 -0.1261 0.7015
vn 0.6131 -0.5816 -0.5346
vn 0.6470 -0.3629 -0.6706
vn 0.6466 -0.3785 -0.6623
vn 0.6131 -0.5816 0.5346
vn 0.6466 -0.3785 0.6623
vn 0.6469 -0.3629 0.6706
vn 0.8520 0.0552 -0.5207
vn 0.7405 -0.1181 -0.6616
vn 0.7307 -0.1414 -0.6679
vn 0.8672 0.0946 -0.4888
vn 0.8485 0.0550 0.5264
vn 0.7405 -0.1181 0.6616
vn 0.8672 0.0946 0.4888
vn 0.7307 -0.1414 0.6679
vn 0.7476 0.1574 0.6453
vn 0.7421 0.3553 0.5684
vn 0.7421 0.3552 0.5684
vn 0.7476 0.1574 -0.6453
vn 0.7421 0.3553 -0.5684
vn 0.7421 0.3552 -0.5684
vn 0.7368 0.3841 -0.5565
vn 0.9787 0.2052 -0.0000
vn 0.8673 0.0946 -0.4888
vn 0.8520 0.0553 -0.5206
vn 0.8485 0.0550 0.5263
vn 0.8673 0.0946 0.4888
vn 0.7332 0.3863 0.5597
vn 0.6912 0.7227 -0.0000
vn 0.6901 0.6274 -0.3607
vn 0.6912 0.7226 -0.0000
vn 0.6901 0.6274 0.3607
vn -0.5997 0.6392 0.4814
vn -0.5835 0.8121 -0.0000
vn -0.6067 0.6146 0.5042
vn -0.5997 0.6392 -0.4814
vn -0.5834 0.8122 -0.0000
vn -0.6067 0.6146 -0.5042
vn 0.6992 0.7149 -0.0000
vn 0.6995 0.6210 0.3537
vn 0.6995 0.6210 -0.3537
vn -0.6912 0.7226 -0.0000
vn -0.6912 0.7227 -0.0000
vn -0.6901 0.6274 -0.3607
vn -0.6901 0.6274 0.3607
vn -0.6992 0.7149 -0.0000
vn -0.6995 0.6210 0.3536
vn -0.6995 0.6210 0.3537
vn -0.6995 0.6210 -0.3536
vn -0.4645 0.6062 0.6456
vn -0.3304 0.7551 0.5663
vn -0.3303 0.7551 0.5663
vn -0.3303 0.7551 -0.5663
vn -0.3067 0.7708 -0.5584
vn -0.4645 0.6062 -0.6456
vn -0.3304 0.7551 -0.5663
vn 0.6992 0.7149 -0.0001
vn 0.7029 0.6161 -0.3554
vn 0.6992 0.7149 0.0001
vn 0.7029 0.6161 0.3554
vn -0.3067 0.7708 0.5584
vn -0.3793 0.7588 -0.5295
vn -0.2454 0.9419 -0.2296
vn -0.2355 0.9578 -0.1649
vn -0.4094 0.7086 -0.5747
vn -0.2528 0.9400 0.2291
vn -0.4094 0.7086 0.5747
vn -0.3794 0.7588 0.5295
vn -0.2355 0.9578 0.1649
vn -0.6992 0.7149 -0.0001
vn -0.7029 0.6161 -0.3554
vn -0.7029 0.6161 0.3554
vn -0.6992 0.7149 0.0001
vn 0.0395 0.7183 -0.6946
vn -0.0314 0.7146 -0.6989
vn 0.0473 0.7180 -0.6944
vn -0.0395 0.7183 -0.6946
vn -0.2206 0.6697 -0.7091
vn -0.2206 0.6697 0.7091
vn -0.0314 0.7146 0.6989
vn -0.0392 0.7144 0.6987
vn 0.0395 0.7183 0.6946
vn 0.0473 0.7180 0.6944
vn 0.0474 0.7180 0.6944
vn 0.0710 0.7170 0.6934
vn -0.2355 0.9578 -0.1648
vn -0.2052 0.9787 -0.0000
vn -0.2453 0.9419 -0.2295
vn -0.2528 0.9400 0.2290
vn -0.2355 0.9578 0.1648
vn 0.0474 0.7181 -0.6944
vn 0.0710 0.7170 -0.6934
vn -0.6691 0.3542 0.6534
vn -0.6843 0.2517 0.6844
vn -0.7527 0.1412 0.6430
vn -0.6643 0.3717 0.6485
vn -0.6067 0.6145 0.5043
vn -0.5998 0.6392 0.4814
vn -0.6685 0.2281 0.7078
vn -0.6143 0.3623 0.7010
vn 0.6995 -0.3537 0.6210
vn 0.6992 -0.0000 0.7149
vn 0.6995 0.3537 0.6210
vn 0.6995 0.3536 0.6210
vn 0.3153 -0.6305 0.7093
vn 0.2604 -0.6627 0.7022
vn 0.3223 -0.6289 0.7075
vn 0.2369 -0.6710 0.7026
vn 0.6901 0.3607 0.6274
vn 0.6912 0.0001 0.7226
vn 0.6912 -0.0000 0.7226
vn 0.3776 -0.6058 0.7002
vn 0.3152 -0.6305 0.7093
vn -0.5661 0.4482 0.6919
vn 0.6489 -0.2454 0.7202
vn 0.3928 -0.7541 0.5264
vn 0.4178 -0.7094 0.5676
vn 0.6490 -0.2454 0.7202
vn 0.3777 -0.6058 0.7002
vn 0.5132 -0.5448 0.6632
vn 0.5296 -0.5376 0.6561
vn 0.5992 -0.5125 0.6150
vn 0.5761 -0.5287 0.6234
vn 0.5297 -0.5376 0.6561
vn 0.6901 -0.3607 0.6274
vn -0.4414 0.5596 0.7014
vn -0.6313 0.4025 0.6629
vn -0.4559 0.5502 0.6996
vn -0.6460 0.3939 0.6539
vn -0.6995 -0.3536 0.6210
vn -0.6992 -0.0000 0.7149
vn -0.6995 -0.3537 0.6210
vn -0.3794 0.7587 0.5296
vn -0.4094 0.7085 0.5748
vn -0.6422 0.2429 0.7271
vn -0.6453 0.2440 0.7239
vn -0.6995 0.3536 0.6210
vn -0.4414 0.5596 0.7015
vn -0.2207 0.6697 0.7091
vn 0.6992 -0.0001 0.7149
vn 0.7029 -0.3554 0.6161
vn 0.7029 0.3554 0.6161
vn 0.6992 0.0001 0.7149
vn -0.6992 -0.0001 0.7149
vn -0.7029 -0.3554 0.6161
vn 0.6532 -0.2675 0.7083
vn 0.6532 -0.2676 0.7083
vn 0.5455 -0.4901 0.6799
vn -0.7029 0.3554 0.6161
vn -0.6992 0.0001 0.7149
vn -0.6901 0.3607 0.6274
vn -0.6912 0.0001 0.7226
vn -0.6912 -0.0000 0.7226
vn -0.6901 -0.3607 0.6274
vn -0.6912 -0.0000 0.7227
vn 0.6131 -0.5817 0.5345
vn 0.6121 -0.6042 0.5101
vn 0.6697 -0.2443 0.7013
vn 0.6466 -0.3785 0.6624
vn 0.6470 -0.3629 0.6706
vn 0.7404 -0.1182 0.6617
vn -0.7400 -0.3621 0.5668
vn -0.7341 -0.0158 0.6788
vn -0.7400 -0.3621 -0.5668
vn -0.7341 -0.0158 -0.6789
vn -0.9658 -0.2591 0.0001
vn -0.8645 -0.0865 0.4951
vn -0.8809 -0.1259 0.4562
vn -0.9658 -0.2591 -0.0000
vn -0.8809 -0.1259 -0.4562
vn -0.9658 -0.2591 -0.0001
vn -0.8645 -0.0865 -0.4951
vn -0.7528 0.1411 0.6430
vn -0.8645 -0.0864 0.4952
vn -0.7393 0.1651 0.6528
vn -0.8809 -0.1258 0.4562
vn -0.7528 0.1411 -0.6430
vn -0.8645 -0.0864 -0.4952
vn -0.8809 -0.1258 -0.4562
vn -0.7393 0.1651 -0.6528
vn -0.6843 0.2517 0.6843
vn -0.6691 0.3542 -0.6534
vn -0.6843 0.2517 -0.6843
vn -0.6643 0.3717 -0.6485
vn -0.7528 0.1412 0.6430
vn -0.7393 0.1652 0.6528
vn -0.7527 0.1412 -0.6430
vn -0.7393 0.1652 -0.6528
vn -0.6691 0.3542 0.6533
vn -0.6067 0.6145 -0.5043
vn -0.6691 0.3542 -0.6533
vn -0.6685 0.2280 -0.7078
vn -0.6685 0.2281 -0.7078
vn -0.7341 -0.0157 -0.6789
vn -0.7341 -0.0158 0.6789
vn -0.6685 0.2280 0.7078
vn -0.7341 -0.0157 0.6789
vn -0.7717 0.2362 -0.5905
vn -0.7878 0.2206 -0.5751
vn -0.8376 0.1349 -0.5294
vn -0.8247 -0.5655 -0.0000
vn -0.8265 -0.5274 -0.1968
vn -0.8205 -0.5049 -0.2682
vn -0.8265 -0.5274 0.1968
vn -0.8205 -0.5049 0.2682
vn -0.7717 0.2362 0.5905
vn -0.7878 0.2206 0.5751
vn -0.8376 0.1343 0.5294
vn -0.7103 -0.6077 0.3551
vn -0.7111 -0.7031 -0.0000
vn -0.7110 -0.7032 -0.0000
vn -0.7110 -0.7031 -0.0000
vn -0.7103 -0.6077 -0.3551
vn -0.7103 -0.6078 -0.3551
vn -0.7103 -0.3552 0.6077
vn -0.7103 -0.6077 0.3552
vn -0.7103 -0.3552 -0.6077
vn -0.7103 -0.6077 -0.3552
vn -0.7856 -0.2985 -0.5420
vn -0.8204 -0.5049 -0.2683
vn -0.7784 -0.2359 -0.5818
vn -0.7856 -0.2985 0.5420
vn -0.8204 -0.5049 0.2683
vn -0.7784 -0.2359 0.5818
vn -0.7103 -0.3551 0.6077
vn -0.7110 -0.0000 0.7032
vn -0.7110 -0.0000 0.7031
vn -0.7103 -0.3551 -0.6077
vn -0.7110 -0.0000 -0.7032
vn -0.7110 -0.0000 -0.7031
vn -0.6460 0.3939 -0.6539
vn -0.7716 0.2362 -0.5906
vn -0.6361 0.4004 -0.6596
vn -0.7103 0.3551 0.6077
vn -0.7103 0.3551 -0.6077
vn -0.7103 0.6077 0.3552
vn -0.7103 0.3552 0.6077
vn -0.7103 0.3552 -0.6077
vn -0.7103 0.6077 -0.3552
vn -0.7110 0.7032 -0.0000
vn -0.7103 0.6077 0.3551
vn -0.7110 0.7031 -0.0000
vn -0.7103 0.6077 -0.3551
vn -0.7189 0.6952 0.0001
vn -0.7196 0.6010 0.3479
vn -0.7188 0.6952 0.0001
vn -0.7189 0.6952 -0.0001
vn -0.7196 0.6010 -0.3479
vn -0.7188 0.6952 -0.0001
vn -0.7784 -0.2358 -0.5819
vn -0.6453 0.2439 -0.7240
vn -0.6435 0.2432 -0.7258
vn -0.7855 -0.2985 -0.5421
vn -0.6453 0.2439 0.7240
vn -0.7784 -0.2358 0.5819
vn -0.7855 -0.2985 0.5421
vn -0.6910 0.6910 -0.2120
vn -0.6765 0.6765 -0.2910
vn -0.7071 0.7071 -0.0078
vn -0.7071 0.7071 -0.0079
vn -0.6922 0.6921 0.2046
vn -0.6922 0.6922 0.2045
vn -0.6765 0.6765 0.2910
vn -0.6910 0.6910 0.2121
vn -0.6910 0.6910 0.2120
vn -0.7071 0.7071 0.0079
vn -0.6922 0.6922 -0.2045
vn -0.7196 0.3479 0.6010
vn -0.7196 0.6009 0.3480
vn -0.7196 0.3479 -0.6010
vn -0.7196 0.6009 -0.3480
vn -0.6901 0.3608 -0.6274
vn -0.6901 0.6274 -0.3608
vn -0.6901 0.6273 -0.3608
vn -0.6901 0.3608 0.6274
vn -0.6901 0.6273 0.3608
vn -0.6901 0.6274 0.3608
vn -0.6995 -0.3537 0.6209
vn -0.6995 -0.6209 0.3537
vn -0.6995 -0.3537 -0.6209
vn -0.6995 -0.6209 -0.3537
vn -0.7189 -0.0000 0.6952
vn -0.7189 -0.0000 -0.6952
vn -0.7188 -0.0000 -0.6952
vn -0.6995 0.6209 0.3537
vn -0.6995 0.3537 0.6209
vn -0.6995 0.6209 -0.3537
vn -0.6995 0.3537 -0.6209
vn -0.7029 -0.6160 -0.3555
vn -0.7029 -0.3555 -0.6161
vn -0.7029 -0.6161 -0.3555
vn -0.7029 -0.3555 0.6161
vn -0.7029 -0.6161 0.3555
vn -0.7029 -0.3555 0.6160
vn -0.7029 0.3555 0.6161
vn -0.7029 0.6161 0.3555
vn -0.7029 0.3555 0.6160
vn -0.7029 0.3555 -0.6161
vn -0.7029 0.6161 -0.3555
vn -0.7029 0.3555 -0.6160
vn -0.7029 0.6160 -0.3555
vn -0.7071 -0.0079 0.7071
vn -0.6922 0.2045 0.6922
vn -0.6922 0.2046 0.6922
vn -0.6765 0.2911 0.6765
vn -0.6910 -0.2120 0.6910
vn -0.6910 -0.2121 0.6910
vn -0.6765 -0.2910 0.6765
vn -0.7071 -0.0078 -0.7071
vn -0.6910 -0.2120 -0.6910
vn -0.7071 -0.0079 -0.7071
vn -0.6922 0.2045 -0.6922
vn -0.7071 0.0078 0.7071
vn -0.6922 -0.2045 0.6922
vn -0.6765 -0.2911 0.6765
vn -0.6910 0.2120 0.6910
vn -0.6910 0.2120 -0.6910
vn -0.7071 0.0078 -0.7071
vn -0.7071 0.0079 -0.7071
vn -0.6922 -0.2045 -0.6922
vn -0.7196 -0.3479 0.6010
vn -0.7189 -0.0001 0.6952
vn -0.7196 -0.3479 -0.6010
vn -0.7188 -0.0001 -0.6952
vn -0.7149 -0.6992 -0.0001
vn -0.7162 -0.6060 -0.3462
vn -0.7149 -0.6992 -0.0000
vn -0.7149 -0.6992 0.0001
vn -0.7161 -0.6060 0.3462
vn -0.7162 -0.6060 0.3462
vn -0.7162 -0.6060 -0.3463
vn -0.7162 -0.3463 -0.6060
vn -0.7161 -0.3463 -0.6060
vn -0.7162 -0.3463 0.6060
vn -0.7162 -0.6060 0.3463
vn -0.7161 -0.6060 0.3463
vn -0.7161 -0.3463 0.6060
vn -0.7149 -0.0000 -0.6992
vn -0.7162 -0.3462 -0.6060
vn -0.7162 -0.3462 0.6060
vn -0.7149 -0.0000 0.6992
vn -0.7162 0.3462 -0.6060
vn -0.7162 0.3462 0.6060
vn -0.7162 0.3463 -0.6060
vn -0.7162 0.6060 -0.3463
vn -0.7162 0.3463 0.6060
vn -0.7162 0.6060 0.3463
vn -0.7149 0.6992 -0.0000
vn -0.7162 0.6060 -0.3462
vn -0.7162 0.6060 0.3462
vn -0.7196 -0.3480 0.6009
vn -0.7196 -0.6009 0.3480
vn -0.7196 -0.3480 -0.6009
vn -0.7196 -0.6009 -0.3480
vn -0.7196 -0.6010 0.3479
vn -0.7189 -0.6952 0.0001
vn -0.7188 -0.6952 0.0001
vn -0.7189 -0.6952 -0.0001
vn -0.7196 -0.6010 -0.3479
vn -0.6935 -0.6226 -0.3626
vn -0.6901 -0.3608 -0.6273
vn -0.6901 -0.3608 -0.6274
vn -0.6901 -0.3608 0.6274
vn -0.6935 -0.6226 0.3626
vn -0.7400 -0.3622 -0.5668
vn -0.6274 -0.6981 -0.3451
vn -0.7400 -0.3622 0.5668
vn -0.6274 -0.6980 0.3451
vn 0.3233 -0.7570 0.5678
vn 0.0158 -0.9378 0.3468
vn 0.5455 -0.4902 -0.6799
vn 0.5454 -0.4902 -0.6799
vn 0.3233 -0.7570 -0.5678
vn 0.3234 -0.7570 -0.5678
vn 0.0158 -0.9378 -0.3468
vn 0.6992 -0.7149 -0.0000
vn 0.6995 -0.6210 0.3537
vn 0.6995 -0.6210 -0.3537
vn 0.1183 -0.7177 0.6862
vn 0.1261 -0.7170 0.6855
vn 0.0949 -0.7272 0.6798
vn 0.5455 -0.4902 0.6799
vn 0.5454 -0.4902 0.6799
vn 0.2839 -0.9384 0.1971
vn 0.2591 -0.9658 -0.0000
vn 0.2830 -0.9277 0.2436
vn 0.3928 -0.7542 0.5263
vn 0.2839 -0.9384 0.1972
vn 0.2830 -0.9276 0.2438
vn 0.4177 -0.7095 0.5675
vn 0.2830 -0.9276 -0.2438
vn 0.3927 -0.7542 -0.5263
vn 0.4178 -0.7095 -0.5675
vn 0.2839 -0.9384 -0.1972
vn 0.2839 -0.9384 -0.1971
vn 0.2830 -0.9277 -0.2436
vn 0.2603 -0.6627 -0.7022
vn 0.2368 -0.6710 -0.7026
vn 0.1183 -0.7177 -0.6862
vn 0.1261 -0.7171 -0.6855
vn 0.1261 -0.7170 -0.6855
vn 0.0949 -0.7272 -0.6798
vn 0.2603 -0.6627 0.7022
vn 0.2368 -0.6710 0.7026
vn 0.1261 -0.7171 0.6855
vn -0.6992 -0.7149 -0.0000
vn -0.6995 -0.6210 0.3537
vn -0.6995 -0.6210 -0.3536
vn -0.6995 -0.6210 -0.3537
vn 0.6921 -0.6922 0.2046
vn 0.6765 -0.6765 0.2911
vn 0.6765 -0.6765 -0.2911
vn 0.6921 -0.6922 -0.2046
vn 0.6910 -0.6910 0.2121
vn 0.6765 -0.6765 0.2910
vn 0.6992 -0.7149 -0.0001
vn 0.7029 -0.6161 -0.3554
vn 0.7029 -0.6161 0.3554
vn 0.6992 -0.7149 0.0001
vn -0.6992 -0.7149 -0.0001
vn -0.7029 -0.6161 -0.3554
vn -0.7029 -0.6161 0.3554
vn -0.6992 -0.7149 0.0001
vn 0.6912 -0.7227 -0.0000
vn 0.6935 -0.6226 -0.3625
vn 0.6912 -0.7226 -0.0000
vn 0.6371 -0.7708 -0.0000
vn 0.6121 -0.6043 -0.5101
vn 0.6131 -0.5817 -0.5345
vn 0.6121 -0.6043 0.5101
vn -0.7071 -0.7071 -0.0078
vn -0.6922 -0.6922 0.2045
vn -0.6910 -0.6910 -0.2121
vn -0.6765 -0.6765 0.2911
vn -0.6910 -0.6910 -0.2120
vn -0.6765 -0.6765 -0.2911
vn -0.7071 -0.7071 0.0079
vn -0.6922 -0.6922 -0.2045
vn -0.7071 -0.7071 0.0078
vn -0.6910 -0.6910 0.2120
vn -0.6910 -0.6910 0.2121
vn -0.6765 -0.6765 0.2910
vn -0.6912 -0.7226 -0.0000
vn -0.6935 -0.6226 -0.3625
vn -0.6935 -0.6226 0.3625
vn -0.6912 -0.7227 -0.0000
vn -0.6843 0.2517 -0.6844
vn -0.5998 0.6392 -0.4814
vn -0.6143 0.3623 -0.7010
vn 0.6992 -0.0000 -0.7149
vn 0.6995 -0.3537 -0.6210
vn 0.6995 0.3537 -0.6210
vn 0.2604 -0.6627 -0.7022
vn 0.3223 -0.6289 -0.7075
vn 0.2369 -0.6710 -0.7026
vn 0.3153 -0.6305 -0.7093
vn 0.6912 -0.0000 -0.7226
vn 0.6765 0.2911 -0.6765
vn 0.6765 -0.2911 -0.6765
vn 0.6922 -0.2046 -0.6922
vn 0.6765 -0.2910 -0.6765
vn 0.7071 0.0079 -0.7071
vn 0.3152 -0.6305 -0.7093
vn 0.3776 -0.6058 -0.7002
vn -0.5661 0.4482 -0.6919
vn -0.5661 0.4481 -0.6919
vn 0.4178 -0.7094 -0.5676
vn 0.6489 -0.2454 -0.7202
vn 0.6490 -0.2454 -0.7202
vn 0.3928 -0.7541 -0.5263
vn 0.3777 -0.6058 -0.7002
vn 0.5132 -0.5448 -0.6632
vn 0.3777 -0.6058 -0.7003
vn 0.5296 -0.5376 -0.6561
vn 0.5992 -0.5125 -0.6150
vn 0.5963 -0.5100 -0.6199
vn 0.5761 -0.5287 -0.6234
vn 0.5297 -0.5375 -0.6561
vn -0.6360 0.4005 -0.6596
vn -0.4559 0.5502 -0.6996
vn -0.4414 0.5596 -0.7015
vn -0.6992 -0.0000 -0.7149
vn -0.6995 -0.3537 -0.6210
vn -0.4094 0.7085 -0.5748
vn -0.6453 0.2440 -0.7239
vn -0.6454 0.2440 -0.7239
vn -0.3794 0.7587 -0.5296
vn -0.6995 0.3537 -0.6210
vn -0.4559 0.5503 -0.6996
vn -0.4413 0.5596 -0.7015
vn -0.2207 0.6697 -0.7091
vn 0.7029 -0.3554 -0.6161
vn 0.6992 -0.0001 -0.7149
vn 0.6992 0.0001 -0.7149
vn 0.7029 0.3554 -0.6161
vn -0.7029 -0.3554 -0.6161
vn -0.6992 -0.0001 -0.7149
vn 0.5455 -0.4901 -0.6799
vn 0.6532 -0.2676 -0.7083
vn 0.6532 -0.2675 -0.7083
vn -0.6992 0.0001 -0.7149
vn -0.7029 0.3554 -0.6161
vn -0.6912 -0.0000 -0.7226
vn -0.6901 0.3607 -0.6274
vn -0.6765 -0.2911 -0.6765
vn -0.6765 0.2911 -0.6765
vn -0.6765 -0.2910 -0.6765
vn -0.6901 -0.3607 -0.6274
vn 0.6121 -0.6042 -0.5101
vn 0.6697 -0.2443 -0.7013
vn 0.6698 -0.2442 -0.7013
vn 0.7404 -0.1182 -0.6617
vn 0.4889 0.7569 -0.4337
vn 0.4889 0.4337 -0.7569
vn 0.6935 0.6226 -0.3625
vn 0.8559 0.4476 -0.2591
vn 0.8554 0.5180 -0.0000
vn 0.6952 0.7188 -0.0000
vn 0.9595 0.2438 -0.1415
vn 0.6935 0.6226 0.3625
vn 0.9612 0.2758 -0.0000
vn 1.0000 -0.0000 -0.0000
vn 0.9595 0.2438 0.1415
vn 0.8559 0.4476 0.2591
vn 0.9594 0.1416 0.2438
vn 0.9612 -0.0000 0.2758
vn 0.8559 0.2591 0.4476
vn 0.8554 -0.0000 0.5179
vn 0.6935 0.3625 0.6226
vn 0.4889 0.7569 0.4337
vn 0.4889 0.4337 0.7569
vn 0.8554 -0.0000 -0.5179
vn 0.6952 -0.0000 -0.7188
vn 0.8559 -0.2590 -0.4475
vn 0.9612 -0.0000 -0.2758
vn 0.8559 0.2591 -0.4476
vn 0.9594 -0.1416 -0.2438
vn 0.8559 -0.4476 -0.2591
vn 0.9594 0.1416 -0.2438
vn 0.9594 -0.2438 -0.1416
vn 0.8554 -0.5180 -0.0000
vn 0.9612 -0.2758 -0.0000
vn 0.9594 -0.2438 0.1416
vn 0.6952 -0.7188 -0.0000
vn 0.4889 -0.7569 -0.4337
vn 0.8559 -0.4476 0.2591
vn 0.4889 -0.4337 -0.7569
vn 0.9595 -0.1415 0.2438
vn 0.6935 -0.3625 0.6226
vn 0.8559 -0.2591 0.4476
vn 0.4889 -0.7569 0.4337
vn 0.6952 -0.0000 0.7188
vn 0.4889 -0.4337 0.7569
vn -0.0000 0.8677 -0.4970
vn 0.2531 0.4826 -0.8385
vn -0.0000 0.4970 -0.8677
vn -0.2531 0.4826 -0.8385
vn 0.2531 0.8385 -0.4825
vn -0.2531 0.8385 -0.4825
vn -0.4888 0.4337 -0.7569
vn -0.0000 1.0000 -0.0000
vn 0.2518 0.9678 -0.0000
vn 0.4889 0.7570 -0.4336
vn 0.4877 0.8730 -0.0000
vn 0.6951 0.7189 -0.0000
vn 0.2531 0.8385 0.4825
vn 0.4888 0.4337 0.7569
vn 0.2531 0.4826 0.8385
vn -0.0000 0.8677 0.4970
vn -0.0000 0.4970 0.8677
vn -0.2531 0.4826 0.8385
vn -0.2531 0.8385 0.4825
vn -0.4889 0.4337 0.7569
vn -0.2517 0.9678 -0.0000
vn -0.4889 0.7570 0.4336
vn -0.4889 0.7570 -0.4336
vn -0.4877 0.8730 -0.0000
vn -0.6623 0.6466 0.3784
vn -0.6623 0.6466 -0.3784
vn -0.6624 0.7491 -0.0000
vn -0.3637 0.8064 0.4664
vn -0.6036 0.3998 0.6898
vn -0.6036 0.6898 0.3998
vn -0.6062 0.7953 -0.0000
vn -0.6036 0.3998 -0.6898
vn -0.3637 0.8064 -0.4664
vn -0.6036 0.6898 -0.3998
vn -0.3633 0.9317 -0.0000
vn -0.2119 0.8476 -0.4865
vn -0.2119 0.8476 0.4865
vn -0.2127 0.9771 -0.0000
vn -0.0942 0.8639 -0.4947
vn -0.2119 0.4866 -0.8475
vn -0.0943 0.4948 -0.8639
vn -0.0315 0.8674 -0.4967
vn -0.0948 0.9955 -0.0000
vn -0.0942 0.8639 0.4947
vn -0.0315 0.9995 -0.0000
vn -0.3532 0.8084 -0.4709
vn -0.0316 0.8674 0.4967
vn -0.0943 0.4948 0.8639
vn -0.2119 0.4866 0.8475
vn -0.3532 0.8084 0.4709
vn -0.3536 0.9354 -0.0000
vn -0.8903 0.3940 0.2285
vn -0.8928 0.4504 -0.0000
vn -0.8903 0.3940 -0.2285
vn 0.2518 -0.0000 0.9678
vn 0.4889 0.4336 0.7570
vn 0.2531 0.4825 0.8385
vn -0.0000 -0.0000 1.0000
vn -0.0000 0.4969 0.8678
vn -0.2531 0.4825 0.8385
vn -0.2517 -0.0000 0.9678
vn -0.2531 -0.4825 0.8385
vn -0.4889 -0.4336 0.7570
vn -0.4889 0.4336 0.7570
vn -0.4877 -0.0000 0.8730
vn -0.6623 -0.3784 0.6466
vn -0.6624 -0.0000 0.7492
vn -0.6623 0.3784 0.6466
vn -0.4888 0.4337 0.7569
vn -0.2532 0.8385 0.4826
vn -0.4888 0.7569 0.4337
vn -0.3636 0.8063 0.4665
vn -0.3636 0.4664 0.8064
vn -0.6063 -0.0000 0.7953
vn -0.2119 0.8475 0.4866
vn -0.0943 0.8639 0.4948
vn -0.2118 0.4866 0.8476
vn -0.3633 -0.0000 0.9317
vn -0.0942 0.4947 0.8639
vn -0.2127 -0.0000 0.9771
vn -0.3637 -0.4664 0.8064
vn -0.6036 -0.3998 0.6898
vn -0.3636 -0.8063 0.4665
vn -0.2119 -0.8475 0.4866
vn -0.2119 -0.4865 0.8476
vn -0.0943 -0.4947 0.8639
vn -0.0948 -0.0000 0.9955
vn -0.0315 0.4968 0.8673
vn -0.0315 0.8673 0.4968
vn -0.0315 -0.4967 0.8673
vn -0.0315 -0.0000 0.9995
vn -0.3531 0.8084 0.4709
vn -0.3532 0.4709 0.8084
vn -0.3532 -0.4709 0.8084
vn -0.3537 -0.0000 0.9354
vn -0.8903 0.2285 0.3940
vn -0.8928 -0.0000 0.4504
vn -0.8903 -0.2285 0.3940
vn 0.6951 -0.0000 0.7189
vn 0.4877 -0.0000 0.8730
vn 0.4889 -0.4336 0.7570
vn 0.4888 -0.4337 0.7569
vn 0.2532 -0.8385 0.4826
vn 0.4888 -0.7569 0.4337
vn 0.2531 -0.4825 0.8385
vn -0.0000 -0.8677 0.4970
vn -0.0000 -0.4970 0.8677
vn -0.4889 -0.4337 0.7569
vn -0.6623 -0.6466 0.3785
vn -0.4889 -0.7569 0.4337
vn -0.4889 -0.4337 -0.7569
vn -0.4889 -0.7569 -0.4337
vn -0.6623 -0.6466 -0.3785
vn -0.6623 -0.3785 0.6466
vn -0.6623 -0.3785 -0.6466
vn -0.6036 -0.6898 0.3998
vn -0.6624 -0.7491 -0.0000
vn -0.6063 -0.7952 -0.0000
vn -0.6036 -0.6898 -0.3998
vn -0.6036 -0.3998 -0.6898
vn -0.6063 -0.0000 -0.7952
vn -0.6624 -0.0000 -0.7491
vn -0.6623 0.3785 -0.6466
vn -0.6623 0.6466 -0.3785
vn -0.4889 0.4337 -0.7569
vn -0.4889 0.7569 -0.4337
vn -0.6063 -0.0000 0.7952
vn -0.6624 -0.0000 0.7491
vn -0.6623 0.3785 0.6466
vn -0.6623 0.6466 0.3785
vn -0.4889 0.7569 0.4337
vn -0.6063 0.7952 -0.0000
vn -0.8903 0.2285 0.3939
vn -0.8903 0.3939 0.2285
vn -0.8903 0.2285 -0.3939
vn -0.8903 0.3939 -0.2285
vn -0.3532 0.4709 -0.8084
vn -0.8929 -0.0000 0.4504
vn -0.8929 -0.0000 -0.4504
vn -0.8928 -0.4504 -0.0000
vn -0.8903 -0.2285 0.3939
vn -0.8903 -0.2285 -0.3939
vn -0.8903 -0.3939 0.2285
vn -0.8903 -0.3939 -0.2285
vn -0.3532 -0.8084 -0.4709
vn -0.3532 -0.4709 -0.8084
vn -0.3532 -0.8084 0.4709
vn -0.4877 -0.8730 -0.0000
vn -0.2518 -0.9678 -0.0000
vn -0.6623 -0.6466 0.3784
vn -0.6623 -0.6466 -0.3784
vn -0.3637 -0.8064 0.4664
vn -0.6062 -0.7953 -0.0000
vn -0.3633 -0.9317 -0.0000
vn -0.3637 -0.8064 -0.4664
vn -0.2119 -0.8476 -0.4866
vn -0.2119 -0.8476 0.4866
vn -0.3636 -0.4665 -0.8063
vn -0.2119 -0.4866 -0.8475
vn -0.0943 -0.4948 -0.8639
vn -0.3637 -0.4665 0.8063
vn -0.2119 -0.4866 0.8476
vn -0.0942 -0.4948 0.8639
vn -0.0942 -0.8639 0.4948
vn -0.0315 -0.4968 0.8673
vn -0.8903 -0.3940 -0.2285
vn -0.3537 -0.9354 -0.0000
vn -0.8903 -0.3940 0.2285
vn -0.0942 -0.8639 -0.4948
vn -0.0315 -0.4968 -0.8673
vn -0.3531 -0.4709 -0.8084
vn -0.0315 -0.8673 -0.4967
vn -0.0315 -0.9995 -0.0000
vn -0.0315 -0.8673 0.4967
vn -0.0948 -0.9955 -0.0000
vn -0.2128 -0.9771 -0.0000
vn 0.6951 -0.7189 -0.0000
vn 0.4877 -0.8730 -0.0000
vn 0.4889 -0.7570 -0.4336
vn 0.4889 -0.7570 0.4336
vn 0.2517 -0.9678 -0.0000
vn 0.2531 -0.8385 0.4825
vn 0.2531 -0.8385 -0.4825
vn -0.0000 -1.0000 -0.0000
vn 0.2531 -0.4826 0.8385
vn 0.2531 -0.4826 -0.8385
vn 0.4888 -0.4337 -0.7569
vn -0.0000 -0.8678 0.4970
vn -0.2531 -0.4826 0.8385
vn -0.2531 -0.8385 0.4825
vn -0.0000 -0.8678 -0.4970
vn -0.2531 -0.8385 -0.4825
vn -0.2531 -0.4826 -0.8385
vn -0.3636 -0.8063 -0.4665
vn -0.3637 -0.4664 -0.8064
vn -0.6063 -0.0000 -0.7953
vn -0.2119 -0.8475 -0.4866
vn -0.6623 -0.3784 -0.6466
vn -0.4877 -0.0000 -0.8730
vn -0.4889 -0.4336 -0.7570
vn -0.6623 0.3784 -0.6466
vn -0.2518 -0.0000 -0.9678
vn -0.2531 -0.4825 -0.8385
vn -0.4889 0.4336 -0.7570
vn -0.0000 -0.0000 -1.0000
vn -0.0000 -0.4970 -0.8678
vn 0.2531 -0.4825 -0.8385
vn -0.2531 0.4825 -0.8385
vn 0.2518 -0.0000 -0.9678
vn 0.4889 -0.4336 -0.7570
vn 0.4877 -0.0000 -0.8730
vn 0.4889 0.4336 -0.7570
vn 0.2531 0.4825 -0.8385
vn -0.0000 0.4970 -0.8678
vn 0.4888 0.4337 -0.7569
vn 0.2531 0.8385 -0.4826
vn 0.4888 0.7569 -0.4337
vn -0.2532 0.8385 -0.4826
vn -0.4888 0.7569 -0.4337
vn -0.3636 0.4664 -0.8064
vn -0.3636 0.8063 -0.4665
vn -0.2119 0.8475 -0.4866
vn -0.3633 -0.0000 -0.9317
vn -0.2119 0.4866 -0.8476
vn -0.0943 0.8639 -0.4948
vn -0.2128 -0.0000 -0.9771
vn -0.2119 -0.4865 -0.8476
vn -0.0942 0.4947 -0.8639
vn -0.0942 -0.4947 -0.8639
vn -0.0948 -0.0000 -0.9955
vn -0.0315 0.4968 -0.8673
vn -0.0315 0.8673 -0.4968
vn -0.3531 0.8084 -0.4709
vn -0.3531 0.4709 -0.8084
vn -0.0315 -0.0000 -0.9995
vn -0.3537 -0.0000 -0.9354
vn -0.8903 0.2285 -0.3940
vn -0.8928 -0.0000 -0.4504
vn -0.0315 -0.4967 -0.8673
vn 0.6951 -0.0000 -0.7189
vn 0.2531 -0.8385 -0.4826
vn -0.0000 -0.8677 -0.4970
vt -0.044146 -8.356720
vt -0.000000 -8.363020
vt -0.000000 -8.344890
vt -0.035081 -8.372420
vt 0.044146 -8.356720
vt 0.035081 -8.372420
vt -0.089239 -8.429910
vt -0.089239 -8.414630
vt -0.124957 -8.429910
vt -0.066908 -8.429910
vt -0.066908 -8.410050
vt -0.046494 -8.414630
vt -0.046494 -8.429910
vt -0.010777 -8.429910
vt 0.089239 -8.429910
vt 0.124957 -8.429910
vt 0.089239 -8.414630
vt 0.066908 -8.429910
vt 0.066908 -8.410050
vt 0.046494 -8.414630
vt 0.046494 -8.429910
vt 0.010777 -8.429910
vt -0.076463 -8.389030
vt -0.060762 -8.398100
vt 0.060762 -8.398100
vt 0.076463 -8.389030
vt -0.035081 -8.493940
vt -0.046296 -8.459910
vt -0.060762 -8.468260
vt -0.026729 -8.479480
vt 0.035081 -8.493940
vt 0.046296 -8.459910
vt 0.026729 -8.479480
vt 0.060762 -8.468260
vt -0.164838 -8.982650
vt -0.095169 -9.052320
vt -0.071924 -9.012060
vt -0.124575 -8.959410
vt 0.095169 -9.052320
vt 0.124575 -8.959410
vt 0.071924 -9.012060
vt 0.164838 -8.982650
vt -0.070162 -8.433180
vt -0.088292 -8.433180
vt 0.070162 -8.433180
vt 0.088292 -8.433180
vt -0.095170 -8.722650
vt -0.164838 -8.792320
vt -0.124575 -8.815560
vt -0.071924 -8.762910
vt 0.071924 -8.762910
vt 0.124575 -8.815560
vt 0.164838 -8.792320
vt 0.095169 -8.722650
vt -0.146594 -9.141390
vt 0.000000 -9.180670
vt 0.000000 -9.124740
vt -0.118627 -9.092950
vt 0.146594 -9.141390
vt 0.118627 -9.092950
vt -0.253908 -9.034080
vt -0.205469 -9.006110
vt 0.253908 -9.034080
vt 0.205469 -9.006110
vt -0.293188 -8.887490
vt -0.237255 -8.887490
vt 0.293188 -8.887490
vt 0.237255 -8.887490
vt 0.015273 -8.340670
vt -0.000000 -8.363000
vt 0.019856 -8.363000
vt 0.015273 -8.383410
vt -0.015274 -8.340670
vt -0.019856 -8.363000
vt -0.015274 -8.383410
vt -0.000000 -8.340670
vt -0.000000 -8.304950
vt -0.000000 -8.383410
vt -0.000000 -8.419130
vt 0.015273 -8.519150
vt 0.019856 -8.496820
vt -0.000000 -8.496820
vt 0.015273 -8.476400
vt -0.015274 -8.519150
vt -0.000000 -8.519150
vt -0.000000 -8.554870
vt -0.019856 -8.496820
vt -0.015274 -8.476400
vt -0.000000 -8.476400
vt -0.000000 -8.440690
vt -0.205469 -8.768860
vt -0.253908 -8.740890
vt 0.253908 -8.740890
vt 0.205469 -8.768860
vt -0.146594 -8.633580
vt -0.118627 -8.682020
vt 0.146594 -8.633580
vt 0.118627 -8.682020
vt -0.076463 -8.477330
vt 0.076463 -8.477330
vt -0.000000 -8.594300
vt -0.000000 -8.650230
vt -0.000000 -8.743640
vt -0.047687 -8.804890
vt -0.000000 -8.792110
vt 0.047687 -8.804890
vt -0.082597 -8.839800
vt 0.082597 -8.839800
vt 0.095375 -8.887490
vt 0.143847 -8.887490
vt -0.095375 -8.887490
vt -0.143847 -8.887490
vt -0.082597 -8.935170
vt 0.082597 -8.935170
vt -0.047687 -8.970080
vt 0.047687 -8.970080
vt -0.000000 -9.031330
vt -0.000000 -8.982860
vt -0.023947 -9.145990
vt -0.053065 -9.172280
vt 0.000000 -9.169410
vt 0.053065 -9.172280
vt 0.023947 -9.145990
vt -0.044146 -8.509640
vt 0.044146 -8.509640
vt -0.000000 -8.521470
vt -0.000000 -8.503340
vt -0.259654 -8.852620
vt -0.373118 -8.983060
vt -0.299959 -9.008280
vt -0.322989 -8.786820
vt 0.373118 -8.983060
vt 0.322989 -8.786820
vt 0.259654 -8.852620
vt 0.299959 -9.008280
vt -0.046296 -8.406450
vt -0.026729 -8.386880
vt 0.046296 -8.406450
vt 0.026729 -8.386880
vt -0.066908 -8.449760
vt 0.066908 -8.449760
vt -0.158484 -8.795990
vt -0.091501 -8.729000
vt 0.158484 -8.795990
vt 0.091501 -8.729000
vt -0.150366 -8.726160
vt -0.186508 -8.630630
vt 0.150366 -8.726160
vt 0.186508 -8.630630
vt -0.158484 -8.978990
vt -0.091501 -9.045970
vt 0.158484 -8.978990
vt 0.091501 -9.045970
vt -0.000000 -8.668690
vt -0.000000 -8.563850
vt 0.000000 -9.441750
vt 0.124943 -9.463500
vt 0.110279 -9.403360
vt 0.000000 -9.506990
vt -0.124943 -9.463500
vt -0.110279 -9.403360
vt -0.197970 -8.866230
vt 0.197970 -8.866230
vt -0.150159 -9.212490
vt -0.198069 -9.081120
vt -0.259603 -9.133790
vt -0.114914 -9.138810
vt 0.150159 -9.212490
vt 0.198069 -9.081120
vt 0.114914 -9.138810
vt 0.259603 -9.133790
vt 0.000000 -9.365710
vt -0.078508 -9.338390
vt -0.022413 -9.285660
vt 0.000000 -9.293460
vt 0.078508 -9.338390
vt 0.022413 -9.285660
vt 0.000000 -9.266770
vt 0.000000 -9.228280
vt 0.000000 -9.148230
vt -0.530743 -9.000000
vt -0.513255 -8.973270
vt -0.530743 -8.964920
vt -0.513255 -9.000000
vt -0.530743 -9.035080
vt -0.513255 -9.026730
vt 0.197257 -8.850300
vt 0.144632 -9.000000
vt 0.224344 -9.000000
vt 0.124524 -8.813490
vt 0.197257 -9.149700
vt 0.124524 -9.186510
vt -0.560709 -8.928080
vt -0.560709 -9.000000
vt -0.513255 -8.904830
vt -0.560709 -9.071920
vt -0.513255 -9.095170
vt -0.495765 -9.000000
vt -0.495766 -8.964920
vt -0.495766 -9.035080
vt -0.465800 -8.928080
vt -0.465800 -9.000000
vt -0.465800 -9.071920
vt 0.344094 -8.921490
vt 0.345529 -9.000000
vt 0.417693 -9.000000
vt 0.324519 -8.977590
vt 0.324519 -9.022410
vt 0.317502 -9.000000
vt 0.344094 -9.078510
vt -0.306514 -9.000000
vt -0.251350 -8.908500
vt -0.306514 -8.881370
vt -0.251350 -9.000000
vt -0.306514 -9.118630
vt -0.251350 -9.091500
vt 0.285392 -8.740650
vt 0.264401 -8.885090
vt 0.377001 -8.850440
vt 0.193879 -8.801930
vt 0.264401 -9.114910
vt 0.193879 -9.198070
vt 0.285392 -9.259350
vt 0.377001 -9.149560
vt -0.196187 -9.000000
vt -0.196187 -8.881370
vt -0.196187 -9.118630
vt -0.091996 -9.023950
vt -0.030406 -9.000000
vt -0.087303 -9.000000
vt -0.041134 -9.053070
vt 0.028057 -9.074380
vt 0.059749 -9.000000
vt 0.028057 -8.925620
vt -0.041134 -8.946930
vt -0.091996 -8.976050
vt -0.135148 -9.000000
vt 0.313506 -9.000000
vt 0.432046 -9.000000
vt -0.115453 -8.786820
vt -0.201871 -8.958230
vt -0.134705 -8.983060
vt -0.285392 -9.083240
vt -0.181859 -8.803040
vt -0.124524 -8.630630
vt -0.197257 -8.673160
vt -0.421367 -9.546490
vt -0.507679 -9.420010
vt -0.550215 -9.498650
vt -0.390549 -9.463500
vt 0.513255 -8.982650
vt 0.560709 -8.959410
vt 0.513255 -8.887490
vt 0.560709 -8.887490
vt 0.560709 -8.815560
vt 0.513255 -8.792320
vt -0.112472 -9.242840
vt -0.156630 -9.279140
vt -0.082533 -9.308320
vt -0.127017 -9.331540
vt 0.513255 -8.459910
vt 0.530743 -8.433180
vt 0.513255 -8.433180
vt 0.530743 -8.468260
vt 0.003509 -9.266170
vt -0.028057 -9.199000
vt -0.471604 -9.364980
vt -0.368221 -9.403360
vt -0.244729 -9.136540
vt -0.150019 -9.133790
vt -0.066298 -9.008280
vt 0.052005 -9.224470
vt 0.041134 -9.172280
vt 0.091996 -9.145990
vt 0.096575 -9.169410
vt 0.135148 -9.127140
vt 0.513255 -8.406450
vt 0.530743 -8.398100
vt -0.417693 -9.311060
vt -0.344094 -9.338390
vt -0.142807 -9.176790
vt -0.186282 -9.226660
vt 0.465800 -8.959410
vt 0.465800 -8.887490
vt -0.193879 -9.081120
vt -0.134941 -8.982890
vt 0.465800 -8.815560
vt -0.059749 -9.131530
vt 0.306514 -8.887490
vt 0.251350 -8.795990
vt 0.251350 -8.887490
vt 0.306514 -8.768860
vt 0.251350 -8.978990
vt 0.306514 -9.006110
vt 0.196187 -8.887490
vt 0.196187 -8.768860
vt -0.273419 -9.506990
vt -0.292517 -9.594330
vt -0.330330 -9.654310
vt -0.445520 -9.611540
vt 0.196187 -9.006110
vt 0.495766 -8.433180
vt 0.495766 -8.468260
vt 0.495766 -8.398100
vt -0.114437 -8.866230
vt -0.058523 -8.726160
vt -0.127360 -8.768120
vt -0.046170 -8.852620
vt -0.000000 -9.635650
vt 0.122874 -9.611540
vt -0.000000 -9.568770
vt 0.082840 -9.664480
vt -0.122874 -9.611540
vt -0.082840 -9.664480
vt -0.000000 -9.262660
vt 0.186564 -9.235510
vt 0.149562 -9.158790
vt -0.000000 -9.175400
vt -0.149562 -9.158790
vt -0.186564 -9.235510
vt 0.259346 -9.083240
vt 0.322993 -9.136540
vt -0.259346 -9.083240
vt -0.322993 -9.136540
vt 0.298939 -8.958230
vt 0.259457 -8.803040
vt -0.298939 -8.958230
vt -0.259457 -8.803040
vt -0.137444 -9.546490
vt -0.000000 -9.498650
vt 0.137444 -9.546490
vt -0.000000 -9.277450
vt -0.035650 -9.308680
vt -0.000000 -9.345870
vt 0.000000 -8.719740
vt 0.149700 -8.673160
vt 0.000000 -8.614110
vt 0.114777 -8.768120
vt -0.149700 -8.673160
vt -0.114777 -8.768120
vt -0.000000 -9.226660
vt 0.060169 -9.279140
vt 0.035650 -9.308680
vt -0.000000 -9.124740
vt -0.000000 -9.180670
vt -0.060169 -9.279140
vt 0.000000 -8.594300
vt 0.000000 -8.650230
vt 0.000000 -8.363020
vt 0.000000 -8.344890
vt 0.228714 -8.982890
vt -0.228714 -8.982890
vt 0.095170 -8.722650
vt -0.095169 -8.722650
vt 0.000000 -8.363000
vt 0.015274 -8.340670
vt 0.000000 -8.340670
vt 0.000000 -8.304950
vt 0.015274 -8.383410
vt 0.000000 -8.383410
vt 0.000000 -8.419130
vt 0.000000 -8.496820
vt 0.000000 -8.519150
vt 0.015274 -8.519150
vt 0.000000 -8.554870
vt 0.000000 -8.476400
vt 0.015274 -8.476400
vt 0.000000 -8.440690
vt 0.000000 -8.743640
vt 0.000000 -8.792110
vt 0.000000 -9.031330
vt 0.000000 -8.982860
vt 0.000000 -8.503340
vt 0.000000 -8.521470
vt -0.542838 -9.000000
vt -0.465177 -9.082840
vt -0.476525 -9.000000
vt -0.465177 -8.917160
vt -0.387518 -9.000000
vt -0.445520 -9.122870
vt -0.330330 -9.000000
vt 0.513255 -9.000000
vt 0.560709 -8.928080
vt 0.513255 -8.904830
vt 0.560709 -9.000000
vt 0.513255 -9.095170
vt 0.560709 -9.071920
vt -0.170761 -9.000000
vt -0.188172 -8.964350
vt -0.216695 -9.000000
vt -0.445520 -8.877130
vt -0.348417 -8.813440
vt -0.403017 -9.000000
vt -0.292764 -9.000000
vt -0.238420 -8.849840
vt -0.244729 -8.677010
vt -0.150019 -8.740400
vt -0.238420 -9.150160
vt -0.244729 -9.322990
vt -0.150019 -9.259600
vt -0.348417 -9.186560
vt -0.156630 -9.060170
vt -0.127017 -9.000000
vt -0.188172 -9.035650
vt -0.156630 -8.939830
vt 0.465800 -9.000000
vt 0.465800 -8.928080
vt 0.465800 -9.071920
vt 0.513217 -8.933090
vt 0.528491 -8.910760
vt 0.513217 -8.910760
vt 0.513217 -8.875040
vt 0.528491 -8.953510
vt 0.513217 -8.953510
vt 0.513217 -8.989220
vt 0.513217 -9.089240
vt 0.528491 -9.089240
vt 0.513217 -9.066910
vt 0.513217 -9.124960
vt 0.528491 -9.046490
vt 0.513217 -9.046490
vt 0.513217 -9.010780
vt 0.306514 -9.000000
vt 0.251350 -8.908500
vt 0.251350 -9.000000
vt 0.306514 -8.881370
vt 0.251350 -9.091500
vt 0.306514 -9.118630
vt 0.196187 -9.000000
vt 0.196187 -8.881370
vt 0.196187 -9.118630
vt 0.530743 -9.000000
vt 0.513255 -8.973270
vt 0.530743 -8.964920
vt 0.513255 -9.026730
vt 0.530743 -9.035080
vt -0.085569 -9.000000
vt -0.127360 -8.885220
vt -0.154675 -9.000000
vt -0.058523 -8.849630
vt -0.127360 -9.114780
vt -0.058523 -9.150370
vt 0.497943 -8.910760
vt 0.493362 -8.933090
vt 0.497943 -8.953510
vt 0.497943 -9.089240
vt 0.493362 -9.066910
vt 0.497943 -9.046490
vt 0.495766 -9.000000
vt 0.495766 -8.964920
vt 0.495766 -9.035080
vt 0.115453 -8.786820
vt 0.134705 -8.983060
vt 0.201871 -8.958230
vt 0.285392 -9.083240
vt 0.181859 -8.803040
vt 0.197257 -8.673160
vt 0.124524 -8.630630
vt 0.421367 -9.546490
vt 0.507679 -9.420010
vt 0.390549 -9.463500
vt 0.550215 -9.498650
vt -0.513255 -8.887490
vt -0.560709 -8.959410
vt -0.513255 -8.982650
vt -0.560709 -8.887490
vt -0.513255 -8.792320
vt -0.560709 -8.815560
vt 0.156630 -9.279140
vt 0.082533 -9.308320
vt 0.127017 -9.331540
vt 0.112472 -9.242840
vt -0.530743 -8.433180
vt -0.513255 -8.459910
vt -0.513255 -8.433180
vt -0.530743 -8.468260
vt -0.528491 -8.340670
vt -0.513217 -8.340670
vt -0.513217 -8.304950
vt -0.533072 -8.363000
vt -0.513217 -8.383410
vt -0.528491 -8.383410
vt -0.513217 -8.419130
vt -0.528491 -8.519150
vt -0.513217 -8.554870
vt -0.513217 -8.519150
vt -0.533072 -8.496820
vt -0.513217 -8.476400
vt -0.528491 -8.476400
vt -0.513217 -8.440690
vt -0.003509 -9.266170
vt 0.028057 -9.199000
vt 0.471604 -9.364980
vt 0.368221 -9.403360
vt 0.150019 -9.133790
vt 0.066298 -9.008280
vt 0.244729 -9.136540
vt -0.052005 -9.224470
vt -0.041134 -9.172280
vt -0.096575 -9.169410
vt -0.091996 -9.145990
vt -0.135148 -9.127140
vt -0.513255 -8.406450
vt -0.530743 -8.398100
vt 0.344094 -9.338390
vt 0.417693 -9.311060
vt 0.186282 -9.226660
vt 0.142807 -9.176790
vt -0.465800 -8.887490
vt -0.465800 -8.959410
vt 0.193879 -9.081120
vt 0.134941 -8.982890
vt -0.465800 -8.815560
vt 0.059749 -9.131530
vt -0.251350 -8.795990
vt -0.306514 -8.887490
vt -0.251350 -8.887490
vt -0.306514 -8.768860
vt -0.251350 -8.978990
vt -0.306514 -9.006110
vt -0.196187 -8.887490
vt -0.196187 -8.768860
vt 0.330330 -9.654310
vt 0.292517 -9.594330
vt 0.445520 -9.611540
vt 0.273419 -9.506990
vt -0.196187 -9.006110
vt -0.495766 -8.433180
vt -0.495766 -8.468260
vt -0.497943 -8.383410
vt -0.513217 -8.363000
vt -0.497943 -8.340670
vt -0.497943 -8.476400
vt -0.513217 -8.496820
vt -0.497943 -8.519150
vt -0.495766 -8.398100
vt 0.058523 -8.726160
vt 0.114437 -8.866230
vt 0.127360 -8.768120
vt 0.046170 -8.852620
vt -1.092950 1.210410
vt -1.148390 1.332860
vt -1.190880 1.308330
vt -1.068420 1.252890
vt -1.036450 1.308260
vt -0.959179 1.287560
vt -0.959179 1.223620
vt -0.999216 1.372760
vt -0.849936 1.252890
vt -0.959179 1.362030
vt -0.959179 1.442100
vt -0.919142 1.372760
vt -0.881906 1.308260
vt -0.889832 1.402070
vt -0.879104 1.442100
vt -0.825339 1.364830
vt -0.804633 1.442100
vt -0.769964 1.332860
vt -0.825407 1.210410
vt -0.727479 1.308330
vt -1.113730 1.442100
vt -1.177670 1.442100
vt -1.148390 1.551350
vt -1.093020 1.519380
vt -1.039250 1.442100
vt -1.093020 1.364830
vt -1.028530 1.482140
vt -1.036450 1.575950
vt -1.028530 1.402070
vt -0.999216 1.511450
vt -0.959179 1.596650
vt -0.959179 1.522180
vt -1.068420 1.631320
vt -0.919142 1.511450
vt -0.959179 1.660590
vt -1.092950 1.673800
vt -0.881906 1.575950
vt -1.190880 1.575880
vt -0.849936 1.631320
vt -0.889832 1.482140
vt -0.769964 1.551350
vt -0.825339 1.519380
vt -0.825407 1.673800
vt -0.740692 1.442100
vt -0.727480 1.575880
vt -0.245622 1.596550
vt -0.165706 1.700510
vt -0.245622 1.709620
vt -0.325537 1.700510
vt -0.165706 1.591290
vt -0.091230 1.673800
vt -0.325537 1.591290
vt -0.400017 1.673800
vt -0.245622 1.442110
vt -0.165706 1.442110
vt -0.091230 1.575880
vt -0.091230 1.442110
vt -0.027265 1.551350
vt -0.027265 1.442110
vt -0.027265 1.332860
vt -0.091230 1.308330
vt -0.165706 1.292920
vt -0.091230 1.210410
vt -0.165706 1.183700
vt -0.245622 1.287660
vt -0.245622 1.174590
vt -0.325537 1.183700
vt -0.325537 1.292920
vt -0.400017 1.210410
vt -0.325537 1.442110
vt -0.400017 1.308330
vt -0.400017 1.575880
vt -0.400017 1.442110
vt -0.464006 1.332870
vt -0.464006 1.551340
vt -0.464006 1.442110
vt -0.638220 1.397610
vt -0.542896 1.324790
vt -0.542896 1.374370
vt -0.542896 1.442110
vt -0.542896 1.559420
vt -0.638220 1.486600
vt -0.542896 1.509840
vt -0.638220 1.442110
vt -0.777242 1.466660
vt -0.777242 1.417550
vt -0.777242 1.442110
vt -0.988148 1.452090
vt -0.777242 1.484630
vt -0.988148 1.459400
vt -1.096760 1.449450
vt -0.988148 1.442110
vt -0.988148 1.432120
vt -1.096760 1.442110
vt -1.977540 1.446340
vt -1.096760 1.434760
vt -0.988148 1.424820
vt -0.777242 1.399580
vt -1.977540 1.437870
vt -1.977540 1.442110
vt -1.981630 1.439790
vt -1.981630 1.442110
vt -1.981630 1.444420
vt -1.752650 1.442100
vt -1.827130 1.308330
vt -1.752650 1.292920
vt -1.672740 1.442100
vt -1.672740 1.287660
vt -1.592820 1.292920
vt -1.592820 1.442100
vt -1.592820 1.591290
vt -1.518340 1.575880
vt -1.518340 1.308330
vt -1.518340 1.442100
vt -1.454350 1.551340
vt -1.454350 1.442100
vt -1.454350 1.332870
vt -1.592820 1.183700
vt -1.518340 1.210410
vt -1.375460 1.374370
vt -1.280140 1.365040
vt -1.280140 1.397610
vt -1.375460 1.442100
vt -1.141120 1.399580
vt -0.930211 1.424810
vt -1.141120 1.417550
vt -1.280140 1.442100
vt -0.930211 1.432120
vt -1.141120 1.442100
vt -1.280140 1.486600
vt -1.375460 1.509840
vt -1.280140 1.519170
vt -1.141120 1.484630
vt -1.141120 1.466660
vt -0.930211 1.452090
vt -0.930211 1.442100
vt -0.821603 1.434760
vt -0.821603 1.429380
vt -0.821603 1.449450
vt -0.821603 1.442100
vt 0.059183 1.434770
vt 0.059183 1.437870
vt 0.059183 1.446340
vt 0.059183 1.442100
vt 0.063274 1.439790
vt 0.063274 1.442100
vt 0.063274 1.444420
vt -1.891090 1.442100
vt -1.827130 1.442100
vt -1.891090 1.551350
vt -1.827130 1.575880
vt -1.891090 1.332860
vt -1.752650 1.700510
vt -1.827130 1.673800
vt -1.752650 1.591290
vt -1.672740 1.709620
vt -1.672740 1.596550
vt -1.068410 1.631300
vt -0.727481 1.575880
vt -0.825408 1.673800
vt -0.849947 1.631300
vt -1.148370 1.551340
vt -0.769984 1.551340
vt -1.026910 1.559420
vt -0.959179 1.660570
vt -1.076500 1.509840
vt -0.959179 1.577570
vt -0.891446 1.559420
vt -0.841862 1.509840
vt -0.823712 1.442100
vt -0.740715 1.442100
vt -0.769984 1.332870
vt -0.841862 1.374370
vt -0.849947 1.252910
vt -0.727481 1.308330
vt -0.825408 1.210410
vt -1.094650 1.442100
vt -1.177640 1.442100
vt -1.148370 1.332870
vt -1.068410 1.252910
vt -1.076500 1.374370
vt -1.026910 1.324790
vt -0.959179 1.223640
vt -0.891446 1.324790
vt -0.959179 1.306640
vt -0.963412 1.434770
vt -0.963194 1.439790
vt -0.966510 1.437870
vt -0.961497 1.438090
vt -0.959179 1.437470
vt -0.954946 1.434770
vt -0.955164 1.439790
vt -0.956861 1.438090
vt -0.951848 1.437870
vt -0.963815 1.442100
vt -0.954543 1.442100
vt -0.959179 1.446740
vt -0.963194 1.444420
vt -0.955164 1.444420
vt -0.961497 1.446120
vt -0.956861 1.446120
vt -0.954946 1.449440
vt -0.951848 1.446340
vt -0.963412 1.449440
vt -0.966510 1.446340
vt -1.518340 1.442110
vt -1.592820 1.442110
vt -1.454350 1.442110
vt -1.375460 1.324790
vt -1.375460 1.442110
vt -1.280140 1.442110
vt -1.375460 1.559420
vt -0.930211 1.459400
vt -0.930211 1.424820
vt 0.059183 1.442110
vt 0.063274 1.442110
vt -0.821603 1.454830
vt 0.059183 1.449440
vt -0.821603 1.442110
vt -0.930211 1.442110
vt -1.141120 1.442110
vt -1.891090 1.442110
vt -1.827130 1.442110
vt -1.752650 1.442110
vt -1.672740 1.442110
vt -1.827130 1.210410
vt -1.752650 1.183700
vt -1.592820 1.700510
vt -1.518340 1.673800
vt -0.638220 1.519170
vt -0.542896 1.442100
vt -0.464006 1.442100
vt -0.400017 1.442100
vt -0.325537 1.442100
vt -0.245622 1.442100
vt -0.165706 1.442100
vt -0.091230 1.442100
vt -0.638220 1.365040
vt -0.638220 1.442100
vt -0.988148 1.424810
vt -0.777242 1.442100
vt -0.988148 1.442100
vt -1.096760 1.429380
vt -1.977540 1.434770
vt -1.096760 1.442100
vt -1.977540 1.442100
vt -1.981630 1.442100
vt -0.027265 1.442100
s 1
usemtl Meshpart1Mtl
f 1/1/1 2/2/2 3/3/2
f 2/2/2 1/1/1 4/4/1
f 5/5/3 6/2/4 7/6/3
f 6/2/4 5/5/3 8/3/4
f 9/7/5 10/8/6 11/9/7
f 12/10/8 10/8/6 9/7/5
f 10/8/6 12/10/8 13/11/9
f 12/10/8 14/12/10 13/11/9
f 14/12/10 12/10/8 15/13/10
f 16/14/11 14/12/10 15/13/10
f 17/15/12 18/16/13 19/17/14
f 19/17/14 20/18/15 17/15/12
f 20/18/15 19/17/14 21/19/15
f 22/20/16 20/18/15 21/19/15
f 20/18/15 22/20/16 23/21/16
f 24/22/7 23/21/16 22/20/16
f 25/23/17 26/4/1 27/1/18
f 26/4/1 25/23/17 28/24/17
f 29/6/3 30/25/19 31/26/20
f 29/6/3 31/26/20 32/5/21
f 33/27/22 34/28/23 35/29/24
f 34/28/23 33/27/22 36/30/22
f 37/31/25 38/32/26 39/33/25
f 38/32/26 37/31/25 40/34/26
f 41/35/27 42/36/28 43/37/28
f 41/35/27 43/37/28 44/38/27
f 45/39/29 46/40/30 47/41/29
f 46/40/30 45/39/29 48/42/30
f 49/43/31 50/24/17 51/23/17
f 49/43/31 51/23/17 52/44/32
f 53/26/19 54/45/33 55/46/33
f 54/45/33 53/26/19 56/25/19
f 57/47/34 58/48/35 59/49/35
f 57/47/34 59/49/35 60/50/34
f 61/51/36 62/52/37 63/53/38
f 61/51/36 63/53/38 64/54/36
f 65/55/39 66/56/40 67/57/41
f 65/55/39 67/57/41 68/58/42
f 69/57/43 70/59/44 71/60/44
f 70/59/44 69/57/43 72/56/40
f 73/61/45 74/55/46 75/58/46
f 73/61/45 75/58/46 76/62/45
f 77/60/47 78/63/48 79/64/48
f 78/63/48 77/60/47 80/59/47
f 81/65/49 82/62/50 83/66/51
f 82/62/50 81/65/49 84/61/50
f 85/67/52 86/64/53 87/63/53
f 86/64/53 85/67/52 88/68/54
f 89/69/55 90/70/56 91/71/57
f 90/70/56 92/72/58 91/71/57
f 93/70/59 94/73/60 95/74/59
f 93/70/59 95/74/59 96/75/61
f 94/73/60 93/70/59 97/76/60
f 98/77/62 94/73/60 97/76/60
f 99/78/63 93/70/59 96/75/61
f 99/78/63 96/75/61 100/79/64
f 101/80/65 103/81/66 102/82/66
f 104/83/67 102/82/66 103/81/66
f 105/82/68 106/84/69 107/85/70
f 108/86/71 107/85/70 106/84/69
f 106/84/69 105/82/68 109/87/68
f 105/82/68 110/88/72 109/87/68
f 110/88/72 105/82/68 111/89/73
f 111/89/73 112/90/62 110/88/72
f 113/91/74 114/65/49 115/66/51
f 114/65/49 113/91/74 116/92/75
f 117/67/52 118/93/76 119/94/76
f 117/67/52 119/94/76 120/68/54
f 121/95/77 122/92/78 123/91/78
f 121/95/77 123/91/78 124/96/77
f 125/94/79 126/97/80 127/98/80
f 126/97/80 125/94/79 128/93/79
f 129/44/81 130/29/82 131/43/83
f 130/29/82 129/44/81 132/99/82
f 133/46/84 134/34/85 135/100/85
f 134/34/85 133/46/84 136/45/33
f 137/101/86 138/95/87 139/96/87
f 137/101/86 139/96/87 140/102/88
f 141/98/89 142/101/86 143/102/88
f 142/101/86 141/98/89 144/97/89
f 145/103/90 146/50/91 147/104/92
f 145/103/90 147/104/92 148/105/90
f 149/106/93 150/103/94 151/105/94
f 150/103/94 149/106/93 152/51/95
f 153/50/92 154/49/96 155/107/96
f 153/50/92 155/107/96 156/104/92
f 157/108/97 158/51/98 159/106/93
f 158/51/98 157/108/97 160/52/97
f 161/52/99 162/109/100 163/110/100
f 162/109/100 161/52/99 164/108/97
f 165/111/101 166/107/96 167/49/102
f 165/111/101 167/49/102 168/112/101
f 169/112/103 170/113/104 171/111/103
f 170/113/104 169/112/103 172/38/105
f 173/110/106 174/114/107 175/40/108
f 174/114/107 173/110/106 176/109/106
f 177/37/109 178/113/104 179/38/110
f 178/113/104 177/37/109 180/115/111
f 181/41/112 182/114/107 183/116/113
f 182/114/107 181/41/112 184/40/114
f 185/117/115 186/115/116 187/37/111
f 186/115/116 185/117/115 188/118/115
f 189/116/113 190/118/117 191/117/117
f 189/116/113 191/117/117 192/41/118
f 193/119/119 194/120/120 195/121/119
f 197/121/121 196/122/122 198/123/123
f 199/99/124 200/124/125 201/27/125
f 199/99/124 201/27/125 202/29/124
f 203/31/126 204/100/127 205/34/127
f 204/100/127 203/31/126 206/125/126
f 207/124/128 208/126/129 209/127/129
f 207/124/128 209/127/129 210/27/128
f 211/127/130 212/125/131 213/31/131
f 212/125/131 211/127/130 214/126/132
f 215/128/133 216/129/134 217/130/134
f 216/129/134 215/128/133 218/131/135
f 219/132/136 220/133/137 221/134/138
f 221/134/138 222/135/136 219/132/136
f 223/4/139 224/24/140 225/136/141
f 223/4/139 225/136/141 226/137/139
f 227/138/142 228/6/143 229/139/144
f 228/6/143 227/138/142 230/25/145
f 231/140/146 232/10/147 233/7/148
f 231/140/146 234/13/149 232/10/147
f 235/15/150 237/18/151 236/141/152
f 238/21/153 236/141/152 237/18/151
f 239/96/154 240/91/155 241/142/156
f 239/96/154 241/142/156 242/143/154
f 243/144/157 244/98/158 245/145/159
f 244/98/158 243/144/157 246/94/160
f 247/131/161 248/146/162 249/147/163
f 248/146/162 247/131/161 250/128/164
f 251/148/165 252/134/166 253/133/167
f 251/148/165 253/133/167 254/149/168
f 255/58/169 256/150/170 257/62/171
f 256/150/170 255/58/169 258/151/169
f 259/60/172 260/152/173 261/153/174
f 260/152/173 259/60/172 262/64/175
f 263/147/176 264/154/177 265/155/177
f 264/154/177 263/147/176 266/146/178
f 267/149/179 268/154/180 269/148/181
f 268/154/180 267/149/179 270/155/177
f 271/156/182 272/157/183 273/158/182
f 272/157/183 271/156/182 274/159/183
f 275/156/184 276/160/185 277/159/185
f 276/160/185 275/156/184 278/161/184
f 279/146/186 280/128/187 281/162/188
f 282/148/189 283/163/190 284/134/191
f 285/164/192 286/165/193 287/166/194
f 286/165/193 285/164/192 288/167/195
f 289/168/196 290/169/197 291/170/198
f 290/169/197 289/168/196 292/171/199
f 293/172/200 294/161/184 295/156/184
f 294/161/184 293/172/200 296/173/200
f 293/172/200 297/174/201 296/173/200
f 297/174/201 293/172/200 298/175/202
f 299/172/203 300/158/182 301/176/203
f 300/158/182 299/172/203 302/156/182
f 299/172/203 301/176/203 303/177/204
f 299/172/203 303/177/204 304/175/205
f 304/175/204 305/177/204 306/178/206
f 307/179/207 308/167/208 309/164/209
f 308/167/208 307/179/207 310/180/207
f 311/168/210 312/170/211 313/179/207
f 312/170/211 314/180/207 313/179/207
f 315/174/201 316/175/201 317/178/212
f 318/181/213 319/182/214 320/183/214
f 319/182/214 318/181/213 321/184/215
f 322/185/216 323/186/216 324/181/213
f 323/186/216 325/184/215 324/181/213
f 326/187/217 327/188/218 328/189/218
f 327/188/218 326/187/217 329/190/219
f 330/191/220 331/188/221 332/192/222
f 331/188/221 330/191/220 333/189/218
f 334/184/223 335/193/224 336/194/223
f 334/184/223 337/195/224 335/193/224
f 338/196/225 339/184/223 340/194/223
f 339/184/223 338/196/225 341/197/225
f 342/184/226 343/198/227 344/182/228
f 343/198/227 345/199/228 344/182/228
f 346/186/229 347/198/227 348/184/226
f 347/198/227 346/186/229 349/200/229
f 350/184/230 351/201/231 352/195/232
f 351/201/231 350/184/230 353/202/230
f 354/203/233 355/184/230 356/197/233
f 355/184/230 354/203/233 357/202/230
f 358/204/234 359/205/235 360/206/234
f 359/205/235 358/204/234 361/207/236
f 362/208/237 363/205/237 364/209/238
f 365/210/239 366/205/240 362/208/240
f 365/210/239 367/206/239 366/205/240
f 368/211/241 369/212/242 370/213/242
f 369/212/242 368/211/241 371/214/241
f 372/211/243 373/215/244 374/216/244
f 374/216/244 375/214/243 372/211/243
f 376/205/236 377/207/236 378/209/245
f 379/217/246 380/218/247 381/219/248
f 380/218/247 379/217/246 382/220/249
f 383/221/250 384/222/251 385/223/252
f 385/223/252 386/224/253 383/221/250
f 387/214/254 388/225/254 389/212/255
f 388/225/254 390/226/255 389/212/255
f 391/216/256 392/225/257 393/214/257
f 392/225/257 391/216/256 394/227/256
f 395/228/258 396/229/259 397/230/260
f 396/229/259 395/228/258 398/231/261
f 398/231/261 399/232/262 400/229/259
f 399/232/262 401/233/262 400/229/259
f 402/234/263 403/229/264 404/233/263
f 403/229/264 402/234/263 405/235/265
f 405/235/265 406/236/266 407/229/264
f 407/229/264 406/236/266 408/230/267
f 408/230/268 409/236/266 410/237/269
f 411/219/270 412/238/271 413/239/271
f 412/238/271 411/219/270 414/218/272
f 415/238/271 416/221/273 417/224/274
f 417/224/274 418/239/271 415/238/271
f 419/228/258 420/230/275 421/237/276
f 422/240/277 423/241/278 424/242/278
f 425/243/279 426/242/278 427/241/278
f 428/244/280 429/245/281 430/246/282
f 431/247/283 432/248/284 433/249/283
f 432/248/284 431/247/283 434/250/284
f 435/251/285 436/252/285 437/253/286
f 436/252/285 438/254/286 437/253/286
f 439/253/286 440/255/287 441/256/288
f 440/255/287 439/253/286 442/254/286
f 443/257/289 444/258/290 445/259/291
f 445/259/291 444/258/290 446/260/292
f 447/261/293 448/262/294 449/263/295
f 448/262/294 447/261/293 450/264/293
f 451/265/296 452/257/297 453/259/291
f 452/257/297 451/265/296 454/266/296
f 455/248/284 456/250/284 457/267/298
f 456/250/284 458/268/298 457/267/298
f 459/242/299 460/269/300 461/270/301
f 461/270/301 462/271/302 459/242/299
f 463/266/303 464/265/303 465/272/304
f 463/266/303 465/272/304 466/273/305
f 467/274/306 468/275/306 469/276/307
f 470/273/308 472/272/304 471/275/306
f 473/262/295 474/277/309 475/263/295
f 473/262/295 476/278/309 474/277/309
f 477/268/298 478/279/234 479/267/298
f 478/279/234 477/268/298 480/280/234
f 481/281/310 482/282/311 483/257/312
f 483/257/312 482/282/311 484/258/313
f 485/283/314 486/253/315 487/284/315
f 486/253/315 485/283/314 488/251/316
f 489/243/317 490/285/318 491/241/319
f 491/241/319 490/285/318 492/286/320
f 493/284/315 494/253/315 495/287/321
f 494/253/315 496/256/321 495/287/321
f 497/266/263 498/281/322 499/257/312
f 498/281/322 497/266/263 500/288/323
f 501/289/324 502/290/325 503/291/324
f 501/289/324 504/292/325 502/290/325
f 505/293/326 506/289/327 507/291/327
f 506/289/327 505/293/326 508/294/326
f 509/295/328 510/290/329 511/296/329
f 510/290/329 509/295/328 512/291/328
f 513/297/185 514/247/330 515/298/330
f 514/247/330 513/297/185 516/250/185
f 517/247/331 518/299/332 515/298/331
f 518/299/332 517/247/331 519/300/332
f 520/293/333 521/295/334 522/301/333
f 521/295/334 520/293/333 523/291/334
f 524/261/335 525/302/336 526/303/335
f 525/302/336 524/261/335 527/263/337
f 528/302/337 529/277/338 530/304/338
f 529/277/338 528/302/337 531/263/339
f 533/305/190 532/306/340 534/307/341
f 535/271/342 536/305/343 537/286/342
f 536/305/343 535/271/342 538/308/344
f 539/285/345 540/271/342 541/286/342
f 540/271/342 539/285/345 542/270/199
f 543/309/346 544/310/347 545/311/347
f 544/310/347 543/309/346 546/312/346
f 547/309/348 548/313/349 549/314/348
f 548/313/349 547/309/348 550/311/349
f 551/315/350 552/316/351 553/317/352
f 551/315/350 553/317/352 554/318/353
f 555/319/354 556/315/355 557/318/353
f 556/315/355 555/319/354 558/320/356
f 559/321/357 560/316/358 561/322/359
f 560/316/358 559/321/357 562/317/360
f 563/323/361 564/320/362 565/319/363
f 564/320/362 563/323/361 566/324/364
f 568/325/365 567/133/277 569/326/280
f 570/131/366 571/327/367 572/328/368
f 574/132/365 573/321/369 575/322/370
f 576/323/371 577/129/367 578/324/372
f 580/149/281 579/326/280 581/133/373
f 583/147/374 584/131/375 582/328/368
f 586/329/376 587/311/349 585/330/377
f 587/311/349 586/329/376 588/313/378
f 590/311/379 591/331/380 589/330/283
f 591/331/380 590/311/379 592/310/381
f 593/332/382 594/333/383 595/334/384
f 596/335/385 597/336/386 598/337/385
f 597/336/386 596/335/385 599/338/387
f 600/335/385 601/339/388 602/340/389
f 601/339/388 600/335/385 603/337/385
f 604/341/311 605/332/390 606/342/313
f 606/342/313 605/332/390 607/343/391
f 607/343/391 608/332/390 609/334/392
f 610/59/393 611/344/394 612/345/395
f 611/344/394 610/59/393 613/60/393
f 614/344/396 615/58/397 616/55/398
f 616/55/398 617/345/395 614/344/396
f 618/63/399 619/60/400 620/59/400
f 619/60/400 618/63/399 621/64/399
f 622/61/401 623/58/402 624/62/401
f 623/58/402 622/61/401 625/55/402
f 626/326/403 627/336/386 628/338/404
f 626/326/403 628/338/404 629/163/405
f 630/328/406 631/340/407 632/339/388
f 631/340/407 630/328/406 633/162/408
f 634/64/409 635/67/410 636/68/411
f 635/67/410 634/64/409 637/63/409
f 638/62/412 639/65/413 640/61/412
f 639/65/413 638/62/412 641/66/414
f 642/346/415 643/332/416 644/341/417
f 643/332/416 642/346/415 645/333/383
f 646/94/418 647/68/411 648/67/410
f 648/67/410 649/93/418 646/94/418
f 650/65/413 651/91/419 652/92/419
f 651/91/419 650/65/413 653/66/414
f 654/97/420 655/94/421 656/93/421
f 655/94/421 654/97/420 657/98/420
f 658/91/422 659/96/423 660/95/423
f 660/95/423 661/92/422 658/91/422
f 662/347/424 663/98/425 664/97/425
f 663/98/425 662/347/424 665/348/426
f 666/347/424 667/96/427 668/348/426
f 667/96/427 666/347/424 669/95/427
f 670/349/428 671/5/429 672/350/430
f 671/5/429 670/349/428 673/6/429
f 674/349/431 675/1/432 676/4/432
f 675/1/432 674/349/431 677/350/433
f 678/163/434 679/351/435 680/325/436
f 680/325/436 681/326/437 678/163/434
f 682/327/438 683/162/439 684/328/440
f 683/162/439 682/327/438 685/352/438
f 686/21/441 687/20/441 688/22/442
f 687/20/441 686/21/441 689/18/443
f 689/18/443 690/19/444 687/20/441
f 689/18/443 691/17/445 690/19/444
f 691/17/445 689/18/443 692/15/446
f 693/16/447 691/17/445 692/15/446
f 694/13/448 695/14/447 696/12/449
f 697/10/450 694/13/448 696/12/449
f 698/11/450 697/10/450 696/12/449
f 699/8/451 697/10/450 698/11/450
f 697/10/450 699/8/451 700/7/451
f 701/9/442 700/7/451 699/8/451
f 702/26/452 703/5/453 704/6/429
f 702/26/452 704/6/429 705/25/452
f 706/4/432 707/23/454 708/24/454
f 707/23/454 706/4/432 709/1/455
f 710/32/456 711/31/457 712/34/456
f 711/31/457 710/32/456 713/33/458
f 714/28/459 715/27/460 716/30/461
f 715/27/460 714/28/459 717/29/459
f 718/40/462 719/39/463 720/42/462
f 719/39/463 718/40/462 721/41/463
f 722/35/464 723/37/465 724/38/464
f 723/37/465 722/35/464 725/36/465
f 726/45/466 727/26/452 728/25/452
f 727/26/452 726/45/466 729/46/466
f 730/23/454 731/44/467 732/43/468
f 730/23/454 732/43/468 733/24/454
f 734/353/469 735/52/470 736/53/470
f 735/52/470 734/353/469 737/51/469
f 738/50/471 739/48/472 740/49/472
f 739/48/472 738/50/471 741/354/471
f 742/98/473 743/144/474 744/94/474
f 743/144/474 742/98/473 745/145/475
f 746/142/476 747/143/477 748/96/477
f 748/96/477 749/91/478 746/142/476
f 750/150/479 751/58/480 752/151/480
f 751/58/480 750/150/479 753/62/481
f 754/152/482 755/60/483 756/64/484
f 755/60/483 754/152/482 757/153/485
f 758/355/486 759/356/487 760/357/488
f 761/358/489 760/357/488 759/356/487
f 759/356/487 758/355/486 762/71/486
f 758/355/486 763/359/490 762/71/486
f 763/359/490 758/355/486 764/360/491
f 763/359/490 764/360/491 765/361/492
f 767/74/493 766/360/494 768/355/495
f 769/357/496 767/74/493 768/355/495
f 770/362/497 771/363/498 772/364/498
f 773/365/499 772/364/498 771/363/498
f 770/362/497 772/364/498 774/81/497
f 770/362/497 774/81/497 775/366/500
f 774/81/497 776/367/500 775/366/500
f 776/367/500 777/368/489 775/366/500
f 778/366/501 779/87/502 780/362/503
f 779/87/502 781/363/504 780/362/503
f 782/34/505 783/46/506 784/45/466
f 783/46/506 782/34/505 785/100/505
f 786/29/507 787/44/508 788/99/507
f 787/44/508 786/29/507 789/43/467
f 790/369/509 791/106/510 792/51/510
f 791/106/510 790/369/509 793/370/511
f 794/369/512 795/104/513 796/370/511
f 795/104/513 794/369/512 797/50/514
f 798/51/515 799/108/516 800/52/517
f 799/108/516 798/51/515 801/106/515
f 802/107/518 803/104/519 804/50/520
f 804/50/520 805/49/521 802/107/518
f 806/109/522 807/52/523 808/108/523
f 807/52/523 806/109/522 809/110/522
f 810/49/524 811/112/525 812/111/525
f 810/49/524 812/111/525 813/107/524
f 814/114/526 815/110/522 816/109/522
f 815/110/522 814/114/526 817/40/526
f 818/113/527 819/112/525 820/38/527
f 819/112/525 818/113/527 821/111/525
f 822/114/528 823/41/529 824/40/528
f 823/41/529 822/114/528 825/116/529
f 826/113/530 827/37/531 828/115/531
f 827/37/531 826/113/530 829/38/530
f 830/371/532 831/41/533 832/116/533
f 830/371/532 832/116/533 833/372/532
f 834/115/534 835/371/532 836/372/532
f 835/371/532 834/115/534 837/37/534
f 838/100/535 839/31/536 840/125/536
f 839/31/536 838/100/535 841/34/535
f 842/99/537 843/27/538 844/29/537
f 843/27/538 842/99/537 845/124/538
f 846/125/539 847/373/540 848/374/541
f 847/373/540 846/125/539 849/31/539
f 850/373/542 851/27/543 852/124/543
f 852/124/543 853/374/542 850/373/542
f 854/6/544 855/138/545 856/25/546
f 855/138/545 854/6/544 857/139/544
f 858/136/547 859/137/548 860/4/548
f 860/4/548 861/24/547 858/136/547
f 862/375/549 863/376/549 864/377/550
f 865/378/551 866/375/551 867/377/552
f 868/379/553 869/378/553 870/377/554
f 871/380/555 872/381/556 873/379/557
f 871/380/555 873/379/557 874/376/558
f 874/376/557 875/379/557 876/377/559
f 877/382/560 878/383/561 879/384/561
f 878/383/561 877/382/560 880/385/560
f 881/386/562 882/387/562 883/382/560
f 882/387/562 884/385/560 883/382/560
f 885/388/563 886/389/564 887/390/565
f 888/391/566 889/379/553 890/381/567
f 889/379/553 888/391/566 891/378/553
f 892/392/568 893/393/569 894/394/569
f 894/394/569 895/395/570 892/392/568
f 896/396/571 897/392/572 898/395/573
f 896/396/571 898/395/573 899/397/574
f 900/398/575 901/399/576 902/400/577
f 901/399/576 900/398/575 903/401/578
f 904/394/569 905/401/579 906/398/580
f 905/401/579 904/394/569 907/393/569
f 908/402/581 909/403/582 910/388/583
f 908/402/581 910/388/583 911/404/584
f 911/404/585 912/388/583 913/390/586
f 914/405/587 916/388/563 915/403/588
f 916/388/563 914/405/587 917/389/589
f 918/406/590 919/382/590 920/407/591
f 919/382/590 921/384/591 920/407/591
f 922/408/592 923/382/590 924/406/590
f 923/382/590 922/408/592 925/386/593
f 926/409/146 927/410/148 929/411/594
f 930/412/595 929/411/594 927/410/148
f 928/413/149 926/409/147 931/414/149
f 928/413/149 931/414/149 932/415/596
f 933/416/597 934/417/150 935/418/152
f 936/419/596 934/417/150 933/416/597
f 935/418/151 937/420/153 938/421/598
f 937/420/153 939/422/599 938/421/598
f 940/423/600 941/424/601 942/425/600
f 940/423/600 943/426/601 941/424/601
f 944/427/602 945/423/603 946/425/603
f 945/423/603 944/427/602 947/428/602
f 948/429/604 949/424/605 950/430/605
f 949/424/605 948/429/604 951/425/604
f 952/427/606 953/429/607 954/431/606
f 953/429/607 952/427/606 955/425/607
f 956/432/608 957/433/609 958/382/610
f 956/432/608 959/434/609 957/433/609
f 960/435/144 961/432/610 962/382/608
f 961/432/610 960/435/144 963/436/144
f 964/437/611 965/438/612 966/439/611
f 964/437/611 967/440/613 965/438/612
f 968/437/611 969/441/614 970/442/340
f 969/441/614 968/437/611 971/439/611
f 972/409/615 973/443/616 974/444/615
f 972/409/615 974/444/615 975/445/617
f 973/443/616 972/409/615 976/411/616
f 977/412/618 973/443/616 976/411/616
f 975/445/617 978/414/619 972/409/615
f 978/414/619 975/445/617 979/415/620
f 980/418/621 981/446/622 982/416/622
f 983/419/620 982/416/622 981/446/622
f 981/446/622 980/418/621 984/447/623
f 984/447/623 980/418/621 985/448/624
f 980/418/621 986/421/625 985/448/624
f 986/421/625 987/422/626 985/448/624
f 988/449/627 989/433/628 990/450/628
f 989/433/628 988/449/627 991/382/627
f 992/435/629 993/449/630 994/451/629
f 993/449/630 992/435/629 995/382/627
f 996/452/366 997/453/631 998/454/631
f 1000/453/367 999/455/371 1001/454/631
f 1002/456/368 1003/457/632 1004/458/374
f 1005/459/377 1006/460/633 1007/461/633
f 1006/460/633 1005/459/377 1008/462/377
f 1009/463/634 1010/464/635 1011/465/635
f 1010/464/635 1009/463/634 1012/466/634
f 1013/467/636 1014/468/636 1015/463/634
f 1014/468/636 1016/466/634 1015/463/634
f 1017/469/637 1018/470/638 1019/471/639
f 1018/470/638 1017/469/637 1020/472/640
f 1021/473/641 1022/474/24 1023/475/641
f 1021/473/641 1024/476/24 1022/474/24
f 1025/477/55 1026/478/55 1027/479/642
f 1028/480/56 1026/478/55 1025/477/55
f 1029/481/58 1028/480/57 1030/482/58
f 1031/483/643 1029/481/58 1030/482/58
f 1032/484/644 1033/485/645 1034/486/65
f 1034/486/65 1035/487/66 1032/484/644
f 1035/487/646 1036/488/67 1037/489/67
f 1038/490/642 1037/489/67 1036/488/67
f 1039/470/638 1040/472/647 1041/491/648
f 1040/472/647 1042/492/648 1041/491/648
f 1043/461/633 1044/493/649 1045/494/650
f 1044/493/649 1043/461/633 1046/460/633
f 1047/495/651 1048/453/652 1049/496/653
f 1048/453/652 1047/495/651 1050/497/654
f 1051/492/655 1052/498/656 1053/491/657
f 1052/498/656 1051/492/655 1054/499/658
f 1055/500/659 1056/501/660 1057/502/661
f 1058/499/662 1059/500/659 1060/498/656
f 1061/503/140 1062/473/641 1063/475/641
f 1062/473/641 1061/503/140 1064/504/140
f 1065/505/239 1066/494/649 1067/506/239
f 1066/494/649 1068/493/649 1067/506/239
f 1069/507/663 1070/472/664 1071/469/415
f 1070/472/664 1069/507/663 1072/508/665
f 1073/509/666 1074/463/666 1075/510/667
f 1074/463/666 1076/465/667 1075/510/667
f 1077/511/668 1078/454/669 1079/512/670
f 1078/454/669 1077/511/668 1080/455/671
f 1081/513/672 1082/463/666 1083/509/666
f 1082/463/666 1081/513/672 1084/467/672
f 1085/472/673 1086/508/674 1087/492/262
f 1086/508/674 1088/514/675 1087/492/262
f 1089/515/676 1090/516/677 1091/517/677
f 1090/516/677 1089/515/676 1092/518/676
f 1093/516/678 1094/519/679 1095/517/678
f 1093/516/678 1096/520/679 1094/519/679
f 1097/515/680 1098/521/681 1099/522/680
f 1098/521/681 1097/515/680 1100/517/681
f 1101/523/682 1102/459/683 1103/524/683
f 1102/459/683 1101/523/682 1104/525/682
f 1105/459/684 1106/526/183 1103/524/684
f 1106/526/183 1105/459/684 1107/461/183
f 1108/521/685 1109/519/686 1110/527/686
f 1109/519/686 1108/521/685 1111/517/685
f 1112/528/687 1113/474/688 1114/529/688
f 1113/474/688 1112/528/687 1115/475/687
f 1116/530/494 1117/481/494 1118/483/689
f 1116/530/494 1119/531/495 1117/481/494
f 1121/478/496 1119/531/493 1120/532/496
f 1122/479/690 1121/478/496 1120/532/496
f 1123/533/501 1124/490/690 1125/488/501
f 1126/534/503 1123/533/501 1125/488/501
f 1127/535/504 1126/534/502 1128/486/504
f 1129/485/691 1127/535/504 1128/486/504
f 1130/503/692 1131/528/687 1132/536/692
f 1131/528/687 1130/503/692 1133/475/687
f 1134/537/613 1135/538/188 1136/539/693
f 1137/496/694 1138/538/188 1139/540/187
f 1138/538/188 1137/496/694 1140/512/694
f 1141/496/695 1142/495/194 1143/511/696
f 1141/496/695 1143/511/696 1144/512/694
usemtl Meshpart2Mtl
f 1147/541/697 1148/542/24 1146/543/698
f 1148/542/24 1147/541/697 1149/544/699
f 1148/542/24 1149/544/699 1150/545/700
f 1149/544/699 1152/546/701 1150/545/700
f 1152/546/701 1149/544/699 1151/547/702
f 1152/546/701 1153/548/703 1150/545/700
f 1154/549/704 1152/546/701 1151/547/702
f 1153/548/703 1152/546/701 1155/550/705
f 1153/548/703 1155/550/705 1156/551/706
f 1152/546/701 1157/552/707 1155/550/705
f 1155/550/705 1157/552/707 1156/551/706
f 1157/552/707 1152/546/701 1158/553/708
f 1152/546/701 1154/549/704 1158/553/708
f 1157/552/707 1159/554/709 1156/551/706
f 1157/552/707 1158/553/708 1159/554/709
f 1159/554/709 1160/555/710 1156/551/706
f 1161/556/711 1160/555/710 1159/554/709
f 1158/553/708 1161/556/711 1159/554/709
f 1162/557/712 1160/555/710 1161/556/711
f 1163/558/713 1162/557/712 1161/556/711
f 1158/553/708 1163/558/713 1161/556/711
f 1163/558/713 1158/553/708 1154/549/704
f 1163/558/713 1154/549/704 1164/559/714
f 1164/559/714 1165/560/715 1163/558/713
f 1148/542/24 1167/561/716 1166/562/717
f 1167/561/716 1168/563/140 1166/562/717
f 1168/563/140 1167/561/716 1169/564/718
f 1170/565/719 1169/564/718 1167/561/716
f 1171/566/720 1170/565/719 1167/561/716
f 1167/561/716 1148/542/24 1171/566/720
f 1169/564/718 1170/565/719 1172/567/721
f 1173/568/722 1168/563/140 1169/564/718
f 1172/567/721 1173/568/722 1169/564/718
f 1170/565/719 1171/566/720 1174/569/723
f 1172/567/721 1170/565/719 1156/551/706
f 1170/565/719 1174/569/723 1156/551/706
f 1150/545/700 1174/569/723 1171/566/720
f 1148/542/24 1150/545/700 1171/566/720
f 1174/569/723 1150/545/700 1153/548/703
f 1174/569/723 1153/548/703 1156/551/706
f 1173/568/722 1172/567/721 1175/570/724
f 1175/570/724 1172/567/721 1156/551/706
f 1173/568/722 1175/570/724 1176/571/725
f 1176/571/725 1175/570/724 1177/572/726
f 1177/572/726 1175/570/724 1156/551/706
f 1176/571/725 1178/573/609 1173/568/722
f 1168/563/140 1173/568/722 1178/573/609
f 1179/574/727 1176/571/725 1177/572/726
f 1179/574/727 1177/572/726 1156/551/706
f 1178/573/609 1176/571/725 1180/575/728
f 1181/576/729 1168/563/140 1178/573/609
f 1176/571/725 1179/574/727 1182/577/730
f 1168/563/140 1181/576/729 1145/578/731
f 1183/579/144 1180/575/728 1176/571/725
f 1176/571/725 1182/577/730 1183/579/144
f 1184/580/732 1182/577/730 1179/574/727
f 1184/580/732 1179/574/727 1156/551/706
f 1182/577/730 1185/581/733 1183/579/144
f 1182/577/730 1184/580/732 1186/582/734
f 1185/581/733 1182/577/730 1186/582/734
f 1160/555/710 1186/582/734 1184/580/732
f 1160/555/710 1184/580/732 1156/551/706
f 1186/582/734 1160/555/710 1162/557/712
f 1162/557/712 1185/581/733 1186/582/734
f 1185/581/733 1187/583/735 1183/579/144
f 1185/581/733 1162/557/712 1188/584/736
f 1187/583/735 1185/581/733 1189/585/737
f 1163/558/713 1188/584/736 1162/557/712
f 1197/586/738 1195/587/739 1196/588/740
f 1192/589/741 1197/586/738 1196/588/740
f 1198/590/742 1194/591/698 1195/587/739
f 1195/587/739 1197/586/738 1198/590/742
f 1197/586/738 1192/589/741 1199/592/743
f 1190/593/744 1199/592/743 1192/589/741
f 1200/594/745 1198/590/742 1197/586/738
f 1199/592/743 1200/594/745 1197/586/738
f 1203/595/746 1201/596/747 1198/590/742
f 1198/590/742 1200/594/745 1203/595/746
f 1201/596/747 1203/595/746 1205/597/748
f 1205/597/748 1204/598/699 1201/596/747
f 1204/598/699 1205/597/748 1206/599/749
f 1205/597/748 1207/600/704 1206/599/749
f 1207/600/704 1205/597/748 1208/601/714
f 1203/595/746 1208/601/714 1205/597/748
f 1208/601/714 1203/595/746 1210/602/750
f 1210/602/750 1209/603/751 1208/601/714
f 1200/594/745 1210/602/750 1203/595/746
f 1209/603/751 1210/602/750 1211/604/752
f 1210/602/750 1200/594/745 1212/605/753
f 1212/605/753 1211/604/752 1210/602/750
f 1211/604/752 1212/605/753 1213/606/754
f 1212/605/753 1214/607/755 1213/606/754
f 1200/594/745 1215/608/756 1212/605/753
f 1214/607/755 1212/605/753 1215/608/756
f 1215/608/756 1216/609/757 1214/607/755
f 1219/610/758 1218/611/759 1215/608/756
f 1215/608/756 1200/594/745 1219/610/758
f 1200/594/745 1199/592/743 1219/610/758
f 1202/612/760 1219/610/758 1199/592/743
f 1218/611/759 1219/610/758 1220/613/761
f 1219/610/758 1202/612/760 1220/613/761
f 1220/613/761 1217/614/762 1218/611/759
f 1220/613/761 1202/612/760 1193/615/763
f 1217/614/762 1220/613/761 1222/616/764
f 1220/613/761 1193/615/763 1222/616/764
f 1226/617/765 1221/618/766 1223/619/767
f 1226/617/765 1223/619/767 1225/620/768
f 1191/621/769 1227/622/770 1224/623/771
f 1227/622/770 1225/620/768 1224/623/771
f 1225/620/768 1227/622/770 1228/624/772
f 1226/617/765 1225/620/768 1228/624/772
f 1229/625/773 1228/624/772 1227/622/770
f 1231/626/774 1226/617/765 1228/624/772
f 1228/624/772 1229/625/773 1232/627/775
f 1231/626/774 1228/624/772 1232/627/775
f 1233/628/776 1232/627/775 1229/625/773
f 1230/629/777 1234/630/778 1233/628/776
f 1234/630/778 1235/631/779 1233/628/776
f 1235/631/779 1236/632/780 1233/628/776
f 1232/627/775 1233/628/776 1236/632/780
f 1238/633/781 1232/627/775 1236/632/780
f 1238/633/781 1231/626/774 1232/627/775
f 1236/632/780 1235/631/779 1239/634/782
f 1237/635/783 1239/634/782 1235/631/779
f 1240/636/784 1238/633/781 1236/632/780
f 1240/636/784 1236/632/780 1239/634/782
f 1240/636/784 1242/637/785 1238/633/781
f 1241/638/786 1238/633/781 1242/637/785
f 1243/639/787 1240/636/784 1239/634/782
f 1243/639/787 1239/634/782 1244/640/788
f 1244/640/788 1245/641/789 1243/639/787
f 1239/634/782 1237/635/783 1244/640/788
f 1245/641/789 1244/640/788 1246/642/790
f 1237/635/783 1247/643/791 1244/640/788
f 1246/642/790 1244/640/788 1247/643/791
f 1256/644/792 1254/645/793 1255/646/794
f 1255/646/794 1257/647/795 1256/644/792
f 1257/647/795 1255/646/794 1258/648/796
f 1257/647/795 1258/648/796 1259/649/797
f 1259/649/797 1261/650/798 1257/647/795
f 1262/651/799 1257/647/795 1261/650/798
f 1261/650/798 1248/652/800 1262/651/799
f 1261/650/798 1259/649/797 1263/653/801
f 1248/652/800 1261/650/798 1264/654/802
f 1263/653/801 1264/654/802 1261/650/798
f 1264/654/802 1249/655/803 1248/652/800
f 1249/655/803 1264/654/802 1265/656/804
f 1264/654/802 1263/653/801 1266/657/805
f 1266/657/805 1265/656/804 1264/654/802
f 1263/653/806 1260/658/807 1268/659/808
f 1269/660/766 1270/661/809 1271/662/810
f 1271/662/810 1267/663/811 1269/660/766
f 1272/664/812 1271/662/810 1270/661/809
f 1273/665/813 1275/666/814 1272/664/812
f 1271/662/810 1272/664/812 1275/666/814
f 1275/666/814 1277/667/815 1271/662/810
f 1267/663/811 1271/662/810 1277/667/815
f 1276/668/816 1278/669/817 1275/666/814
f 1277/667/815 1275/666/814 1278/669/817
f 1279/670/818 1267/663/811 1277/667/815
f 1267/663/811 1279/670/818 1250/671/819
f 1250/671/819 1279/670/818 1251/672/820
f 1252/673/821 1251/672/820 1279/670/818
f 1277/667/815 1280/674/822 1279/670/818
f 1280/674/822 1277/667/815 1278/669/817
f 1278/669/817 1281/675/823 1280/674/822
f 1278/669/817 1282/676/824 1281/675/823
f 1278/669/817 1276/668/816 1282/676/824
f 1283/677/825 1282/676/824 1276/668/816
f 1276/668/816 1274/678/826 1283/677/825
f 1282/676/824 1284/679/827 1281/675/823
f 1282/676/824 1283/677/825 1285/680/828
f 1282/676/824 1285/680/828 1284/679/827
f 1286/681/829 1283/677/825 1274/678/826
f 1287/682/830 1285/680/828 1283/677/825
f 1283/677/825 1286/681/829 1287/682/830
f 1285/680/828 1288/683/831 1284/679/827
f 1285/680/828 1287/682/830 1289/684/832
f 1285/680/828 1289/684/832 1288/683/831
f 1290/685/833 1289/684/832 1287/682/830
f 1289/684/832 1290/685/833 1291/686/834
f 1292/687/835 1289/684/832 1291/686/834
f 1289/684/832 1292/687/835 1288/683/831
f 1295/688/836 1297/689/837 1293/690/733
f 1297/689/837 1296/691/838 1293/690/733
f 1253/692/713 1297/689/837 1295/688/836
f 1296/691/839 1298/693/840 1294/694/841
f 1297/689/837 1256/644/792 1296/691/838
f 1256/644/792 1299/695/842 1296/691/838
f 1254/645/793 1256/644/792 1297/689/837
f 1297/689/837 1253/692/713 1254/645/793
f 1300/696/843 1299/695/842 1301/697/844
f 1299/695/842 1256/644/792 1257/647/795
f 1257/647/795 1301/697/844 1299/695/842
f 1301/697/844 1262/651/799 1300/696/843
f 1257/647/795 1262/651/799 1301/697/844
f 1305/578/845 1304/698/846 1302/576/847
f 1307/699/848 1303/700/849 1306/701/850
f 1304/698/846 1305/578/845 1309/702/851
f 1307/699/848 1306/701/850 1310/703/852
f 1311/704/853 1308/705/854 1304/698/846
f 1304/698/846 1312/706/819 1311/704/853
f 1312/706/819 1304/698/846 1309/702/851
f 1308/705/854 1311/704/853 1313/707/855
f 1314/708/856 1308/705/854 1313/707/855
f 1306/701/850 1308/705/854 1314/708/856
f 1306/701/850 1314/708/856 1315/709/857
f 1310/703/852 1306/701/850 1315/709/857
f 1316/710/858 1310/703/852 1315/709/857
f 1310/703/852 1316/710/858 1317/711/859
f 1316/710/858 1318/712/860 1317/711/859
f 1318/712/860 1316/710/858 1320/713/769
f 1321/714/861 1319/715/862 1318/712/860
f 1320/713/769 1321/714/861 1318/712/860
f 1319/715/862 1321/714/861 1322/716/863
f 1326/717/864 1309/702/851 1324/718/865
f 1324/718/865 1325/719/866 1326/717/864
f 1309/702/851 1326/717/864 1312/706/819
f 1327/720/867 1325/719/866 1323/543/757
f 1327/720/867 1323/543/757 1328/541/868
f 1327/720/867 1329/721/766 1325/719/866
f 1326/717/864 1325/719/866 1329/721/766
f 1329/721/766 1327/720/867 1331/722/767
f 1330/723/764 1331/722/767 1327/720/867
f 1332/724/771 1330/723/764 1321/714/861
f 1321/714/861 1320/713/769 1332/724/771
f 1331/722/767 1330/723/764 1333/725/869
f 1330/723/764 1332/724/771 1333/725/869
f 1335/726/787 1338/727/870 1336/728/830
f 1338/727/870 1335/726/787 1339/729/871
f 1340/730/790 1338/727/870 1339/729/871
f 1334/731/783 1342/732/872 1341/733/873
f 1342/732/872 1340/730/790 1341/733/873
f 1342/732/872 1334/731/783 1343/734/874
f 1338/727/870 1340/730/790 1344/735/875
f 1340/730/790 1342/732/872 1345/736/876
f 1346/737/877 1340/730/790 1345/736/876
f 1340/730/790 1346/737/877 1344/735/875
f 1344/735/875 1346/737/877 1347/738/878
f 1348/739/879 1346/737/877 1345/736/876
f 1347/738/878 1346/737/877 1349/740/880
f 1346/737/877 1348/739/879 1351/741/881
f 1348/739/879 1352/742/882 1351/741/881
f 1352/742/882 1348/739/879 1350/743/883
f 1349/740/880 1353/744/884 1347/738/878
f 1353/744/884 1337/745/831 1347/738/878
f 1354/653/847 1355/746/885 1356/747/886
f 1357/652/849 1356/747/886 1355/746/885
f 1355/746/885 1354/653/847 1358/657/887
f 1355/746/885 1360/655/888 1357/652/849
f 1358/657/887 1362/748/854 1355/746/885
f 1360/655/888 1355/746/885 1362/748/854
f 1364/749/819 1366/662/889 1363/660/853
f 1366/662/889 1365/750/890 1363/660/853
f 1365/750/890 1366/662/889 1368/751/891
f 1365/750/890 1370/670/892 1367/671/856
f 1370/670/892 1369/752/857 1367/671/856
f 1365/750/890 1368/751/891 1370/670/892
f 1368/751/891 1372/674/893 1370/670/892
f 1373/666/894 1368/751/891 1366/662/889
f 1371/672/895 1372/674/893 1378/673/896
f 1379/753/897 1378/673/896 1372/674/893
f 1380/661/898 1381/664/899 1373/666/894
f 1382/754/900 1373/666/894 1381/664/899
f 1373/666/894 1382/754/900 1383/668/901
f 1384/678/902 1383/668/901 1382/754/900
f 1389/687/903 1392/755/904 1386/756/877
f 1392/755/904 1389/687/903 1391/683/882
f 1392/755/904 1387/685/905 1386/756/877
f 1393/675/906 1390/757/907 1379/753/897
f 1372/674/893 1393/675/906 1379/753/897
f 1388/758/908 1390/757/907 1394/679/909
f 1394/679/909 1391/683/882 1388/758/908
f 1393/675/906 1394/679/909 1390/757/907
f 1395/759/910 1392/755/904 1391/683/882
f 1395/759/910 1391/683/882 1394/679/909
f 1387/685/905 1392/755/904 1396/682/884
f 1395/759/910 1396/682/884 1392/755/904
f 1397/677/911 1385/681/831 1396/682/884
f 1396/682/884 1395/759/910 1397/677/911
f 1385/681/831 1397/677/911 1384/678/902
f 1383/668/901 1384/678/902 1397/677/911
f 1398/760/912 1397/677/911 1395/759/910
f 1397/677/911 1398/760/912 1383/668/901
f 1394/679/909 1398/760/912 1395/759/910
f 1398/760/912 1394/679/909 1393/675/906
f 1399/761/913 1383/668/901 1398/760/912
f 1399/761/913 1398/760/912 1393/675/906
f 1383/668/901 1399/761/913 1373/666/894
f 1399/761/913 1393/675/906 1372/674/893
f 1368/751/891 1373/666/894 1399/761/913
f 1372/674/893 1368/751/891 1399/761/913
f 1401/762/914 1404/763/915 1400/690/609
f 1404/763/915 1402/691/916 1400/690/609
f 1403/692/144 1404/763/915 1401/762/914
f 1404/763/915 1403/692/144 1405/645/917
f 1405/645/917 1406/764/918 1404/763/915
f 1404/763/915 1406/764/918 1402/691/916
f 1406/764/918 1405/645/917 1408/646/919
f 1406/764/918 1409/695/920 1402/691/916
f 1408/646/919 1410/765/921 1406/764/918
f 1409/695/920 1406/764/918 1410/765/921
f 1408/646/919 1407/766/737 1411/767/922
f 1409/695/920 1375/693/923 1376/694/924
f 1411/767/922 1412/648/925 1408/646/919
f 1410/765/921 1408/646/919 1412/648/925
f 1377/658/926 1413/649/927 1412/648/925
f 1410/765/921 1412/648/925 1413/649/927
f 1377/658/926 1359/659/845 1413/649/927
f 1410/765/921 1414/697/928 1409/695/920
f 1409/695/920 1414/697/928 1375/693/923
f 1410/765/921 1415/651/929 1414/697/928
f 1374/768/930 1414/697/928 1415/651/929
f 1415/651/929 1410/765/921 1356/747/886
f 1413/649/927 1356/747/886 1410/765/921
f 1415/651/929 1361/769/848 1374/768/930
f 1356/747/886 1413/649/927 1354/653/847
f 1359/659/845 1354/653/847 1413/649/927
f 1356/747/886 1357/652/849 1415/651/929
f 1361/769/848 1415/651/929 1357/652/849
f 1418/623/857 1419/770/931 1421/622/932
f 1421/622/932 1420/771/933 1418/623/857
f 1422/629/934 1421/622/932 1419/770/931
f 1417/615/935 1423/772/859 1424/773/936
f 1424/773/936 1416/612/937 1417/615/935
f 1425/614/938 1424/773/936 1423/772/859
f 1416/612/937 1424/773/936 1426/774/939
f 1426/774/939 1427/592/940 1416/612/937
f 1424/773/936 1425/614/938 1428/611/941
f 1428/611/941 1426/774/939 1424/773/936
f 1427/592/940 1426/774/939 1429/775/942
f 1429/775/942 1430/586/943 1427/592/940
f 1429/775/942 1431/590/944 1430/586/943
f 1433/608/945 1429/775/942 1426/774/939
f 1426/774/939 1428/611/941 1433/608/945
f 1431/590/944 1429/775/942 1434/776/946
f 1434/776/946 1435/596/947 1431/590/944
f 1435/596/947 1434/776/946 1436/777/948
f 1436/777/948 1434/776/946 1437/601/949
f 1438/602/950 1434/776/946 1429/775/942
f 1434/776/946 1438/602/950 1437/601/949
f 1429/775/942 1439/605/951 1438/602/950
f 1429/775/942 1433/608/945 1439/605/951
f 1437/601/952 1440/604/953 1442/603/954
f 1441/607/955 1428/611/744 1444/609/956
f 1432/619/769 1446/617/957 1445/778/958
f 1420/771/933 1446/617/957 1432/619/769
f 1447/638/959 1445/778/958 1446/617/957
f 1420/771/933 1448/779/960 1446/617/957
f 1420/771/933 1421/622/932 1448/779/960
f 1446/617/957 1449/626/961 1447/638/959
f 1448/779/960 1449/626/961 1446/617/957
f 1450/780/962 1447/638/959 1449/626/961
f 1449/626/961 1448/779/960 1451/781/963
f 1452/625/964 1448/779/960 1421/622/932
f 1448/779/960 1452/625/964 1451/781/963
f 1451/781/963 1453/633/965 1449/626/961
f 1454/628/966 1451/781/963 1452/625/964
f 1451/781/963 1455/782/967 1453/633/965
f 1451/781/963 1454/628/966 1455/782/967
f 1455/782/967 1457/636/968 1453/633/965
f 1453/633/965 1457/636/968 1456/783/969
f 1458/784/970 1456/783/969 1457/636/968
f 1457/636/968 1460/639/971 1458/784/970
f 1461/785/972 1460/639/971 1457/636/968
f 1457/636/968 1455/782/967 1461/785/972
f 1462/786/973 1459/641/974 1460/639/971
f 1461/785/972 1462/786/973 1460/639/971
f 1459/641/974 1462/786/973 1463/787/975
f 1462/786/973 1464/643/879 1463/787/975
f 1464/643/879 1462/786/973 1465/635/883
f 1461/785/972 1465/635/883 1462/786/973
f 1465/635/883 1461/785/972 1466/631/976
f 1455/782/967 1466/631/976 1461/785/972
f 1466/631/976 1455/782/967 1454/628/966
f 1467/788/977 1436/777/948 1443/600/24
f 1468/598/140 1436/777/948 1467/788/977
f 1436/777/948 1437/601/949 1443/600/24
f 1436/777/948 1468/598/140 1435/596/947
f 1469/591/729 1470/587/978 1435/596/924
f 1471/588/979 1430/586/943 1431/590/944
f 1471/588/979 1427/592/940 1430/586/943
