# Blender 5.0.0
# www.blender.org
mtllib armature001_pen.mtl
o RenderMesh_116397251752763.001
v 0.007488 -1.087373 -0.146291
v 0.002544 -1.087373 -0.140754
v 0.008081 -1.087373 -0.135810
v 0.013024 -1.087373 -0.141347
v 0.011484 -3.199662 -0.141260
v 0.007993 -3.199662 -0.137350
v 0.004083 -3.199662 -0.140841
v 0.007574 -3.199662 -0.144751
v -0.048530 -1.068917 -0.131435
v -0.038787 -1.095044 -0.107945
v -0.038787 -1.068917 -0.107945
v -0.034821 -1.095044 -0.179091
v -0.047115 -1.068917 -0.156829
v -0.034821 -1.068917 -0.179091
v -0.037359 -1.045366 -0.133340
v -0.029548 -1.045366 -0.114505
v -0.014089 -1.095044 -0.193819
v -0.036223 -1.045366 -0.153696
v -0.017193 -1.029060 -0.136776
v -0.012870 -1.029060 -0.126350
v 0.007804 -1.023282 -0.141033
v -0.016564 -1.029060 -0.148043
v 0.007804 -1.023282 -0.141033
v -0.026371 -1.045366 -0.171546
v -0.011111 -1.029060 -0.157922
v 0.007804 -1.023282 -0.141033
v -0.009746 -1.045366 -0.183349
v -0.014089 -1.068917 -0.193819
v -0.001911 -1.029060 -0.164454
v 0.007804 -1.023282 -0.141033
v 0.010352 -1.045366 -0.186775
v 0.010983 -1.068917 -0.198089
v 0.010983 -1.095044 -0.198089
v 0.035423 -1.068917 -0.191060
v 0.009213 -1.029060 -0.166351
v 0.007804 -1.023282 -0.141033
v 0.020060 -1.029060 -0.163232
v 0.007804 -1.023282 -0.141033
v 0.029946 -1.045366 -0.181141
v 0.054393 -1.068917 -0.174123
v 0.054393 -1.095044 -0.174123
v 0.064137 -1.068917 -0.150631
v 0.052965 -1.045366 -0.148729
v 0.045154 -1.045366 -0.167563
v 0.032799 -1.029060 -0.145292
v 0.028478 -1.029060 -0.155715
v 0.007804 -1.023282 -0.141033
v 0.007804 -1.023282 -0.141033
v -0.158621 -1.204472 -0.131630
v 0.017204 -1.204472 0.025355
v 0.004991 -1.087161 -0.140893
v 0.007943 -1.087161 -0.138258
v 0.017204 -1.204472 0.025355
v 0.174189 -1.204473 -0.150471
v 0.007943 -1.087161 -0.138258
v 0.010577 -1.087161 -0.141209
v 0.174189 -1.204473 -0.150471
v -0.001636 -1.204472 -0.307456
v 0.010577 -1.087161 -0.141209
v 0.007626 -1.087161 -0.143844
v -0.001636 -1.204472 -0.307456
v -0.158621 -1.204472 -0.131630
v 0.007626 -1.087161 -0.143844
v 0.004991 -1.087161 -0.140893
v 0.041977 -1.045366 -0.110522
v 0.032173 -1.029060 -0.134023
v 0.026719 -1.029060 -0.124145
v 0.007804 -1.023282 -0.141033
v 0.025354 -1.045366 -0.098716
v 0.007804 -1.023282 -0.141033
v 0.017519 -1.029060 -0.117612
v 0.007804 -1.023282 -0.141033
v 0.006393 -1.029060 -0.115717
v 0.005254 -1.045366 -0.095293
v 0.050430 -1.068917 -0.102975
v 0.051831 -1.045366 -0.128370
v 0.007804 -1.023282 -0.141033
v 0.029695 -1.068917 -0.088249
v 0.062721 -1.068917 -0.125239
v 0.029695 -1.095044 -0.088249
v 0.050430 -1.095044 -0.102975
v 0.004625 -1.068917 -0.083977
v -0.019817 -1.068917 -0.091008
v 0.004625 -1.095044 -0.083977
v 0.005254 -1.118599 -0.095293
v -0.019817 -1.095044 -0.091008
v 0.023715 -3.213393 -0.102657
v 0.005945 -3.230533 -0.107778
v 0.020557 -3.230533 -0.110269
v 0.038792 -3.213393 -0.113364
v -0.012286 -3.213393 -0.104663
v -0.008301 -3.230533 -0.111876
v -0.012286 -3.194381 -0.104663
v -0.026080 -3.213393 -0.116979
v -0.026080 -3.194381 -0.116979
v -0.019359 -3.230533 -0.121749
v -0.019359 -3.177240 -0.121749
v -0.007218 -3.242398 -0.130373
v -0.008301 -3.177240 -0.111876
v 0.005945 -3.177240 -0.107778
v -0.001103 -3.242398 -0.124913
v 0.007798 -3.246593 -0.141037
v 0.006772 -3.242398 -0.122649
v 0.007798 -3.246593 -0.141037
v -0.001103 -3.165375 -0.124913
v 0.006772 -3.165375 -0.122649
v 0.007798 -3.161180 -0.141037
v -0.007218 -3.165375 -0.130373
v 0.007798 -3.161180 -0.141037
v 0.014853 -3.242398 -0.124024
v 0.007798 -3.246593 -0.141037
v 0.021536 -3.242398 -0.128772
v 0.007798 -3.246593 -0.141037
v 0.032645 -3.230533 -0.118852
v 0.025499 -3.242398 -0.135947
v 0.007798 -3.246593 -0.141037
v 0.039810 -3.230533 -0.131832
v 0.047730 -3.213393 -0.129553
v 0.047730 -3.194381 -0.129553
v 0.025953 -3.242398 -0.144133
v 0.007798 -3.246593 -0.141037
v 0.040635 -3.230533 -0.146632
v 0.048761 -3.194381 -0.148016
v 0.040635 -3.177240 -0.146632
v 0.048761 -3.213393 -0.148016
v 0.034956 -3.230533 -0.160325
v 0.041674 -3.194381 -0.165098
v 0.041674 -3.213393 -0.165098
v 0.007798 -3.246593 -0.141037
v 0.022814 -3.242398 -0.151701
v 0.027880 -3.213393 -0.177414
v 0.016699 -3.242398 -0.157161
v 0.007798 -3.246593 -0.141037
v 0.023897 -3.230533 -0.170198
v 0.009651 -3.230533 -0.174296
v 0.007798 -3.246593 -0.141037
v 0.008822 -3.242398 -0.159427
v 0.010110 -3.213393 -0.182526
v 0.027880 -3.194381 -0.177414
v -0.008121 -3.213393 -0.179419
v 0.023897 -3.177240 -0.170198
v -0.004961 -3.230533 -0.171805
v 0.010110 -3.194381 -0.182526
v 0.009651 -3.177240 -0.174296
v -0.008121 -3.194381 -0.179419
v -0.023198 -3.213393 -0.168712
v -0.023198 -3.194381 -0.168712
v -0.004961 -3.177240 -0.171805
v -0.017049 -3.177240 -0.163221
v 0.000743 -3.165375 -0.158050
v -0.024213 -3.177240 -0.150243
v -0.005942 -3.165375 -0.153305
v 0.007798 -3.161180 -0.141037
v 0.008822 -3.165375 -0.159427
v 0.007798 -3.161180 -0.141037
v 0.016699 -3.165375 -0.157161
v 0.007798 -3.161180 -0.141037
v 0.007798 -3.161180 -0.141037
v -0.009902 -3.165375 -0.146128
v 0.022814 -3.165375 -0.151701
v 0.007798 -3.161180 -0.141037
v 0.034956 -3.177240 -0.160325
v 0.025953 -3.165375 -0.144133
v 0.007798 -3.161180 -0.141037
v -0.010359 -3.165375 -0.137945
v 0.007798 -3.161180 -0.141037
v 0.007798 -3.161180 -0.141037
v -0.007218 -3.165375 -0.130373
v -0.019359 -3.177240 -0.121749
v -0.025039 -3.177240 -0.135442
v -0.026080 -3.194381 -0.116979
v -0.032136 -3.194381 -0.152523
v -0.033165 -3.194381 -0.134058
v -0.033165 -3.213393 -0.134058
v -0.026080 -3.213393 -0.116979
v -0.032136 -3.213393 -0.152523
v -0.025039 -3.230533 -0.135442
v -0.019359 -3.230533 -0.121749
v -0.007218 -3.242398 -0.130373
v -0.010359 -3.242398 -0.137945
v 0.007798 -3.246593 -0.141037
v -0.024213 -3.230533 -0.150243
v -0.009902 -3.242398 -0.146128
v 0.007798 -3.246593 -0.141037
v -0.017049 -3.230533 -0.163221
v -0.005942 -3.242398 -0.153305
v 0.007798 -3.246593 -0.141037
v 0.000743 -3.242398 -0.158050
v 0.007798 -3.246593 -0.141037
v 0.007798 -3.246593 -0.141037
v 0.007993 -3.199662 -0.137350
v 0.000851 -2.390637 -0.263531
v 0.130261 -2.390637 -0.147986
v 0.007574 -3.199662 -0.144751
v 0.014715 -2.390637 -0.018573
v -0.114696 -2.390637 -0.134117
v 0.011484 -3.199662 -0.141260
v -0.114696 -2.390637 -0.134117
v 0.000851 -2.390637 -0.263531
v 0.004083 -3.199662 -0.140841
v 0.130261 -2.390637 -0.147986
v 0.014715 -2.390637 -0.018573
v 0.011203 -2.293971 -0.141244
v 0.007978 -2.293971 -0.137630
v 0.004364 -2.293971 -0.140857
v 0.007590 -2.293971 -0.144471
v 0.007866 -2.303776 -0.139600
v 0.008005 -2.300346 -0.137154
v 0.006330 -2.303776 -0.140971
v 0.003886 -2.300346 -0.140830
v 0.009234 -2.303776 -0.141132
v 0.011681 -2.300346 -0.141271
v 0.007866 -2.303776 -0.139600
v 0.008005 -2.300346 -0.137154
v 0.007700 -2.303776 -0.142503
v 0.011681 -2.300346 -0.141271
v 0.009234 -2.303776 -0.141132
v 0.007563 -2.300346 -0.144948
v 0.006330 -2.303776 -0.140971
v 0.003886 -2.300346 -0.140830
v 0.007700 -2.303776 -0.142503
v 0.007563 -2.300346 -0.144948
v 0.032646 -2.325691 -0.118853
v 0.021536 -2.337559 -0.128772
v 0.025499 -2.337559 -0.135947
v 0.007799 -2.341754 -0.141037
v 0.040636 -2.325691 -0.146632
v 0.025953 -2.337559 -0.144132
v 0.007799 -2.341754 -0.141037
v 0.014854 -2.337559 -0.124024
v 0.020558 -2.325691 -0.110270
v 0.007799 -2.341754 -0.141037
v 0.022815 -2.337559 -0.151701
v 0.007799 -2.341754 -0.141037
v 0.034956 -2.325691 -0.160325
v 0.041674 -2.308550 -0.165098
v 0.016700 -2.337559 -0.157160
v 0.007799 -2.341754 -0.141037
v 0.023899 -2.325691 -0.170198
v 0.027880 -2.308550 -0.177414
v 0.009652 -2.325691 -0.174296
v 0.007799 -2.341754 -0.141037
v 0.008823 -2.337559 -0.159428
v 0.010110 -2.308550 -0.182526
v 0.027880 -2.289541 -0.177414
v -0.008121 -2.308550 -0.179419
v 0.010110 -2.289541 -0.182526
v 0.009652 -2.272401 -0.174296
v -0.004963 -2.325691 -0.171808
v 0.000744 -2.337559 -0.158050
v 0.007799 -2.341754 -0.141037
v -0.023198 -2.308550 -0.168712
v -0.008121 -2.289541 -0.179419
v -0.023198 -2.289541 -0.168712
v -0.004963 -2.272401 -0.171808
v 0.000744 -2.260532 -0.158050
v 0.008823 -2.260532 -0.159428
v 0.007799 -2.256338 -0.141037
v -0.017048 -2.272401 -0.163222
v -0.005942 -2.260532 -0.153305
v 0.007799 -2.256338 -0.141037
v -0.024215 -2.272401 -0.150245
v 0.007799 -2.256338 -0.141037
v -0.009902 -2.260532 -0.146127
v -0.032135 -2.289541 -0.152524
v -0.010358 -2.260532 -0.137944
v 0.007799 -2.256338 -0.141037
v 0.007799 -2.256338 -0.141037
v -0.007217 -2.260532 -0.130373
v -0.019359 -2.272401 -0.121750
v -0.025039 -2.272401 -0.135442
v -0.026080 -2.289541 -0.116979
v -0.033164 -2.289541 -0.134058
v -0.033164 -2.308550 -0.134058
v -0.026080 -2.308550 -0.116979
v -0.032135 -2.308550 -0.152524
v -0.025039 -2.325691 -0.135442
v -0.019359 -2.325691 -0.121750
v -0.007217 -2.337559 -0.130373
v -0.024212 -2.325691 -0.150243
v -0.010358 -2.337559 -0.137944
v 0.007799 -2.341754 -0.141037
v -0.017048 -2.325691 -0.163222
v -0.009902 -2.337559 -0.146127
v 0.007799 -2.341754 -0.141037
v -0.005942 -2.337559 -0.153305
v 0.007799 -2.341754 -0.141037
v 0.007799 -2.341754 -0.141037
v 0.007799 -2.256338 -0.141037
v -0.007217 -2.260532 -0.130373
v -0.001103 -2.260532 -0.124914
v -0.019359 -2.272401 -0.121750
v 0.007799 -2.256338 -0.141037
v 0.006772 -2.260532 -0.122649
v 0.005946 -2.272401 -0.107778
v -0.008301 -2.272401 -0.111877
v -0.012285 -2.289541 -0.104662
v -0.026080 -2.289541 -0.116979
v -0.026080 -2.308550 -0.116979
v 0.005486 -2.289541 -0.099548
v 0.023715 -2.289541 -0.102657
v -0.012285 -2.308550 -0.104662
v 0.005486 -2.308550 -0.099548
v 0.023715 -2.308550 -0.102657
v 0.005946 -2.325691 -0.107778
v -0.008301 -2.325691 -0.111876
v -0.019359 -2.325691 -0.121750
v -0.007217 -2.337559 -0.130373
v 0.006772 -2.337559 -0.122649
v 0.007799 -2.341754 -0.141037
v -0.001103 -2.337559 -0.124914
v 0.007799 -2.341754 -0.141037
v 0.007799 -2.341754 -0.141037
v 0.041976 -2.261745 -0.110522
v 0.032172 -2.245440 -0.134023
v 0.026719 -2.245440 -0.124145
v 0.007804 -2.239661 -0.141032
v 0.007804 -2.239661 -0.141032
v 0.032799 -2.245440 -0.145292
v 0.017519 -2.245440 -0.117611
v 0.007804 -2.239661 -0.141032
v 0.051831 -2.261745 -0.128370
v 0.052964 -2.261745 -0.148728
v 0.050429 -2.285297 -0.102974
v 0.025354 -2.261745 -0.098716
v 0.005254 -2.261745 -0.095292
v 0.062720 -2.285297 -0.125240
v 0.029694 -2.285297 -0.088250
v 0.029694 -2.311426 -0.088250
v 0.006392 -2.245440 -0.115717
v 0.007804 -2.239661 -0.141032
v 0.004625 -2.285297 -0.083976
v -0.019816 -2.285297 -0.091005
v -0.014339 -2.261745 -0.100926
v -0.004453 -2.245440 -0.118834
v 0.007804 -2.239661 -0.141032
v -0.012870 -2.245440 -0.126350
v 0.007804 -2.239661 -0.141032
v -0.029549 -2.261745 -0.114506
v -0.038787 -2.285297 -0.107945
v -0.038787 -2.311426 -0.107945
v -0.019816 -2.311426 -0.091005
v 0.004625 -2.311426 -0.083976
v -0.014339 -2.334978 -0.100926
v -0.029549 -2.334978 -0.114506
v 0.005254 -2.334978 -0.095292
v -0.012870 -2.351283 -0.126350
v -0.004453 -2.351283 -0.118834
v 0.007803 -2.357062 -0.141033
v 0.006392 -2.351283 -0.115717
v 0.007803 -2.357062 -0.141033
v 0.017519 -2.351283 -0.117611
v 0.007803 -2.357062 -0.141033
v 0.025354 -2.334978 -0.098716
v 0.026719 -2.351283 -0.124145
v 0.007803 -2.357062 -0.141033
v 0.050429 -2.311426 -0.102974
v 0.041976 -2.334978 -0.110522
v 0.032172 -2.351283 -0.134023
v 0.007803 -2.357062 -0.141033
v 0.051831 -2.334978 -0.128370
v 0.062720 -2.311426 -0.125240
v 0.032799 -2.351283 -0.145292
v 0.007803 -2.357062 -0.141033
v 0.052964 -2.334978 -0.148728
v 0.064137 -2.311426 -0.150631
v 0.064137 -2.285297 -0.150631
v 0.054391 -2.285297 -0.174123
v 0.054391 -2.311426 -0.174123
v 0.045156 -2.334978 -0.167560
v 0.028478 -2.351283 -0.155715
v 0.007803 -2.357062 -0.141033
v 0.029946 -2.334978 -0.181140
v 0.007803 -2.357062 -0.141033
v 0.020059 -2.351283 -0.163231
v 0.009212 -2.351283 -0.166351
v 0.007803 -2.357062 -0.141033
v 0.035422 -2.311426 -0.191060
v 0.010351 -2.334978 -0.186776
v 0.007803 -2.357062 -0.141033
v -0.001912 -2.351283 -0.164454
v -0.009747 -2.334978 -0.183350
v 0.010982 -2.311426 -0.198090
v 0.035422 -2.285297 -0.191060
v -0.014087 -2.311426 -0.193816
v 0.010982 -2.285297 -0.198090
v 0.029946 -2.261745 -0.181140
v -0.011112 -2.351283 -0.157921
v 0.007803 -2.357062 -0.141033
v -0.026371 -2.334978 -0.171545
v 0.010351 -2.261745 -0.186776
v -0.034822 -2.311426 -0.179091
v -0.036224 -2.334978 -0.153695
v 0.007803 -2.357062 -0.141033
v -0.016565 -2.351283 -0.148043
v -0.014087 -2.285297 -0.193816
v -0.017195 -2.351283 -0.136776
v 0.007803 -2.357062 -0.141033
v -0.037359 -2.334978 -0.133340
v 0.007803 -2.357062 -0.141033
v -0.012870 -2.351283 -0.126350
v -0.029549 -2.334978 -0.114506
v -0.038787 -2.311426 -0.107945
v -0.048530 -2.311426 -0.131435
v -0.047114 -2.311426 -0.156827
v -0.048530 -2.285297 -0.131435
v -0.038787 -2.285297 -0.107945
v -0.047113 -2.285297 -0.156826
v -0.037359 -2.261745 -0.133340
v -0.029549 -2.261745 -0.114506
v -0.012870 -2.245440 -0.126350
v -0.017194 -2.245440 -0.136775
v 0.007804 -2.239661 -0.141032
v -0.016565 -2.245440 -0.148043
v 0.007804 -2.239661 -0.141032
v -0.036224 -2.261745 -0.153695
v -0.034822 -2.285297 -0.179091
v -0.026371 -2.261745 -0.171545
v -0.011112 -2.245440 -0.157921
v 0.007804 -2.239661 -0.141032
v -0.009747 -2.261745 -0.183350
v -0.001912 -2.245440 -0.164454
v 0.007804 -2.239661 -0.141032
v 0.009212 -2.245440 -0.166351
v 0.007804 -2.239661 -0.141032
v 0.020059 -2.245440 -0.163231
v 0.007804 -2.239661 -0.141032
v 0.045156 -2.261745 -0.167560
v 0.028478 -2.245440 -0.155715
v 0.007804 -2.239661 -0.141032
v 0.007804 -2.239661 -0.141032
v 0.007978 -2.293971 -0.137630
v -0.001636 -1.204472 -0.307456
v 0.174189 -1.204473 -0.150471
v 0.007590 -2.293971 -0.144471
v 0.017204 -1.204472 0.025355
v -0.158621 -1.204472 -0.131630
v 0.011203 -2.293971 -0.141244
v -0.158621 -1.204472 -0.131630
v -0.001636 -1.204472 -0.307456
v 0.004364 -2.293971 -0.140857
v 0.174189 -1.204473 -0.150471
v 0.017204 -1.204472 0.025355
v 0.003886 -2.303991 -0.140830
v 0.003886 -2.300346 -0.140830
v 0.008005 -2.303991 -0.137154
v 0.008005 -2.300346 -0.137154
v 0.008005 -2.303991 -0.137154
v 0.008005 -2.300346 -0.137154
v 0.011681 -2.303991 -0.141271
v 0.011681 -2.300346 -0.141271
v 0.011681 -2.303991 -0.141271
v 0.011681 -2.300346 -0.141271
v 0.007563 -2.303991 -0.144948
v 0.007563 -2.300346 -0.144948
v 0.007563 -2.303991 -0.144948
v 0.007563 -2.300346 -0.144948
v 0.003886 -2.303991 -0.140830
v 0.003886 -2.300346 -0.140830
v 0.002544 -1.083732 -0.140754
v 0.008081 -1.087373 -0.135810
v 0.002544 -1.087373 -0.140754
v 0.008081 -1.083732 -0.135810
v 0.008081 -1.083732 -0.135810
v 0.013024 -1.087373 -0.141347
v 0.008081 -1.087373 -0.135810
v 0.013024 -1.083732 -0.141347
v 0.013024 -1.083732 -0.141347
v 0.007488 -1.087373 -0.146291
v 0.013024 -1.087373 -0.141347
v 0.007488 -1.083732 -0.146291
v 0.007488 -1.083732 -0.146291
v 0.002544 -1.087373 -0.140754
v 0.007488 -1.087373 -0.146291
v 0.002544 -1.083732 -0.140754
v 0.032644 -2.272401 -0.118855
v 0.025499 -2.260532 -0.135947
v 0.021536 -2.260532 -0.128772
v 0.007799 -2.256338 -0.141037
v 0.039810 -2.272401 -0.131832
v 0.007799 -2.256338 -0.141037
v 0.025953 -2.260532 -0.144132
v 0.038792 -2.289541 -0.113364
v 0.020558 -2.272401 -0.110270
v 0.014854 -2.260532 -0.124024
v 0.007799 -2.256338 -0.141037
v 0.040636 -2.272401 -0.146632
v 0.007799 -2.256338 -0.141037
v 0.022815 -2.260532 -0.151701
v 0.007799 -2.256338 -0.141037
v 0.047730 -2.289541 -0.129553
v 0.034956 -2.272401 -0.160325
v 0.041674 -2.289541 -0.165098
v 0.023899 -2.272401 -0.170198
v 0.007799 -2.256338 -0.141037
v 0.016700 -2.260532 -0.157160
v 0.007799 -2.256338 -0.141037
v 0.048762 -2.289541 -0.148017
v 0.048762 -2.308550 -0.148017
v 0.047730 -2.308550 -0.129553
v 0.038792 -2.308550 -0.113364
v 0.039810 -2.325691 -0.131832
v -0.114696 -2.390637 -0.134117
v 0.014715 -2.390637 -0.018573
v 0.006330 -2.303776 -0.140971
v 0.007866 -2.303776 -0.139600
v 0.014715 -2.390637 -0.018573
v 0.130261 -2.390637 -0.147986
v 0.007866 -2.303776 -0.139600
v 0.009234 -2.303776 -0.141132
v 0.130261 -2.390637 -0.147986
v 0.007700 -2.303776 -0.142503
v 0.009234 -2.303776 -0.141132
v 0.000851 -2.390637 -0.263531
v 0.000851 -2.390637 -0.263531
v -0.114696 -2.390637 -0.134117
v 0.007700 -2.303776 -0.142503
v 0.006330 -2.303776 -0.140971
v 0.007563 -2.303991 -0.144948
v 0.003886 -2.303991 -0.140830
v 0.008005 -2.303991 -0.137154
v 0.011681 -2.303991 -0.141271
v 0.032645 -3.177240 -0.118852
v 0.025499 -3.165375 -0.135947
v 0.021536 -3.165375 -0.128772
v 0.007798 -3.161180 -0.141037
v 0.007798 -3.161180 -0.141037
v 0.014853 -3.165375 -0.124024
v 0.007798 -3.161180 -0.141037
v 0.039810 -3.177240 -0.131832
v 0.038792 -3.194381 -0.113364
v 0.020557 -3.177240 -0.110269
v 0.007798 -3.161180 -0.141037
v 0.023715 -3.194381 -0.102657
v 0.005486 -3.194381 -0.099548
v 0.005486 -3.213393 -0.099548
v 0.004991 -1.087161 -0.140893
v 0.007943 -1.087161 -0.138258
v 0.008081 -1.083732 -0.135810
v 0.002544 -1.083732 -0.140754
v 0.007943 -1.087161 -0.138258
v 0.010577 -1.087161 -0.141209
v 0.013024 -1.083732 -0.141347
v 0.008081 -1.083732 -0.135810
v 0.010577 -1.087161 -0.141209
v 0.007626 -1.087161 -0.143844
v 0.007488 -1.083732 -0.146291
v 0.013024 -1.083732 -0.141347
v 0.007626 -1.087161 -0.143844
v 0.004991 -1.087161 -0.140893
v 0.002544 -1.083732 -0.140754
v 0.007488 -1.083732 -0.146291
v -0.038787 -1.095044 -0.107945
v -0.029548 -1.118599 -0.114505
v -0.038787 -1.068917 -0.107945
v -0.014341 -1.118599 -0.100928
v -0.012870 -1.134901 -0.126350
v -0.014341 -1.045366 -0.100928
v -0.029548 -1.045366 -0.114505
v -0.004451 -1.134901 -0.118834
v 0.007804 -1.140683 -0.141033
v 0.006393 -1.134901 -0.115717
v 0.007804 -1.140683 -0.141033
v -0.004451 -1.029060 -0.118834
v -0.012870 -1.029060 -0.126350
v 0.007804 -1.023282 -0.141033
v 0.007804 -1.023282 -0.141033
v 0.017519 -1.134901 -0.117612
v 0.007804 -1.140683 -0.141033
v 0.025354 -1.118599 -0.098716
v 0.026719 -1.134901 -0.124145
v 0.007804 -1.140683 -0.141033
v 0.041976 -1.118599 -0.110523
v 0.032172 -1.134901 -0.134023
v 0.007804 -1.140683 -0.141033
v 0.051831 -1.118599 -0.128370
v 0.062721 -1.095044 -0.125239
v 0.052965 -1.118599 -0.148729
v 0.064137 -1.095044 -0.150631
v 0.032799 -1.134901 -0.145292
v 0.007804 -1.140683 -0.141033
v 0.045154 -1.118599 -0.167562
v 0.028478 -1.134901 -0.155715
v 0.007804 -1.140683 -0.141033
v 0.029946 -1.118599 -0.181141
v 0.020060 -1.134901 -0.163232
v 0.007804 -1.140683 -0.141033
v 0.035423 -1.095044 -0.191060
v 0.010352 -1.118599 -0.186775
v 0.007804 -1.140683 -0.141033
v 0.009213 -1.134901 -0.166351
v -0.001911 -1.134901 -0.164454
v 0.007804 -1.140683 -0.141033
v -0.009746 -1.118599 -0.183349
v -0.011111 -1.134901 -0.157922
v 0.007804 -1.140683 -0.141033
v -0.026371 -1.118599 -0.171546
v -0.036223 -1.118599 -0.153696
v 0.007804 -1.140683 -0.141033
v -0.016564 -1.134901 -0.148043
v -0.017193 -1.134901 -0.136776
v 0.007804 -1.140683 -0.141033
v 0.007804 -1.140683 -0.141033
v -0.012870 -1.134901 -0.126350
v -0.029548 -1.118599 -0.114505
v -0.037359 -1.118599 -0.133340
v -0.047115 -1.095044 -0.156829
v -0.048530 -1.095044 -0.131435
vn -0.0000 1.0000 -0.0000
vn -0.0000 -1.0000 -0.0000
vn -0.9626 0.2158 0.1640
vn -0.7961 -0.2158 0.5654
vn -0.7961 0.2158 0.5653
vn -0.7284 -0.2158 -0.6503
vn -0.9384 0.2158 -0.2700
vn -0.7284 0.2158 -0.6503
vn -0.7823 0.6084 0.1333
vn -0.6470 0.6085 0.4595
vn -0.3741 -0.2158 -0.9019
vn -0.7627 0.6084 -0.2194
vn -0.4522 0.8886 0.0770
vn -0.3740 0.8886 0.2655
vn -0.0001 1.0000 0.0001
vn -0.4408 0.8886 -0.1268
vn -0.5920 0.6084 -0.5286
vn -0.3422 0.8886 -0.3055
vn -0.3040 0.6085 -0.7330
vn -0.3741 0.2158 -0.9019
vn -0.1757 0.8886 -0.4237
vn 0.0441 0.6084 -0.7924
vn 0.0543 0.2158 -0.9749
vn 0.0543 -0.2158 -0.9749
vn 0.4719 0.2158 -0.8548
vn 0.0255 0.8886 -0.4580
vn 0.2217 0.8886 -0.4016
vn 0.3836 0.6084 -0.6948
vn 0.7961 0.2158 -0.5654
vn 0.7961 -0.2158 -0.5654
vn 0.9626 0.2158 -0.1640
vn 0.7823 0.6084 -0.1333
vn 0.6470 0.6084 -0.4595
vn 0.4522 0.8886 -0.0770
vn 0.3740 0.8886 -0.2656
vn 0.0001 1.0000 -0.0001
vn -0.4738 0.7027 0.5307
vn -0.4738 0.7028 0.5307
vn -0.4741 0.7026 0.5306
vn 0.5307 0.7027 0.4738
vn 0.5307 0.7028 0.4738
vn 0.5307 0.7028 0.4737
vn 0.4738 0.7027 -0.5307
vn 0.4739 0.7027 -0.5307
vn -0.5307 0.7027 -0.4738
vn -0.5307 0.7027 -0.4739
vn 0.5920 0.6084 0.5286
vn 0.4409 0.8886 0.1268
vn 0.3422 0.8886 0.3055
vn 0.3040 0.6084 0.7331
vn 0.1757 0.8886 0.4237
vn 0.0001 1.0000 0.0001
vn -0.0255 0.8886 0.4580
vn -0.0442 0.6084 0.7924
vn 0.7284 0.2158 0.6503
vn 0.7627 0.6084 0.2193
vn 0.0001 1.0000 -0.0000
vn 0.3741 0.2158 0.9019
vn 0.9384 0.2158 0.2699
vn 0.3741 -0.2158 0.9019
vn 0.7284 -0.2158 0.6503
vn -0.0543 0.2158 0.9749
vn -0.4720 0.2158 0.8548
vn -0.0543 -0.2158 0.9749
vn -0.0442 -0.6085 0.7924
vn -0.4720 -0.2158 0.8548
vn 0.3741 -0.2157 0.9019
vn -0.0441 -0.6084 0.7924
vn 0.3040 -0.6084 0.7331
vn 0.7284 -0.2157 0.6503
vn -0.4720 -0.2157 0.8548
vn -0.3836 -0.6084 0.6948
vn -0.4720 0.2157 0.8548
vn -0.7961 0.2157 0.5654
vn -0.6470 -0.6084 0.4596
vn -0.6470 0.6084 0.4596
vn -0.3739 -0.8886 0.2656
vn -0.3836 0.6084 0.6948
vn -0.0441 0.6084 0.7924
vn -0.2216 -0.8887 0.4014
vn -0.0256 -0.8887 0.4578
vn -0.2217 0.8885 0.4017
vn -0.0256 0.8887 0.4578
vn -0.3739 0.8887 0.2656
vn 0.1757 -0.8887 0.4236
vn 0.3420 -0.8887 0.3054
vn 0.5920 -0.6084 0.5286
vn 0.4407 -0.8887 0.1267
vn 0.7627 -0.6084 0.2193
vn 0.9384 -0.2157 0.2700
vn 0.9384 0.2157 0.2700
vn 0.4520 -0.8887 -0.0771
vn 0.0001 -1.0000 -0.0000
vn 0.7823 -0.6084 -0.1333
vn 0.9626 0.2157 -0.1640
vn 0.9626 -0.2157 -0.1640
vn 0.6470 -0.6084 -0.4595
vn 0.7961 0.2157 -0.5655
vn 0.7961 -0.2157 -0.5654
vn 0.3738 -0.8887 -0.2655
vn 0.4720 -0.2157 -0.8548
vn 0.2216 -0.8887 -0.4014
vn 0.3836 -0.6084 -0.6947
vn 0.0441 -0.6084 -0.7924
vn 0.0001 -1.0000 -0.0001
vn 0.0255 -0.8887 -0.4578
vn 0.0543 -0.2157 -0.9749
vn 0.4720 0.2157 -0.8548
vn -0.3741 -0.2157 -0.9019
vn -0.3040 -0.6084 -0.7330
vn 0.0543 0.2157 -0.9749
vn -0.3741 0.2157 -0.9019
vn -0.7284 0.2157 -0.6503
vn -0.3040 0.6084 -0.7331
vn -0.1757 0.8887 -0.4236
vn -0.3421 0.8887 -0.3054
vn -0.0001 1.0000 -0.0001
vn 0.0255 0.8887 -0.4578
vn 0.2217 0.8887 -0.4014
vn -0.0000 1.0000 -0.0001
vn -0.4407 0.8887 -0.1267
vn 0.3738 0.8887 -0.2655
vn 0.4520 0.8887 -0.0771
vn -0.4520 0.8887 0.0770
vn -0.3739 0.8886 0.2655
vn -0.6471 0.6084 0.4595
vn -0.7962 0.2158 0.5653
vn -0.9384 0.2157 -0.2699
vn -0.9626 0.2157 0.1640
vn -0.9626 -0.2157 0.1640
vn -0.7962 -0.2158 0.5653
vn -0.9384 -0.2158 -0.2699
vn -0.7823 -0.6084 0.1333
vn -0.6471 -0.6084 0.4595
vn -0.3740 -0.8886 0.2655
vn -0.4520 -0.8887 0.0770
vn -0.0001 -1.0000 -0.0000
vn -0.7627 -0.6084 -0.2194
vn -0.4407 -0.8887 -0.1267
vn -0.0001 -1.0000 -0.0001
vn -0.5920 -0.6084 -0.5285
vn -0.3421 -0.8887 -0.3054
vn -0.1757 -0.8887 -0.4236
vn 0.6620 -0.1098 -0.7414
vn -0.6620 -0.1098 0.7414
vn -0.7414 -0.1098 -0.6620
vn 0.7414 -0.1098 0.6620
vn -0.5944 -0.4509 0.6659
vn -0.5946 -0.4506 0.6659
vn 0.6659 -0.4506 0.5945
vn 0.6657 -0.4510 0.5945
vn 0.6660 -0.4505 0.5945
vn 0.5944 -0.4507 -0.6660
vn 0.5946 -0.4509 -0.6657
vn 0.5946 -0.4511 -0.6655
vn 0.5945 -0.4509 -0.6658
vn -0.6659 -0.4508 -0.5945
vn -0.6659 -0.4506 -0.5946
vn 0.5920 -0.6083 0.5286
vn 0.3421 -0.8887 0.3054
vn 0.4407 -0.8886 0.1268
vn 0.7824 -0.6084 -0.1333
vn 0.4521 -0.8887 -0.0771
vn 0.1757 -0.8886 0.4237
vn 0.3041 -0.6084 0.7331
vn 0.3739 -0.8886 -0.2656
vn 0.6471 -0.6084 -0.4596
vn 0.7961 -0.2157 -0.5655
vn 0.2217 -0.8886 -0.4015
vn 0.3836 -0.6084 -0.6948
vn 0.0442 -0.6084 -0.7924
vn 0.0256 -0.8886 -0.4579
vn -0.3741 -0.2157 -0.9020
vn 0.0442 0.6084 -0.7924
vn -0.3041 -0.6084 -0.7331
vn -0.7284 -0.2157 -0.6503
vn -0.3741 0.2157 -0.9020
vn 0.0255 0.8886 -0.4579
vn -0.3421 0.8886 -0.3054
vn -0.4521 0.8886 0.0770
vn -0.3739 0.8886 0.2656
vn -0.7824 0.6084 0.1333
vn -0.9384 -0.2157 -0.2699
vn -0.7824 -0.6084 0.1333
vn -0.4521 -0.8886 0.0770
vn -0.5921 -0.6084 -0.5285
vn -0.4408 -0.8886 -0.1267
vn -0.3421 -0.8886 -0.3055
vn -0.2217 0.8886 0.4015
vn -0.0256 0.8887 0.4579
vn -0.7961 -0.2157 0.5655
vn -0.0543 0.2157 0.9749
vn 0.3741 0.2157 0.9019
vn -0.0543 -0.2157 0.9749
vn -0.0255 -0.8886 0.4579
vn -0.2216 -0.8886 0.4015
vn 0.5920 0.6084 0.5285
vn 0.7627 0.6084 0.2194
vn -0.0441 0.6085 0.7924
vn -0.3835 0.6084 0.6948
vn -0.2217 0.8886 0.4016
vn -0.3740 0.8886 0.2656
vn -0.0000 1.0000 0.0001
vn -0.6470 0.6084 0.4595
vn -0.4719 -0.2158 0.8548
vn -0.3835 -0.6084 0.6948
vn -0.6470 -0.6085 0.4596
vn -0.3739 -0.8886 0.2657
vn -0.2217 -0.8886 0.4016
vn -0.0255 -0.8886 0.4580
vn -0.0001 -1.0000 0.0001
vn 0.3422 -0.8886 0.3055
vn 0.5920 -0.6084 0.5285
vn 0.4409 -0.8886 0.1268
vn 0.7627 -0.6084 0.2194
vn 0.9384 -0.2158 0.2699
vn 0.4522 -0.8886 -0.0770
vn 0.0001 -1.0000 0.0001
vn 0.9626 -0.2158 -0.1640
vn 0.6471 -0.6084 -0.4595
vn 0.3740 -0.8886 -0.2656
vn 0.2217 -0.8886 -0.4016
vn 0.0255 -0.8886 -0.4580
vn 0.4720 -0.2158 -0.8548
vn -0.0000 -1.0000 -0.0001
vn -0.1758 -0.8886 -0.4237
vn -0.3040 -0.6084 -0.7331
vn 0.4720 0.2158 -0.8548
vn 0.3836 0.6084 -0.6947
vn -0.3422 -0.8886 -0.3055
vn -0.5920 -0.6084 -0.5286
vn -0.4408 -0.8886 -0.1268
vn -0.4522 -0.8886 0.0770
vn -0.3740 -0.8886 0.2656
vn -0.6471 -0.6084 0.4594
vn -0.7961 -0.2158 0.5653
vn -0.9626 -0.2158 0.1640
vn -0.9384 0.2158 -0.2699
vn 0.6471 0.6084 -0.4595
vn 0.6620 -0.1097 -0.7414
vn -0.6620 -0.1097 0.7414
vn -0.7414 -0.1097 -0.6620
vn 0.7414 -0.1097 0.6620
vn 0.6659 -0.0000 -0.7460
vn -0.7459 -0.0000 -0.6661
vn -0.7462 -0.0000 -0.6657
vn -0.6661 -0.0000 0.7459
vn 0.7459 -0.0000 0.6661
vn 0.6660 -0.0000 -0.7459
vn -0.7459 -0.0000 -0.6660
vn -0.6660 -0.0000 0.7459
vn 0.7459 -0.0000 0.6660
vn 0.4408 0.8886 0.1268
vn 0.3421 0.8886 0.3055
vn 0.4521 0.8887 -0.0770
vn 0.7284 0.2157 0.6504
vn 0.3041 0.6084 0.7331
vn 0.1757 0.8886 0.4236
vn 0.7824 0.6084 -0.1333
vn 0.3739 0.8886 -0.2656
vn 0.6471 0.6084 -0.4596
vn 0.7284 -0.2157 0.6504
vn 0.7627 -0.6083 0.2194
vn -0.4741 0.7024 0.5309
vn -0.4740 0.7024 0.5309
vn -0.4742 0.7024 0.5308
vn 0.5310 0.7024 0.4741
vn 0.5310 0.7024 0.4740
vn 0.4741 0.7024 -0.5309
vn 0.4741 0.7025 -0.5308
vn 0.4741 0.7026 -0.5307
vn -0.5310 0.7024 -0.4741
vn -0.5309 0.7024 -0.4741
vn -0.5309 0.7023 -0.4742
vn 0.4407 0.8887 0.1267
vn 0.3420 0.8887 0.3054
vn 0.1757 0.8887 0.4236
vn -0.5945 -0.4508 0.6658
vn -0.5944 -0.4509 0.6658
vn -0.5943 -0.4512 0.6657
vn -0.5944 -0.4511 0.6657
vn 0.6657 -0.4511 0.5944
vn 0.6659 -0.4507 0.5945
vn 0.5944 -0.4510 -0.6657
vn 0.5945 -0.4507 -0.6659
vn 0.5944 -0.4511 -0.6657
vn -0.6659 -0.4507 -0.5945
vn -0.6660 -0.4506 -0.5945
vn -0.6657 -0.4511 -0.5944
vn -0.7961 -0.2158 0.5655
vn -0.7961 0.2158 0.5655
vn -0.0000 -1.0000 0.0001
vn 0.5920 -0.6085 0.5285
vn 0.7823 -0.6085 -0.1333
vn 0.6470 -0.6085 -0.4595
vn 0.4719 -0.2158 -0.8548
vn 0.0441 -0.6085 -0.7924
vn -0.1757 -0.8886 -0.4237
vn -0.3040 -0.6085 -0.7330
vn -0.7627 -0.6085 -0.2194
vn -0.6470 -0.6085 0.4595
vn -0.7823 -0.6085 0.1332
vn -0.9384 -0.2158 -0.2700
vt 0.375000 0.750000
vt 0.125000 0.750000
vt 0.125000 0.500000
vt 0.375000 0.500000
vt 0.875000 0.750000
vt 0.625000 0.750000
vt 0.625000 0.500000
vt 0.875000 0.500000
vt 0.071429 0.428571
vt 0.000000 0.571429
vt 0.000000 0.428571
vt 0.214286 0.571429
vt 0.142857 0.428571
vt 0.214286 0.428571
vt 0.071429 0.285714
vt 0.000000 0.285714
vt 0.285714 0.571429
vt 0.142857 0.285714
vt 0.071429 0.142857
vt 0.000000 0.142857
vt 0.035714 0.000000
vt 0.142857 0.142857
vt 0.107143 0.000000
vt 0.214286 0.285714
vt 0.214286 0.142857
vt 0.178571 0.000000
vt 0.285714 0.285714
vt 0.285714 0.428571
vt 0.285714 0.142857
vt 0.250000 0.000000
vt 0.357143 0.285714
vt 0.357143 0.428571
vt 0.357143 0.571429
vt 0.428571 0.428571
vt 0.357143 0.142857
vt 0.321429 0.000000
vt 0.428571 0.142857
vt 0.392857 0.000000
vt 0.428571 0.285714
vt 0.500000 0.428571
vt 0.500000 0.571429
vt 0.571429 0.428571
vt 0.571429 0.285714
vt 0.500000 0.285714
vt 0.571429 0.142857
vt 0.500000 0.142857
vt 0.464286 0.000000
vt 0.535714 0.000000
vt 0.625000 0.000000
vt 0.625000 0.250000
vt 0.375000 0.000000
vt 0.375000 0.250000
vt 0.625000 1.000000
vt 0.375000 1.000000
vt 0.714286 0.285714
vt 0.642857 0.142857
vt 0.714286 0.142857
vt 0.678571 0.000000
vt 0.785714 0.285714
vt 0.750000 0.000000
vt 0.785714 0.142857
vt 0.821429 0.000000
vt 0.857143 0.142857
vt 0.857143 0.285714
vt 0.714286 0.428571
vt 0.642857 0.285714
vt 0.607143 0.000000
vt 0.785714 0.428571
vt 0.642857 0.428571
vt 0.785714 0.571429
vt 0.714286 0.571429
vt 0.857143 0.428571
vt 0.928571 0.428571
vt 0.857143 0.571429
vt 0.857143 0.714286
vt 0.928571 0.571429
vt 0.785714 0.714286
vt 0.928571 0.714286
vt 1.000000 0.571429
vt 1.000000 0.428571
vt 1.000000 0.714286
vt 1.000000 0.285714
vt 1.000000 0.857143
vt 0.928571 0.285714
vt 0.928571 0.857143
vt 0.964286 1.000000
vt 0.857143 0.857143
vt 0.892857 1.000000
vt 0.928571 0.142857
vt 0.892857 0.000000
vt 1.000000 0.142857
vt 0.964286 0.000000
vt 0.785714 0.857143
vt 0.821429 1.000000
vt 0.714286 0.857143
vt 0.750000 1.000000
vt 0.714286 0.714286
vt 0.642857 0.857143
vt 0.678571 1.000000
vt 0.642857 0.714286
vt 0.642857 0.571429
vt 0.571429 0.857143
vt 0.607143 1.000000
vt 0.571429 0.714286
vt 0.571429 0.571429
vt 0.500000 0.714286
vt 0.535714 1.000000
vt 0.500000 0.857143
vt 0.428571 0.571429
vt 0.428571 0.857143
vt 0.464286 1.000000
vt 0.428571 0.714286
vt 0.357143 0.714286
vt 0.392857 1.000000
vt 0.357143 0.857143
vt 0.285714 0.714286
vt 0.071429 0.571429
vt 0.142857 0.571429
vt 0.071429 0.714286
vt 0.000000 0.714286
vt 0.000000 0.857143
vt 0.071429 0.857143
vt 0.035714 1.000000
vt 0.142857 0.714286
vt 0.142857 0.857143
vt 0.107143 1.000000
vt 0.214286 0.714286
vt 0.214286 0.857143
vt 0.178571 1.000000
vt 0.285714 0.857143
vt 0.250000 1.000000
vt 0.321429 1.000000
s 1
f 1/1/1 2/2/1 3/3/1
f 1/1/1 3/3/1 4/4/1
f 5/5/2 6/6/2 7/7/2
f 5/5/2 7/7/2 8/8/2
f 9/9/3 10/10/4 11/11/5
f 12/12/6 13/13/7 14/14/8
f 11/11/5 15/15/9 9/9/3
f 15/15/9 13/13/7 9/9/3
f 15/15/9 11/11/5 16/16/10
f 14/14/8 17/17/11 12/12/6
f 13/13/7 15/15/9 18/18/12
f 18/18/12 14/14/8 13/13/7
f 19/19/13 15/15/9 16/16/10
f 19/19/13 18/18/12 15/15/9
f 19/19/13 16/16/10 20/20/14
f 21/21/15 19/19/13 20/20/14
f 18/18/12 19/19/13 22/22/16
f 23/23/1 22/22/16 19/19/13
f 14/14/8 18/18/12 24/24/17
f 22/22/16 24/24/17 18/18/12
f 24/24/17 22/22/16 25/25/18
f 26/26/1 25/25/18 22/22/16
f 27/27/19 14/14/8 24/24/17
f 25/25/18 27/27/19 24/24/17
f 14/14/8 27/27/19 28/28/20
f 17/17/11 14/14/8 28/28/20
f 27/27/19 25/25/18 29/29/21
f 30/30/1 29/29/21 25/25/18
f 31/31/22 28/28/20 27/27/19
f 29/29/21 31/31/22 27/27/19
f 32/32/23 17/17/11 28/28/20
f 28/28/20 31/31/22 32/32/23
f 17/17/11 32/32/23 33/33/24
f 34/34/25 33/33/24 32/32/23
f 31/31/22 34/34/25 32/32/23
f 31/31/22 29/29/21 35/35/26
f 36/36/1 35/35/26 29/29/21
f 37/37/27 31/31/22 35/35/26
f 38/38/1 37/37/27 35/35/26
f 34/34/25 31/31/22 39/39/28
f 37/37/27 39/39/28 31/31/22
f 39/39/28 40/40/29 34/34/25
f 41/41/30 34/34/25 40/40/29
f 42/42/31 41/41/30 40/40/29
f 40/40/29 43/43/32 42/42/31
f 43/43/32 40/40/29 44/44/33
f 40/40/29 39/39/28 44/44/33
f 44/44/33 45/45/34 43/43/32
f 39/39/28 37/37/27 46/46/35
f 39/39/28 46/46/35 44/44/33
f 45/45/34 44/44/33 46/46/35
f 47/47/36 46/46/35 37/37/27
f 48/48/36 45/45/34 46/46/35
f 49/49/37 50/50/37 51/51/38
f 51/51/38 50/50/37 52/52/39
f 53/50/40 54/7/40 55/52/41
f 55/52/41 54/7/40 56/4/42
f 57/7/43 58/6/43 59/4/44
f 59/4/44 58/6/43 60/1/44
f 61/6/45 62/53/45 63/1/46
f 63/1/46 62/53/45 64/54/46
f 65/55/47 66/56/48 67/57/49
f 68/58/1 67/57/49 66/56/48
f 67/57/49 69/59/50 65/55/47
f 70/60/1 71/61/51 67/57/49
f 69/59/50 67/57/49 71/61/51
f 72/62/52 73/63/53 71/61/51
f 71/61/51 74/64/54 69/59/50
f 74/64/54 71/61/51 73/63/53
f 69/59/50 75/65/55 65/55/47
f 66/56/48 65/55/47 76/66/56
f 75/65/55 76/66/56 65/55/47
f 76/66/56 45/45/34 66/56/48
f 77/67/57 66/56/48 45/45/34
f 45/45/34 76/66/56 43/43/32
f 74/64/54 78/68/58 69/59/50
f 75/65/55 69/59/50 78/68/58
f 76/66/56 75/65/55 79/69/59
f 79/69/59 43/43/32 76/66/56
f 80/70/60 75/65/55 78/68/58
f 81/71/61 79/69/59 75/65/55
f 75/65/55 80/70/60 81/71/61
f 43/43/32 79/69/59 42/42/31
f 78/68/58 74/64/54 82/72/62
f 82/72/62 80/70/60 78/68/58
f 74/64/54 83/73/63 82/72/62
f 80/70/60 82/72/62 84/74/64
f 83/73/63 84/74/64 82/72/62
f 85/75/65 80/70/60 84/74/64
f 84/74/64 83/73/63 86/76/66
f 86/76/66 85/75/65 84/74/64
f 87/70/67 88/75/68 89/77/69
f 89/77/69 90/71/70 87/70/67
f 88/75/68 91/76/71 92/78/72
f 93/73/73 94/79/4 91/76/71
f 94/79/4 92/78/72 91/76/71
f 94/79/4 93/73/73 95/80/74
f 92/78/72 94/79/4 96/81/75
f 93/73/73 97/82/76 95/80/74
f 98/83/77 92/78/72 96/81/75
f 97/82/76 93/73/73 99/84/78
f 93/73/73 100/64/79 99/84/78
f 92/78/72 98/83/77 101/85/80
f 98/83/77 102/86/2 101/85/80
f 103/87/81 92/78/72 101/85/80
f 92/78/72 103/87/81 88/75/68
f 101/85/80 104/88/2 103/87/81
f 100/64/79 105/89/82 99/84/78
f 105/89/82 97/82/76 99/84/78
f 105/89/82 100/64/79 106/63/83
f 107/90/1 105/89/82 106/63/83
f 97/82/76 105/89/82 108/91/84
f 109/92/1 108/91/84 105/89/82
f 110/93/85 88/75/68 103/87/81
f 103/87/81 111/94/2 110/93/85
f 88/75/68 110/93/85 89/77/69
f 89/77/69 110/93/85 112/95/86
f 110/93/85 113/96/2 112/95/86
f 114/97/87 89/77/69 112/95/86
f 90/71/70 89/77/69 114/97/87
f 114/97/87 112/95/86 115/98/88
f 112/95/86 116/99/2 115/98/88
f 117/100/89 90/71/70 114/97/87
f 115/98/88 117/100/89 114/97/87
f 90/71/70 117/100/89 118/101/90
f 119/69/91 90/71/70 118/101/90
f 120/102/92 117/100/89 115/98/88
f 115/98/88 121/103/93 120/102/92
f 122/104/94 118/101/90 117/100/89
f 117/100/89 120/102/92 122/104/94
f 118/101/90 123/42/95 119/69/91
f 124/43/32 119/69/91 123/42/95
f 118/101/90 122/104/94 125/105/96
f 123/42/95 118/101/90 125/105/96
f 120/102/92 126/106/97 122/104/94
f 127/40/98 124/43/32 123/42/95
f 125/105/96 127/40/98 123/42/95
f 122/104/94 128/41/99 125/105/96
f 127/40/98 125/105/96 128/41/99
f 128/41/99 122/104/94 126/106/97
f 120/102/92 129/107/2 130/108/100
f 126/106/97 120/102/92 130/108/100
f 126/106/97 131/109/101 128/41/99
f 131/109/101 127/40/98 128/41/99
f 132/110/102 126/106/97 130/108/100
f 130/108/100 133/111/2 132/110/102
f 126/106/97 132/110/102 134/112/103
f 131/109/101 126/106/97 134/112/103
f 132/110/102 135/113/104 134/112/103
f 135/113/104 131/109/101 134/112/103
f 132/110/102 136/114/105 137/115/106
f 135/113/104 132/110/102 137/115/106
f 131/109/101 135/113/104 138/33/107
f 127/40/98 131/109/101 139/34/108
f 138/33/107 139/34/108 131/109/101
f 135/113/104 140/17/109 138/33/107
f 141/39/28 127/40/98 139/34/108
f 137/115/106 142/116/110 135/113/104
f 140/17/109 135/113/104 142/116/110
f 139/34/108 138/33/107 143/32/111
f 140/17/109 143/32/111 138/33/107
f 144/31/22 139/34/108 143/32/111
f 139/34/108 144/31/22 141/39/28
f 143/32/111 140/17/109 145/28/112
f 145/28/112 144/31/22 143/32/111
f 142/116/110 146/12/6 140/17/109
f 140/17/109 147/14/113 145/28/112
f 147/14/113 140/17/109 146/12/6
f 144/31/22 145/28/112 148/27/114
f 147/14/113 148/27/114 145/28/112
f 148/27/114 147/14/113 149/24/17
f 150/29/115 144/31/22 148/27/114
f 147/14/113 151/18/12 149/24/17
f 152/25/116 148/27/114 149/24/17
f 148/27/114 152/25/116 150/29/115
f 151/18/12 152/25/116 149/24/17
f 153/30/117 150/29/115 152/25/116
f 144/31/22 150/29/115 154/35/118
f 155/36/1 154/35/118 150/29/115
f 154/35/118 141/39/28 144/31/22
f 141/39/28 154/35/118 156/37/119
f 157/38/120 156/37/119 154/35/118
f 158/26/117 152/25/116 159/22/121
f 152/25/116 151/18/12 159/22/121
f 141/39/28 156/37/119 160/46/122
f 161/47/1 160/46/122 156/37/119
f 141/39/28 160/46/122 162/44/33
f 127/40/98 141/39/28 162/44/33
f 124/43/32 127/40/98 162/44/33
f 160/46/122 124/43/32 162/44/33
f 124/43/32 160/46/122 163/45/123
f 164/48/36 163/45/123 160/46/122
f 151/18/12 165/19/124 159/22/121
f 166/23/1 159/22/121 165/19/124
f 167/21/15 165/19/124 168/20/125
f 165/19/124 169/16/126 168/20/125
f 165/19/124 170/15/9 169/16/126
f 165/19/124 151/18/12 170/15/9
f 170/15/9 171/11/127 169/16/126
f 172/13/128 170/15/9 151/18/12
f 151/18/12 147/14/113 172/13/128
f 171/11/127 170/15/9 173/9/129
f 170/15/9 172/13/128 173/9/129
f 146/12/6 172/13/128 147/14/113
f 174/117/130 171/11/127 173/9/129
f 171/11/127 174/117/130 175/10/131
f 176/118/132 173/9/129 172/13/128
f 173/9/129 176/118/132 174/117/130
f 172/13/128 146/12/6 176/118/132
f 177/119/133 175/10/131 174/117/130
f 176/118/132 177/119/133 174/117/130
f 175/10/131 177/119/133 178/120/134
f 178/120/134 177/119/133 179/121/135
f 177/119/133 180/122/136 179/121/135
f 180/122/136 181/123/137 179/121/135
f 177/119/133 176/118/132 182/124/138
f 146/12/6 182/124/138 176/118/132
f 177/119/133 183/125/139 180/122/136
f 183/125/139 177/119/133 182/124/138
f 183/125/139 184/126/140 180/122/136
f 182/124/138 146/12/6 185/127/141
f 146/12/6 142/116/110 185/127/141
f 182/124/138 186/128/142 183/125/139
f 186/128/142 182/124/138 185/127/141
f 186/128/142 187/129/140 183/125/139
f 188/130/143 185/127/141 142/116/110
f 185/127/141 188/130/143 186/128/142
f 188/130/143 189/131/2 186/128/142
f 142/116/110 137/115/106 188/130/143
f 137/115/106 190/132/2 188/130/143
f 191/6/144 192/6/144 193/7/144
f 194/50/145 195/50/145 196/49/145
f 197/53/146 198/53/146 199/6/146
f 200/7/147 201/7/147 202/50/147
f 203/5/2 204/6/2 205/7/2
f 203/5/2 205/7/2 206/8/2
f 207/52/148 208/52/148 209/51/148
f 209/51/148 208/52/148 210/51/149
f 211/4/150 212/4/151 213/52/151
f 213/52/151 212/4/151 214/52/152
f 215/1/153 216/4/154 217/4/155
f 216/4/154 215/1/153 218/1/156
f 219/54/157 220/54/157 221/1/158
f 221/1/158 220/54/157 222/1/157
f 223/97/159 224/95/160 225/98/161
f 224/95/160 226/99/2 225/98/161
f 227/104/162 225/98/161 228/102/163
f 225/98/161 229/103/93 228/102/163
f 223/97/159 230/93/164 224/95/160
f 230/93/164 223/97/159 231/77/165
f 230/93/164 232/96/2 224/95/160
f 233/108/166 227/104/162 228/102/163
f 228/102/163 234/107/105 233/108/166
f 227/104/162 233/108/166 235/106/167
f 236/41/168 227/104/162 235/106/167
f 237/110/169 235/106/167 233/108/166
f 233/108/166 238/111/2 237/110/169
f 239/112/170 236/41/168 235/106/167
f 235/106/167 237/110/169 239/112/170
f 236/41/168 239/112/170 240/109/101
f 237/110/169 241/113/171 239/112/170
f 241/113/171 240/109/101 239/112/170
f 237/110/169 242/114/105 243/115/172
f 241/113/171 237/110/169 243/115/172
f 240/109/101 241/113/171 244/33/107
f 244/33/107 245/34/108 240/109/101
f 241/113/171 246/17/173 244/33/107
f 245/34/108 244/33/107 247/32/111
f 246/17/173 247/32/111 244/33/107
f 248/31/174 245/34/108 247/32/111
f 243/115/172 249/116/175 241/113/171
f 246/17/173 241/113/171 249/116/175
f 249/116/175 243/115/172 250/130/143
f 243/115/172 251/132/2 250/130/143
f 249/116/175 252/12/176 246/17/173
f 253/28/177 248/31/174 247/32/111
f 247/32/111 246/17/173 253/28/177
f 246/17/173 254/14/113 253/28/177
f 254/14/113 246/17/173 252/12/176
f 248/31/174 253/28/177 255/27/114
f 254/14/113 255/27/114 253/28/177
f 256/29/115 248/31/174 255/27/114
f 248/31/174 256/29/115 257/35/178
f 258/36/1 257/35/178 256/29/115
f 255/27/114 254/14/113 259/24/17
f 255/27/114 260/25/179 256/29/115
f 260/25/179 255/27/114 259/24/17
f 261/30/117 256/29/115 260/25/179
f 254/14/113 262/18/12 259/24/17
f 262/18/12 260/25/179 259/24/17
f 263/26/117 260/25/179 264/22/121
f 260/25/179 262/18/12 264/22/121
f 262/18/12 254/14/113 265/13/128
f 252/12/176 265/13/128 254/14/113
f 262/18/12 266/19/180 264/22/121
f 267/23/1 264/22/121 266/19/180
f 268/21/15 266/19/180 269/20/181
f 266/19/180 270/16/126 269/20/181
f 266/19/180 262/18/12 271/15/182
f 266/19/180 271/15/182 270/16/126
f 265/13/128 271/15/182 262/18/12
f 271/15/182 272/11/127 270/16/126
f 271/15/182 265/13/128 273/9/129
f 272/11/127 271/15/182 273/9/129
f 274/117/130 272/11/127 273/9/129
f 265/13/128 274/117/130 273/9/129
f 272/11/127 274/117/130 275/10/131
f 274/117/130 265/13/128 276/118/183
f 265/13/128 252/12/176 276/118/183
f 277/119/184 275/10/131 274/117/130
f 276/118/183 277/119/184 274/117/130
f 275/10/131 277/119/184 278/120/134
f 278/120/134 277/119/184 279/121/135
f 277/119/184 276/118/183 280/124/138
f 252/12/176 280/124/138 276/118/183
f 277/119/184 281/122/185 279/121/135
f 280/124/138 281/122/185 277/119/184
f 281/122/185 282/123/137 279/121/135
f 280/124/138 252/12/176 283/127/186
f 252/12/176 249/116/175 283/127/186
f 281/122/185 280/124/138 284/125/187
f 283/127/186 284/125/187 280/124/138
f 284/125/187 285/126/140 281/122/185
f 250/130/143 283/127/186 249/116/175
f 284/125/187 283/127/186 286/128/188
f 283/127/186 250/130/143 286/128/188
f 286/128/188 287/129/140 284/125/187
f 250/130/143 288/131/2 286/128/188
f 289/92/1 290/91/84 291/89/189
f 292/82/76 291/89/189 290/91/84
f 293/90/1 291/89/189 294/63/190
f 291/89/189 295/64/79 294/63/190
f 291/89/189 292/82/76 296/84/78
f 295/64/79 291/89/189 296/84/78
f 292/82/76 297/73/73 296/84/78
f 297/73/73 295/64/79 296/84/78
f 297/73/73 292/82/76 298/80/74
f 299/79/191 297/73/73 298/80/74
f 295/64/79 297/73/73 300/72/192
f 301/68/193 295/64/79 300/72/192
f 297/73/73 299/79/191 302/76/71
f 302/76/71 300/72/192 297/73/73
f 303/74/194 301/68/193 300/72/192
f 300/72/192 302/76/71 303/74/194
f 301/68/193 303/74/194 304/70/67
f 305/75/68 304/70/67 303/74/194
f 302/76/71 305/75/68 303/74/194
f 304/70/67 305/75/68 231/77/165
f 299/79/191 306/78/72 302/76/71
f 305/75/68 302/76/71 306/78/72
f 306/78/72 299/79/191 307/81/75
f 308/83/77 306/78/72 307/81/75
f 309/87/195 231/77/165 305/75/68
f 306/78/72 309/87/195 305/75/68
f 231/77/165 309/87/195 230/93/164
f 309/87/195 310/94/2 230/93/164
f 309/87/195 306/78/72 311/85/196
f 306/78/72 308/83/77 311/85/196
f 311/85/196 312/88/2 309/87/195
f 308/83/77 313/86/2 311/85/196
f 314/55/197 315/56/48 316/57/49
f 317/58/1 316/57/49 315/56/48
f 318/67/1 315/56/48 319/45/34
f 314/55/197 316/57/49 320/61/51
f 321/60/1 320/61/51 316/57/49
f 315/56/48 314/55/197 322/66/198
f 315/56/48 323/43/32 319/45/34
f 322/66/198 323/43/32 315/56/48
f 324/65/55 322/66/198 314/55/197
f 320/61/51 325/59/50 314/55/197
f 325/59/50 324/65/55 314/55/197
f 320/61/51 326/64/199 325/59/50
f 322/66/198 324/65/55 327/69/59
f 327/69/59 323/43/32 322/66/198
f 324/65/55 325/59/50 328/68/58
f 326/64/199 328/68/58 325/59/50
f 329/70/60 324/65/55 328/68/58
f 326/64/199 320/61/51 330/63/53
f 331/62/1 330/63/53 320/61/51
f 328/68/58 326/64/199 332/72/62
f 332/72/62 329/70/60 328/68/58
f 326/64/199 333/73/63 332/72/62
f 330/63/53 334/84/200 326/64/199
f 333/73/63 326/64/199 334/84/200
f 334/84/200 330/63/53 335/89/201
f 336/90/1 335/89/201 330/63/53
f 337/91/202 334/84/200 335/89/201
f 338/92/203 337/91/202 335/89/201
f 339/82/204 334/84/200 337/91/202
f 339/82/204 333/73/63 334/84/200
f 333/73/63 339/82/204 340/80/74
f 341/79/4 333/73/63 340/80/74
f 333/73/63 341/79/4 342/76/205
f 342/76/205 332/72/62 333/73/63
f 332/72/62 342/76/205 343/74/64
f 329/70/60 332/72/62 343/74/64
f 341/79/4 344/78/206 342/76/205
f 344/78/206 341/79/4 345/81/207
f 342/76/205 346/75/68 343/74/64
f 346/75/68 329/70/60 343/74/64
f 346/75/68 342/76/205 344/78/206
f 347/83/208 344/78/206 345/81/207
f 344/78/206 347/83/208 348/85/209
f 347/83/208 349/86/2 348/85/209
f 350/87/210 344/78/206 348/85/209
f 344/78/206 350/87/210 346/75/68
f 348/85/209 351/88/211 350/87/210
f 352/93/164 346/75/68 350/87/210
f 350/87/210 353/94/2 352/93/164
f 346/75/68 352/93/164 354/77/69
f 329/70/60 346/75/68 354/77/69
f 354/77/69 352/93/164 355/95/212
f 352/93/164 356/96/2 355/95/212
f 354/77/69 357/71/61 329/70/60
f 324/65/55 329/70/60 357/71/61
f 358/97/213 354/77/69 355/95/212
f 357/71/61 354/77/69 358/97/213
f 357/71/61 327/69/59 324/65/55
f 358/97/213 355/95/212 359/98/214
f 355/95/212 360/99/2 359/98/214
f 361/100/215 357/71/61 358/97/213
f 359/98/214 361/100/215 358/97/213
f 327/69/59 357/71/61 362/101/216
f 357/71/61 361/100/215 362/101/216
f 363/102/217 361/100/215 359/98/214
f 359/98/214 364/103/218 363/102/217
f 365/104/94 362/101/216 361/100/215
f 361/100/215 363/102/217 365/104/94
f 366/105/219 327/69/59 362/101/216
f 362/101/216 365/104/94 366/105/219
f 327/69/59 366/105/219 367/42/31
f 323/43/32 327/69/59 367/42/31
f 366/105/219 368/40/29 367/42/31
f 368/40/29 323/43/32 367/42/31
f 365/104/94 369/41/30 366/105/219
f 368/40/29 366/105/219 369/41/30
f 363/102/217 370/106/220 365/104/94
f 369/41/30 365/104/94 370/106/220
f 370/106/220 363/102/217 371/108/221
f 363/102/217 372/107/93 371/108/221
f 373/112/170 369/41/30 370/106/220
f 371/108/221 373/112/170 370/106/220
f 371/108/221 374/111/2 375/110/222
f 373/112/170 371/108/221 375/110/222
f 373/112/170 375/110/222 376/115/223
f 375/110/222 377/114/105 376/115/223
f 369/41/30 373/112/170 378/109/224
f 378/109/224 368/40/29 369/41/30
f 379/113/104 373/112/170 376/115/223
f 379/113/104 378/109/224 373/112/170
f 376/115/223 380/132/225 381/130/226
f 376/115/223 382/116/227 379/113/104
f 382/116/227 376/115/223 381/130/226
f 378/109/224 379/113/104 383/33/24
f 368/40/29 378/109/224 384/34/228
f 383/33/24 384/34/228 378/109/224
f 379/113/104 385/17/11 383/33/24
f 385/17/11 379/113/104 382/116/227
f 384/34/228 383/33/24 386/32/23
f 385/17/11 386/32/23 383/33/24
f 387/39/229 368/40/29 384/34/228
f 388/128/230 382/116/227 381/130/226
f 381/130/226 389/131/2 388/128/230
f 382/116/227 388/128/230 390/127/231
f 391/31/22 384/34/228 386/32/23
f 384/34/228 391/31/22 387/39/229
f 392/12/6 382/116/227 390/127/231
f 382/116/227 392/12/6 385/17/11
f 388/128/230 393/124/138 390/127/231
f 393/124/138 392/12/6 390/127/231
f 388/128/230 394/129/2 395/125/232
f 393/124/138 388/128/230 395/125/232
f 386/32/23 385/17/11 396/28/20
f 392/12/6 396/28/20 385/17/11
f 396/28/20 391/31/22 386/32/23
f 397/122/233 393/124/138 395/125/232
f 395/125/232 398/126/2 397/122/233
f 393/124/138 397/122/233 399/119/133
f 397/122/233 400/123/2 401/121/234
f 399/119/133 397/122/233 401/121/234
f 402/120/235 399/119/133 401/121/234
f 403/10/236 399/119/133 402/120/235
f 399/119/133 403/10/236 404/117/237
f 399/119/133 405/118/132 393/124/138
f 405/118/132 399/119/133 404/117/237
f 392/12/6 393/124/138 405/118/132
f 403/10/236 406/9/3 404/117/237
f 406/9/3 405/118/132 404/117/237
f 406/9/3 403/10/236 407/11/5
f 408/13/238 392/12/6 405/118/132
f 405/118/132 406/9/3 408/13/238
f 407/11/5 409/15/9 406/9/3
f 409/15/9 408/13/238 406/9/3
f 409/15/9 407/11/5 410/16/10
f 411/20/202 409/15/9 410/16/10
f 409/15/9 411/20/202 412/19/13
f 413/21/15 412/19/13 411/20/202
f 409/15/9 412/19/13 414/22/16
f 415/23/1 414/22/16 412/19/13
f 408/13/238 409/15/9 416/18/12
f 414/22/16 416/18/12 409/15/9
f 392/12/6 408/13/238 417/14/8
f 416/18/12 417/14/8 408/13/238
f 396/28/20 392/12/6 417/14/8
f 414/22/16 418/24/17 416/18/12
f 417/14/8 416/18/12 418/24/17
f 418/24/17 414/22/16 419/25/18
f 420/26/1 419/25/18 414/22/16
f 421/27/114 417/14/8 418/24/17
f 417/14/8 421/27/114 396/28/20
f 422/29/21 418/24/17 419/25/18
f 418/24/17 422/29/21 421/27/114
f 423/30/1 422/29/21 419/25/18
f 391/31/22 396/28/20 421/27/114
f 422/29/21 391/31/22 421/27/114
f 391/31/22 422/29/21 424/35/26
f 425/36/120 424/35/26 422/29/21
f 426/37/27 391/31/22 424/35/26
f 427/38/120 426/37/27 424/35/26
f 426/37/27 387/39/229 391/31/22
f 426/37/27 428/44/239 387/39/229
f 368/40/29 387/39/229 428/44/239
f 323/43/32 368/40/29 428/44/239
f 428/44/239 426/37/27 429/46/35
f 429/46/35 323/43/32 428/44/239
f 430/47/36 429/46/35 426/37/27
f 323/43/32 429/46/35 319/45/34
f 431/48/57 319/45/34 429/46/35
f 432/6/240 433/6/240 434/7/240
f 435/50/241 436/50/241 437/49/241
f 438/53/242 439/53/242 440/6/242
f 441/7/243 442/7/243 443/50/243
f 444/2/244 445/2/244 446/3/244
f 446/3/244 445/2/244 447/3/244
f 448/3/245 449/3/245 450/4/245
f 450/4/245 449/3/245 451/4/246
f 452/4/247 453/4/247 454/1/247
f 454/1/247 453/4/247 455/1/247
f 456/1/248 457/1/248 458/2/248
f 458/2/248 457/1/248 459/2/248
f 460/2/249 461/3/249 462/2/249
f 461/3/249 460/2/249 463/3/249
f 464/3/250 465/4/250 466/3/250
f 465/4/250 464/3/250 467/4/250
f 468/4/251 469/1/251 470/4/251
f 469/1/251 468/4/251 471/1/251
f 472/1/252 473/2/252 474/1/252
f 473/2/252 472/1/252 475/2/252
f 476/55/47 477/56/253 478/57/254
f 479/58/57 478/57/254 477/56/253
f 477/56/253 476/55/47 480/66/198
f 481/67/1 477/56/253 482/45/255
f 483/65/256 480/66/198 476/55/47
f 478/57/254 484/59/257 476/55/47
f 484/59/257 483/65/256 476/55/47
f 484/59/257 478/57/254 485/61/258
f 486/60/203 485/61/258 478/57/254
f 477/56/253 487/43/259 482/45/255
f 480/66/198 487/43/259 477/56/253
f 488/48/1 482/45/255 489/46/260
f 487/43/259 489/46/260 482/45/255
f 490/62/203 294/63/190 485/61/258
f 491/69/91 487/43/259 480/66/198
f 480/66/198 483/65/256 491/69/91
f 489/46/260 487/43/259 492/44/261
f 295/64/79 485/61/258 294/63/190
f 485/61/258 295/64/79 484/59/257
f 483/65/256 484/59/257 301/68/193
f 295/64/79 301/68/193 484/59/257
f 487/43/259 493/40/98 492/44/261
f 494/39/28 489/46/260 492/44/261
f 493/40/98 494/39/28 492/44/261
f 495/47/1 489/46/260 496/37/119
f 494/39/28 496/37/119 489/46/260
f 494/39/28 257/35/178 496/37/119
f 497/38/1 496/37/119 257/35/178
f 257/35/178 494/39/28 248/31/174
f 493/40/98 487/43/259 498/42/95
f 487/43/259 491/69/91 498/42/95
f 494/39/28 493/40/98 245/34/108
f 245/34/108 248/31/174 494/39/28
f 498/42/95 236/41/168 493/40/98
f 493/40/98 240/109/101 245/34/108
f 240/109/101 493/40/98 236/41/168
f 491/69/91 499/105/96 498/42/95
f 236/41/168 498/42/95 499/105/96
f 499/105/96 491/69/91 500/101/90
f 227/104/162 236/41/168 499/105/96
f 500/101/90 227/104/162 499/105/96
f 491/69/91 501/71/262 500/101/90
f 501/71/262 491/69/91 483/65/256
f 227/104/162 500/101/90 502/100/263
f 501/71/262 502/100/263 500/101/90
f 483/65/256 304/70/67 501/71/262
f 304/70/67 483/65/256 301/68/193
f 502/100/263 501/71/262 223/97/159
f 231/77/165 501/71/262 304/70/67
f 501/71/262 231/77/165 223/97/159
f 225/98/161 502/100/263 223/97/159
f 225/98/161 227/104/162 502/100/263
f 503/49/264 504/50/265 505/51/266
f 505/51/266 504/50/265 506/52/266
f 507/50/267 508/7/267 509/52/267
f 509/52/267 508/7/267 510/4/268
f 511/7/269 512/1/270 513/4/271
f 512/1/270 511/7/269 514/6/269
f 515/6/272 516/53/273 517/1/274
f 517/1/274 516/53/273 518/54/272
f 519/1/1 520/2/1 521/3/1
f 519/1/1 521/3/1 522/4/1
f 523/55/47 524/56/275 525/57/276
f 526/58/1 525/57/276 524/56/275
f 527/67/1 524/56/275 163/45/123
f 523/55/47 525/57/276 528/61/277
f 529/60/57 528/61/277 525/57/276
f 524/56/275 523/55/47 530/66/198
f 524/56/275 124/43/32 163/45/123
f 530/66/198 124/43/32 524/56/275
f 531/65/256 530/66/198 523/55/47
f 528/61/277 532/59/50 523/55/47
f 532/59/50 531/65/256 523/55/47
f 533/62/1 106/63/83 528/61/277
f 528/61/277 100/64/79 532/59/50
f 100/64/79 528/61/277 106/63/83
f 531/65/256 532/59/50 534/68/193
f 100/64/79 534/68/193 532/59/50
f 530/66/198 531/65/256 119/69/91
f 119/69/91 124/43/32 530/66/198
f 87/70/67 531/65/256 534/68/193
f 90/71/70 119/69/91 531/65/256
f 531/65/256 87/70/67 90/71/70
f 534/68/193 100/64/79 535/72/192
f 535/72/192 87/70/67 534/68/193
f 87/70/67 535/72/192 536/74/194
f 100/64/79 93/73/73 535/72/192
f 88/75/68 87/70/67 536/74/194
f 535/72/192 91/76/71 536/74/194
f 91/76/71 88/75/68 536/74/194
f 91/76/71 535/72/192 93/73/73
f 537/51/278 538/52/279 539/52/280
f 537/51/278 539/52/280 540/51/281
f 541/52/282 542/4/283 543/4/283
f 541/52/282 543/4/283 544/52/282
f 545/4/284 546/1/285 547/1/285
f 545/4/284 547/1/285 548/4/286
f 549/1/287 550/54/288 551/54/287
f 549/1/287 551/54/287 552/1/289
f 83/73/63 553/79/290 86/76/66
f 554/81/207 86/76/66 553/79/290
f 553/79/290 83/73/63 555/80/291
f 86/76/66 554/81/207 556/78/206
f 85/75/65 86/76/66 556/78/206
f 557/83/208 556/78/206 554/81/207
f 558/84/78 555/80/291 83/73/63
f 83/73/63 74/64/54 558/84/78
f 555/80/291 558/84/78 559/82/10
f 556/78/206 557/83/208 560/85/209
f 557/83/208 561/86/2 560/85/209
f 562/87/210 556/78/206 560/85/209
f 556/78/206 562/87/210 85/75/65
f 560/85/209 563/88/2 562/87/210
f 564/89/201 559/82/10 558/84/78
f 74/64/54 564/89/201 558/84/78
f 559/82/10 564/89/201 565/91/202
f 566/92/1 565/91/202 564/89/201
f 564/89/201 74/64/54 73/63/53
f 567/90/1 564/89/201 73/63/53
f 568/93/164 85/75/65 562/87/210
f 562/87/210 569/94/292 568/93/164
f 85/75/65 568/93/164 570/77/69
f 80/70/60 85/75/65 570/77/69
f 570/77/69 81/71/61 80/70/60
f 570/77/69 568/93/164 571/95/212
f 568/93/164 572/96/2 571/95/212
f 81/71/61 570/77/69 573/97/293
f 573/97/293 570/77/69 571/95/212
f 573/97/293 571/95/212 574/98/214
f 571/95/212 575/99/2 574/98/214
f 576/100/215 81/71/61 573/97/293
f 574/98/214 576/100/215 573/97/293
f 81/71/61 576/100/215 577/101/216
f 79/69/59 81/71/61 577/101/216
f 574/98/214 578/104/294 576/100/215
f 578/104/294 577/101/216 576/100/215
f 577/101/216 42/42/31 79/69/59
f 42/42/31 577/101/216 579/105/219
f 577/101/216 578/104/294 579/105/219
f 41/41/30 42/42/31 579/105/219
f 578/104/294 41/41/30 579/105/219
f 578/104/294 574/98/214 580/102/217
f 574/98/214 581/103/93 580/102/217
f 580/102/217 582/106/295 578/104/294
f 41/41/30 578/104/294 582/106/295
f 582/106/295 580/102/217 583/108/221
f 580/102/217 584/107/2 583/108/221
f 583/108/221 585/112/170 582/106/295
f 585/112/170 41/41/30 582/106/295
f 585/112/170 583/108/221 586/110/222
f 583/108/221 587/111/2 586/110/222
f 41/41/30 585/112/170 588/109/296
f 586/110/222 589/113/297 585/112/170
f 589/113/297 588/109/296 585/112/170
f 586/110/222 590/114/2 591/115/223
f 589/113/297 586/110/222 591/115/223
f 34/34/25 41/41/30 588/109/296
f 592/130/298 589/113/297 591/115/223
f 591/115/223 593/132/2 592/130/298
f 588/109/296 589/113/297 33/33/24
f 33/33/24 34/34/25 588/109/296
f 589/113/297 17/17/11 33/33/24
f 592/130/298 594/116/299 589/113/297
f 17/17/11 589/113/297 594/116/299
f 595/128/230 594/116/299 592/130/298
f 592/130/298 596/131/2 595/128/230
f 594/116/299 595/128/230 597/127/231
f 12/12/6 594/116/299 597/127/231
f 594/116/299 12/12/6 17/17/11
f 595/128/230 598/124/300 597/127/231
f 598/124/300 12/12/6 597/127/231
f 595/128/230 599/129/2 600/125/232
f 598/124/300 595/128/230 600/125/232
f 601/122/233 598/124/300 600/125/232
f 600/125/232 602/126/2 601/122/233
f 601/122/233 603/123/2 604/121/234
f 605/120/301 601/122/233 604/121/234
f 601/122/233 605/120/301 606/119/302
f 598/124/300 601/122/233 606/119/302
f 10/10/4 606/119/302 605/120/301
f 606/119/302 607/118/303 598/124/300
f 12/12/6 598/124/300 607/118/303
f 606/119/302 10/10/4 608/117/237
f 607/118/303 606/119/302 608/117/237
f 13/13/7 12/12/6 607/118/303
f 608/117/237 13/13/7 607/118/303
f 10/10/4 9/9/3 608/117/237
f 13/13/7 608/117/237 9/9/3
o RenderMesh_116397251752763.003
v -0.178260 -1.087373 0.074117
v -0.183204 -1.087373 0.079653
v -0.177667 -1.087373 0.084597
v -0.172723 -1.087373 0.079060
v -0.174264 -3.199662 0.079147
v -0.177755 -3.199662 0.083058
v -0.181665 -3.199662 0.079567
v -0.178174 -3.199662 0.075657
v -0.234277 -1.068917 0.088972
v -0.224534 -1.095044 0.112462
v -0.224534 -1.068917 0.112462
v -0.220569 -1.095044 0.041317
v -0.232863 -1.068917 0.063579
v -0.220569 -1.068917 0.041316
v -0.223106 -1.045366 0.087068
v -0.215296 -1.045366 0.105902
v -0.199837 -1.095044 0.026589
v -0.221971 -1.045366 0.066712
v -0.202942 -1.029060 0.083632
v -0.198618 -1.029060 0.094057
v -0.177944 -1.023282 0.079375
v -0.202312 -1.029060 0.072364
v -0.177944 -1.023282 0.079375
v -0.212119 -1.045366 0.048861
v -0.196859 -1.029060 0.062487
v -0.177944 -1.023282 0.079375
v -0.195494 -1.045366 0.037058
v -0.199837 -1.068917 0.026589
v -0.187659 -1.029060 0.055954
v -0.177944 -1.023282 0.079375
v -0.175396 -1.045366 0.033632
v -0.174765 -1.068917 0.022318
v -0.174765 -1.095044 0.022318
v -0.150326 -1.068917 0.029348
v -0.176535 -1.029060 0.054056
v -0.177944 -1.023282 0.079375
v -0.165689 -1.029060 0.057176
v -0.177944 -1.023282 0.079375
v -0.155802 -1.045366 0.039267
v -0.131356 -1.068917 0.046285
v -0.131356 -1.095044 0.046285
v -0.121610 -1.068917 0.069777
v -0.132784 -1.045366 0.071679
v -0.140594 -1.045366 0.052845
v -0.152948 -1.029060 0.075115
v -0.157270 -1.029060 0.064692
v -0.177944 -1.023282 0.079375
v -0.177944 -1.023282 0.079375
v -0.344369 -1.204472 0.088777
v -0.168544 -1.204472 0.245763
v -0.180756 -1.087161 0.079515
v -0.177806 -1.087161 0.082150
v -0.168544 -1.204472 0.245763
v -0.011558 -1.204473 0.069936
v -0.177806 -1.087161 0.082150
v -0.175171 -1.087161 0.079198
v -0.011558 -1.204473 0.069936
v -0.187384 -1.204472 -0.087048
v -0.175171 -1.087161 0.079198
v -0.178122 -1.087161 0.076564
v -0.187384 -1.204472 -0.087048
v -0.344369 -1.204472 0.088777
v -0.178122 -1.087161 0.076564
v -0.180756 -1.087161 0.079515
v -0.143771 -1.045366 0.109886
v -0.153576 -1.029060 0.086385
v -0.159028 -1.029060 0.096263
v -0.177944 -1.023282 0.079375
v -0.160394 -1.045366 0.121691
v -0.177944 -1.023282 0.079375
v -0.168229 -1.029060 0.102796
v -0.177944 -1.023282 0.079375
v -0.179355 -1.029060 0.104691
v -0.180494 -1.045366 0.125115
v -0.135319 -1.068917 0.117433
v -0.133916 -1.045366 0.092037
v -0.177944 -1.023282 0.079375
v -0.156053 -1.068917 0.132158
v -0.123027 -1.068917 0.095168
v -0.156053 -1.095044 0.132158
v -0.135319 -1.095044 0.117433
v -0.181123 -1.068917 0.136431
v -0.205564 -1.068917 0.129400
v -0.181123 -1.095044 0.136431
v -0.180494 -1.118599 0.125115
v -0.205564 -1.095044 0.129400
v -0.162033 -3.213393 0.117751
v -0.179802 -3.230533 0.112630
v -0.165190 -3.230533 0.110138
v -0.146956 -3.213393 0.107043
v -0.198034 -3.213393 0.115746
v -0.194049 -3.230533 0.108531
v -0.198034 -3.194381 0.115746
v -0.211828 -3.213393 0.103429
v -0.211828 -3.194381 0.103429
v -0.205107 -3.230533 0.098658
v -0.205107 -3.177240 0.098658
v -0.192965 -3.242398 0.090034
v -0.194049 -3.177240 0.108531
v -0.179802 -3.177240 0.112630
v -0.186851 -3.242398 0.095494
v -0.177949 -3.246593 0.079371
v -0.178976 -3.242398 0.097758
v -0.177949 -3.246593 0.079371
v -0.186851 -3.165375 0.095494
v -0.178976 -3.165375 0.097758
v -0.177949 -3.161180 0.079370
v -0.192965 -3.165375 0.090034
v -0.177949 -3.161180 0.079370
v -0.170895 -3.242398 0.096383
v -0.177949 -3.246593 0.079371
v -0.164213 -3.242398 0.091636
v -0.177949 -3.246593 0.079371
v -0.153102 -3.230533 0.101555
v -0.160249 -3.242398 0.084461
v -0.177949 -3.246593 0.079371
v -0.145939 -3.230533 0.088576
v -0.138018 -3.213393 0.090855
v -0.138018 -3.194381 0.090855
v -0.159794 -3.242398 0.076275
v -0.177949 -3.246593 0.079371
v -0.145113 -3.230533 0.073776
v -0.136987 -3.194381 0.072391
v -0.145113 -3.177240 0.073776
v -0.136987 -3.213393 0.072391
v -0.150792 -3.230533 0.060083
v -0.144074 -3.194381 0.055309
v -0.144074 -3.213393 0.055309
v -0.177949 -3.246593 0.079371
v -0.162934 -3.242398 0.068706
v -0.157867 -3.213393 0.042993
v -0.169049 -3.242398 0.063246
v -0.177949 -3.246593 0.079371
v -0.161850 -3.230533 0.050210
v -0.176096 -3.230533 0.046111
v -0.177949 -3.246593 0.079371
v -0.176926 -3.242398 0.060980
v -0.175638 -3.213393 0.037882
v -0.157867 -3.194381 0.042993
v -0.193870 -3.213393 0.040989
v -0.161850 -3.177240 0.050210
v -0.190709 -3.230533 0.048602
v -0.175638 -3.194381 0.037882
v -0.176096 -3.177240 0.046111
v -0.193870 -3.194381 0.040989
v -0.208946 -3.213393 0.051695
v -0.208946 -3.194381 0.051695
v -0.190709 -3.177240 0.048602
v -0.202796 -3.177240 0.057186
v -0.185005 -3.165375 0.062357
v -0.209961 -3.177240 0.070165
v -0.191689 -3.165375 0.067103
v -0.177949 -3.161180 0.079370
v -0.176926 -3.165375 0.060980
v -0.177949 -3.161180 0.079370
v -0.169049 -3.165375 0.063246
v -0.177949 -3.161180 0.079370
v -0.177949 -3.161180 0.079370
v -0.195650 -3.165375 0.074281
v -0.162934 -3.165375 0.068706
v -0.177949 -3.161180 0.079370
v -0.150792 -3.177240 0.060083
v -0.159794 -3.165375 0.076275
v -0.177949 -3.161180 0.079370
v -0.196107 -3.165375 0.082464
v -0.177949 -3.161180 0.079370
v -0.177949 -3.161180 0.079370
v -0.192965 -3.165375 0.090034
v -0.205107 -3.177240 0.098658
v -0.210787 -3.177240 0.084965
v -0.211828 -3.194381 0.103429
v -0.217884 -3.194381 0.067884
v -0.218912 -3.194381 0.086350
v -0.218912 -3.213393 0.086350
v -0.211828 -3.213393 0.103429
v -0.217884 -3.213393 0.067884
v -0.210787 -3.230533 0.084965
v -0.205107 -3.230533 0.098658
v -0.192965 -3.242398 0.090034
v -0.196107 -3.242398 0.082464
v -0.177949 -3.246593 0.079371
v -0.209961 -3.230533 0.070165
v -0.195650 -3.242398 0.074281
v -0.177949 -3.246593 0.079371
v -0.202796 -3.230533 0.057186
v -0.191689 -3.242398 0.067103
v -0.177949 -3.246593 0.079371
v -0.185005 -3.242398 0.062357
v -0.177949 -3.246593 0.079371
v -0.177949 -3.246593 0.079371
v -0.177755 -3.199662 0.083058
v -0.184898 -2.390637 -0.043123
v -0.055487 -2.390637 0.072421
v -0.178174 -3.199662 0.075657
v -0.171033 -2.390637 0.201835
v -0.300444 -2.390637 0.086291
v -0.174264 -3.199662 0.079147
v -0.300444 -2.390637 0.086291
v -0.184898 -2.390637 -0.043123
v -0.181665 -3.199662 0.079567
v -0.055487 -2.390637 0.072421
v -0.171033 -2.390637 0.201835
v -0.174544 -2.293971 0.079164
v -0.177771 -2.293971 0.082778
v -0.181384 -2.293971 0.079551
v -0.178158 -2.293971 0.075938
v -0.177882 -2.303776 0.080807
v -0.177744 -2.300346 0.083254
v -0.179416 -2.303776 0.079437
v -0.181861 -2.300346 0.079578
v -0.176514 -2.303776 0.079275
v -0.174067 -2.300346 0.079137
v -0.177882 -2.303776 0.080807
v -0.177744 -2.300346 0.083254
v -0.178049 -2.303776 0.077905
v -0.174067 -2.300346 0.079137
v -0.176514 -2.303776 0.079275
v -0.178185 -2.300346 0.075460
v -0.179416 -2.303776 0.079437
v -0.181861 -2.300346 0.079578
v -0.178049 -2.303776 0.077905
v -0.178185 -2.300346 0.075460
v -0.153102 -2.325691 0.101555
v -0.164212 -2.337559 0.091635
v -0.160249 -2.337559 0.084460
v -0.177949 -2.341754 0.079370
v -0.145112 -2.325691 0.073776
v -0.159794 -2.337559 0.076275
v -0.177949 -2.341754 0.079370
v -0.170895 -2.337559 0.096383
v -0.165190 -2.325691 0.110139
v -0.177949 -2.341754 0.079370
v -0.162934 -2.337559 0.068706
v -0.177949 -2.341754 0.079370
v -0.150792 -2.325691 0.060083
v -0.144074 -2.308550 0.055309
v -0.169048 -2.337559 0.063247
v -0.177949 -2.341754 0.079370
v -0.161850 -2.325691 0.050210
v -0.157867 -2.308550 0.042993
v -0.176096 -2.325691 0.046111
v -0.177949 -2.341754 0.079370
v -0.176926 -2.337559 0.060980
v -0.175637 -2.308550 0.037881
v -0.157867 -2.289541 0.042993
v -0.193869 -2.308550 0.040988
v -0.175637 -2.289541 0.037881
v -0.176096 -2.272401 0.046111
v -0.190712 -2.325691 0.048600
v -0.185004 -2.337559 0.062357
v -0.177949 -2.341754 0.079370
v -0.208946 -2.308550 0.051695
v -0.193869 -2.289541 0.040988
v -0.208946 -2.289541 0.051695
v -0.190712 -2.272401 0.048600
v -0.185004 -2.260532 0.062357
v -0.176926 -2.260532 0.060980
v -0.177949 -2.256338 0.079370
v -0.202797 -2.272401 0.057186
v -0.191689 -2.260532 0.067102
v -0.177949 -2.256338 0.079370
v -0.209963 -2.272401 0.070162
v -0.177949 -2.256338 0.079370
v -0.195650 -2.260532 0.074280
v -0.217883 -2.289541 0.067884
v -0.196106 -2.260532 0.082463
v -0.177949 -2.256338 0.079370
v -0.177949 -2.256338 0.079370
v -0.192965 -2.260532 0.090034
v -0.205107 -2.272401 0.098658
v -0.210786 -2.272401 0.084965
v -0.211828 -2.289541 0.103428
v -0.218912 -2.289541 0.086350
v -0.218912 -2.308550 0.086350
v -0.211828 -2.308550 0.103428
v -0.217883 -2.308550 0.067884
v -0.210787 -2.325691 0.084965
v -0.205107 -2.325691 0.098658
v -0.192965 -2.337559 0.090034
v -0.209960 -2.325691 0.070165
v -0.196106 -2.337559 0.082463
v -0.177949 -2.341754 0.079370
v -0.202797 -2.325691 0.057186
v -0.195650 -2.337559 0.074280
v -0.177949 -2.341754 0.079370
v -0.191689 -2.337559 0.067103
v -0.177949 -2.341754 0.079370
v -0.177949 -2.341754 0.079370
v -0.177949 -2.256338 0.079370
v -0.192965 -2.260532 0.090034
v -0.186851 -2.260532 0.095494
v -0.205107 -2.272401 0.098658
v -0.177949 -2.256338 0.079370
v -0.178976 -2.260532 0.097758
v -0.179802 -2.272401 0.112629
v -0.194049 -2.272401 0.108531
v -0.198033 -2.289541 0.115745
v -0.211828 -2.289541 0.103428
v -0.211828 -2.308550 0.103428
v -0.180261 -2.289541 0.120859
v -0.162032 -2.289541 0.117750
v -0.198033 -2.308550 0.115745
v -0.180261 -2.308550 0.120859
v -0.162032 -2.308550 0.117750
v -0.179802 -2.325691 0.112630
v -0.194049 -2.325691 0.108531
v -0.205107 -2.325691 0.098658
v -0.192965 -2.337559 0.090034
v -0.178976 -2.337559 0.097758
v -0.177949 -2.341754 0.079370
v -0.186851 -2.337559 0.095494
v -0.177949 -2.341754 0.079370
v -0.177949 -2.341754 0.079370
v -0.143772 -2.261745 0.109885
v -0.153576 -2.245440 0.086385
v -0.159029 -2.245440 0.096263
v -0.177944 -2.239661 0.079375
v -0.177944 -2.239661 0.079375
v -0.152950 -2.245440 0.075116
v -0.168229 -2.245440 0.102796
v -0.177944 -2.239661 0.079375
v -0.133917 -2.261745 0.092037
v -0.132784 -2.261745 0.071679
v -0.135319 -2.285297 0.117433
v -0.160394 -2.261745 0.121691
v -0.180494 -2.261745 0.125115
v -0.123027 -2.285297 0.095169
v -0.156054 -2.285297 0.132159
v -0.156054 -2.311426 0.132159
v -0.179355 -2.245440 0.104691
v -0.177944 -2.239661 0.079375
v -0.181123 -2.285297 0.136431
v -0.205563 -2.285297 0.129402
v -0.200087 -2.261745 0.119482
v -0.190200 -2.245440 0.101573
v -0.177944 -2.239661 0.079375
v -0.198618 -2.245440 0.094057
v -0.177944 -2.239661 0.079375
v -0.215297 -2.261745 0.105902
v -0.224535 -2.285297 0.112463
v -0.224535 -2.311426 0.112463
v -0.205563 -2.311426 0.129402
v -0.181123 -2.311426 0.136431
v -0.200087 -2.334978 0.119482
v -0.215297 -2.334978 0.105902
v -0.180494 -2.334978 0.125115
v -0.198618 -2.351283 0.094057
v -0.190200 -2.351283 0.101573
v -0.177944 -2.357062 0.079375
v -0.179355 -2.351283 0.104691
v -0.177944 -2.357062 0.079375
v -0.168229 -2.351283 0.102796
v -0.177944 -2.357062 0.079375
v -0.160394 -2.334978 0.121691
v -0.159029 -2.351283 0.096263
v -0.177944 -2.357062 0.079375
v -0.135319 -2.311426 0.117433
v -0.143772 -2.334978 0.109885
v -0.153576 -2.351283 0.086385
v -0.177944 -2.357062 0.079375
v -0.133917 -2.334978 0.092037
v -0.123027 -2.311426 0.095169
v -0.152950 -2.351283 0.075116
v -0.177944 -2.357062 0.079375
v -0.132784 -2.334978 0.071679
v -0.121611 -2.311426 0.069777
v -0.121611 -2.285297 0.069777
v -0.131356 -2.285297 0.046284
v -0.131356 -2.311426 0.046284
v -0.140592 -2.334978 0.052847
v -0.157271 -2.351283 0.064692
v -0.177944 -2.357062 0.079375
v -0.155802 -2.334978 0.039267
v -0.177944 -2.357062 0.079375
v -0.165689 -2.351283 0.057176
v -0.176536 -2.351283 0.054056
v -0.177944 -2.357062 0.079375
v -0.150326 -2.311426 0.029348
v -0.175397 -2.334978 0.033632
v -0.177944 -2.357062 0.079375
v -0.187660 -2.351283 0.055953
v -0.195495 -2.334978 0.037058
v -0.174765 -2.311426 0.022319
v -0.150326 -2.285297 0.029348
v -0.199835 -2.311426 0.026591
v -0.174765 -2.285297 0.022319
v -0.155802 -2.261745 0.039267
v -0.196860 -2.351283 0.062486
v -0.177944 -2.357062 0.079375
v -0.212119 -2.334978 0.048862
v -0.175397 -2.261745 0.033632
v -0.220569 -2.311426 0.041317
v -0.221972 -2.334978 0.066712
v -0.177944 -2.357062 0.079375
v -0.202312 -2.351283 0.072365
v -0.199835 -2.285297 0.026591
v -0.202942 -2.351283 0.083632
v -0.177944 -2.357062 0.079375
v -0.223108 -2.334978 0.087068
v -0.177944 -2.357062 0.079375
v -0.198618 -2.351283 0.094057
v -0.215297 -2.334978 0.105902
v -0.224535 -2.311426 0.112463
v -0.234278 -2.311426 0.088973
v -0.232861 -2.311426 0.063581
v -0.234278 -2.285297 0.088973
v -0.224535 -2.285297 0.112463
v -0.232861 -2.285297 0.063581
v -0.223108 -2.261745 0.087068
v -0.215297 -2.261745 0.105902
v -0.198618 -2.245440 0.094057
v -0.202942 -2.245440 0.083632
v -0.177944 -2.239661 0.079375
v -0.202312 -2.245440 0.072365
v -0.177944 -2.239661 0.079375
v -0.221971 -2.261745 0.066712
v -0.220569 -2.285297 0.041317
v -0.212119 -2.261745 0.048862
v -0.196860 -2.245440 0.062486
v -0.177944 -2.239661 0.079375
v -0.195495 -2.261745 0.037058
v -0.187660 -2.245440 0.055953
v -0.177944 -2.239661 0.079375
v -0.176536 -2.245440 0.054056
v -0.177944 -2.239661 0.079375
v -0.165689 -2.245440 0.057176
v -0.177944 -2.239661 0.079375
v -0.140592 -2.261745 0.052847
v -0.157271 -2.245440 0.064692
v -0.177944 -2.239661 0.079375
v -0.177944 -2.239661 0.079375
v -0.177771 -2.293971 0.082778
v -0.187384 -1.204472 -0.087048
v -0.011558 -1.204473 0.069936
v -0.178158 -2.293971 0.075938
v -0.168544 -1.204472 0.245763
v -0.344369 -1.204472 0.088777
v -0.174544 -2.293971 0.079164
v -0.344369 -1.204472 0.088777
v -0.187384 -1.204472 -0.087048
v -0.181384 -2.293971 0.079551
v -0.011558 -1.204473 0.069936
v -0.168544 -1.204472 0.245763
v -0.181861 -2.303991 0.079578
v -0.181861 -2.300346 0.079578
v -0.177744 -2.303991 0.083254
v -0.177744 -2.300346 0.083254
v -0.177744 -2.303991 0.083254
v -0.177744 -2.300346 0.083254
v -0.174067 -2.303991 0.079137
v -0.174067 -2.300346 0.079137
v -0.174067 -2.303991 0.079137
v -0.174067 -2.300346 0.079137
v -0.178185 -2.303991 0.075460
v -0.178185 -2.300346 0.075460
v -0.178185 -2.303991 0.075460
v -0.178185 -2.300346 0.075460
v -0.181861 -2.303991 0.079578
v -0.181861 -2.300346 0.079578
v -0.183204 -1.083732 0.079653
v -0.177667 -1.087373 0.084597
v -0.183204 -1.087373 0.079653
v -0.177667 -1.083732 0.084597
v -0.177667 -1.083732 0.084597
v -0.172723 -1.087373 0.079060
v -0.177667 -1.087373 0.084597
v -0.172723 -1.083732 0.079060
v -0.172723 -1.083732 0.079060
v -0.178260 -1.087373 0.074117
v -0.172723 -1.087373 0.079060
v -0.178260 -1.083732 0.074117
v -0.178260 -1.083732 0.074117
v -0.183204 -1.087373 0.079653
v -0.178260 -1.087373 0.074117
v -0.183204 -1.083732 0.079653
v -0.153105 -2.272401 0.101553
v -0.160249 -2.260532 0.084460
v -0.164212 -2.260532 0.091635
v -0.177949 -2.256338 0.079370
v -0.145938 -2.272401 0.088576
v -0.177949 -2.256338 0.079370
v -0.159794 -2.260532 0.076275
v -0.146955 -2.289541 0.107044
v -0.165190 -2.272401 0.110139
v -0.170895 -2.260532 0.096383
v -0.177949 -2.256338 0.079370
v -0.145112 -2.272401 0.073776
v -0.177949 -2.256338 0.079370
v -0.162934 -2.260532 0.068706
v -0.177949 -2.256338 0.079370
v -0.138018 -2.289541 0.090855
v -0.150792 -2.272401 0.060083
v -0.144074 -2.289541 0.055309
v -0.161850 -2.272401 0.050210
v -0.177949 -2.256338 0.079370
v -0.169048 -2.260532 0.063247
v -0.177949 -2.256338 0.079370
v -0.136987 -2.289541 0.072391
v -0.136987 -2.308550 0.072391
v -0.138018 -2.308550 0.090855
v -0.146955 -2.308550 0.107044
v -0.145938 -2.325691 0.088576
v -0.300444 -2.390637 0.086291
v -0.171033 -2.390637 0.201835
v -0.179416 -2.303776 0.079437
v -0.177882 -2.303776 0.080807
v -0.171033 -2.390637 0.201835
v -0.055487 -2.390637 0.072421
v -0.177882 -2.303776 0.080807
v -0.176514 -2.303776 0.079275
v -0.055487 -2.390637 0.072421
v -0.178049 -2.303776 0.077905
v -0.176514 -2.303776 0.079275
v -0.184898 -2.390637 -0.043123
v -0.184898 -2.390637 -0.043123
v -0.300444 -2.390637 0.086291
v -0.178049 -2.303776 0.077905
v -0.179416 -2.303776 0.079437
v -0.178185 -2.303991 0.075460
v -0.181861 -2.303991 0.079578
v -0.177744 -2.303991 0.083254
v -0.174067 -2.303991 0.079137
v -0.153102 -3.177240 0.101555
v -0.160249 -3.165375 0.084461
v -0.164213 -3.165375 0.091636
v -0.177949 -3.161180 0.079370
v -0.177949 -3.161180 0.079370
v -0.170895 -3.165375 0.096383
v -0.177949 -3.161180 0.079370
v -0.145939 -3.177240 0.088576
v -0.146956 -3.194381 0.107043
v -0.165190 -3.177240 0.110138
v -0.177949 -3.161180 0.079370
v -0.162033 -3.194381 0.117751
v -0.180262 -3.194381 0.120860
v -0.180262 -3.213393 0.120860
v -0.180756 -1.087161 0.079515
v -0.177806 -1.087161 0.082150
v -0.177667 -1.083732 0.084597
v -0.183204 -1.083732 0.079653
v -0.177806 -1.087161 0.082150
v -0.175171 -1.087161 0.079198
v -0.172723 -1.083732 0.079060
v -0.177667 -1.083732 0.084597
v -0.175171 -1.087161 0.079198
v -0.178122 -1.087161 0.076564
v -0.178260 -1.083732 0.074117
v -0.172723 -1.083732 0.079060
v -0.178122 -1.087161 0.076564
v -0.180756 -1.087161 0.079515
v -0.183204 -1.083732 0.079653
v -0.178260 -1.083732 0.074117
v -0.224534 -1.095044 0.112462
v -0.215296 -1.118599 0.105902
v -0.224534 -1.068917 0.112462
v -0.200088 -1.118599 0.119480
v -0.198618 -1.134901 0.094057
v -0.200088 -1.045366 0.119480
v -0.215296 -1.045366 0.105902
v -0.190200 -1.134901 0.101574
v -0.177944 -1.140683 0.079375
v -0.179355 -1.134901 0.104691
v -0.177944 -1.140683 0.079375
v -0.190200 -1.029060 0.101574
v -0.198618 -1.029060 0.094057
v -0.177944 -1.023282 0.079375
v -0.177944 -1.023282 0.079375
v -0.168229 -1.134901 0.102796
v -0.177944 -1.140683 0.079375
v -0.160394 -1.118599 0.121691
v -0.159028 -1.134901 0.096263
v -0.177944 -1.140683 0.079375
v -0.143771 -1.118599 0.109886
v -0.153576 -1.134901 0.086385
v -0.177944 -1.140683 0.079375
v -0.133916 -1.118599 0.092037
v -0.123027 -1.095044 0.095168
v -0.132784 -1.118599 0.071679
v -0.121610 -1.095044 0.069777
v -0.152948 -1.134901 0.075115
v -0.177944 -1.140683 0.079375
v -0.140594 -1.118599 0.052845
v -0.157270 -1.134901 0.064692
v -0.177944 -1.140683 0.079375
v -0.155802 -1.118599 0.039267
v -0.165689 -1.134901 0.057176
v -0.177944 -1.140683 0.079375
v -0.150326 -1.095044 0.029348
v -0.175396 -1.118599 0.033632
v -0.177944 -1.140683 0.079375
v -0.176535 -1.134901 0.054056
v -0.187659 -1.134901 0.055954
v -0.177944 -1.140683 0.079375
v -0.195494 -1.118599 0.037058
v -0.196860 -1.134901 0.062486
v -0.177944 -1.140683 0.079375
v -0.212119 -1.118599 0.048861
v -0.221971 -1.118599 0.066712
v -0.177944 -1.140683 0.079375
v -0.202312 -1.134901 0.072364
v -0.202942 -1.134901 0.083632
v -0.177944 -1.140683 0.079375
v -0.177944 -1.140683 0.079375
v -0.198618 -1.134901 0.094057
v -0.215296 -1.118599 0.105902
v -0.223106 -1.118599 0.087068
v -0.232863 -1.095044 0.063579
v -0.234277 -1.095044 0.088972
vn -0.0000 1.0000 -0.0000
vn -0.0000 -1.0000 -0.0000
vn -0.9626 0.2158 0.1640
vn -0.7961 -0.2158 0.5654
vn -0.7961 0.2158 0.5653
vn -0.7284 -0.2158 -0.6503
vn -0.9384 0.2158 -0.2699
vn -0.7284 0.2158 -0.6503
vn -0.7823 0.6084 0.1333
vn -0.6471 0.6085 0.4594
vn -0.3741 -0.2158 -0.9019
vn -0.7627 0.6084 -0.2194
vn -0.4522 0.8886 0.0770
vn -0.3740 0.8886 0.2655
vn -0.0001 1.0000 0.0001
vn -0.4408 0.8886 -0.1268
vn -0.5920 0.6084 -0.5286
vn -0.3422 0.8886 -0.3055
vn -0.3040 0.6085 -0.7330
vn -0.3741 0.2158 -0.9019
vn -0.1758 0.8886 -0.4237
vn 0.0441 0.6084 -0.7924
vn 0.0543 0.2158 -0.9749
vn 0.0543 -0.2158 -0.9749
vn 0.4719 0.2158 -0.8548
vn 0.0255 0.8886 -0.4580
vn 0.2217 0.8886 -0.4016
vn 0.3836 0.6084 -0.6948
vn 0.7961 0.2158 -0.5654
vn 0.7961 -0.2158 -0.5654
vn 0.9626 0.2158 -0.1640
vn 0.7823 0.6084 -0.1333
vn 0.6470 0.6084 -0.4595
vn 0.4522 0.8886 -0.0770
vn 0.3740 0.8886 -0.2656
vn 0.0001 1.0000 -0.0001
vn -0.4738 0.7027 0.5307
vn -0.4739 0.7027 0.5307
vn 0.5307 0.7027 0.4738
vn 0.5307 0.7028 0.4738
vn 0.5306 0.7026 0.4741
vn 0.4738 0.7027 -0.5307
vn 0.4738 0.7028 -0.5307
vn 0.4737 0.7028 -0.5307
vn -0.5307 0.7027 -0.4738
vn -0.5307 0.7028 -0.4738
vn -0.5307 0.7028 -0.4737
vn 0.5920 0.6084 0.5286
vn 0.4408 0.8886 0.1268
vn 0.3422 0.8886 0.3055
vn 0.3040 0.6084 0.7331
vn 0.1757 0.8886 0.4237
vn 0.0001 1.0000 0.0001
vn -0.0255 0.8886 0.4580
vn -0.0442 0.6084 0.7924
vn 0.7284 0.2158 0.6503
vn 0.7627 0.6084 0.2193
vn 0.3741 0.2158 0.9019
vn 0.9384 0.2158 0.2699
vn 0.3741 -0.2158 0.9019
vn 0.7284 -0.2158 0.6503
vn -0.0543 0.2158 0.9749
vn -0.4720 0.2158 0.8548
vn -0.0543 -0.2158 0.9749
vn -0.0442 -0.6085 0.7924
vn -0.4720 -0.2158 0.8548
vn 0.3741 -0.2157 0.9019
vn -0.0441 -0.6084 0.7924
vn 0.3041 -0.6084 0.7331
vn 0.7284 -0.2157 0.6503
vn -0.4720 -0.2157 0.8548
vn -0.3836 -0.6084 0.6948
vn -0.4720 0.2157 0.8548
vn -0.7961 0.2157 0.5654
vn -0.6470 -0.6084 0.4596
vn -0.6470 0.6084 0.4596
vn -0.3739 -0.8886 0.2656
vn -0.3836 0.6084 0.6948
vn -0.0441 0.6084 0.7924
vn -0.2216 -0.8887 0.4014
vn -0.0256 -0.8887 0.4578
vn -0.2217 0.8885 0.4017
vn -0.0256 0.8887 0.4578
vn -0.3739 0.8887 0.2656
vn 0.1757 -0.8887 0.4236
vn 0.3420 -0.8887 0.3054
vn 0.5920 -0.6084 0.5286
vn 0.4407 -0.8887 0.1267
vn 0.7627 -0.6084 0.2194
vn 0.9384 -0.2157 0.2700
vn 0.9384 0.2157 0.2700
vn 0.4520 -0.8887 -0.0770
vn 0.7823 -0.6084 -0.1333
vn 0.9626 0.2157 -0.1640
vn 0.9626 -0.2157 -0.1640
vn 0.6470 -0.6084 -0.4595
vn 0.7961 0.2157 -0.5655
vn 0.7961 -0.2157 -0.5654
vn 0.3738 -0.8887 -0.2655
vn 0.4720 -0.2157 -0.8548
vn 0.2216 -0.8887 -0.4014
vn 0.3836 -0.6084 -0.6947
vn 0.0441 -0.6084 -0.7924
vn 0.0001 -1.0000 -0.0001
vn 0.0255 -0.8887 -0.4579
vn 0.0543 -0.2157 -0.9749
vn 0.4720 0.2157 -0.8548
vn -0.3741 -0.2157 -0.9019
vn 0.3836 0.6084 -0.6947
vn -0.3040 -0.6084 -0.7331
vn 0.0543 0.2157 -0.9749
vn -0.3741 0.2157 -0.9020
vn -0.7284 0.2157 -0.6503
vn -0.3040 0.6084 -0.7331
vn -0.1757 0.8887 -0.4236
vn -0.3421 0.8887 -0.3054
vn -0.0001 1.0000 -0.0001
vn 0.0255 0.8887 -0.4578
vn 0.2217 0.8887 -0.4014
vn -0.4407 0.8887 -0.1267
vn 0.3738 0.8887 -0.2655
vn 0.4523 0.8885 -0.0770
vn -0.4520 0.8887 0.0770
vn -0.3739 0.8886 0.2655
vn -0.6471 0.6084 0.4595
vn -0.7962 0.2158 0.5653
vn -0.9384 0.2157 -0.2699
vn -0.9626 0.2157 0.1640
vn -0.9626 -0.2157 0.1640
vn -0.7962 -0.2158 0.5653
vn -0.9384 -0.2157 -0.2699
vn -0.7823 -0.6084 0.1333
vn -0.6471 -0.6084 0.4595
vn -0.3740 -0.8886 0.2655
vn -0.4521 -0.8887 0.0770
vn -0.0001 -1.0000 -0.0000
vn -0.7627 -0.6084 -0.2194
vn -0.4407 -0.8887 -0.1267
vn -0.0001 -1.0000 -0.0001
vn -0.5920 -0.6084 -0.5286
vn -0.3421 -0.8887 -0.3054
vn -0.1757 -0.8887 -0.4236
vn -0.0000 -1.0000 -0.0001
vn 0.6620 -0.1098 -0.7414
vn -0.6620 -0.1098 0.7414
vn -0.7414 -0.1098 -0.6620
vn 0.7414 -0.1098 0.6620
vn -0.5943 -0.4511 0.6658
vn -0.5944 -0.4510 0.6658
vn -0.5945 -0.4505 0.6660
vn 0.6659 -0.4506 0.5945
vn 0.6657 -0.4510 0.5945
vn 0.6659 -0.4507 0.5945
vn 0.6660 -0.4506 0.5945
vn 0.5944 -0.4509 -0.6659
vn -0.6659 -0.4507 -0.5945
vn -0.6661 -0.4503 -0.5946
vn 0.5920 -0.6083 0.5286
vn 0.3421 -0.8887 0.3054
vn 0.4407 -0.8886 0.1268
vn 0.0001 -1.0000 -0.0000
vn 0.7824 -0.6084 -0.1333
vn 0.4521 -0.8887 -0.0771
vn 0.1757 -0.8886 0.4236
vn 0.3739 -0.8886 -0.2655
vn 0.6471 -0.6084 -0.4596
vn 0.7961 -0.2157 -0.5655
vn 0.2217 -0.8886 -0.4015
vn 0.3836 -0.6084 -0.6948
vn 0.0442 -0.6084 -0.7924
vn 0.0255 -0.8886 -0.4579
vn -0.3741 -0.2157 -0.9020
vn 0.0442 0.6084 -0.7924
vn -0.3041 -0.6084 -0.7331
vn -0.7284 -0.2157 -0.6503
vn -0.1756 0.8887 -0.4236
vn 0.0255 0.8886 -0.4579
vn -0.0000 1.0000 -0.0001
vn -0.3421 0.8886 -0.3054
vn -0.4521 0.8886 0.0770
vn -0.3739 0.8886 0.2656
vn -0.7824 0.6084 0.1333
vn -0.7961 -0.2158 0.5653
vn -0.7824 -0.6084 0.1333
vn -0.4521 -0.8886 0.0770
vn -0.5921 -0.6084 -0.5285
vn -0.4408 -0.8886 -0.1267
vn -0.3421 -0.8886 -0.3055
vn -0.2217 0.8886 0.4015
vn -0.0256 0.8887 0.4579
vn -0.0543 0.2157 0.9749
vn 0.3741 0.2157 0.9019
vn -0.0543 -0.2157 0.9749
vn -0.0256 -0.8886 0.4579
vn -0.2217 -0.8886 0.4015
vn 0.5920 0.6084 0.5285
vn 0.4409 0.8886 0.1268
vn 0.7627 0.6084 0.2194
vn -0.0441 0.6085 0.7924
vn -0.4719 0.2158 0.8548
vn -0.3835 0.6084 0.6948
vn -0.2217 0.8886 0.4016
vn -0.3740 0.8886 0.2656
vn -0.0000 1.0000 0.0001
vn -0.6470 0.6084 0.4595
vn -0.4719 -0.2158 0.8548
vn -0.3835 -0.6084 0.6948
vn -0.6470 -0.6085 0.4596
vn -0.3739 -0.8886 0.2657
vn -0.2217 -0.8886 0.4016
vn -0.0255 -0.8886 0.4580
vn -0.0001 -1.0000 0.0001
vn 0.1757 -0.8886 0.4237
vn 0.3040 -0.6084 0.7331
vn 0.3422 -0.8886 0.3055
vn 0.5920 -0.6084 0.5285
vn 0.4409 -0.8886 0.1268
vn 0.9384 -0.2158 0.2699
vn 0.4522 -0.8886 -0.0770
vn 0.0001 -1.0000 0.0001
vn 0.9626 -0.2158 -0.1640
vn 0.6471 -0.6084 -0.4595
vn 0.3740 -0.8886 -0.2656
vn 0.2217 -0.8886 -0.4016
vn 0.0255 -0.8886 -0.4580
vn 0.4719 -0.2158 -0.8548
vn -0.1758 -0.8886 -0.4237
vn -0.3422 -0.8886 -0.3055
vn -0.4408 -0.8886 -0.1268
vn -0.4522 -0.8886 0.0770
vn -0.7823 -0.6084 0.1332
vn -0.3740 -0.8886 0.2656
vn -0.6471 -0.6084 0.4594
vn -0.9626 -0.2158 0.1640
vn -0.9384 -0.2158 -0.2699
vn -0.7823 0.6084 0.1332
vn -0.6470 0.6085 0.4595
vn -0.0001 1.0000 -0.0000
vn -0.1757 0.8886 -0.4237
vn 0.6471 0.6084 -0.4595
vn 0.6620 -0.1097 -0.7414
vn -0.6620 -0.1097 0.7414
vn -0.7414 -0.1097 -0.6620
vn 0.7414 -0.1097 0.6620
vn 0.6658 -0.0000 -0.7461
vn 0.6661 -0.0000 -0.7459
vn -0.7459 -0.0000 -0.6661
vn -0.6659 -0.0000 0.7460
vn 0.7460 -0.0000 0.6659
vn 0.6660 -0.0000 -0.7459
vn -0.7459 -0.0000 -0.6660
vn -0.6660 -0.0000 0.7459
vn 0.7459 -0.0000 0.6660
vn 0.3421 0.8886 0.3055
vn 0.4521 0.8886 -0.0771
vn 0.7284 0.2157 0.6503
vn 0.3041 0.6084 0.7331
vn 0.1757 0.8886 0.4236
vn 0.7824 0.6084 -0.1333
vn 0.3739 0.8886 -0.2655
vn 0.6471 0.6084 -0.4596
vn 0.2217 0.8886 -0.4015
vn 0.9384 -0.2157 0.2699
vn 0.7628 -0.6083 0.2194
vn -0.4741 0.7024 0.5309
vn -0.4740 0.7024 0.5309
vn 0.5310 0.7024 0.4741
vn 0.5310 0.7024 0.4740
vn 0.4740 0.7024 -0.5309
vn 0.4740 0.7024 -0.5310
vn -0.5310 0.7024 -0.4741
vn -0.5310 0.7024 -0.4740
vn 0.4407 0.8887 0.1268
vn 0.3420 0.8887 0.3054
vn 0.0001 1.0000 -0.0000
vn 0.1757 0.8887 0.4236
vn -0.5944 -0.4510 0.6657
vn -0.5945 -0.4507 0.6659
vn -0.5944 -0.4511 0.6657
vn 0.6657 -0.4511 0.5944
vn 0.6657 -0.4512 0.5943
vn 0.5944 -0.4511 -0.6657
vn 0.5945 -0.4507 -0.6659
vn 0.5943 -0.4512 -0.6657
vn -0.6657 -0.4511 -0.5944
vn -0.6659 -0.4508 -0.5945
vn -0.7961 -0.2158 0.5655
vn -0.7961 0.2158 0.5655
vn -0.0000 -1.0000 0.0001
vn 0.7627 -0.6084 0.2193
vn 0.7823 -0.6085 -0.1333
vn 0.0441 -0.6085 -0.7924
vn -0.1757 -0.8886 -0.4237
vn -0.3040 -0.6085 -0.7330
vn -0.7627 -0.6085 -0.2194
vn -0.6471 -0.6085 0.4595
vt 0.375000 0.750000
vt 0.125000 0.750000
vt 0.125000 0.500000
vt 0.375000 0.500000
vt 0.875000 0.750000
vt 0.625000 0.750000
vt 0.625000 0.500000
vt 0.875000 0.500000
vt 0.071429 0.428571
vt 0.000000 0.571429
vt 0.000000 0.428571
vt 0.214286 0.571429
vt 0.142857 0.428571
vt 0.214286 0.428571
vt 0.071429 0.285714
vt 0.000000 0.285714
vt 0.285714 0.571429
vt 0.142857 0.285714
vt 0.071429 0.142857
vt 0.000000 0.142857
vt 0.035714 0.000000
vt 0.142857 0.142857
vt 0.107143 0.000000
vt 0.214286 0.285714
vt 0.214286 0.142857
vt 0.178571 0.000000
vt 0.285714 0.285714
vt 0.285714 0.428571
vt 0.285714 0.142857
vt 0.250000 0.000000
vt 0.357143 0.285714
vt 0.357143 0.428571
vt 0.357143 0.571429
vt 0.428571 0.428571
vt 0.357143 0.142857
vt 0.321429 0.000000
vt 0.428571 0.142857
vt 0.392857 0.000000
vt 0.428571 0.285714
vt 0.500000 0.428571
vt 0.500000 0.571429
vt 0.571429 0.428571
vt 0.571429 0.285714
vt 0.500000 0.285714
vt 0.571429 0.142857
vt 0.500000 0.142857
vt 0.464286 0.000000
vt 0.535714 0.000000
vt 0.625000 0.000000
vt 0.625000 0.250000
vt 0.375000 0.000000
vt 0.375000 0.250000
vt 0.625000 1.000000
vt 0.375000 1.000000
vt 0.714286 0.285714
vt 0.642857 0.142857
vt 0.714286 0.142857
vt 0.678571 0.000000
vt 0.785714 0.285714
vt 0.750000 0.000000
vt 0.785714 0.142857
vt 0.821429 0.000000
vt 0.857143 0.142857
vt 0.857143 0.285714
vt 0.714286 0.428571
vt 0.642857 0.285714
vt 0.607143 0.000000
vt 0.785714 0.428571
vt 0.642857 0.428571
vt 0.785714 0.571429
vt 0.714286 0.571429
vt 0.857143 0.428571
vt 0.928571 0.428571
vt 0.857143 0.571429
vt 0.857143 0.714286
vt 0.928571 0.571429
vt 0.785714 0.714286
vt 0.928571 0.714286
vt 1.000000 0.571429
vt 1.000000 0.428571
vt 1.000000 0.714286
vt 1.000000 0.285714
vt 1.000000 0.857143
vt 0.928571 0.285714
vt 0.928571 0.857143
vt 0.964286 1.000000
vt 0.857143 0.857143
vt 0.892857 1.000000
vt 0.928571 0.142857
vt 0.892857 0.000000
vt 1.000000 0.142857
vt 0.964286 0.000000
vt 0.785714 0.857143
vt 0.821429 1.000000
vt 0.714286 0.857143
vt 0.750000 1.000000
vt 0.714286 0.714286
vt 0.642857 0.857143
vt 0.678571 1.000000
vt 0.642857 0.714286
vt 0.642857 0.571429
vt 0.571429 0.857143
vt 0.607143 1.000000
vt 0.571429 0.714286
vt 0.571429 0.571429
vt 0.500000 0.714286
vt 0.535714 1.000000
vt 0.500000 0.857143
vt 0.428571 0.571429
vt 0.428571 0.857143
vt 0.464286 1.000000
vt 0.428571 0.714286
vt 0.357143 0.714286
vt 0.392857 1.000000
vt 0.357143 0.857143
vt 0.285714 0.714286
vt 0.071429 0.571429
vt 0.142857 0.571429
vt 0.071429 0.714286
vt 0.000000 0.714286
vt 0.000000 0.857143
vt 0.071429 0.857143
vt 0.035714 1.000000
vt 0.142857 0.714286
vt 0.142857 0.857143
vt 0.107143 1.000000
vt 0.214286 0.714286
vt 0.214286 0.857143
vt 0.178571 1.000000
vt 0.285714 0.857143
vt 0.250000 1.000000
vt 0.321429 1.000000
s 1
f 609/133/304 610/134/304 611/135/304
f 609/133/304 611/135/304 612/136/304
f 613/137/305 614/138/305 615/139/305
f 613/137/305 615/139/305 616/140/305
f 617/141/306 618/142/307 619/143/308
f 620/144/309 621/145/310 622/146/311
f 619/143/308 623/147/312 617/141/306
f 623/147/312 621/145/310 617/141/306
f 623/147/312 619/143/308 624/148/313
f 622/146/311 625/149/314 620/144/309
f 621/145/310 623/147/312 626/150/315
f 626/150/315 622/146/311 621/145/310
f 627/151/316 623/147/312 624/148/313
f 627/151/316 626/150/315 623/147/312
f 627/151/316 624/148/313 628/152/317
f 629/153/318 627/151/316 628/152/317
f 626/150/315 627/151/316 630/154/319
f 631/155/304 630/154/319 627/151/316
f 622/146/311 626/150/315 632/156/320
f 630/154/319 632/156/320 626/150/315
f 632/156/320 630/154/319 633/157/321
f 634/158/304 633/157/321 630/154/319
f 635/159/322 622/146/311 632/156/320
f 633/157/321 635/159/322 632/156/320
f 622/146/311 635/159/322 636/160/323
f 625/149/314 622/146/311 636/160/323
f 635/159/322 633/157/321 637/161/324
f 638/162/304 637/161/324 633/157/321
f 639/163/325 636/160/323 635/159/322
f 637/161/324 639/163/325 635/159/322
f 640/164/326 625/149/314 636/160/323
f 636/160/323 639/163/325 640/164/326
f 625/149/314 640/164/326 641/165/327
f 642/166/328 641/165/327 640/164/326
f 639/163/325 642/166/328 640/164/326
f 639/163/325 637/161/324 643/167/329
f 644/168/304 643/167/329 637/161/324
f 645/169/330 639/163/325 643/167/329
f 646/170/304 645/169/330 643/167/329
f 642/166/328 639/163/325 647/171/331
f 645/169/330 647/171/331 639/163/325
f 647/171/331 648/172/332 642/166/328
f 649/173/333 642/166/328 648/172/332
f 650/174/334 649/173/333 648/172/332
f 648/172/332 651/175/335 650/174/334
f 651/175/335 648/172/332 652/176/336
f 648/172/332 647/171/331 652/176/336
f 652/176/336 653/177/337 651/175/335
f 647/171/331 645/169/330 654/178/338
f 647/171/331 654/178/338 652/176/336
f 653/177/337 652/176/336 654/178/338
f 655/179/339 654/178/338 645/169/330
f 656/180/339 653/177/337 654/178/338
f 657/181/340 658/182/340 659/183/341
f 659/183/341 658/182/340 660/184/341
f 661/182/342 662/139/342 663/184/343
f 663/184/343 662/139/342 664/136/344
f 665/139/345 666/138/345 667/136/346
f 667/136/346 666/138/345 668/133/347
f 669/138/348 670/185/348 671/133/349
f 671/133/349 670/185/348 672/186/350
f 673/187/351 674/188/352 675/189/353
f 676/190/304 675/189/353 674/188/352
f 675/189/353 677/191/354 673/187/351
f 678/192/304 679/193/355 675/189/353
f 677/191/354 675/189/353 679/193/355
f 680/194/356 681/195/357 679/193/355
f 679/193/355 682/196/358 677/191/354
f 682/196/358 679/193/355 681/195/357
f 677/191/354 683/197/359 673/187/351
f 674/188/352 673/187/351 684/198/360
f 683/197/359 684/198/360 673/187/351
f 684/198/360 653/177/337 674/188/352
f 685/199/356 674/188/352 653/177/337
f 653/177/337 684/198/360 651/175/335
f 682/196/358 686/200/361 677/191/354
f 683/197/359 677/191/354 686/200/361
f 684/198/360 683/197/359 687/201/362
f 687/201/362 651/175/335 684/198/360
f 688/202/363 683/197/359 686/200/361
f 689/203/364 687/201/362 683/197/359
f 683/197/359 688/202/363 689/203/364
f 651/175/335 687/201/362 650/174/334
f 686/200/361 682/196/358 690/204/365
f 690/204/365 688/202/363 686/200/361
f 682/196/358 691/205/366 690/204/365
f 688/202/363 690/204/365 692/206/367
f 691/205/366 692/206/367 690/204/365
f 693/207/368 688/202/363 692/206/367
f 692/206/367 691/205/366 694/208/369
f 694/208/369 693/207/368 692/206/367
f 695/202/370 696/207/371 697/209/372
f 697/209/372 698/203/373 695/202/370
f 696/207/371 699/208/374 700/210/375
f 701/205/376 702/211/307 699/208/374
f 702/211/307 700/210/375 699/208/374
f 702/211/307 701/205/376 703/212/377
f 700/210/375 702/211/307 704/213/378
f 701/205/376 705/214/379 703/212/377
f 706/215/380 700/210/375 704/213/378
f 705/214/379 701/205/376 707/216/381
f 701/205/376 708/196/382 707/216/381
f 700/210/375 706/215/380 709/217/383
f 706/215/380 710/218/305 709/217/383
f 711/219/384 700/210/375 709/217/383
f 700/210/375 711/219/384 696/207/371
f 709/217/383 712/220/305 711/219/384
f 708/196/382 713/221/385 707/216/381
f 713/221/385 705/214/379 707/216/381
f 713/221/385 708/196/382 714/195/386
f 715/222/304 713/221/385 714/195/386
f 705/214/379 713/221/385 716/223/387
f 717/224/304 716/223/387 713/221/385
f 718/225/388 696/207/371 711/219/384
f 711/219/384 719/226/305 718/225/388
f 696/207/371 718/225/388 697/209/372
f 697/209/372 718/225/388 720/227/389
f 718/225/388 721/228/305 720/227/389
f 722/229/390 697/209/372 720/227/389
f 698/203/373 697/209/372 722/229/390
f 722/229/390 720/227/389 723/230/391
f 720/227/389 724/231/305 723/230/391
f 725/232/392 698/203/373 722/229/390
f 723/230/391 725/232/392 722/229/390
f 698/203/373 725/232/392 726/233/393
f 727/201/394 698/203/373 726/233/393
f 728/234/395 725/232/392 723/230/391
f 723/230/391 729/235/305 728/234/395
f 730/236/396 726/233/393 725/232/392
f 725/232/392 728/234/395 730/236/396
f 726/233/393 731/174/397 727/201/394
f 732/175/335 727/201/394 731/174/397
f 726/233/393 730/236/396 733/237/398
f 731/174/397 726/233/393 733/237/398
f 728/234/395 734/238/399 730/236/396
f 735/172/400 732/175/335 731/174/397
f 733/237/398 735/172/400 731/174/397
f 730/236/396 736/173/401 733/237/398
f 735/172/400 733/237/398 736/173/401
f 736/173/401 730/236/396 734/238/399
f 728/234/395 737/239/305 738/240/402
f 734/238/399 728/234/395 738/240/402
f 734/238/399 739/241/403 736/173/401
f 739/241/403 735/172/400 736/173/401
f 740/242/404 734/238/399 738/240/402
f 738/240/402 741/243/305 740/242/404
f 734/238/399 740/242/404 742/244/405
f 739/241/403 734/238/399 742/244/405
f 740/242/404 743/245/406 742/244/405
f 743/245/406 739/241/403 742/244/405
f 740/242/404 744/246/407 745/247/408
f 743/245/406 740/242/404 745/247/408
f 739/241/403 743/245/406 746/165/409
f 735/172/400 739/241/403 747/166/410
f 746/165/409 747/166/410 739/241/403
f 743/245/406 748/149/411 746/165/409
f 749/171/412 735/172/400 747/166/410
f 745/247/408 750/248/413 743/245/406
f 748/149/411 743/245/406 750/248/413
f 747/166/410 746/165/409 751/164/414
f 748/149/411 751/164/414 746/165/409
f 752/163/325 747/166/410 751/164/414
f 747/166/410 752/163/325 749/171/412
f 751/164/414 748/149/411 753/160/415
f 753/160/415 752/163/325 751/164/414
f 750/248/413 754/144/309 748/149/411
f 748/149/411 755/146/416 753/160/415
f 755/146/416 748/149/411 754/144/309
f 752/163/325 753/160/415 756/159/417
f 755/146/416 756/159/417 753/160/415
f 756/159/417 755/146/416 757/156/320
f 758/161/418 752/163/325 756/159/417
f 755/146/416 759/150/315 757/156/320
f 760/157/419 756/159/417 757/156/320
f 756/159/417 760/157/419 758/161/418
f 759/150/315 760/157/419 757/156/320
f 761/162/420 758/161/418 760/157/419
f 752/163/325 758/161/418 762/167/421
f 763/168/304 762/167/421 758/161/418
f 762/167/421 749/171/412 752/163/325
f 749/171/412 762/167/421 764/169/422
f 765/170/304 764/169/422 762/167/421
f 766/158/420 760/157/419 767/154/423
f 760/157/419 759/150/315 767/154/423
f 749/171/412 764/169/422 768/178/424
f 769/179/304 768/178/424 764/169/422
f 749/171/412 768/178/424 770/176/336
f 735/172/400 749/171/412 770/176/336
f 732/175/335 735/172/400 770/176/336
f 768/178/424 732/175/335 770/176/336
f 732/175/335 768/178/424 771/177/425
f 772/180/339 771/177/425 768/178/424
f 759/150/315 773/151/426 767/154/423
f 774/155/304 767/154/423 773/151/426
f 775/153/318 773/151/426 776/152/427
f 773/151/426 777/148/428 776/152/427
f 773/151/426 778/147/312 777/148/428
f 773/151/426 759/150/315 778/147/312
f 778/147/312 779/143/429 777/148/428
f 780/145/430 778/147/312 759/150/315
f 759/150/315 755/146/416 780/145/430
f 779/143/429 778/147/312 781/141/431
f 778/147/312 780/145/430 781/141/431
f 754/144/309 780/145/430 755/146/416
f 782/249/432 779/143/429 781/141/431
f 779/143/429 782/249/432 783/142/433
f 784/250/434 781/141/431 780/145/430
f 781/141/431 784/250/434 782/249/432
f 780/145/430 754/144/309 784/250/434
f 785/251/435 783/142/433 782/249/432
f 784/250/434 785/251/435 782/249/432
f 783/142/433 785/251/435 786/252/436
f 786/252/436 785/251/435 787/253/437
f 785/251/435 788/254/438 787/253/437
f 788/254/438 789/255/439 787/253/437
f 785/251/435 784/250/434 790/256/440
f 754/144/309 790/256/440 784/250/434
f 785/251/435 791/257/441 788/254/438
f 791/257/441 785/251/435 790/256/440
f 791/257/441 792/258/442 788/254/438
f 790/256/440 754/144/309 793/259/443
f 754/144/309 750/248/413 793/259/443
f 790/256/440 794/260/444 791/257/441
f 794/260/444 790/256/440 793/259/443
f 794/260/444 795/261/442 791/257/441
f 796/262/445 793/259/443 750/248/413
f 793/259/443 796/262/445 794/260/444
f 796/262/445 797/263/305 794/260/444
f 750/248/413 745/247/408 796/262/445
f 745/247/408 798/264/446 796/262/445
f 799/138/447 800/138/447 801/139/447
f 802/182/448 803/182/448 804/181/448
f 805/185/449 806/185/449 807/138/449
f 808/139/450 809/139/450 810/182/450
f 811/137/305 812/138/305 813/139/305
f 811/137/305 813/139/305 814/140/305
f 815/184/451 816/184/452 817/183/452
f 817/183/452 816/184/452 818/183/453
f 819/136/454 820/136/455 821/184/456
f 821/184/456 820/136/455 822/184/457
f 823/133/458 824/136/458 825/136/458
f 824/136/458 823/133/458 826/133/458
f 827/186/459 828/186/459 829/133/459
f 829/133/459 828/186/459 830/133/460
f 831/229/461 832/227/462 833/230/463
f 832/227/462 834/231/464 833/230/463
f 835/236/465 833/230/463 836/234/466
f 833/230/463 837/235/305 836/234/466
f 831/229/461 838/225/467 832/227/462
f 838/225/467 831/229/461 839/209/372
f 838/225/467 840/228/305 832/227/462
f 841/240/468 835/236/465 836/234/466
f 836/234/466 842/239/407 841/240/468
f 835/236/465 841/240/468 843/238/469
f 844/173/470 835/236/465 843/238/469
f 845/242/471 843/238/469 841/240/468
f 841/240/468 846/243/305 845/242/471
f 847/244/472 844/173/470 843/238/469
f 843/238/469 845/242/471 847/244/472
f 844/173/470 847/244/472 848/241/403
f 845/242/471 849/245/473 847/244/472
f 849/245/473 848/241/403 847/244/472
f 845/242/471 850/246/407 851/247/474
f 849/245/473 845/242/471 851/247/474
f 848/241/403 849/245/473 852/165/409
f 852/165/409 853/166/410 848/241/403
f 849/245/473 854/149/475 852/165/409
f 853/166/410 852/165/409 855/164/414
f 854/149/475 855/164/414 852/165/409
f 856/163/476 853/166/410 855/164/414
f 851/247/474 857/248/477 849/245/473
f 854/149/475 849/245/473 857/248/477
f 857/248/477 851/247/474 858/262/445
f 851/247/474 859/264/446 858/262/445
f 857/248/477 860/144/478 854/149/475
f 861/160/415 856/163/476 855/164/414
f 855/164/414 854/149/475 861/160/415
f 854/149/475 862/146/416 861/160/415
f 862/146/416 854/149/475 860/144/478
f 856/163/476 861/160/415 863/159/417
f 862/146/416 863/159/417 861/160/415
f 864/161/479 856/163/476 863/159/417
f 856/163/476 864/161/479 865/167/480
f 866/168/481 865/167/480 864/161/479
f 863/159/417 862/146/416 867/156/320
f 863/159/417 868/157/482 864/161/479
f 868/157/482 863/159/417 867/156/320
f 869/162/420 864/161/479 868/157/482
f 862/146/416 870/150/315 867/156/320
f 870/150/315 868/157/482 867/156/320
f 871/158/420 868/157/482 872/154/423
f 868/157/482 870/150/315 872/154/423
f 870/150/315 862/146/416 873/145/430
f 860/144/478 873/145/430 862/146/416
f 870/150/315 874/151/483 872/154/423
f 875/155/304 872/154/423 874/151/483
f 876/153/318 874/151/483 877/152/484
f 874/151/483 878/148/428 877/152/484
f 874/151/483 870/150/315 879/147/485
f 874/151/483 879/147/485 878/148/428
f 873/145/430 879/147/485 870/150/315
f 879/147/485 880/143/308 878/148/428
f 879/147/485 873/145/430 881/141/431
f 880/143/308 879/147/485 881/141/431
f 882/249/432 880/143/308 881/141/431
f 873/145/430 882/249/432 881/141/431
f 880/143/308 882/249/432 883/142/486
f 882/249/432 873/145/430 884/250/434
f 873/145/430 860/144/478 884/250/434
f 885/251/487 883/142/486 882/249/432
f 884/250/434 885/251/487 882/249/432
f 883/142/486 885/251/487 886/252/436
f 886/252/436 885/251/487 887/253/437
f 885/251/487 884/250/434 888/256/440
f 860/144/478 888/256/440 884/250/434
f 885/251/487 889/254/488 887/253/437
f 888/256/440 889/254/488 885/251/487
f 889/254/488 890/255/305 887/253/437
f 888/256/440 860/144/478 891/259/489
f 860/144/478 857/248/477 891/259/489
f 889/254/488 888/256/440 892/257/490
f 891/259/489 892/257/490 888/256/440
f 892/257/490 893/258/442 889/254/488
f 858/262/445 891/259/489 857/248/477
f 892/257/490 891/259/489 894/260/491
f 891/259/489 858/262/445 894/260/491
f 894/260/491 895/261/442 892/257/490
f 858/262/445 896/263/305 894/260/491
f 897/224/304 898/223/484 899/221/492
f 900/214/379 899/221/492 898/223/484
f 901/222/304 899/221/492 902/195/493
f 899/221/492 903/196/382 902/195/493
f 899/221/492 900/214/379 904/216/381
f 903/196/382 899/221/492 904/216/381
f 900/214/379 905/205/376 904/216/381
f 905/205/376 903/196/382 904/216/381
f 905/205/376 900/214/379 906/212/377
f 907/211/307 905/205/376 906/212/377
f 903/196/382 905/205/376 908/204/494
f 909/200/495 903/196/382 908/204/494
f 905/205/376 907/211/307 910/208/374
f 910/208/374 908/204/494 905/205/376
f 911/206/496 909/200/495 908/204/494
f 908/204/494 910/208/374 911/206/496
f 909/200/495 911/206/496 912/202/370
f 913/207/371 912/202/370 911/206/496
f 910/208/374 913/207/371 911/206/496
f 912/202/370 913/207/371 839/209/372
f 907/211/307 914/210/375 910/208/374
f 913/207/371 910/208/374 914/210/375
f 914/210/375 907/211/307 915/213/378
f 916/215/380 914/210/375 915/213/378
f 917/219/497 839/209/372 913/207/371
f 914/210/375 917/219/497 913/207/371
f 839/209/372 917/219/497 838/225/467
f 917/219/497 918/226/305 838/225/467
f 917/219/497 914/210/375 919/217/498
f 914/210/375 916/215/380 919/217/498
f 919/217/498 920/220/305 917/219/497
f 916/215/380 921/218/305 919/217/498
f 922/187/499 923/188/500 924/189/353
f 925/190/304 924/189/353 923/188/500
f 926/199/304 923/188/500 927/177/337
f 922/187/499 924/189/353 928/193/355
f 929/192/304 928/193/355 924/189/353
f 923/188/500 922/187/499 930/198/501
f 923/188/500 931/175/335 927/177/337
f 930/198/501 931/175/335 923/188/500
f 932/197/359 930/198/501 922/187/499
f 928/193/355 933/191/354 922/187/499
f 933/191/354 932/197/359 922/187/499
f 928/193/355 934/196/502 933/191/354
f 930/198/501 932/197/359 935/201/362
f 935/201/362 931/175/335 930/198/501
f 932/197/359 933/191/354 936/200/361
f 934/196/502 936/200/361 933/191/354
f 937/202/363 932/197/359 936/200/361
f 934/196/502 928/193/355 938/195/357
f 939/194/304 938/195/357 928/193/355
f 936/200/361 934/196/502 940/204/365
f 940/204/365 937/202/363 936/200/361
f 934/196/502 941/205/503 940/204/365
f 938/195/357 942/216/504 934/196/502
f 941/205/503 934/196/502 942/216/504
f 942/216/504 938/195/357 943/221/505
f 944/222/304 943/221/505 938/195/357
f 945/223/506 942/216/504 943/221/505
f 946/224/507 945/223/506 943/221/505
f 947/214/508 942/216/504 945/223/506
f 947/214/508 941/205/503 942/216/504
f 941/205/503 947/214/508 948/212/377
f 949/211/307 941/205/503 948/212/377
f 941/205/503 949/211/307 950/208/509
f 950/208/509 940/204/365 941/205/503
f 940/204/365 950/208/509 951/206/367
f 937/202/363 940/204/365 951/206/367
f 949/211/307 952/210/510 950/208/509
f 952/210/510 949/211/307 953/213/511
f 950/208/509 954/207/371 951/206/367
f 954/207/371 937/202/363 951/206/367
f 954/207/371 950/208/509 952/210/510
f 955/215/512 952/210/510 953/213/511
f 952/210/510 955/215/512 956/217/513
f 955/215/512 957/218/305 956/217/513
f 958/219/514 952/210/510 956/217/513
f 952/210/510 958/219/514 954/207/371
f 956/217/513 959/220/515 958/219/514
f 960/225/516 954/207/371 958/219/514
f 958/219/514 961/226/305 960/225/516
f 954/207/371 960/225/516 962/209/517
f 937/202/363 954/207/371 962/209/517
f 962/209/517 960/225/516 963/227/518
f 960/225/516 964/228/305 963/227/518
f 962/209/517 965/203/364 937/202/363
f 932/197/359 937/202/363 965/203/364
f 966/229/519 962/209/517 963/227/518
f 965/203/364 962/209/517 966/229/519
f 965/203/364 935/201/362 932/197/359
f 966/229/519 963/227/518 967/230/520
f 963/227/518 968/231/305 967/230/520
f 969/232/392 965/203/364 966/229/519
f 967/230/520 969/232/392 966/229/519
f 935/201/362 965/203/364 970/233/521
f 965/203/364 969/232/392 970/233/521
f 971/234/522 969/232/392 967/230/520
f 967/230/520 972/235/523 971/234/522
f 973/236/396 970/233/521 969/232/392
f 969/232/392 971/234/522 973/236/396
f 974/237/524 935/201/362 970/233/521
f 970/233/521 973/236/396 974/237/524
f 935/201/362 974/237/524 975/174/334
f 931/175/335 935/201/362 975/174/334
f 974/237/524 976/172/332 975/174/334
f 976/172/332 931/175/335 975/174/334
f 973/236/396 977/173/333 974/237/524
f 976/172/332 974/237/524 977/173/333
f 971/234/522 978/238/525 973/236/396
f 977/173/333 973/236/396 978/238/525
f 978/238/525 971/234/522 979/240/526
f 971/234/522 980/239/305 979/240/526
f 981/244/472 977/173/333 978/238/525
f 979/240/526 981/244/472 978/238/525
f 979/240/526 982/243/305 983/242/527
f 981/244/472 979/240/526 983/242/527
f 981/244/472 983/242/527 984/247/528
f 983/242/527 985/246/407 984/247/528
f 977/173/333 981/244/472 986/241/529
f 986/241/529 976/172/332 977/173/333
f 987/245/406 981/244/472 984/247/528
f 987/245/406 986/241/529 981/244/472
f 984/247/528 988/264/446 989/262/530
f 984/247/528 990/248/413 987/245/406
f 990/248/413 984/247/528 989/262/530
f 986/241/529 987/245/406 991/165/327
f 976/172/332 986/241/529 992/166/328
f 991/165/327 992/166/328 986/241/529
f 987/245/406 993/149/314 991/165/327
f 993/149/314 987/245/406 990/248/413
f 992/166/328 991/165/327 994/164/326
f 993/149/314 994/164/326 991/165/327
f 995/171/331 976/172/332 992/166/328
f 996/260/531 990/248/413 989/262/530
f 989/262/530 997/263/446 996/260/531
f 990/248/413 996/260/531 998/259/443
f 999/163/325 992/166/328 994/164/326
f 992/166/328 999/163/325 995/171/331
f 1000/144/309 990/248/413 998/259/443
f 990/248/413 1000/144/309 993/149/314
f 996/260/531 1001/256/440 998/259/443
f 1001/256/440 1000/144/309 998/259/443
f 996/260/531 1002/261/305 1003/257/532
f 1001/256/440 996/260/531 1003/257/532
f 994/164/326 993/149/314 1004/160/323
f 1000/144/309 1004/160/323 993/149/314
f 1004/160/323 999/163/325 994/164/326
f 1005/254/533 1001/256/440 1003/257/532
f 1003/257/532 1006/258/439 1005/254/533
f 1001/256/440 1005/254/533 1007/251/534
f 1005/254/533 1008/255/305 1009/253/535
f 1007/251/534 1005/254/533 1009/253/535
f 1010/252/536 1007/251/534 1009/253/535
f 1011/142/486 1007/251/534 1010/252/536
f 1007/251/534 1011/142/486 1012/249/537
f 1007/251/534 1013/250/538 1001/256/440
f 1013/250/538 1007/251/534 1012/249/537
f 1000/144/309 1001/256/440 1013/250/538
f 1011/142/486 1014/141/306 1012/249/537
f 1014/141/306 1013/250/538 1012/249/537
f 1014/141/306 1011/142/486 1015/143/308
f 1016/145/310 1000/144/309 1013/250/538
f 1013/250/538 1014/141/306 1016/145/310
f 1015/143/308 1017/147/539 1014/141/306
f 1017/147/539 1016/145/310 1014/141/306
f 1017/147/539 1015/143/308 1018/148/540
f 1019/152/506 1017/147/539 1018/148/540
f 1017/147/539 1019/152/506 1020/151/316
f 1021/153/318 1020/151/316 1019/152/506
f 1017/147/539 1020/151/316 1022/154/319
f 1023/155/541 1022/154/319 1020/151/316
f 1016/145/310 1017/147/539 1024/150/315
f 1022/154/319 1024/150/315 1017/147/539
f 1000/144/309 1016/145/310 1025/146/311
f 1024/150/315 1025/146/311 1016/145/310
f 1004/160/323 1000/144/309 1025/146/311
f 1022/154/319 1026/156/320 1024/150/315
f 1025/146/311 1024/150/315 1026/156/320
f 1026/156/320 1022/154/319 1027/157/321
f 1028/158/304 1027/157/321 1022/154/319
f 1029/159/417 1025/146/311 1026/156/320
f 1025/146/311 1029/159/417 1004/160/323
f 1030/161/542 1026/156/320 1027/157/321
f 1026/156/320 1030/161/542 1029/159/417
f 1031/162/304 1030/161/542 1027/157/321
f 999/163/325 1004/160/323 1029/159/417
f 1030/161/542 999/163/325 1029/159/417
f 999/163/325 1030/161/542 1032/167/329
f 1033/168/304 1032/167/329 1030/161/542
f 1034/169/330 999/163/325 1032/167/329
f 1035/170/304 1034/169/330 1032/167/329
f 1034/169/330 995/171/331 999/163/325
f 1034/169/330 1036/176/543 995/171/331
f 976/172/332 995/171/331 1036/176/543
f 931/175/335 976/172/332 1036/176/543
f 1036/176/543 1034/169/330 1037/178/338
f 1037/178/338 931/175/335 1036/176/543
f 1038/179/339 1037/178/338 1034/169/330
f 931/175/335 1037/178/338 927/177/337
f 1039/180/304 927/177/337 1037/178/338
f 1040/138/544 1041/138/544 1042/139/544
f 1043/182/545 1044/182/545 1045/181/545
f 1046/185/546 1047/185/546 1048/138/546
f 1049/139/547 1050/139/547 1051/182/547
f 1052/134/548 1053/134/549 1054/135/549
f 1054/135/549 1053/134/549 1055/135/549
f 1056/135/550 1057/135/550 1058/136/550
f 1058/136/550 1057/135/550 1059/136/550
f 1060/136/551 1061/136/551 1062/133/551
f 1062/133/551 1061/136/551 1063/133/551
f 1064/133/552 1065/133/552 1066/134/552
f 1066/134/552 1065/133/552 1067/134/552
f 1068/134/553 1069/135/553 1070/134/553
f 1069/135/553 1068/134/553 1071/135/553
f 1072/135/554 1073/136/554 1074/135/554
f 1073/136/554 1072/135/554 1075/136/554
f 1076/136/555 1077/133/555 1078/136/555
f 1077/133/555 1076/136/555 1079/133/555
f 1080/133/556 1081/134/556 1082/133/556
f 1081/134/556 1080/133/556 1083/134/556
f 1084/187/351 1085/188/352 1086/189/557
f 1087/190/304 1086/189/557 1085/188/352
f 1085/188/352 1084/187/351 1088/198/501
f 1089/199/304 1085/188/352 1090/177/558
f 1091/197/559 1088/198/501 1084/187/351
f 1086/189/557 1092/191/560 1084/187/351
f 1092/191/560 1091/197/559 1084/187/351
f 1092/191/560 1086/189/557 1093/193/561
f 1094/192/507 1093/193/561 1086/189/557
f 1085/188/352 1095/175/562 1090/177/558
f 1088/198/501 1095/175/562 1085/188/352
f 1096/180/304 1090/177/558 1097/178/563
f 1095/175/562 1097/178/563 1090/177/558
f 1098/194/304 902/195/493 1093/193/561
f 1099/201/394 1095/175/562 1088/198/501
f 1088/198/501 1091/197/559 1099/201/394
f 1097/178/563 1095/175/562 1100/176/564
f 903/196/382 1093/193/561 902/195/493
f 1093/193/561 903/196/382 1092/191/560
f 1091/197/559 1092/191/560 909/200/495
f 903/196/382 909/200/495 1092/191/560
f 1095/175/562 1101/172/400 1100/176/564
f 1102/171/331 1097/178/563 1100/176/564
f 1101/172/400 1102/171/331 1100/176/564
f 1103/179/304 1097/178/563 1104/169/565
f 1102/171/331 1104/169/565 1097/178/563
f 1102/171/331 865/167/480 1104/169/565
f 1105/170/304 1104/169/565 865/167/480
f 865/167/480 1102/171/331 856/163/476
f 1101/172/400 1095/175/562 1106/174/397
f 1095/175/562 1099/201/394 1106/174/397
f 1102/171/331 1101/172/400 853/166/410
f 853/166/410 856/163/476 1102/171/331
f 1106/174/397 844/173/470 1101/172/400
f 1101/172/400 848/241/403 853/166/410
f 848/241/403 1101/172/400 844/173/470
f 1099/201/394 1107/237/398 1106/174/397
f 844/173/470 1106/174/397 1107/237/398
f 1107/237/398 1099/201/394 1108/233/566
f 835/236/465 844/173/470 1107/237/398
f 1108/233/566 835/236/465 1107/237/398
f 1099/201/394 1109/203/373 1108/233/566
f 1109/203/373 1099/201/394 1091/197/559
f 835/236/465 1108/233/566 1110/232/567
f 1109/203/373 1110/232/567 1108/233/566
f 1091/197/559 912/202/370 1109/203/373
f 912/202/370 1091/197/559 909/200/495
f 1110/232/567 1109/203/373 831/229/461
f 839/209/372 1109/203/373 912/202/370
f 1109/203/373 839/209/372 831/229/461
f 833/230/463 1110/232/567 831/229/461
f 833/230/463 835/236/465 1110/232/567
f 1111/181/568 1112/182/568 1113/183/569
f 1113/183/569 1112/182/568 1114/184/569
f 1115/182/570 1116/139/570 1117/184/570
f 1117/184/570 1116/139/570 1118/136/571
f 1119/139/572 1120/133/573 1121/136/573
f 1120/133/573 1119/139/572 1122/138/572
f 1123/138/574 1124/185/574 1125/133/574
f 1125/133/574 1124/185/574 1126/186/575
f 1127/133/304 1128/134/304 1129/135/304
f 1127/133/304 1129/135/304 1130/136/304
f 1131/187/351 1132/188/576 1133/189/577
f 1134/190/578 1133/189/577 1132/188/576
f 1135/199/578 1132/188/576 771/177/425
f 1131/187/351 1133/189/577 1136/193/579
f 1137/192/304 1136/193/579 1133/189/577
f 1132/188/576 1131/187/351 1138/198/501
f 1132/188/576 732/175/335 771/177/425
f 1138/198/501 732/175/335 1132/188/576
f 1139/197/559 1138/198/501 1131/187/351
f 1136/193/579 1140/191/560 1131/187/351
f 1140/191/560 1139/197/559 1131/187/351
f 1141/194/304 714/195/386 1136/193/579
f 1136/193/579 708/196/382 1140/191/560
f 708/196/382 1136/193/579 714/195/386
f 1139/197/559 1140/191/560 1142/200/495
f 708/196/382 1142/200/495 1140/191/560
f 1138/198/501 1139/197/559 727/201/394
f 727/201/394 732/175/335 1138/198/501
f 695/202/370 1139/197/559 1142/200/495
f 698/203/373 727/201/394 1139/197/559
f 1139/197/559 695/202/370 698/203/373
f 1142/200/495 708/196/382 1143/204/494
f 1143/204/494 695/202/370 1142/200/495
f 695/202/370 1143/204/494 1144/206/496
f 708/196/382 701/205/376 1143/204/494
f 696/207/371 695/202/370 1144/206/496
f 1143/204/494 699/208/374 1144/206/496
f 699/208/374 696/207/371 1144/206/496
f 699/208/374 1143/204/494 701/205/376
f 1145/183/580 1146/184/581 1147/184/581
f 1145/183/580 1147/184/581 1148/183/582
f 1149/184/583 1150/136/456 1151/136/584
f 1149/184/583 1151/136/584 1152/184/583
f 1153/136/585 1154/133/586 1155/133/587
f 1153/136/585 1155/133/587 1156/136/585
f 1157/133/588 1158/186/589 1159/186/459
f 1157/133/588 1159/186/459 1160/133/588
f 691/205/366 1161/211/590 694/208/369
f 1162/213/511 694/208/369 1161/211/590
f 1161/211/590 691/205/366 1163/212/591
f 694/208/369 1162/213/511 1164/210/375
f 693/207/368 694/208/369 1164/210/375
f 1165/215/380 1164/210/375 1162/213/511
f 1166/216/381 1163/212/591 691/205/366
f 691/205/366 682/196/358 1166/216/381
f 1163/212/591 1166/216/381 1167/214/540
f 1164/210/375 1165/215/380 1168/217/513
f 1165/215/380 1169/218/305 1168/217/513
f 1170/219/514 1164/210/375 1168/217/513
f 1164/210/375 1170/219/514 693/207/368
f 1168/217/513 1171/220/305 1170/219/514
f 1172/221/505 1167/214/540 1166/216/381
f 682/196/358 1172/221/505 1166/216/381
f 1167/214/540 1172/221/505 1173/223/506
f 1174/224/304 1173/223/506 1172/221/505
f 1172/221/505 682/196/358 681/195/357
f 1175/222/304 1172/221/505 681/195/357
f 1176/225/516 693/207/368 1170/219/514
f 1170/219/514 1177/226/592 1176/225/516
f 693/207/368 1176/225/516 1178/209/517
f 688/202/363 693/207/368 1178/209/517
f 1178/209/517 689/203/364 688/202/363
f 1178/209/517 1176/225/516 1179/227/518
f 1176/225/516 1180/228/305 1179/227/518
f 689/203/364 1178/209/517 1181/229/390
f 1181/229/390 1178/209/517 1179/227/518
f 1181/229/390 1179/227/518 1182/230/520
f 1179/227/518 1183/231/305 1182/230/520
f 1184/232/593 689/203/364 1181/229/390
f 1182/230/520 1184/232/593 1181/229/390
f 689/203/364 1184/232/593 1185/233/521
f 687/201/362 689/203/364 1185/233/521
f 1182/230/520 1186/236/594 1184/232/593
f 1186/236/594 1185/233/521 1184/232/593
f 1185/233/521 650/174/334 687/201/362
f 650/174/334 1185/233/521 1187/237/524
f 1185/233/521 1186/236/594 1187/237/524
f 649/173/333 650/174/334 1187/237/524
f 1186/236/594 649/173/333 1187/237/524
f 1186/236/594 1182/230/520 1188/234/522
f 1182/230/520 1189/235/305 1188/234/522
f 1188/234/522 1190/238/399 1186/236/594
f 649/173/333 1186/236/594 1190/238/399
f 1190/238/399 1188/234/522 1191/240/526
f 1188/234/522 1192/239/305 1191/240/526
f 1191/240/526 1193/244/405 1190/238/399
f 1193/244/405 649/173/333 1190/238/399
f 1193/244/405 1191/240/526 1194/242/527
f 1191/240/526 1195/243/305 1194/242/527
f 649/173/333 1193/244/405 1196/241/529
f 1194/242/527 1197/245/595 1193/244/405
f 1197/245/595 1196/241/529 1193/244/405
f 1194/242/527 1198/246/305 1199/247/528
f 1197/245/595 1194/242/527 1199/247/528
f 642/166/328 649/173/333 1196/241/529
f 1200/262/596 1197/245/595 1199/247/528
f 1199/247/528 1201/264/305 1200/262/596
f 1196/241/529 1197/245/595 641/165/327
f 641/165/327 642/166/328 1196/241/529
f 1197/245/595 625/149/314 641/165/327
f 1200/262/596 1202/248/597 1197/245/595
f 625/149/314 1197/245/595 1202/248/597
f 1203/260/531 1202/248/597 1200/262/596
f 1200/262/596 1204/263/305 1203/260/531
f 1202/248/597 1203/260/531 1205/259/443
f 620/144/309 1202/248/597 1205/259/443
f 1202/248/597 620/144/309 625/149/314
f 1203/260/531 1206/256/598 1205/259/443
f 1206/256/598 620/144/309 1205/259/443
f 1203/260/531 1207/261/305 1208/257/532
f 1206/256/598 1203/260/531 1208/257/532
f 1209/254/533 1206/256/598 1208/257/532
f 1208/257/532 1210/258/305 1209/254/533
f 1209/254/533 1211/255/305 1212/253/535
f 1213/252/599 1209/254/533 1212/253/535
f 1209/254/533 1213/252/599 1214/251/435
f 1206/256/598 1209/254/533 1214/251/435
f 618/142/307 1214/251/435 1213/252/599
f 1214/251/435 1215/250/538 1206/256/598
f 620/144/309 1206/256/598 1215/250/538
f 1214/251/435 618/142/307 1216/249/537
f 1215/250/538 1214/251/435 1216/249/537
f 621/145/310 620/144/309 1215/250/538
f 1216/249/537 621/145/310 1215/250/538
f 618/142/307 617/141/306 1216/249/537
f 621/145/310 1216/249/537 617/141/306
o RenderMesh_116397251752763.004
v -0.078917 -0.935438 -0.033163
v -0.083478 -0.935438 -0.027728
v -0.088914 -0.935438 -0.032289
v -0.084353 -0.935438 -0.037724
v -0.084224 1.083881 -0.036255
v -0.087445 1.083881 -0.032417
v -0.083607 1.083881 -0.029196
v -0.080386 1.083881 -0.033034
v -0.085297 -0.953081 0.021871
v -0.108857 -0.928105 0.015872
v -0.108857 -0.953081 0.015872
v -0.042088 -0.928105 0.002373
v -0.061466 -0.953081 0.017055
v -0.042088 -0.953081 0.002373
v -0.085026 -0.975596 0.011041
v -0.103915 -0.975596 0.006232
v -0.030994 -0.928105 -0.019260
v -0.065923 -0.975596 0.007178
v -0.084538 -0.991184 -0.008509
v -0.094994 -0.991184 -0.011170
v -0.083935 -0.996708 -0.032742
v -0.073964 -0.991184 -0.010647
v -0.083935 -0.996708 -0.032742
v -0.050384 -0.975596 -0.004589
v -0.065365 -0.991184 -0.017160
v -0.083935 -0.996708 -0.032742
v -0.041494 -0.975596 -0.021936
v -0.030994 -0.953081 -0.019260
v -0.060445 -0.991184 -0.026760
v -0.083935 -0.996708 -0.032742
v -0.041006 -0.975596 -0.041420
v -0.030388 -0.953081 -0.043567
v -0.030388 -0.928105 -0.043567
v -0.040387 -0.953081 -0.065727
v -0.060174 -0.991184 -0.037544
v -0.083935 -0.996708 -0.032742
v -0.064611 -0.991184 -0.047379
v -0.083935 -0.996708 -0.032742
v -0.049023 -0.975596 -0.059186
v -0.059011 -0.953081 -0.081354
v -0.059011 -0.928105 -0.081354
v -0.082573 -0.953081 -0.087355
v -0.082842 -0.975596 -0.076524
v -0.063953 -0.975596 -0.071714
v -0.083330 -0.991184 -0.056974
v -0.072876 -0.991184 -0.054314
v -0.083935 -0.996708 -0.032742
v -0.083935 -0.996708 -0.032742
v -0.070028 -0.823492 0.126004
v -0.242645 -0.823492 -0.018839
v -0.083683 -0.935640 -0.030061
v -0.086580 -0.935640 -0.032492
v -0.242645 -0.823492 -0.018839
v -0.097802 -0.823492 -0.191455
v -0.086580 -0.935640 -0.032492
v -0.084149 -0.935640 -0.035390
v -0.097802 -0.823492 -0.191455
v 0.074814 -0.823492 -0.046613
v -0.084149 -0.935640 -0.035390
v -0.081252 -0.935640 -0.032959
v 0.074814 -0.823492 -0.046613
v -0.070028 -0.823492 0.126004
v -0.081252 -0.935640 -0.032959
v -0.083683 -0.935640 -0.030061
v -0.117484 -0.975596 -0.060892
v -0.093906 -0.991184 -0.054837
v -0.102506 -0.991184 -0.048324
v -0.083935 -0.996708 -0.032742
v -0.126377 -0.975596 -0.043549
v -0.083935 -0.996708 -0.032742
v -0.107426 -0.991184 -0.038725
v -0.083935 -0.996708 -0.032742
v -0.107694 -0.991184 -0.027939
v -0.126862 -0.975596 -0.024063
v -0.125783 -0.953081 -0.067856
v -0.101948 -0.975596 -0.072662
v -0.083935 -0.996708 -0.032742
v -0.136874 -0.953081 -0.046221
v -0.106402 -0.953081 -0.082536
v -0.136874 -0.928105 -0.046221
v -0.125783 -0.928105 -0.067856
v -0.137481 -0.953081 -0.021917
v -0.127480 -0.953081 0.000245
v -0.137482 -0.928105 -0.021917
v -0.126862 -0.905586 -0.024063
v -0.127480 -0.928105 0.000245
v -0.122423 1.097008 -0.042539
v -0.115143 1.113393 -0.026428
v -0.114788 1.113393 -0.040594
v -0.114358 1.097008 -0.058271
v -0.115593 1.097008 -0.008752
v -0.109314 1.113393 -0.013511
v -0.115593 1.078832 -0.008752
v -0.102051 1.097008 0.002611
v -0.102051 1.078832 0.002611
v -0.098458 1.113393 -0.004401
v -0.098458 1.062446 -0.004401
v -0.091961 1.124736 -0.017070
v -0.109314 1.062446 -0.013511
v -0.115143 1.062446 -0.026428
v -0.097965 1.124736 -0.022108
v -0.083930 1.128747 -0.032739
v -0.101187 1.124736 -0.029247
v -0.083930 1.128747 -0.032739
v -0.097965 1.051103 -0.022108
v -0.101187 1.051103 -0.029247
v -0.083930 1.047093 -0.032739
v -0.091961 1.051103 -0.017070
v -0.083930 1.047093 -0.032739
v -0.100993 1.124736 -0.037083
v -0.083930 1.128747 -0.032739
v -0.097416 1.124736 -0.044055
v -0.083930 1.128747 -0.032739
v -0.108323 1.113393 -0.053207
v -0.091171 1.124736 -0.048788
v -0.083930 1.128747 -0.032739
v -0.097025 1.113393 -0.061763
v -0.100266 1.097008 -0.068945
v -0.100266 1.078832 -0.068945
v -0.083489 1.124736 -0.050339
v -0.083930 1.128747 -0.032739
v -0.083136 1.113393 -0.064573
v -0.082939 1.078832 -0.072450
v -0.083136 1.062446 -0.064573
v -0.082939 1.097008 -0.072450
v -0.069403 1.113393 -0.061075
v -0.065806 1.078832 -0.068085
v -0.065806 1.097008 -0.068085
v -0.083930 1.128747 -0.032739
v -0.075898 1.124736 -0.048406
v -0.052264 1.097008 -0.056722
v -0.069894 1.124736 -0.043369
v -0.083930 1.128747 -0.032739
v -0.058547 1.113393 -0.051966
v -0.052717 1.113393 -0.039048
v -0.083930 1.128747 -0.032739
v -0.066671 1.124736 -0.036227
v -0.044993 1.097008 -0.040610
v -0.052264 1.078832 -0.056722
v -0.045434 1.097008 -0.022935
v -0.058547 1.062446 -0.051966
v -0.053072 1.113393 -0.024882
v -0.044993 1.078832 -0.040610
v -0.052717 1.062446 -0.039048
v -0.045434 1.078832 -0.022935
v -0.053499 1.097008 -0.007204
v -0.053499 1.078832 -0.007204
v -0.053072 1.062446 -0.024882
v -0.059536 1.062446 -0.012270
v -0.066867 1.051103 -0.028395
v -0.070834 1.062446 -0.003713
v -0.070441 1.051103 -0.021420
v -0.083930 1.047093 -0.032739
v -0.066671 1.051103 -0.036227
v -0.083930 1.047093 -0.032739
v -0.069894 1.051103 -0.043369
v -0.083930 1.047093 -0.032739
v -0.083930 1.047093 -0.032739
v -0.076689 1.051103 -0.016689
v -0.075898 1.051103 -0.048406
v -0.083930 1.047093 -0.032739
v -0.069403 1.062446 -0.061075
v -0.083489 1.051103 -0.050339
v -0.083930 1.047093 -0.032739
v -0.084369 1.051103 -0.015135
v -0.083930 1.047093 -0.032739
v -0.083930 1.047093 -0.032739
v -0.091961 1.051103 -0.017070
v -0.098458 1.062446 -0.004401
v -0.084724 1.062446 -0.000904
v -0.102051 1.078832 0.002611
v -0.067591 1.078832 0.003470
v -0.084920 1.078832 0.006974
v -0.084920 1.097008 0.006974
v -0.102051 1.097008 0.002611
v -0.067591 1.097008 0.003470
v -0.084724 1.113393 -0.000904
v -0.098458 1.113393 -0.004401
v -0.091961 1.124736 -0.017070
v -0.084369 1.124736 -0.015135
v -0.083930 1.128747 -0.032739
v -0.070834 1.113393 -0.003713
v -0.076689 1.124736 -0.016689
v -0.083930 1.128747 -0.032739
v -0.059536 1.113393 -0.012270
v -0.070441 1.124736 -0.021420
v -0.083930 1.128747 -0.032739
v -0.066867 1.124736 -0.028395
v -0.083930 1.128747 -0.032739
v -0.083930 1.128747 -0.032739
v -0.087445 1.083881 -0.032417
v 0.032915 0.310464 -0.042948
v -0.094134 0.310464 -0.149555
v -0.080386 1.083881 -0.033034
v -0.200743 0.310464 -0.022503
v -0.073694 0.310464 0.084104
v -0.084224 1.083881 -0.036255
v -0.073694 0.310464 0.084104
v 0.032915 0.310464 -0.042948
v -0.083607 1.083881 -0.029196
v -0.094134 0.310464 -0.149555
v -0.200743 0.310464 -0.022503
v -0.084201 0.218053 -0.035988
v -0.087178 0.218053 -0.032440
v -0.083630 0.218053 -0.029463
v -0.080653 0.218053 -0.033011
v -0.085299 0.227426 -0.032605
v -0.087633 0.224148 -0.032400
v -0.083792 0.227426 -0.031341
v -0.083590 0.224148 -0.029008
v -0.084036 0.227426 -0.034110
v -0.084241 0.224148 -0.036443
v -0.085299 0.227426 -0.032605
v -0.087633 0.224148 -0.032400
v -0.082530 0.227426 -0.032845
v -0.084241 0.224148 -0.036443
v -0.084036 0.227426 -0.034110
v -0.080198 0.224148 -0.033051
v -0.083792 0.227426 -0.031341
v -0.083590 0.224148 -0.029008
v -0.082530 0.227426 -0.032845
v -0.080198 0.224148 -0.033051
v -0.108323 0.248377 -0.053207
v -0.097416 0.259723 -0.044055
v -0.091171 0.259723 -0.048788
v -0.083930 0.263733 -0.032739
v -0.083136 0.248377 -0.064573
v -0.083489 0.259723 -0.050338
v -0.083930 0.263733 -0.032739
v -0.100993 0.259723 -0.037082
v -0.114788 0.248377 -0.040594
v -0.083930 0.263733 -0.032739
v -0.075898 0.259723 -0.048406
v -0.083930 0.263733 -0.032739
v -0.069403 0.248377 -0.061075
v -0.065807 0.231991 -0.068085
v -0.069894 0.259723 -0.043369
v -0.083930 0.263733 -0.032739
v -0.058546 0.248377 -0.051966
v -0.052265 0.231991 -0.056721
v -0.052717 0.248377 -0.039048
v -0.083930 0.263733 -0.032739
v -0.066671 0.259723 -0.036227
v -0.044994 0.231991 -0.040610
v -0.052265 0.213818 -0.056721
v -0.045435 0.231991 -0.022935
v -0.044994 0.213818 -0.040610
v -0.052717 0.197432 -0.039048
v -0.053069 0.248377 -0.024880
v -0.066867 0.259723 -0.028395
v -0.083930 0.263733 -0.032739
v -0.053499 0.231991 -0.007204
v -0.045435 0.213818 -0.022935
v -0.053499 0.213818 -0.007204
v -0.053069 0.197432 -0.024880
v -0.066867 0.186086 -0.028395
v -0.066671 0.186086 -0.036227
v -0.083930 0.182076 -0.032739
v -0.059536 0.197432 -0.012270
v -0.070441 0.186086 -0.021420
v -0.083930 0.182076 -0.032739
v -0.070832 0.197432 -0.003711
v -0.083930 0.182076 -0.032739
v -0.076690 0.186086 -0.016689
v -0.067591 0.213818 0.003470
v -0.084369 0.186086 -0.015135
v -0.083930 0.182076 -0.032739
v -0.083930 0.182076 -0.032739
v -0.091961 0.186086 -0.017070
v -0.098458 0.197432 -0.004401
v -0.084724 0.197432 -0.000903
v -0.102051 0.213818 0.002611
v -0.084921 0.213818 0.006973
v -0.084921 0.231991 0.006973
v -0.102051 0.231991 0.002611
v -0.067591 0.231991 0.003470
v -0.084724 0.248377 -0.000903
v -0.098458 0.248377 -0.004401
v -0.091961 0.259723 -0.017070
v -0.070834 0.248377 -0.003713
v -0.084369 0.259723 -0.015135
v -0.083930 0.263733 -0.032739
v -0.059536 0.248377 -0.012270
v -0.076690 0.259723 -0.016689
v -0.083930 0.263733 -0.032739
v -0.070441 0.259723 -0.021420
v -0.083930 0.263733 -0.032739
v -0.083930 0.263733 -0.032739
v -0.083930 0.182076 -0.032739
v -0.091961 0.186086 -0.017070
v -0.097965 0.186086 -0.022108
v -0.098458 0.197432 -0.004401
v -0.083930 0.182076 -0.032739
v -0.101187 0.186086 -0.029247
v -0.115143 0.197432 -0.026427
v -0.109314 0.197432 -0.013511
v -0.115593 0.213818 -0.008752
v -0.102051 0.213818 0.002611
v -0.102051 0.231991 0.002611
v -0.122866 0.213818 -0.024867
v -0.122423 0.213818 -0.042539
v -0.115593 0.231991 -0.008752
v -0.122866 0.231991 -0.024867
v -0.122423 0.231991 -0.042539
v -0.115143 0.248377 -0.026427
v -0.109314 0.248377 -0.013511
v -0.098458 0.248377 -0.004401
v -0.091961 0.259723 -0.017070
v -0.101187 0.259723 -0.029247
v -0.083930 0.263733 -0.032739
v -0.097965 0.259723 -0.022108
v -0.083930 0.263733 -0.032739
v -0.083930 0.263733 -0.032739
v -0.117483 0.187246 -0.060893
v -0.093906 0.171658 -0.054837
v -0.102505 0.171658 -0.048325
v -0.083935 0.166134 -0.032742
v -0.083935 0.166134 -0.032742
v -0.083330 0.171658 -0.056974
v -0.107426 0.171658 -0.038725
v -0.083935 0.166134 -0.032742
v -0.101948 0.187246 -0.072663
v -0.082842 0.187246 -0.076524
v -0.125782 0.209761 -0.067857
v -0.126377 0.187246 -0.043549
v -0.126862 0.187246 -0.024063
v -0.106402 0.209761 -0.082537
v -0.136874 0.209761 -0.046222
v -0.136874 0.234740 -0.046222
v -0.107694 0.171658 -0.027939
v -0.083935 0.166134 -0.032742
v -0.137482 0.209761 -0.021917
v -0.127482 0.209761 0.000243
v -0.118848 0.187246 -0.006298
v -0.103258 0.171658 -0.018105
v -0.083935 0.166134 -0.032742
v -0.094994 0.171658 -0.011170
v -0.083935 0.166134 -0.032742
v -0.103914 0.187246 0.006232
v -0.108857 0.209761 0.015872
v -0.108857 0.234740 0.015872
v -0.127482 0.234740 0.000243
v -0.137482 0.234740 -0.021917
v -0.118848 0.257255 -0.006298
v -0.103914 0.257255 0.006232
v -0.126862 0.257255 -0.024063
v -0.094994 0.272843 -0.011170
v -0.103258 0.272843 -0.018105
v -0.083935 0.278367 -0.032742
v -0.107694 0.272843 -0.027939
v -0.083935 0.278367 -0.032742
v -0.107426 0.272843 -0.038725
v -0.083935 0.278367 -0.032742
v -0.126377 0.257255 -0.043549
v -0.102505 0.272843 -0.048325
v -0.083935 0.278367 -0.032742
v -0.125782 0.234740 -0.067857
v -0.117484 0.257255 -0.060893
v -0.093906 0.272843 -0.054837
v -0.083935 0.278367 -0.032742
v -0.101948 0.257255 -0.072663
v -0.106402 0.234740 -0.082537
v -0.083330 0.272843 -0.056974
v -0.083935 0.278367 -0.032742
v -0.082842 0.257255 -0.076524
v -0.082573 0.234740 -0.087355
v -0.082573 0.209761 -0.087355
v -0.059011 0.209761 -0.081354
v -0.059011 0.234740 -0.081354
v -0.063955 0.257255 -0.071717
v -0.072876 0.272843 -0.054314
v -0.083935 0.278367 -0.032742
v -0.049022 0.257255 -0.059186
v -0.083935 0.278367 -0.032742
v -0.064612 0.272843 -0.047379
v -0.060174 0.272843 -0.037543
v -0.083935 0.278367 -0.032742
v -0.040388 0.234740 -0.065727
v -0.041006 0.257255 -0.041419
v -0.083935 0.278367 -0.032742
v -0.060445 0.272843 -0.026760
v -0.041494 0.257255 -0.021936
v -0.030388 0.234740 -0.043567
v -0.040388 0.209761 -0.065727
v -0.030995 0.234740 -0.019263
v -0.030388 0.209761 -0.043567
v -0.049022 0.187246 -0.059186
v -0.065365 0.272843 -0.017161
v -0.083935 0.278367 -0.032742
v -0.050383 0.257255 -0.004590
v -0.041006 0.187246 -0.041419
v -0.042087 0.234740 0.002372
v -0.065923 0.257255 0.007178
v -0.083935 0.278367 -0.032742
v -0.073964 0.272843 -0.010647
v -0.030995 0.209761 -0.019263
v -0.084537 0.272843 -0.008508
v -0.083935 0.278367 -0.032742
v -0.085026 0.257255 0.011042
v -0.083935 0.278367 -0.032742
v -0.094994 0.272843 -0.011170
v -0.103914 0.257255 0.006232
v -0.108857 0.234740 0.015872
v -0.085297 0.234740 0.021871
v -0.061467 0.234740 0.017052
v -0.085297 0.209761 0.021871
v -0.108857 0.209761 0.015872
v -0.061467 0.209761 0.017052
v -0.085026 0.187246 0.011042
v -0.103914 0.187246 0.006232
v -0.094994 0.171658 -0.011170
v -0.084537 0.171658 -0.008508
v -0.083935 0.166134 -0.032742
v -0.073964 0.171658 -0.010647
v -0.083935 0.166134 -0.032742
v -0.065923 0.187246 0.007178
v -0.042087 0.209761 0.002372
v -0.050383 0.187246 -0.004590
v -0.065365 0.171658 -0.017161
v -0.083935 0.166134 -0.032742
v -0.041494 0.187246 -0.021936
v -0.060445 0.171658 -0.026760
v -0.083935 0.166134 -0.032742
v -0.060174 0.171658 -0.037543
v -0.083935 0.166134 -0.032742
v -0.064612 0.171658 -0.047379
v -0.083935 0.166134 -0.032742
v -0.063955 0.187246 -0.071717
v -0.072876 0.171658 -0.054313
v -0.083935 0.166134 -0.032742
v -0.083935 0.166134 -0.032742
v -0.087178 0.218053 -0.032440
v 0.074814 -0.823492 -0.046613
v -0.097802 -0.823492 -0.191455
v -0.080653 0.218053 -0.033011
v -0.242645 -0.823492 -0.018839
v -0.070028 -0.823492 0.126004
v -0.084201 0.218053 -0.035988
v -0.070028 -0.823492 0.126004
v 0.074814 -0.823492 -0.046613
v -0.083630 0.218053 -0.029463
v -0.097802 -0.823492 -0.191455
v -0.242645 -0.823492 -0.018839
v -0.083590 0.227632 -0.029008
v -0.083590 0.224148 -0.029008
v -0.087633 0.227632 -0.032400
v -0.087633 0.224148 -0.032400
v -0.087633 0.227632 -0.032400
v -0.087633 0.224148 -0.032400
v -0.084241 0.227632 -0.036443
v -0.084241 0.224148 -0.036443
v -0.084241 0.227632 -0.036443
v -0.084241 0.224148 -0.036443
v -0.080198 0.227632 -0.033051
v -0.080198 0.224148 -0.033051
v -0.080198 0.227632 -0.033051
v -0.080198 0.224148 -0.033051
v -0.083590 0.227632 -0.029008
v -0.083590 0.224148 -0.029008
v -0.083478 -0.938919 -0.027728
v -0.088914 -0.935438 -0.032289
v -0.083478 -0.935438 -0.027728
v -0.088914 -0.938919 -0.032289
v -0.088914 -0.938919 -0.032289
v -0.084353 -0.935438 -0.037724
v -0.088914 -0.935438 -0.032289
v -0.084353 -0.938919 -0.037724
v -0.084353 -0.938919 -0.037724
v -0.078917 -0.935438 -0.033163
v -0.084353 -0.935438 -0.037724
v -0.078917 -0.938919 -0.033163
v -0.078917 -0.938919 -0.033163
v -0.083478 -0.935438 -0.027728
v -0.078917 -0.935438 -0.033163
v -0.083478 -0.938919 -0.027728
v -0.108321 0.197432 -0.053205
v -0.091171 0.186086 -0.048788
v -0.097416 0.186086 -0.044055
v -0.083930 0.182076 -0.032739
v -0.097025 0.197432 -0.061763
v -0.083930 0.182076 -0.032739
v -0.083489 0.186086 -0.050338
v -0.114358 0.213818 -0.058271
v -0.114788 0.197432 -0.040594
v -0.100993 0.186086 -0.037082
v -0.083930 0.182076 -0.032739
v -0.083136 0.197432 -0.064573
v -0.083930 0.182076 -0.032739
v -0.075898 0.186086 -0.048406
v -0.083930 0.182076 -0.032739
v -0.100267 0.213818 -0.068944
v -0.069403 0.197432 -0.061075
v -0.065807 0.213818 -0.068085
v -0.058546 0.197432 -0.051966
v -0.083930 0.182076 -0.032739
v -0.069894 0.186086 -0.043369
v -0.083930 0.182076 -0.032739
v -0.082939 0.213818 -0.072450
v -0.082939 0.231991 -0.072450
v -0.100267 0.231991 -0.068944
v -0.114358 0.231991 -0.058271
v -0.097025 0.248377 -0.061763
v -0.073694 0.310464 0.084104
v -0.200743 0.310464 -0.022503
v -0.083792 0.227426 -0.031341
v -0.085299 0.227426 -0.032605
v -0.200743 0.310464 -0.022503
v -0.094134 0.310464 -0.149555
v -0.085299 0.227426 -0.032605
v -0.084036 0.227426 -0.034110
v -0.094134 0.310464 -0.149555
v -0.082530 0.227426 -0.032845
v -0.084036 0.227426 -0.034110
v 0.032915 0.310464 -0.042948
v 0.032915 0.310464 -0.042948
v -0.073694 0.310464 0.084104
v -0.082530 0.227426 -0.032845
v -0.083792 0.227426 -0.031341
v -0.080198 0.227632 -0.033051
v -0.083590 0.227632 -0.029008
v -0.087633 0.227632 -0.032400
v -0.084241 0.227632 -0.036443
v -0.108323 1.062446 -0.053207
v -0.091171 1.051103 -0.048788
v -0.097416 1.051103 -0.044055
v -0.083930 1.047093 -0.032739
v -0.083930 1.047093 -0.032739
v -0.100993 1.051103 -0.037083
v -0.083930 1.047093 -0.032739
v -0.097025 1.062446 -0.061763
v -0.114358 1.078832 -0.058271
v -0.114788 1.062446 -0.040594
v -0.083930 1.047093 -0.032739
v -0.122423 1.078832 -0.042539
v -0.122866 1.078832 -0.024867
v -0.122866 1.097008 -0.024867
v -0.083683 -0.935640 -0.030061
v -0.086580 -0.935640 -0.032492
v -0.088914 -0.938919 -0.032289
v -0.083478 -0.938919 -0.027728
v -0.086580 -0.935640 -0.032492
v -0.084149 -0.935640 -0.035390
v -0.084353 -0.938919 -0.037724
v -0.088914 -0.938919 -0.032289
v -0.084149 -0.935640 -0.035390
v -0.081252 -0.935640 -0.032959
v -0.078917 -0.938919 -0.033163
v -0.084353 -0.938919 -0.037724
v -0.081252 -0.935640 -0.032959
v -0.083683 -0.935640 -0.030061
v -0.083478 -0.938919 -0.027728
v -0.078917 -0.938919 -0.033163
v -0.108857 -0.928105 0.015872
v -0.103915 -0.905586 0.006232
v -0.108857 -0.953081 0.015872
v -0.118845 -0.905586 -0.006296
v -0.094994 -0.890002 -0.011170
v -0.118845 -0.975596 -0.006296
v -0.103915 -0.975596 0.006232
v -0.103259 -0.890002 -0.018105
v -0.083935 -0.884474 -0.032742
v -0.107694 -0.890002 -0.027939
v -0.083935 -0.884474 -0.032742
v -0.103259 -0.991184 -0.018105
v -0.094994 -0.991184 -0.011170
v -0.083935 -0.996708 -0.032742
v -0.083935 -0.996708 -0.032742
v -0.107426 -0.890002 -0.038725
v -0.083935 -0.884474 -0.032742
v -0.126377 -0.905586 -0.043549
v -0.102506 -0.890002 -0.048324
v -0.083935 -0.884474 -0.032742
v -0.117484 -0.905586 -0.060892
v -0.093906 -0.890002 -0.054837
v -0.083935 -0.884474 -0.032742
v -0.101948 -0.905586 -0.072662
v -0.106402 -0.928105 -0.082536
v -0.082842 -0.905586 -0.076524
v -0.082573 -0.928105 -0.087355
v -0.083330 -0.890002 -0.056974
v -0.083935 -0.884474 -0.032742
v -0.063953 -0.905586 -0.071714
v -0.072876 -0.890002 -0.054314
v -0.083935 -0.884474 -0.032742
v -0.049023 -0.905586 -0.059186
v -0.064611 -0.890002 -0.047379
v -0.083935 -0.884474 -0.032742
v -0.040387 -0.928105 -0.065727
v -0.041006 -0.905586 -0.041420
v -0.083935 -0.884474 -0.032742
v -0.060174 -0.890002 -0.037543
v -0.060445 -0.890002 -0.026760
v -0.083935 -0.884474 -0.032742
v -0.041494 -0.905586 -0.021936
v -0.065365 -0.890002 -0.017160
v -0.083935 -0.884474 -0.032742
v -0.050384 -0.905586 -0.004589
v -0.065923 -0.905586 0.007178
v -0.083935 -0.884474 -0.032742
v -0.073964 -0.890002 -0.010647
v -0.084537 -0.890002 -0.008508
v -0.083935 -0.884474 -0.032742
v -0.083935 -0.884474 -0.032742
v -0.094994 -0.890002 -0.011170
v -0.103915 -0.905586 0.006232
v -0.085026 -0.905586 0.011041
v -0.061466 -0.928105 0.017055
v -0.085297 -0.928105 0.021871
vn -0.0000 -1.0000 -0.0000
vn -0.0000 1.0000 -0.0000
vn -0.0244 -0.2158 0.9761
vn -0.4454 0.2158 0.8689
vn -0.4454 -0.2158 0.8689
vn 0.7480 0.2158 0.6276
vn 0.4016 -0.2158 0.8900
vn 0.7480 -0.2158 0.6276
vn -0.0198 -0.6084 0.7933
vn -0.3620 -0.6085 0.7062
vn 0.9462 0.2158 0.2410
vn 0.3264 -0.6085 0.7234
vn -0.0114 -0.8886 0.4586
vn -0.2092 -0.8886 0.4082
vn -0.0001 -1.0000 0.0001
vn 0.1887 -0.8886 0.4181
vn -0.0000 -1.0000 0.0001
vn 0.6080 -0.6084 0.5101
vn 0.3514 -0.8886 0.2948
vn 0.7690 -0.6085 0.1958
vn 0.9462 -0.2158 0.2410
vn 0.4445 -0.8886 0.1132
vn 0.7779 -0.6084 -0.1572
vn 0.9571 -0.2158 -0.1935
vn 0.9571 0.2158 -0.1935
vn 0.7783 -0.2158 -0.5896
vn 0.4496 -0.8886 -0.0908
vn 0.3657 -0.8886 -0.2770
vn 0.6326 -0.6084 -0.4792
vn 0.4455 -0.2158 -0.8689
vn 0.4455 0.2158 -0.8689
vn 0.0243 -0.2158 -0.9761
vn 0.0198 -0.6084 -0.7934
vn 0.3620 -0.6084 -0.7062
vn 0.0114 -0.8886 -0.4586
vn 0.2092 -0.8886 -0.4082
vn 0.0001 -1.0000 -0.0001
vn -0.4573 -0.7027 0.5450
vn -0.5450 -0.7027 -0.4573
vn 0.4573 -0.7027 -0.5450
vn 0.5450 -0.7027 0.4573
vn 0.5450 -0.7028 0.4573
vn -0.6079 -0.6084 -0.5101
vn -0.1886 -0.8886 -0.4181
vn -0.3514 -0.8886 -0.2949
vn -0.7691 -0.6084 -0.1958
vn -0.4445 -0.8886 -0.1132
vn -0.0001 -1.0000 -0.0001
vn -0.4496 -0.8886 0.0909
vn -0.7779 -0.6084 0.1573
vn -0.7480 -0.2158 -0.6276
vn -0.3264 -0.6084 -0.7234
vn -0.9462 -0.2158 -0.2410
vn -0.4016 -0.2158 -0.8900
vn -0.9462 0.2158 -0.2410
vn -0.7480 0.2158 -0.6276
vn -0.9571 -0.2158 0.1935
vn -0.7783 -0.2158 0.5896
vn -0.9571 0.2158 0.1935
vn -0.7778 0.6085 0.1573
vn -0.7783 0.2158 0.5896
vn -0.9462 0.2157 -0.2410
vn -0.7779 0.6084 0.1572
vn -0.7691 0.6084 -0.1959
vn -0.7480 0.2157 -0.6277
vn -0.7783 0.2157 0.5896
vn -0.6326 0.6084 0.4792
vn -0.7783 -0.2157 0.5896
vn -0.4455 0.2158 0.8689
vn -0.4456 -0.2157 0.8689
vn -0.3621 0.6084 0.7062
vn -0.3621 -0.6084 0.7062
vn -0.2093 0.8886 0.4081
vn -0.6326 -0.6084 0.4792
vn -0.7779 -0.6084 0.1572
vn -0.3655 0.8887 0.2769
vn -0.4494 0.8887 0.0909
vn -0.0001 1.0000 -0.0000
vn -0.3655 -0.8887 0.2769
vn -0.4494 -0.8887 0.0909
vn -0.0001 -1.0000 -0.0000
vn -0.2093 -0.8886 0.4081
vn -0.4444 0.8886 -0.1132
vn -0.3513 0.8887 -0.2947
vn -0.6080 0.6084 -0.5101
vn -0.1886 0.8886 -0.4180
vn -0.3264 0.6084 -0.7234
vn -0.4017 0.2157 -0.8900
vn -0.4017 -0.2157 -0.8900
vn 0.0115 0.8887 -0.4584
vn 0.0198 0.6085 -0.7933
vn 0.0243 -0.2157 -0.9762
vn 0.0243 0.2157 -0.9762
vn 0.3621 0.6084 -0.7062
vn 0.4455 -0.2157 -0.8689
vn 0.4455 0.2157 -0.8689
vn 0.2092 0.8887 -0.4081
vn 0.7783 0.2157 -0.5896
vn 0.3655 0.8887 -0.2769
vn 0.6326 0.6085 -0.4792
vn 0.7779 0.6084 -0.1572
vn 0.0001 1.0000 -0.0001
vn 0.4495 0.8887 -0.0909
vn 0.9571 0.2157 -0.1935
vn 0.7784 -0.2157 -0.5896
vn 0.7690 0.6085 0.1958
vn 0.9571 -0.2157 -0.1935
vn 0.6079 -0.6084 0.5101
vn 0.4444 -0.8887 0.1131
vn 0.3264 -0.6084 0.7234
vn 0.3513 -0.8887 0.2948
vn 0.0001 -1.0000 0.0001
vn 0.4495 -0.8887 -0.0908
vn 0.0001 -1.0000 -0.0000
vn 0.3655 -0.8887 -0.2769
vn 0.1886 -0.8887 0.4180
vn 0.2092 -0.8887 -0.4080
vn 0.3621 -0.6084 -0.7062
vn 0.0113 -0.8885 -0.4587
vn -0.0114 -0.8887 0.4584
vn -0.3620 -0.6084 0.7062
vn -0.0198 -0.6084 0.7934
vn -0.4454 -0.2157 0.8689
vn 0.4016 -0.2157 0.8900
vn -0.0244 -0.2157 0.9762
vn -0.0244 0.2157 0.9761
vn -0.4454 0.2157 0.8689
vn 0.4016 0.2158 0.8900
vn -0.0198 0.6084 0.7934
vn -0.3620 0.6084 0.7062
vn -0.2092 0.8886 0.4082
vn -0.0114 0.8886 0.4585
vn 0.3264 0.6085 0.7234
vn 0.1886 0.8887 0.4180
vn -0.0000 1.0000 0.0001
vn 0.6079 0.6084 0.5101
vn 0.3513 0.8886 0.2948
vn 0.0001 1.0000 0.0001
vn 0.4444 0.8887 0.1131
vn 0.0001 1.0000 -0.0000
vn 0.6389 0.1098 -0.7614
vn -0.6389 0.1098 0.7614
vn 0.7614 0.1098 0.6389
vn -0.7614 0.1098 -0.6389
vn -0.5737 0.4511 0.6837
vn -0.5738 0.4508 0.6838
vn -0.5738 0.4507 0.6838
vn -0.6837 0.4509 -0.5737
vn 0.5737 0.4509 -0.6837
vn 0.5738 0.4506 -0.6839
vn 0.6839 0.4505 0.5739
vn -0.6080 0.6083 -0.5102
vn -0.3513 0.8887 -0.2948
vn 0.0198 0.6084 -0.7934
vn -0.4445 0.8886 -0.1131
vn 0.2092 0.8886 -0.4081
vn 0.3621 0.6084 -0.7063
vn 0.3656 0.8886 -0.2769
vn -0.0000 1.0000 -0.0001
vn 0.6326 0.6084 -0.4792
vn 0.7779 0.6084 -0.1573
vn 0.4495 0.8886 -0.0909
vn 0.9463 0.2157 0.2409
vn 0.7779 -0.6084 -0.1573
vn 0.7691 0.6084 0.1958
vn 0.4444 0.8887 0.1132
vn 0.7480 0.2157 0.6277
vn 0.9463 -0.2157 0.2409
vn 0.7480 -0.2157 0.6276
vn 0.7691 -0.6084 0.1958
vn 0.4495 -0.8886 -0.0909
vn 0.3513 -0.8886 0.2948
vn 0.4016 -0.2157 0.8901
vn -0.0115 -0.8886 0.4585
vn -0.2092 -0.8886 0.4081
vn -0.0244 0.2157 0.9762
vn 0.4016 0.2157 0.8900
vn 0.3264 0.6084 0.7234
vn -0.0115 0.8886 0.4585
vn 0.6079 0.6084 0.5102
vn 0.1886 0.8886 0.4180
vn 0.3514 0.8886 0.2948
vn -0.3655 -0.8886 0.2769
vn -0.4495 -0.8887 0.0909
vn -0.4455 -0.2157 0.8689
vn -0.4456 0.2158 0.8689
vn -0.9571 -0.2157 0.1935
vn -0.9462 -0.2157 -0.2410
vn -0.9571 0.2157 0.1935
vn -0.2092 0.8886 0.4081
vn -0.4495 0.8886 0.0909
vn -0.3655 0.8886 0.2769
vn -0.0000 -1.0000 -0.0001
vn -0.9571 -0.2158 0.1934
vn -0.3657 -0.8886 0.2769
vn -0.2093 -0.8886 0.4082
vn -0.7784 0.2158 0.5896
vn -0.9571 0.2158 0.1934
vn -0.2094 0.8886 0.4082
vn -0.3657 0.8886 0.2769
vn -0.4496 0.8886 0.0909
vn -0.0001 1.0000 0.0001
vn -0.4445 0.8886 -0.1132
vn -0.7691 0.6084 -0.1958
vn -0.3514 0.8886 -0.2949
vn -0.6079 0.6084 -0.5101
vn -0.1886 0.8886 -0.4181
vn -0.4016 0.2158 -0.8900
vn 0.0114 0.8886 -0.4586
vn -0.0001 1.0000 -0.0001
vn 0.0244 0.2158 -0.9761
vn 0.0244 -0.2158 -0.9761
vn 0.3620 0.6084 -0.7062
vn 0.2092 0.8886 -0.4082
vn 0.3656 0.8886 -0.2770
vn 0.4496 0.8886 -0.0908
vn 0.7783 0.2158 -0.5896
vn 0.4445 0.8886 0.1132
vn 0.7784 -0.2158 -0.5896
vn 0.6080 0.6084 0.5101
vn 0.1887 0.8886 0.4181
vn -0.0114 0.8886 0.4586
vn -0.0197 0.6084 0.7934
vn -0.0243 0.2158 0.9761
vn -0.0243 -0.2158 0.9761
vn -0.0197 -0.6084 0.7934
vn 0.3656 -0.8886 -0.2770
vn 0.6389 0.1097 -0.7614
vn -0.6389 0.1097 0.7614
vn 0.7614 0.1097 0.6389
vn -0.7614 0.1097 -0.6389
vn 0.6428 -0.0000 -0.7660
vn 0.7660 -0.0000 0.6428
vn -0.6428 -0.0000 0.7660
vn -0.7660 -0.0000 -0.6428
vn -0.6080 -0.6084 -0.5101
vn -0.1886 -0.8886 -0.4180
vn -0.3513 -0.8886 -0.2948
vn -0.3265 -0.6084 -0.7234
vn 0.0115 -0.8887 -0.4584
vn -0.7480 -0.2157 -0.6277
vn -0.7691 -0.6084 -0.1959
vn 0.2092 -0.8886 -0.4081
vn 0.3621 -0.6084 -0.7063
vn 0.3656 -0.8886 -0.2769
vn -0.3264 0.6083 -0.7234
vn -0.4575 -0.7024 0.5453
vn -0.5453 -0.7024 -0.4575
vn 0.4575 -0.7024 -0.5453
vn 0.5453 -0.7024 0.4575
vn -0.1886 -0.8887 -0.4180
vn -0.3512 -0.8887 -0.2947
vn -0.4444 -0.8887 -0.1132
vn -0.6837 0.4510 -0.5737
vn 0.5737 0.4510 -0.6837
vn 0.6837 0.4510 0.5737
vn 0.6839 0.4506 0.5738
vn -0.2093 0.8886 0.4082
vn -0.3621 -0.6085 0.7062
vn 0.0243 0.2158 -0.9761
vn 0.7784 0.2158 -0.5896
vn 0.7779 0.6085 -0.1572
vn 0.3514 0.8886 0.2949
vn 0.3264 0.6085 0.7233
vn -0.0198 0.6085 0.7933
vn -0.0244 0.2158 0.9761
vt 0.375000 0.750000
vt 0.125000 0.750000
vt 0.125000 0.500000
vt 0.375000 0.500000
vt 0.875000 0.750000
vt 0.625000 0.750000
vt 0.625000 0.500000
vt 0.875000 0.500000
vt 0.071429 0.428571
vt 0.000000 0.571429
vt 0.000000 0.428571
vt 0.214286 0.571429
vt 0.142857 0.428571
vt 0.214286 0.428571
vt 0.071429 0.285714
vt 0.000000 0.285714
vt 0.285714 0.571429
vt 0.142857 0.285714
vt 0.071429 0.142857
vt 0.000000 0.142857
vt 0.035714 0.000000
vt 0.142857 0.142857
vt 0.107143 0.000000
vt 0.214286 0.285714
vt 0.214286 0.142857
vt 0.178571 0.000000
vt 0.285714 0.285714
vt 0.285714 0.428571
vt 0.285714 0.142857
vt 0.250000 0.000000
vt 0.357143 0.285714
vt 0.357143 0.428571
vt 0.357143 0.571429
vt 0.428571 0.428571
vt 0.357143 0.142857
vt 0.321429 0.000000
vt 0.428571 0.142857
vt 0.392857 0.000000
vt 0.428571 0.285714
vt 0.500000 0.428571
vt 0.500000 0.571429
vt 0.571429 0.428571
vt 0.571429 0.285714
vt 0.500000 0.285714
vt 0.571429 0.142857
vt 0.500000 0.142857
vt 0.464286 0.000000
vt 0.535714 0.000000
vt 0.625000 0.000000
vt 0.625000 0.250000
vt 0.375000 0.000000
vt 0.375000 0.250000
vt 0.625000 1.000000
vt 0.375000 1.000000
vt 0.714286 0.285714
vt 0.642857 0.142857
vt 0.714286 0.142857
vt 0.678571 0.000000
vt 0.785714 0.285714
vt 0.750000 0.000000
vt 0.785714 0.142857
vt 0.821429 0.000000
vt 0.857143 0.142857
vt 0.857143 0.285714
vt 0.714286 0.428571
vt 0.642857 0.285714
vt 0.607143 0.000000
vt 0.785714 0.428571
vt 0.642857 0.428571
vt 0.785714 0.571429
vt 0.714286 0.571429
vt 0.857143 0.428571
vt 0.928571 0.428571
vt 0.857143 0.571429
vt 0.857143 0.714286
vt 0.928571 0.571429
vt 0.785714 0.714286
vt 0.928571 0.714286
vt 1.000000 0.571429
vt 1.000000 0.428571
vt 1.000000 0.714286
vt 1.000000 0.285714
vt 1.000000 0.857143
vt 0.928571 0.285714
vt 0.928571 0.857143
vt 0.964286 1.000000
vt 0.857143 0.857143
vt 0.892857 1.000000
vt 0.928571 0.142857
vt 0.892857 0.000000
vt 1.000000 0.142857
vt 0.964286 0.000000
vt 0.785714 0.857143
vt 0.821429 1.000000
vt 0.714286 0.857143
vt 0.750000 1.000000
vt 0.714286 0.714286
vt 0.642857 0.857143
vt 0.678571 1.000000
vt 0.642857 0.714286
vt 0.642857 0.571429
vt 0.571429 0.857143
vt 0.607143 1.000000
vt 0.571429 0.714286
vt 0.571429 0.571429
vt 0.500000 0.714286
vt 0.535714 1.000000
vt 0.500000 0.857143
vt 0.428571 0.571429
vt 0.428571 0.857143
vt 0.464286 1.000000
vt 0.428571 0.714286
vt 0.357143 0.714286
vt 0.392857 1.000000
vt 0.357143 0.857143
vt 0.285714 0.714286
vt 0.071429 0.571429
vt 0.142857 0.571429
vt 0.071429 0.714286
vt 0.000000 0.714286
vt 0.000000 0.857143
vt 0.071429 0.857143
vt 0.035714 1.000000
vt 0.142857 0.714286
vt 0.142857 0.857143
vt 0.107143 1.000000
vt 0.214286 0.714286
vt 0.214286 0.857143
vt 0.178571 1.000000
vt 0.285714 0.857143
vt 0.250000 1.000000
vt 0.321429 1.000000
s 1
f 1217/265/600 1218/266/600 1219/267/600
f 1217/265/600 1219/267/600 1220/268/600
f 1221/269/601 1222/270/601 1223/271/601
f 1221/269/601 1223/271/601 1224/272/601
f 1225/273/602 1226/274/603 1227/275/604
f 1228/276/605 1229/277/606 1230/278/607
f 1227/275/604 1231/279/608 1225/273/602
f 1231/279/608 1229/277/606 1225/273/602
f 1231/279/608 1227/275/604 1232/280/609
f 1230/278/607 1233/281/610 1228/276/605
f 1229/277/606 1231/279/608 1234/282/611
f 1234/282/611 1230/278/607 1229/277/606
f 1235/283/612 1231/279/608 1232/280/609
f 1235/283/612 1234/282/611 1231/279/608
f 1235/283/612 1232/280/609 1236/284/613
f 1237/285/614 1235/283/612 1236/284/613
f 1234/282/611 1235/283/612 1238/286/615
f 1239/287/616 1238/286/615 1235/283/612
f 1230/278/607 1234/282/611 1240/288/617
f 1238/286/615 1240/288/617 1234/282/611
f 1240/288/617 1238/286/615 1241/289/618
f 1242/290/600 1241/289/618 1238/286/615
f 1243/291/619 1230/278/607 1240/288/617
f 1241/289/618 1243/291/619 1240/288/617
f 1230/278/607 1243/291/619 1244/292/620
f 1233/281/610 1230/278/607 1244/292/620
f 1243/291/619 1241/289/618 1245/293/621
f 1246/294/600 1245/293/621 1241/289/618
f 1247/295/622 1244/292/620 1243/291/619
f 1245/293/621 1247/295/622 1243/291/619
f 1248/296/623 1233/281/610 1244/292/620
f 1244/292/620 1247/295/622 1248/296/623
f 1233/281/610 1248/296/623 1249/297/624
f 1250/298/625 1249/297/624 1248/296/623
f 1247/295/622 1250/298/625 1248/296/623
f 1247/295/622 1245/293/621 1251/299/626
f 1252/300/600 1251/299/626 1245/293/621
f 1253/301/627 1247/295/622 1251/299/626
f 1254/302/600 1253/301/627 1251/299/626
f 1250/298/625 1247/295/622 1255/303/628
f 1253/301/627 1255/303/628 1247/295/622
f 1255/303/628 1256/304/629 1250/298/625
f 1257/305/630 1250/298/625 1256/304/629
f 1258/306/631 1257/305/630 1256/304/629
f 1256/304/629 1259/307/632 1258/306/631
f 1259/307/632 1256/304/629 1260/308/633
f 1256/304/629 1255/303/628 1260/308/633
f 1260/308/633 1261/309/634 1259/307/632
f 1255/303/628 1253/301/627 1262/310/635
f 1255/303/628 1262/310/635 1260/308/633
f 1261/309/634 1260/308/633 1262/310/635
f 1263/311/600 1262/310/635 1253/301/627
f 1264/312/636 1261/309/634 1262/310/635
f 1265/313/637 1266/314/637 1267/315/637
f 1267/315/637 1266/314/637 1268/316/637
f 1269/314/638 1270/271/638 1271/316/638
f 1271/316/638 1270/271/638 1272/268/638
f 1273/271/639 1274/270/639 1275/268/639
f 1275/268/639 1274/270/639 1276/265/639
f 1277/270/640 1278/317/640 1279/265/640
f 1279/265/640 1278/317/640 1280/318/641
f 1281/319/642 1282/320/643 1283/321/644
f 1284/322/600 1283/321/644 1282/320/643
f 1283/321/644 1285/323/645 1281/319/642
f 1286/324/600 1287/325/646 1283/321/644
f 1285/323/645 1283/321/644 1287/325/646
f 1288/326/647 1289/327/648 1287/325/646
f 1287/325/646 1290/328/649 1285/323/645
f 1290/328/649 1287/325/646 1289/327/648
f 1285/323/645 1291/329/650 1281/319/642
f 1282/320/643 1281/319/642 1292/330/651
f 1291/329/650 1292/330/651 1281/319/642
f 1292/330/651 1261/309/634 1282/320/643
f 1293/331/647 1282/320/643 1261/309/634
f 1261/309/634 1292/330/651 1259/307/632
f 1290/328/649 1294/332/652 1285/323/645
f 1291/329/650 1285/323/645 1294/332/652
f 1292/330/651 1291/329/650 1295/333/653
f 1295/333/653 1259/307/632 1292/330/651
f 1296/334/654 1291/329/650 1294/332/652
f 1297/335/655 1295/333/653 1291/329/650
f 1291/329/650 1296/334/654 1297/335/655
f 1259/307/632 1295/333/653 1258/306/631
f 1294/332/652 1290/328/649 1298/336/656
f 1298/336/656 1296/334/654 1294/332/652
f 1290/328/649 1299/337/657 1298/336/656
f 1296/334/654 1298/336/656 1300/338/658
f 1299/337/657 1300/338/658 1298/336/656
f 1301/339/659 1296/334/654 1300/338/658
f 1300/338/658 1299/337/657 1302/340/660
f 1302/340/660 1301/339/659 1300/338/658
f 1303/334/661 1304/339/662 1305/341/663
f 1305/341/663 1306/335/664 1303/334/661
f 1304/339/662 1307/340/665 1308/342/666
f 1309/337/667 1310/343/668 1307/340/665
f 1310/343/668 1308/342/666 1307/340/665
f 1310/343/668 1309/337/667 1311/344/669
f 1308/342/666 1310/343/668 1312/345/670
f 1309/337/667 1313/346/671 1311/344/669
f 1314/347/672 1308/342/666 1312/345/670
f 1313/346/671 1309/337/667 1315/348/673
f 1309/337/667 1316/328/674 1315/348/673
f 1308/342/666 1314/347/672 1317/349/675
f 1314/347/672 1318/350/601 1317/349/675
f 1319/351/676 1308/342/666 1317/349/675
f 1308/342/666 1319/351/676 1304/339/662
f 1317/349/675 1320/352/677 1319/351/676
f 1316/328/674 1321/353/678 1315/348/673
f 1321/353/678 1313/346/671 1315/348/673
f 1321/353/678 1316/328/674 1322/327/679
f 1323/354/680 1321/353/678 1322/327/679
f 1313/346/671 1321/353/678 1324/355/681
f 1325/356/680 1324/355/681 1321/353/678
f 1326/357/682 1304/339/662 1319/351/676
f 1319/351/676 1327/358/677 1326/357/682
f 1304/339/662 1326/357/682 1305/341/663
f 1305/341/663 1326/357/682 1328/359/683
f 1326/357/682 1329/360/601 1328/359/683
f 1330/361/684 1305/341/663 1328/359/683
f 1306/335/664 1305/341/663 1330/361/684
f 1330/361/684 1328/359/683 1331/362/685
f 1328/359/683 1332/363/601 1331/362/685
f 1333/364/686 1306/335/664 1330/361/684
f 1331/362/685 1333/364/686 1330/361/684
f 1306/335/664 1333/364/686 1334/365/687
f 1335/333/688 1306/335/664 1334/365/687
f 1336/366/689 1333/364/686 1331/362/685
f 1331/362/685 1337/367/601 1336/366/689
f 1338/368/690 1334/365/687 1333/364/686
f 1333/364/686 1336/366/689 1338/368/690
f 1334/365/687 1339/306/691 1335/333/688
f 1340/307/632 1335/333/688 1339/306/691
f 1334/365/687 1338/368/690 1341/369/692
f 1339/306/691 1334/365/687 1341/369/692
f 1336/366/689 1342/370/693 1338/368/690
f 1343/304/694 1340/307/632 1339/306/691
f 1341/369/692 1343/304/694 1339/306/691
f 1338/368/690 1344/305/695 1341/369/692
f 1343/304/694 1341/369/692 1344/305/695
f 1344/305/695 1338/368/690 1342/370/693
f 1336/366/689 1345/371/601 1346/372/696
f 1342/370/693 1336/366/689 1346/372/696
f 1342/370/693 1347/373/697 1344/305/695
f 1347/373/697 1343/304/694 1344/305/695
f 1348/374/698 1342/370/693 1346/372/696
f 1346/372/696 1349/375/601 1348/374/698
f 1342/370/693 1348/374/698 1350/376/699
f 1347/373/697 1342/370/693 1350/376/699
f 1348/374/698 1351/377/700 1350/376/699
f 1351/377/700 1347/373/697 1350/376/699
f 1348/374/698 1352/378/701 1353/379/702
f 1351/377/700 1348/374/698 1353/379/702
f 1347/373/697 1351/377/700 1354/297/703
f 1343/304/694 1347/373/697 1355/298/704
f 1354/297/703 1355/298/704 1347/373/697
f 1351/377/700 1356/281/610 1354/297/703
f 1357/303/628 1343/304/694 1355/298/704
f 1353/379/702 1358/380/705 1351/377/700
f 1356/281/610 1351/377/700 1358/380/705
f 1355/298/704 1354/297/703 1359/296/706
f 1356/281/610 1359/296/706 1354/297/703
f 1360/295/622 1355/298/704 1359/296/706
f 1355/298/704 1360/295/622 1357/303/628
f 1359/296/706 1356/281/610 1361/292/620
f 1361/292/620 1360/295/622 1359/296/706
f 1358/380/705 1362/276/605 1356/281/610
f 1356/281/610 1363/278/607 1361/292/620
f 1363/278/607 1356/281/610 1362/276/605
f 1360/295/622 1361/292/620 1364/291/619
f 1363/278/607 1364/291/619 1361/292/620
f 1364/291/619 1363/278/607 1365/288/707
f 1366/293/708 1360/295/622 1364/291/619
f 1363/278/607 1367/282/709 1365/288/707
f 1368/289/710 1364/291/619 1365/288/707
f 1364/291/619 1368/289/710 1366/293/708
f 1367/282/709 1368/289/710 1365/288/707
f 1369/294/711 1366/293/708 1368/289/710
f 1360/295/622 1366/293/708 1370/299/712
f 1371/300/713 1370/299/712 1366/293/708
f 1370/299/712 1357/303/628 1360/295/622
f 1357/303/628 1370/299/712 1372/301/714
f 1373/302/600 1372/301/714 1370/299/712
f 1374/290/600 1368/289/710 1375/286/715
f 1368/289/710 1367/282/709 1375/286/715
f 1357/303/628 1372/301/714 1376/310/716
f 1377/311/713 1376/310/716 1372/301/714
f 1357/303/628 1376/310/716 1378/308/717
f 1343/304/694 1357/303/628 1378/308/717
f 1340/307/632 1343/304/694 1378/308/717
f 1376/310/716 1340/307/632 1378/308/717
f 1340/307/632 1376/310/716 1379/309/718
f 1380/312/636 1379/309/718 1376/310/716
f 1367/282/709 1381/283/719 1375/286/715
f 1382/287/600 1375/286/715 1381/283/719
f 1383/285/614 1381/283/719 1384/284/613
f 1381/283/719 1385/280/720 1384/284/613
f 1381/283/719 1386/279/721 1385/280/720
f 1381/283/719 1367/282/709 1386/279/721
f 1386/279/721 1387/275/722 1385/280/720
f 1388/277/723 1386/279/721 1367/282/709
f 1367/282/709 1363/278/607 1388/277/723
f 1387/275/722 1386/279/721 1389/273/724
f 1386/279/721 1388/277/723 1389/273/724
f 1362/276/605 1388/277/723 1363/278/607
f 1390/381/725 1387/275/722 1389/273/724
f 1387/275/722 1390/381/725 1391/274/726
f 1392/382/727 1389/273/724 1388/277/723
f 1389/273/724 1392/382/727 1390/381/725
f 1388/277/723 1362/276/605 1392/382/727
f 1393/383/728 1391/274/726 1390/381/725
f 1392/382/727 1393/383/728 1390/381/725
f 1391/274/726 1393/383/728 1394/384/729
f 1394/384/729 1393/383/728 1395/385/730
f 1393/383/728 1396/386/731 1395/385/730
f 1396/386/731 1397/387/601 1395/385/730
f 1393/383/728 1392/382/727 1398/388/732
f 1362/276/605 1398/388/732 1392/382/727
f 1393/383/728 1399/389/733 1396/386/731
f 1399/389/733 1393/383/728 1398/388/732
f 1399/389/733 1400/390/734 1396/386/731
f 1398/388/732 1362/276/605 1401/391/735
f 1362/276/605 1358/380/705 1401/391/735
f 1398/388/732 1402/392/736 1399/389/733
f 1402/392/736 1398/388/732 1401/391/735
f 1402/392/736 1403/393/737 1399/389/733
f 1404/394/738 1401/391/735 1358/380/705
f 1401/391/735 1404/394/738 1402/392/736
f 1404/394/738 1405/395/601 1402/392/736
f 1358/380/705 1353/379/702 1404/394/738
f 1353/379/702 1406/396/739 1404/394/738
f 1407/270/740 1408/270/740 1409/271/740
f 1410/314/741 1411/314/741 1412/313/741
f 1413/317/742 1414/317/742 1415/270/742
f 1416/271/743 1417/271/743 1418/314/743
f 1419/269/601 1420/270/601 1421/271/601
f 1419/269/601 1421/271/601 1422/272/601
f 1423/316/744 1424/316/745 1425/315/744
f 1425/315/744 1424/316/745 1426/315/746
f 1427/268/747 1428/268/747 1429/316/747
f 1429/316/747 1428/268/747 1430/316/747
f 1431/265/748 1432/268/748 1433/268/748
f 1432/268/748 1431/265/748 1434/265/749
f 1435/318/750 1436/318/750 1437/265/750
f 1437/265/750 1436/318/750 1438/265/750
f 1439/361/751 1440/359/752 1441/362/685
f 1440/359/752 1442/363/601 1441/362/685
f 1443/368/753 1441/362/685 1444/366/689
f 1441/362/685 1445/367/601 1444/366/689
f 1439/361/751 1446/357/754 1440/359/752
f 1446/357/754 1439/361/751 1447/341/663
f 1446/357/754 1448/360/601 1440/359/752
f 1449/372/755 1443/368/753 1444/366/689
f 1444/366/689 1450/371/701 1449/372/755
f 1443/368/753 1449/372/755 1451/370/756
f 1452/305/695 1443/368/753 1451/370/756
f 1453/374/757 1451/370/756 1449/372/755
f 1449/372/755 1454/375/758 1453/374/757
f 1455/376/759 1452/305/695 1451/370/756
f 1451/370/756 1453/374/757 1455/376/759
f 1452/305/695 1455/376/759 1456/373/697
f 1453/374/757 1457/377/760 1455/376/759
f 1457/377/760 1456/373/697 1455/376/759
f 1453/374/757 1458/378/701 1459/379/761
f 1457/377/760 1453/374/757 1459/379/761
f 1456/373/697 1457/377/760 1460/297/703
f 1460/297/703 1461/298/704 1456/373/697
f 1457/377/760 1462/281/762 1460/297/703
f 1461/298/704 1460/297/703 1463/296/706
f 1462/281/762 1463/296/706 1460/297/703
f 1464/295/763 1461/298/704 1463/296/706
f 1459/379/761 1465/380/764 1457/377/760
f 1462/281/762 1457/377/760 1465/380/764
f 1465/380/764 1459/379/761 1466/394/765
f 1459/379/761 1467/396/601 1466/394/765
f 1465/380/764 1468/276/766 1462/281/762
f 1469/292/767 1464/295/763 1463/296/706
f 1463/296/706 1462/281/762 1469/292/767
f 1462/281/762 1470/278/768 1469/292/767
f 1470/278/768 1462/281/762 1468/276/766
f 1464/295/763 1469/292/767 1471/291/769
f 1470/278/768 1471/291/769 1469/292/767
f 1472/293/708 1464/295/763 1471/291/769
f 1464/295/763 1472/293/708 1473/299/770
f 1474/300/713 1473/299/770 1472/293/708
f 1471/291/769 1470/278/768 1475/288/617
f 1471/291/769 1476/289/771 1472/293/708
f 1476/289/771 1471/291/769 1475/288/617
f 1477/294/711 1472/293/708 1476/289/771
f 1470/278/768 1478/282/709 1475/288/617
f 1478/282/709 1476/289/771 1475/288/617
f 1479/290/711 1476/289/771 1480/286/715
f 1476/289/771 1478/282/709 1480/286/715
f 1478/282/709 1470/278/768 1481/277/772
f 1468/276/766 1481/277/772 1470/278/768
f 1478/282/709 1482/283/773 1480/286/715
f 1483/287/600 1480/286/715 1482/283/773
f 1484/285/614 1482/283/773 1485/284/774
f 1482/283/773 1486/280/720 1485/284/774
f 1482/283/773 1478/282/709 1487/279/721
f 1482/283/773 1487/279/721 1486/280/720
f 1481/277/772 1487/279/721 1478/282/709
f 1487/279/721 1488/275/604 1486/280/720
f 1487/279/721 1481/277/772 1489/273/724
f 1488/275/604 1487/279/721 1489/273/724
f 1490/381/775 1488/275/604 1489/273/724
f 1481/277/772 1490/381/775 1489/273/724
f 1488/275/604 1490/381/775 1491/274/603
f 1490/381/775 1481/277/772 1492/382/776
f 1481/277/772 1468/276/766 1492/382/776
f 1493/383/728 1491/274/603 1490/381/775
f 1492/382/776 1493/383/728 1490/381/775
f 1491/274/603 1493/383/728 1494/384/729
f 1494/384/729 1493/383/728 1495/385/730
f 1493/383/728 1492/382/776 1496/388/777
f 1468/276/766 1496/388/777 1492/382/776
f 1493/383/728 1497/386/778 1495/385/730
f 1496/388/777 1497/386/778 1493/383/728
f 1497/386/778 1498/387/601 1495/385/730
f 1496/388/777 1468/276/766 1499/391/779
f 1468/276/766 1465/380/764 1499/391/779
f 1497/386/778 1496/388/777 1500/389/780
f 1499/391/779 1500/389/780 1496/388/777
f 1500/389/780 1501/390/737 1497/386/778
f 1466/394/765 1499/391/779 1465/380/764
f 1500/389/780 1499/391/779 1502/392/781
f 1499/391/779 1466/394/765 1502/392/781
f 1502/392/781 1503/393/737 1500/389/780
f 1466/394/765 1504/395/737 1502/392/781
f 1505/356/680 1506/355/774 1507/353/782
f 1508/346/671 1507/353/782 1506/355/774
f 1509/354/680 1507/353/782 1510/327/783
f 1507/353/782 1511/328/674 1510/327/783
f 1507/353/782 1508/346/671 1512/348/673
f 1511/328/674 1507/353/782 1512/348/673
f 1508/346/671 1513/337/667 1512/348/673
f 1513/337/667 1511/328/674 1512/348/673
f 1513/337/667 1508/346/671 1514/344/784
f 1515/343/785 1513/337/667 1514/344/784
f 1511/328/674 1513/337/667 1516/336/786
f 1517/332/787 1511/328/674 1516/336/786
f 1513/337/667 1515/343/785 1518/340/665
f 1518/340/665 1516/336/786 1513/337/667
f 1519/338/788 1517/332/787 1516/336/786
f 1516/336/786 1518/340/665 1519/338/788
f 1517/332/787 1519/338/788 1520/334/661
f 1521/339/662 1520/334/661 1519/338/788
f 1518/340/665 1521/339/662 1519/338/788
f 1520/334/661 1521/339/662 1447/341/663
f 1515/343/785 1522/342/666 1518/340/665
f 1521/339/662 1518/340/665 1522/342/666
f 1522/342/666 1515/343/785 1523/345/670
f 1524/347/789 1522/342/666 1523/345/670
f 1525/351/790 1447/341/663 1521/339/662
f 1522/342/666 1525/351/790 1521/339/662
f 1447/341/663 1525/351/790 1446/357/754
f 1525/351/790 1526/358/677 1446/357/754
f 1525/351/790 1522/342/666 1527/349/791
f 1522/342/666 1524/347/789 1527/349/791
f 1527/349/791 1528/352/677 1525/351/790
f 1524/347/789 1529/350/734 1527/349/791
f 1530/319/642 1531/320/643 1532/321/644
f 1533/322/600 1532/321/644 1531/320/643
f 1534/331/792 1531/320/643 1535/309/634
f 1530/319/642 1532/321/644 1536/325/646
f 1537/324/600 1536/325/646 1532/321/644
f 1531/320/643 1530/319/642 1538/330/651
f 1531/320/643 1539/307/632 1535/309/634
f 1538/330/651 1539/307/632 1531/320/643
f 1540/329/650 1538/330/651 1530/319/642
f 1536/325/646 1541/323/645 1530/319/642
f 1541/323/645 1540/329/650 1530/319/642
f 1536/325/646 1542/328/674 1541/323/645
f 1538/330/651 1540/329/650 1543/333/653
f 1543/333/653 1539/307/632 1538/330/651
f 1540/329/650 1541/323/645 1544/332/652
f 1542/328/674 1544/332/652 1541/323/645
f 1545/334/654 1540/329/650 1544/332/652
f 1542/328/674 1536/325/646 1546/327/648
f 1547/326/647 1546/327/648 1536/325/646
f 1544/332/652 1542/328/674 1548/336/793
f 1548/336/793 1545/334/654 1544/332/652
f 1542/328/674 1549/337/657 1548/336/793
f 1546/327/648 1550/348/673 1542/328/674
f 1549/337/657 1542/328/674 1550/348/673
f 1550/348/673 1546/327/648 1551/353/794
f 1552/354/600 1551/353/794 1546/327/648
f 1553/355/795 1550/348/673 1551/353/794
f 1554/356/600 1553/355/795 1551/353/794
f 1555/346/671 1550/348/673 1553/355/795
f 1555/346/671 1549/337/657 1550/348/673
f 1549/337/657 1555/346/671 1556/344/784
f 1557/343/668 1549/337/657 1556/344/784
f 1549/337/657 1557/343/668 1558/340/796
f 1558/340/796 1548/336/793 1549/337/657
f 1548/336/793 1558/340/796 1559/338/797
f 1545/334/654 1548/336/793 1559/338/797
f 1557/343/668 1560/342/666 1558/340/796
f 1560/342/666 1557/343/668 1561/345/670
f 1558/340/796 1562/339/662 1559/338/797
f 1562/339/662 1545/334/654 1559/338/797
f 1562/339/662 1558/340/796 1560/342/666
f 1563/347/798 1560/342/666 1561/345/670
f 1560/342/666 1563/347/798 1564/349/799
f 1563/347/798 1565/350/601 1564/349/799
f 1566/351/800 1560/342/666 1564/349/799
f 1560/342/666 1566/351/800 1562/339/662
f 1564/349/799 1567/352/801 1566/351/800
f 1568/357/802 1562/339/662 1566/351/800
f 1566/351/800 1569/358/601 1568/357/802
f 1562/339/662 1568/357/802 1570/341/803
f 1545/334/654 1562/339/662 1570/341/803
f 1570/341/803 1568/357/802 1571/359/804
f 1568/357/802 1572/360/601 1571/359/804
f 1570/341/803 1573/335/655 1545/334/654
f 1540/329/650 1545/334/654 1573/335/655
f 1574/361/805 1570/341/803 1571/359/804
f 1573/335/655 1570/341/803 1574/361/805
f 1573/335/655 1543/333/653 1540/329/650
f 1574/361/805 1571/359/804 1575/362/806
f 1571/359/804 1576/363/601 1575/362/806
f 1577/364/686 1573/335/655 1574/361/805
f 1575/362/806 1577/364/686 1574/361/805
f 1543/333/653 1573/335/655 1578/365/807
f 1573/335/655 1577/364/686 1578/365/807
f 1579/366/808 1577/364/686 1575/362/806
f 1575/362/806 1580/367/809 1579/366/808
f 1581/368/753 1578/365/807 1577/364/686
f 1577/364/686 1579/366/808 1581/368/753
f 1582/369/810 1543/333/653 1578/365/807
f 1578/365/807 1581/368/753 1582/369/810
f 1543/333/653 1582/369/810 1583/306/811
f 1539/307/632 1543/333/653 1583/306/811
f 1582/369/810 1584/304/629 1583/306/811
f 1584/304/629 1539/307/632 1583/306/811
f 1581/368/753 1585/305/630 1582/369/810
f 1584/304/629 1582/369/810 1585/305/630
f 1579/366/808 1586/370/812 1581/368/753
f 1585/305/630 1581/368/753 1586/370/812
f 1586/370/812 1579/366/808 1587/372/813
f 1579/366/808 1588/371/758 1587/372/813
f 1589/376/759 1585/305/630 1586/370/812
f 1587/372/813 1589/376/759 1586/370/812
f 1587/372/813 1590/375/601 1591/374/814
f 1589/376/759 1587/372/813 1591/374/814
f 1589/376/759 1591/374/814 1592/379/815
f 1591/374/814 1593/378/701 1592/379/815
f 1585/305/630 1589/376/759 1594/373/816
f 1594/373/816 1584/304/629 1585/305/630
f 1595/377/700 1589/376/759 1592/379/815
f 1595/377/700 1594/373/816 1589/376/759
f 1592/379/815 1596/396/601 1597/394/817
f 1592/379/815 1598/380/764 1595/377/700
f 1598/380/764 1592/379/815 1597/394/817
f 1594/373/816 1595/377/700 1599/297/624
f 1584/304/629 1594/373/816 1600/298/818
f 1599/297/624 1600/298/818 1594/373/816
f 1595/377/700 1601/281/610 1599/297/624
f 1601/281/610 1595/377/700 1598/380/764
f 1600/298/818 1599/297/624 1602/296/623
f 1601/281/610 1602/296/623 1599/297/624
f 1603/303/628 1584/304/629 1600/298/818
f 1604/392/781 1598/380/764 1597/394/817
f 1597/394/817 1605/395/601 1604/392/781
f 1598/380/764 1604/392/781 1606/391/819
f 1607/295/622 1600/298/818 1602/296/623
f 1600/298/818 1607/295/622 1603/303/628
f 1608/276/605 1598/380/764 1606/391/819
f 1598/380/764 1608/276/605 1601/281/610
f 1604/392/781 1609/388/777 1606/391/819
f 1609/388/777 1608/276/605 1606/391/819
f 1604/392/781 1610/393/601 1611/389/820
f 1609/388/777 1604/392/781 1611/389/820
f 1602/296/623 1601/281/610 1612/292/620
f 1608/276/605 1612/292/620 1601/281/610
f 1612/292/620 1607/295/622 1602/296/623
f 1613/386/821 1609/388/777 1611/389/820
f 1611/389/820 1614/390/601 1613/386/821
f 1609/388/777 1613/386/821 1615/383/822
f 1613/386/821 1616/387/601 1617/385/730
f 1615/383/822 1613/386/821 1617/385/730
f 1618/384/729 1615/383/822 1617/385/730
f 1619/274/603 1615/383/822 1618/384/729
f 1615/383/822 1619/274/603 1620/381/823
f 1615/383/822 1621/382/727 1609/388/777
f 1621/382/727 1615/383/822 1620/381/823
f 1608/276/605 1609/388/777 1621/382/727
f 1619/274/603 1622/273/824 1620/381/823
f 1622/273/824 1621/382/727 1620/381/823
f 1622/273/824 1619/274/603 1623/275/604
f 1624/277/606 1608/276/605 1621/382/727
f 1621/382/727 1622/273/824 1624/277/606
f 1623/275/604 1625/279/825 1622/273/824
f 1625/279/825 1624/277/606 1622/273/824
f 1625/279/825 1623/275/604 1626/280/720
f 1627/284/613 1625/279/825 1626/280/720
f 1625/279/825 1627/284/613 1628/283/612
f 1629/285/614 1628/283/612 1627/284/613
f 1625/279/825 1628/283/612 1630/286/615
f 1631/287/600 1630/286/615 1628/283/612
f 1624/277/606 1625/279/825 1632/282/709
f 1630/286/615 1632/282/709 1625/279/825
f 1608/276/605 1624/277/606 1633/278/607
f 1632/282/709 1633/278/607 1624/277/606
f 1612/292/620 1608/276/605 1633/278/607
f 1630/286/615 1634/288/617 1632/282/709
f 1633/278/607 1632/282/709 1634/288/617
f 1634/288/617 1630/286/615 1635/289/618
f 1636/290/600 1635/289/618 1630/286/615
f 1637/291/769 1633/278/607 1634/288/617
f 1633/278/607 1637/291/769 1612/292/620
f 1638/293/621 1634/288/617 1635/289/618
f 1634/288/617 1638/293/621 1637/291/769
f 1639/294/600 1638/293/621 1635/289/618
f 1607/295/622 1612/292/620 1637/291/769
f 1638/293/621 1607/295/622 1637/291/769
f 1607/295/622 1638/293/621 1640/299/626
f 1641/300/600 1640/299/626 1638/293/621
f 1642/301/826 1607/295/622 1640/299/626
f 1643/302/600 1642/301/826 1640/299/626
f 1642/301/826 1603/303/628 1607/295/622
f 1642/301/826 1644/308/633 1603/303/628
f 1584/304/629 1603/303/628 1644/308/633
f 1539/307/632 1584/304/629 1644/308/633
f 1644/308/633 1642/301/826 1645/310/635
f 1645/310/635 1539/307/632 1644/308/633
f 1646/311/600 1645/310/635 1642/301/826
f 1539/307/632 1645/310/635 1535/309/634
f 1647/312/600 1535/309/634 1645/310/635
f 1648/270/827 1649/270/827 1650/271/827
f 1651/314/828 1652/314/828 1653/313/828
f 1654/317/829 1655/317/829 1656/270/829
f 1657/271/830 1658/271/830 1659/314/830
f 1660/266/831 1661/266/831 1662/267/831
f 1662/267/831 1661/266/831 1663/267/831
f 1664/267/832 1665/267/832 1666/268/832
f 1666/268/832 1665/267/832 1667/268/832
f 1668/268/833 1669/268/833 1670/265/833
f 1670/265/833 1669/268/833 1671/265/833
f 1672/265/834 1673/265/834 1674/266/834
f 1674/266/834 1673/265/834 1675/266/834
f 1676/266/831 1677/267/831 1678/266/831
f 1677/267/831 1676/266/831 1679/267/831
f 1680/267/832 1681/268/832 1682/267/832
f 1681/268/832 1680/267/832 1683/268/832
f 1684/268/833 1685/265/833 1686/268/833
f 1685/265/833 1684/268/833 1687/265/833
f 1688/265/834 1689/266/834 1690/265/834
f 1689/266/834 1688/265/834 1691/266/834
f 1692/319/835 1693/320/836 1694/321/837
f 1695/322/600 1694/321/837 1693/320/836
f 1693/320/836 1692/319/835 1696/330/838
f 1697/331/600 1693/320/836 1698/309/839
f 1699/329/840 1696/330/838 1692/319/835
f 1694/321/837 1700/323/841 1692/319/835
f 1700/323/841 1699/329/840 1692/319/835
f 1700/323/841 1694/321/837 1701/325/646
f 1702/324/600 1701/325/646 1694/321/837
f 1693/320/836 1703/307/632 1698/309/839
f 1696/330/838 1703/307/632 1693/320/836
f 1704/312/792 1698/309/839 1705/310/842
f 1703/307/632 1705/310/842 1698/309/839
f 1706/326/680 1510/327/783 1701/325/646
f 1707/333/688 1703/307/632 1696/330/838
f 1696/330/838 1699/329/840 1707/333/688
f 1705/310/842 1703/307/632 1708/308/843
f 1511/328/674 1701/325/646 1510/327/783
f 1701/325/646 1511/328/674 1700/323/841
f 1699/329/840 1700/323/841 1517/332/787
f 1511/328/674 1517/332/787 1700/323/841
f 1703/307/632 1709/304/694 1708/308/843
f 1710/303/628 1705/310/842 1708/308/843
f 1709/304/694 1710/303/628 1708/308/843
f 1711/311/713 1705/310/842 1712/301/844
f 1710/303/628 1712/301/844 1705/310/842
f 1710/303/628 1473/299/770 1712/301/844
f 1713/302/713 1712/301/844 1473/299/770
f 1473/299/770 1710/303/628 1464/295/763
f 1709/304/694 1703/307/632 1714/306/691
f 1703/307/632 1707/333/688 1714/306/691
f 1710/303/628 1709/304/694 1461/298/704
f 1461/298/704 1464/295/763 1710/303/628
f 1714/306/691 1452/305/695 1709/304/694
f 1709/304/694 1456/373/697 1461/298/704
f 1456/373/697 1709/304/694 1452/305/695
f 1707/333/688 1715/369/692 1714/306/691
f 1452/305/695 1714/306/691 1715/369/692
f 1715/369/692 1707/333/688 1716/365/687
f 1443/368/753 1452/305/695 1715/369/692
f 1716/365/687 1443/368/753 1715/369/692
f 1707/333/688 1717/335/664 1716/365/687
f 1717/335/664 1707/333/688 1699/329/840
f 1443/368/753 1716/365/687 1718/364/845
f 1717/335/664 1718/364/845 1716/365/687
f 1699/329/840 1520/334/661 1717/335/664
f 1520/334/661 1699/329/840 1517/332/787
f 1718/364/845 1717/335/664 1439/361/751
f 1447/341/663 1717/335/664 1520/334/661
f 1717/335/664 1447/341/663 1439/361/751
f 1441/362/685 1718/364/845 1439/361/751
f 1441/362/685 1443/368/753 1718/364/845
f 1719/313/846 1720/314/846 1721/315/846
f 1721/315/846 1720/314/846 1722/316/846
f 1723/314/847 1724/271/847 1725/316/847
f 1725/316/847 1724/271/847 1726/268/847
f 1727/271/848 1728/265/848 1729/268/848
f 1728/265/848 1727/271/848 1730/270/848
f 1731/270/849 1732/317/849 1733/265/849
f 1733/265/849 1732/317/849 1734/318/849
f 1735/265/600 1736/266/600 1737/267/600
f 1735/265/600 1737/267/600 1738/268/600
f 1739/319/835 1740/320/850 1741/321/851
f 1742/322/600 1741/321/851 1740/320/850
f 1743/331/600 1740/320/850 1379/309/718
f 1739/319/835 1741/321/851 1744/325/852
f 1745/324/600 1744/325/852 1741/321/851
f 1740/320/850 1739/319/835 1746/330/651
f 1740/320/850 1340/307/632 1379/309/718
f 1746/330/651 1340/307/632 1740/320/850
f 1747/329/840 1746/330/651 1739/319/835
f 1744/325/852 1748/323/841 1739/319/835
f 1748/323/841 1747/329/840 1739/319/835
f 1749/326/680 1322/327/679 1744/325/852
f 1744/325/852 1316/328/674 1748/323/841
f 1316/328/674 1744/325/852 1322/327/679
f 1747/329/840 1748/323/841 1750/332/787
f 1316/328/674 1750/332/787 1748/323/841
f 1746/330/651 1747/329/840 1335/333/688
f 1335/333/688 1340/307/632 1746/330/651
f 1303/334/661 1747/329/840 1750/332/787
f 1306/335/664 1335/333/688 1747/329/840
f 1747/329/840 1303/334/661 1306/335/664
f 1750/332/787 1316/328/674 1751/336/786
f 1751/336/786 1303/334/661 1750/332/787
f 1303/334/661 1751/336/786 1752/338/788
f 1316/328/674 1309/337/667 1751/336/786
f 1304/339/662 1303/334/661 1752/338/788
f 1751/336/786 1307/340/665 1752/338/788
f 1307/340/665 1304/339/662 1752/338/788
f 1307/340/665 1751/336/786 1309/337/667
f 1753/315/745 1754/316/745 1755/316/745
f 1753/315/745 1755/316/745 1756/315/745
f 1757/316/853 1758/268/853 1759/268/853
f 1757/316/853 1759/268/853 1760/316/853
f 1761/268/854 1762/265/749 1763/265/854
f 1761/268/854 1763/265/854 1764/268/854
f 1765/265/855 1766/318/856 1767/318/855
f 1765/265/855 1767/318/855 1768/265/855
f 1299/337/657 1769/343/668 1302/340/660
f 1770/345/670 1302/340/660 1769/343/668
f 1769/343/668 1299/337/657 1771/344/784
f 1302/340/660 1770/345/670 1772/342/666
f 1301/339/659 1302/340/660 1772/342/666
f 1773/347/857 1772/342/666 1770/345/670
f 1774/348/673 1771/344/784 1299/337/657
f 1299/337/657 1290/328/649 1774/348/673
f 1771/344/784 1774/348/673 1775/346/858
f 1772/342/666 1773/347/857 1776/349/799
f 1773/347/857 1777/350/734 1776/349/799
f 1778/351/800 1772/342/666 1776/349/799
f 1772/342/666 1778/351/800 1301/339/659
f 1776/349/799 1779/352/734 1778/351/800
f 1780/353/794 1775/346/858 1774/348/673
f 1290/328/649 1780/353/794 1774/348/673
f 1775/346/858 1780/353/794 1781/355/795
f 1782/356/600 1781/355/795 1780/353/794
f 1780/353/794 1290/328/649 1289/327/648
f 1783/354/600 1780/353/794 1289/327/648
f 1784/357/802 1301/339/659 1778/351/800
f 1778/351/800 1785/358/677 1784/357/802
f 1301/339/659 1784/357/802 1786/341/803
f 1296/334/654 1301/339/659 1786/341/803
f 1786/341/803 1297/335/655 1296/334/654
f 1786/341/803 1784/357/802 1787/359/804
f 1784/357/802 1788/360/601 1787/359/804
f 1297/335/655 1786/341/803 1789/361/805
f 1789/361/805 1786/341/803 1787/359/804
f 1789/361/805 1787/359/804 1790/362/806
f 1787/359/804 1791/363/601 1790/362/806
f 1792/364/686 1297/335/655 1789/361/805
f 1790/362/806 1792/364/686 1789/361/805
f 1297/335/655 1792/364/686 1793/365/807
f 1295/333/653 1297/335/655 1793/365/807
f 1790/362/806 1794/368/690 1792/364/686
f 1794/368/690 1793/365/807 1792/364/686
f 1793/365/807 1258/306/631 1295/333/653
f 1258/306/631 1793/365/807 1795/369/859
f 1793/365/807 1794/368/690 1795/369/859
f 1257/305/630 1258/306/631 1795/369/859
f 1794/368/690 1257/305/630 1795/369/859
f 1794/368/690 1790/362/806 1796/366/808
f 1790/362/806 1797/367/758 1796/366/808
f 1796/366/808 1798/370/812 1794/368/690
f 1257/305/630 1794/368/690 1798/370/812
f 1798/370/812 1796/366/808 1799/372/813
f 1796/366/808 1800/371/758 1799/372/813
f 1799/372/813 1801/376/759 1798/370/812
f 1801/376/759 1257/305/630 1798/370/812
f 1801/376/759 1799/372/813 1802/374/814
f 1799/372/813 1803/375/758 1802/374/814
f 1257/305/630 1801/376/759 1804/373/860
f 1802/374/814 1805/377/861 1801/376/759
f 1805/377/861 1804/373/860 1801/376/759
f 1802/374/814 1806/378/601 1807/379/815
f 1805/377/861 1802/374/814 1807/379/815
f 1250/298/625 1257/305/630 1804/373/860
f 1808/394/817 1805/377/861 1807/379/815
f 1807/379/815 1809/396/739 1808/394/817
f 1804/373/860 1805/377/861 1249/297/624
f 1249/297/624 1250/298/625 1804/373/860
f 1805/377/861 1233/281/610 1249/297/624
f 1808/394/817 1810/380/705 1805/377/861
f 1233/281/610 1805/377/861 1810/380/705
f 1811/392/862 1810/380/705 1808/394/817
f 1808/394/817 1812/395/601 1811/392/862
f 1810/380/705 1811/392/862 1813/391/735
f 1228/276/605 1810/380/705 1813/391/735
f 1810/380/705 1228/276/605 1233/281/610
f 1811/392/862 1814/388/863 1813/391/735
f 1814/388/863 1228/276/605 1813/391/735
f 1811/392/862 1815/393/601 1816/389/820
f 1814/388/863 1811/392/862 1816/389/820
f 1817/386/821 1814/388/863 1816/389/820
f 1816/389/820 1818/390/734 1817/386/821
f 1817/386/821 1819/387/734 1820/385/730
f 1821/384/729 1817/386/821 1820/385/730
f 1817/386/821 1821/384/729 1822/383/864
f 1814/388/863 1817/386/821 1822/383/864
f 1226/274/603 1822/383/864 1821/384/729
f 1822/383/864 1823/382/727 1814/388/863
f 1228/276/605 1814/388/863 1823/382/727
f 1822/383/864 1226/274/603 1824/381/865
f 1823/382/727 1822/383/864 1824/381/865
f 1229/277/606 1228/276/605 1823/382/727
f 1824/381/865 1229/277/606 1823/382/727
f 1226/274/603 1225/273/602 1824/381/865
f 1229/277/606 1824/381/865 1225/273/602
