# Blender 5.0.0
# www.blender.org
mtllib voidpistols_body1att1.mtl
o voidpistols_body1
v 0.801811 0.127076 0.025716
v 0.765112 0.166047 0.025075
v 0.801169 0.136933 0.062499
v 0.802453 0.136933 -0.011067
v 0.764810 0.170684 0.042376
v 0.765414 0.170684 0.007775
v 0.764589 0.183351 0.055041
v 0.765635 0.183351 -0.004890
v 0.800699 0.163865 0.089427
v 0.802923 0.163865 -0.037995
v 0.764508 0.200654 0.059677
v 0.765716 0.200654 -0.009526
v 0.800527 0.200654 0.099283
v 0.803095 0.200654 -0.047851
v 0.800699 0.237443 0.089427
v 0.802923 0.237443 -0.037995
v 0.764589 0.217957 0.055041
v 0.765635 0.217957 -0.004890
v 0.801169 0.264375 0.062499
v 0.802453 0.264375 -0.011067
v 0.764810 0.230624 0.042376
v 0.765414 0.230624 0.007775
v 0.801811 0.274232 0.025716
v 0.765112 0.235260 0.025075
v 0.801169 0.136933 0.062499
v 0.764168 0.106906 0.079192
v 0.763476 0.146529 0.118810
v 0.800699 0.163865 0.089427
v 0.802453 0.136933 -0.011067
v 0.766057 0.106906 -0.029041
v 0.766748 0.146529 -0.068658
v 0.800699 0.237443 0.089427
v 0.802923 0.163865 -0.037995
v 0.763476 0.254779 0.118810
v 0.764168 0.294401 0.079192
v 0.801169 0.264375 0.062499
v 0.802923 0.237443 -0.037995
v 0.766748 0.254779 -0.068658
v 0.766057 0.294401 -0.029041
v 0.802453 0.264375 -0.011067
v 0.654762 0.080600 0.023149
v 0.613499 0.132740 0.061645
v 0.653714 0.096685 0.083167
v 0.652948 0.140627 0.127103
v 0.614183 0.122234 0.022441
v 0.612998 0.161444 0.090345
v 0.614868 0.132740 -0.016763
v 0.652667 0.200654 0.143184
v 0.655810 0.096685 -0.036869
v 0.612815 0.200654 0.100849
v 0.656577 0.140627 -0.080804
v 0.612998 0.239864 0.090345
v 0.615368 0.161444 -0.045463
v 0.652948 0.260681 0.127103
v 0.656857 0.200654 -0.096886
v 0.653714 0.304623 0.083167
v 0.615552 0.200654 -0.055967
v 0.613499 0.268568 0.061645
v 0.615368 0.239864 -0.045463
v 0.654762 0.320707 0.023149
v 0.656577 0.260681 -0.080804
v 0.614183 0.279074 0.022441
v 0.655810 0.304623 -0.036869
v 0.614868 0.268568 -0.016763
v 0.653714 0.096685 0.083167
v 0.612790 0.062372 0.102266
v 0.652948 0.140627 0.127103
v 0.655810 0.096685 -0.036869
v 0.611770 0.120817 0.160702
v 0.615577 0.062372 -0.057384
v 0.656577 0.140627 -0.080804
v 0.616597 0.120817 -0.115820
v 0.652948 0.260681 0.127103
v 0.611770 0.280491 0.160702
v 0.653714 0.304623 0.083167
v 0.656577 0.260681 -0.080804
v 0.612790 0.338936 0.102266
v 0.616597 0.280491 -0.115820
v 0.655810 0.304623 -0.036869
v 0.615577 0.338936 -0.057384
v 0.307594 -0.087189 0.017089
v 0.327886 -0.018300 0.105942
v 0.347416 -0.075030 0.133425
v 0.291626 -0.025551 0.016811
v 0.381064 0.026121 0.170908
v 0.330974 -0.018300 -0.071000
v 0.414003 -0.014430 0.218872
v 0.351451 -0.075030 -0.097785
v 0.386387 0.026121 -0.134072
v 0.420980 -0.014430 -0.180856
v 0.442225 0.191589 0.171900
v 0.493954 0.202071 0.220307
v 0.485913 0.299439 0.136002
v 0.447545 0.191589 -0.132928
v 0.500932 0.202071 -0.179500
v 0.489954 0.299439 -0.095527
v 0.424268 0.101631 0.306472
v 0.434296 0.101631 -0.268044
v 0.477917 0.082210 0.251066
v 0.485979 0.082210 -0.210800
v 0.493954 0.202071 0.220307
v 0.500932 0.202071 -0.179500
v 0.439763 0.252736 0.268137
v 0.448444 0.252736 -0.229192
v 0.485913 0.299439 0.136002
v 0.489954 0.299439 -0.095527
v 0.434614 0.373002 0.162940
v 0.439627 0.373002 -0.124239
v 0.467112 0.343695 0.019874
v 0.421639 0.424420 0.019080
v 0.140741 -0.114403 0.071271
v 0.146229 -0.160634 0.024900
v 0.193962 -0.107534 0.025734
v 0.187963 -0.095263 0.038895
v 0.203572 -0.087756 0.025901
v 0.142363 -0.114403 -0.021632
v 0.146229 -0.160634 0.024900
v 0.193962 -0.107534 0.025734
v 0.188426 -0.095263 0.012372
v 0.203572 -0.087756 0.025901
v -0.202209 -0.124481 0.008191
v -0.237613 -0.081610 -0.048410
v -0.188680 -0.050993 0.008427
v -0.204289 -0.031601 -0.017109
v -0.174257 0.007617 0.008679
v -0.202209 -0.124481 0.008191
v -0.239567 -0.081610 0.063521
v -0.188680 -0.050993 0.008427
v -0.205171 -0.031601 0.033403
v -0.174257 0.007617 0.008679
v -0.467013 0.072628 0.014196
v -0.544183 0.141609 0.111116
v -0.449526 0.142519 0.014501
v -0.501554 0.189024 0.079843
v -0.476111 0.216397 0.014037
v -0.467013 0.072628 0.014196
v -0.540753 0.141609 -0.085356
v -0.449526 0.142519 0.014501
v -0.499241 0.189024 -0.052614
v -0.476111 0.216397 0.014037
v -0.432793 -0.311555 0.004166
v -0.509338 -0.389028 -0.107466
v -0.406714 -0.383201 0.004621
v -0.461206 -0.438354 -0.074850
v -0.407125 -0.462633 0.004614
v -0.422682 -0.478378 -0.018074
v -0.408916 -0.492722 0.004583
v -0.432793 -0.311555 0.004166
v -0.513187 -0.389028 0.113059
v -0.406714 -0.383201 0.004621
v -0.463947 -0.438354 0.082143
v -0.407125 -0.462633 0.004614
v -0.423464 -0.478378 0.026745
v -0.408916 -0.492722 0.004583
v 0.764168 0.294401 0.079192
v 0.801169 0.264375 0.062499
v 0.765112 0.308904 0.025075
v 0.801811 0.274232 0.025716
v 0.766057 0.294401 -0.029041
v 0.802453 0.264375 -0.011067
v 0.653714 0.304623 0.083167
v 0.612790 0.338936 0.102266
v 0.614183 0.360329 0.022441
v 0.655810 0.304623 -0.036869
v 0.654762 0.320707 0.023149
v 0.615577 0.338936 -0.057384
v -0.617924 0.210589 0.011562
v -0.544183 0.141609 0.111116
v -0.551269 0.235530 0.012725
v -0.501554 0.189024 0.079843
v -0.476111 0.216397 0.014037
v -0.617924 0.210589 0.011562
v -0.540753 0.141609 -0.085356
v -0.551269 0.235530 0.012725
v -0.499241 0.189024 -0.052614
v -0.476111 0.216397 0.014037
v -0.367067 0.337055 0.005313
v -0.396578 0.261950 -0.076628
v -0.436558 0.345429 0.004100
v -0.469663 0.298101 -0.054568
v -0.513941 0.340760 0.002749
v -0.529018 0.319761 -0.023728
v -0.576561 0.340697 0.001656
v -0.367067 0.337055 0.005313
v -0.399419 0.261950 0.086175
v -0.436558 0.345429 0.004100
v -0.471690 0.298101 0.061577
v -0.513941 0.340760 0.002749
v -0.529933 0.319761 0.028684
v -0.576561 0.340697 0.001656
v 0.203572 -0.087756 0.025901
v 0.182386 -0.083073 0.025531
v 0.187963 -0.095263 0.038895
v 0.135322 -0.067650 0.024710
v 0.140741 -0.114403 0.071271
v 0.078873 -0.122710 0.088994
v 0.045275 -0.055012 0.023138
v 0.021788 -0.125320 0.096677
v 0.024369 -0.125320 -0.051175
v 0.045275 -0.055012 0.023138
v 0.081151 -0.122710 -0.041505
v 0.135322 -0.067650 0.024710
v 0.142363 -0.114403 -0.021632
v 0.188426 -0.095263 0.012372
v 0.182386 -0.083073 0.025531
v 0.203572 -0.087756 0.025901
v 0.434614 0.373002 0.162940
v 0.379112 0.340254 0.133625
v 0.421639 0.424420 0.019080
v 0.439627 0.373002 -0.124239
v 0.360269 0.385719 0.018009
v 0.383135 0.340254 -0.096879
v 0.240732 -0.033684 0.131103
v 0.291626 -0.025551 0.016811
v 0.200364 -0.046472 0.015218
v 0.244752 -0.033684 -0.099188
v 0.327886 -0.018300 0.105942
v 0.330974 -0.018300 -0.071000
v 0.309785 0.024490 0.216855
v 0.316755 0.024490 -0.182477
v 0.381064 0.026121 0.170908
v 0.386387 0.026121 -0.134072
v -0.579813 -0.144670 0.001600
v -0.665100 -0.230992 -0.122782
v -0.647968 -0.132604 0.000410
v -0.705468 -0.190801 -0.083446
v -0.729813 -0.167600 -0.001019
v 0.572558 0.304623 0.081750
v 0.574653 0.304623 -0.038285
v 0.612790 0.338936 0.102266
v 0.615577 0.338936 -0.057384
v 0.614183 0.360329 0.022441
v 0.573605 0.320707 0.021733
v -0.579813 -0.144670 0.001600
v -0.669389 -0.230992 0.122929
v -0.647968 -0.132604 0.000410
v -0.708359 -0.190801 0.082209
v -0.729813 -0.167600 -0.001019
v 0.764168 0.294401 0.079192
v 0.766057 0.294401 -0.029041
v 0.727773 0.264375 0.061218
v 0.729057 0.264375 -0.012349
v 0.765112 0.308904 0.025075
v 0.728415 0.274232 0.024435
v 0.763476 0.146529 0.118810
v 0.800699 0.163865 0.089427
v 0.763223 0.200654 0.133309
v 0.800527 0.200654 0.099283
v 0.800699 0.237443 0.089427
v 0.763476 0.254779 0.118810
v -0.558500 -0.343378 0.126934
v -0.589731 -0.466501 0.001426
v -0.513187 -0.389028 0.113059
v -0.645223 -0.431153 0.000458
v -0.620905 -0.280373 0.138348
v -0.716304 -0.376930 -0.000783
v -0.754676 -0.317314 -0.001453
v -0.669389 -0.230992 0.122929
v 0.652948 0.140627 0.127103
v 0.611770 0.120817 0.160702
v 0.611396 0.200654 0.182092
v 0.652667 0.200654 0.143184
v 0.652948 0.260681 0.127103
v 0.611770 0.280491 0.160702
v -0.775613 0.017074 0.008810
v -0.661852 0.009020 0.110716
v -0.736834 0.079163 0.009486
v -0.709432 -0.044836 0.098158
v -0.596075 0.083351 0.121861
v -0.807738 -0.058956 0.008249
v -0.678560 0.160511 0.010504
v -0.760620 -0.103029 0.071856
v -0.617924 0.210589 0.011562
v -0.544183 0.141609 0.111116
v 0.386387 0.026121 -0.134072
v 0.420980 -0.014430 -0.180856
v 0.485979 0.082210 -0.210800
v 0.432173 0.101763 -0.156873
v 0.447545 0.191589 -0.132928
v 0.500932 0.202071 -0.179500
v 0.489954 0.299439 -0.095527
v 0.436479 0.267131 -0.069052
v 0.340236 -0.016549 0.266403
v 0.414003 -0.014430 0.218872
v 0.424268 0.101631 0.306472
v 0.477917 0.082210 0.251066
v -0.406713 -0.178537 0.004621
v -0.290585 -0.141255 0.085122
v -0.352592 -0.094718 0.005566
v -0.274674 -0.038970 0.006926
v -0.346648 -0.224435 0.081959
v -0.239567 -0.081610 0.063521
v -0.205171 -0.031601 0.033403
v -0.221019 -0.012021 0.007862
v -0.174257 0.007617 0.008679
v 0.065696 -0.183934 0.023495
v 0.021788 -0.125320 0.096677
v 0.000258 -0.196473 0.022352
v -0.053730 -0.105099 0.102758
v 0.140741 -0.114403 0.071271
v -0.085767 -0.180713 0.020851
v 0.146229 -0.160634 0.024900
v -0.149802 -0.118745 0.019733
v 0.193962 -0.107534 0.025734
v 0.187963 -0.095263 0.038895
v -0.112319 -0.058018 0.093112
v -0.301634 0.226143 0.085615
v -0.367067 0.337055 0.005313
v -0.399419 0.261950 0.086175
v -0.269482 0.298691 0.007016
v -0.239476 0.217287 0.073406
v -0.217878 0.279909 0.007917
v -0.178964 0.250620 0.008596
v -0.191856 0.213628 0.047396
v -0.140079 0.218058 0.009275
v -0.331192 0.152858 0.005939
v -0.399419 0.261950 0.086175
v -0.429087 0.186512 0.004231
v -0.504636 0.251130 0.002912
v -0.301634 0.226143 0.085615
v -0.471690 0.298101 0.061577
v -0.529933 0.319761 0.028684
v -0.545139 0.298474 0.002205
v -0.576561 0.340697 0.001656
v 0.045275 -0.055012 0.023138
v 0.021788 -0.125320 0.096677
v -0.016560 -0.031620 0.022059
v -0.053730 -0.105099 0.102758
v -0.112319 -0.058018 0.093112
v -0.064936 -0.002875 0.021214
v -0.133635 -0.005754 0.069045
v -0.095380 0.026390 0.020683
v -0.142998 0.058580 0.019852
v -0.346648 -0.224435 0.081959
v -0.226114 -0.187568 0.007773
v -0.290585 -0.141255 0.085122
v -0.202209 -0.124481 0.008191
v -0.284569 -0.270007 0.006753
v -0.239567 -0.081610 0.063521
v -0.369030 -0.280332 0.068757
v -0.314073 -0.313949 0.006238
v -0.350471 -0.343588 0.005603
v -0.382906 -0.323606 0.042646
v -0.389924 -0.372443 0.004914
v 0.309785 0.024490 0.216855
v 0.424268 0.101631 0.306472
v 0.373555 0.120751 0.248459
v 0.439763 0.252736 0.268137
v 0.389492 0.240247 0.218332
v 0.434614 0.373002 0.162940
v 0.379112 0.340254 0.133625
v 0.316755 0.024490 -0.182477
v 0.386387 0.026121 -0.134072
v 0.381590 0.120751 -0.211837
v 0.432173 0.101763 -0.156873
v -0.709432 -0.044836 0.098158
v -0.640172 -0.106746 0.011174
v -0.661852 0.009020 0.110716
v -0.583382 -0.061122 0.012165
v -0.711315 -0.147103 0.009932
v -0.596075 0.083351 0.121861
v -0.760620 -0.103029 0.071856
v -0.509755 0.006191 0.013450
v -0.467013 0.072628 0.014196
v -0.544183 0.141609 0.111116
v 0.571791 0.140627 0.125686
v 0.611770 0.120817 0.160702
v 0.611396 0.200654 0.182092
v 0.571510 0.200654 0.141768
v 0.571791 0.260681 0.125686
v 0.611770 0.280491 0.160702
v -0.467416 -0.255603 0.003562
v -0.558500 -0.343378 0.126934
v -0.432793 -0.311555 0.004166
v -0.513187 -0.389028 0.113059
v -0.620905 -0.280373 0.138348
v -0.520707 -0.183816 0.002631
v -0.579813 -0.144670 0.001600
v -0.669389 -0.230992 0.122929
v 0.763476 0.146529 0.118810
v 0.727303 0.163865 0.088146
v 0.763223 0.200654 0.133309
v 0.727131 0.200654 0.098002
v 0.727303 0.237443 0.088146
v 0.763476 0.254779 0.118810
v -0.754676 -0.317314 -0.001453
v -0.665100 -0.230992 -0.122782
v -0.765859 -0.248998 -0.001648
v -0.705468 -0.190801 -0.083446
v -0.729813 -0.167600 -0.001019
v -0.754676 -0.317314 -0.001453
v -0.669389 -0.230992 0.122929
v -0.765859 -0.248998 -0.001648
v -0.708359 -0.190801 0.082209
v -0.729813 -0.167600 -0.001019
v -0.807738 -0.058956 0.008249
v -0.760620 -0.103029 0.071856
v -0.815187 -0.137666 0.008119
v -0.801731 -0.150248 0.026278
v -0.816436 -0.167169 0.008097
v -0.807738 -0.058956 0.008249
v -0.758429 -0.103029 -0.053675
v -0.815187 -0.137666 0.008119
v -0.801106 -0.150248 -0.009559
v -0.816436 -0.167169 0.008097
v -0.343984 -0.224435 -0.070573
v -0.406713 -0.178537 0.004621
v -0.421851 -0.246658 0.004357
v -0.366814 -0.280332 -0.058160
v -0.414207 -0.303494 0.004490
v -0.381594 -0.323606 -0.032550
v -0.389924 -0.372443 0.004914
v -0.406713 -0.178537 0.004621
v -0.346648 -0.224435 0.081959
v -0.421851 -0.246658 0.004357
v -0.369030 -0.280332 0.068757
v -0.414207 -0.303494 0.004490
v -0.382906 -0.323606 0.042646
v -0.389924 -0.372443 0.004914
v -0.149802 -0.118745 0.019733
v -0.112319 -0.058018 0.093112
v -0.170523 -0.037700 0.019371
v -0.133635 -0.005754 0.069045
v -0.142998 0.058580 0.019852
v -0.149802 -0.118745 0.019733
v -0.109781 -0.058018 -0.052292
v -0.170523 -0.037700 0.019371
v -0.131924 -0.005754 -0.028983
v -0.142998 0.058580 0.019852
v 0.222712 -0.113661 0.015608
v 0.262242 -0.092761 0.159974
v 0.240732 -0.033684 0.131103
v 0.200364 -0.046472 0.015218
v 0.309785 0.024490 0.216855
v 0.244752 -0.033684 -0.099188
v 0.340236 -0.016549 0.266403
v 0.267256 -0.092761 -0.127291
v 0.424268 0.101631 0.306472
v 0.316755 0.024490 -0.182477
v 0.373555 0.120751 0.248459
v 0.348917 -0.016549 -0.230932
v 0.439763 0.252736 0.268137
v 0.434296 0.101631 -0.268044
v 0.389492 0.240247 0.218332
v 0.381590 0.120751 -0.211837
v 0.434614 0.373002 0.162940
v 0.448444 0.252736 -0.229192
v 0.396466 0.240247 -0.181172
v 0.439627 0.373002 -0.124239
v 0.373555 0.120751 0.248459
v 0.381590 0.120751 -0.211837
v 0.426026 0.101763 0.195294
v 0.432173 0.101763 -0.156873
v 0.442225 0.191589 0.171900
v 0.447545 0.191589 -0.132928
v 0.389492 0.240247 0.218332
v 0.396466 0.240247 -0.181172
v 0.433394 0.267130 0.107677
v 0.436479 0.267131 -0.069052
v 0.379112 0.340254 0.133625
v 0.383135 0.340254 -0.096879
v 0.413908 0.304383 0.018945
v 0.360269 0.385719 0.018009
v 0.573605 0.080600 0.021733
v 0.572558 0.096685 0.081750
v 0.613499 0.132740 0.061645
v 0.571791 0.140627 0.125686
v 0.614183 0.122234 0.022441
v 0.612998 0.161444 0.090345
v 0.614868 0.132740 -0.016763
v 0.571510 0.200654 0.141768
v 0.574653 0.096685 -0.038285
v 0.612815 0.200654 0.100849
v 0.575420 0.140627 -0.082221
v 0.612998 0.239864 0.090345
v 0.615368 0.161444 -0.045463
v 0.571791 0.260681 0.125686
v 0.575701 0.200654 -0.098302
v 0.572558 0.304623 0.081750
v 0.615552 0.200654 -0.055967
v 0.613499 0.268568 0.061645
v 0.615368 0.239864 -0.045463
v 0.573605 0.320707 0.021733
v 0.575420 0.260681 -0.082221
v 0.614183 0.279074 0.022441
v 0.574653 0.304623 -0.038285
v 0.614868 0.268568 -0.016763
v 0.572558 0.096685 0.081750
v 0.574653 0.096685 -0.038285
v 0.612790 0.062372 0.102266
v 0.615577 0.062372 -0.057384
v 0.571791 0.140627 0.125686
v 0.575420 0.140627 -0.082221
v 0.611770 0.120817 0.160702
v 0.616597 0.120817 -0.115820
v 0.571791 0.260681 0.125686
v 0.575420 0.260681 -0.082221
v 0.611770 0.280491 0.160702
v 0.616597 0.280491 -0.115820
v 0.572558 0.304623 0.081750
v 0.574653 0.304623 -0.038285
v 0.612790 0.338936 0.102266
v 0.615577 0.338936 -0.057384
v 0.727773 0.136933 0.061218
v 0.765112 0.166047 0.025075
v 0.728415 0.127076 0.024435
v 0.729057 0.136933 -0.012349
v 0.764810 0.170684 0.042376
v 0.765414 0.170684 0.007775
v 0.764589 0.183351 0.055041
v 0.765635 0.183351 -0.004890
v 0.727303 0.163865 0.088146
v 0.729527 0.163865 -0.039277
v 0.764508 0.200654 0.059677
v 0.765716 0.200654 -0.009526
v 0.727131 0.200654 0.098002
v 0.729699 0.200654 -0.049132
v 0.727303 0.237443 0.088146
v 0.729527 0.237443 -0.039277
v 0.764589 0.217957 0.055041
v 0.765635 0.217957 -0.004890
v 0.727773 0.264375 0.061218
v 0.729057 0.264375 -0.012349
v 0.764810 0.230624 0.042376
v 0.765414 0.230624 0.007775
v 0.728415 0.274232 0.024435
v 0.765112 0.235260 0.025075
v 0.727773 0.136933 0.061218
v 0.729057 0.136933 -0.012349
v 0.764168 0.106906 0.079192
v 0.766057 0.106906 -0.029041
v 0.763476 0.146529 0.118810
v 0.766748 0.146529 -0.068658
v 0.727303 0.163865 0.088146
v 0.729527 0.163865 -0.039277
v 0.727303 0.237443 0.088146
v 0.729527 0.237443 -0.039277
v 0.763476 0.254779 0.118810
v 0.766748 0.254779 -0.068658
v 0.764168 0.294401 0.079192
v 0.766057 0.294401 -0.029041
v 0.727773 0.264375 0.061218
v 0.729057 0.264375 -0.012349
v 0.765112 0.092404 0.025075
v 0.801169 0.136933 0.062499
v 0.764168 0.106906 0.079192
v 0.801811 0.127076 0.025716
v 0.802453 0.136933 -0.011067
v 0.766057 0.106906 -0.029041
v -0.589731 -0.466501 0.001426
v -0.509338 -0.389028 -0.107466
v -0.518439 -0.493508 0.002671
v -0.461206 -0.438354 -0.074850
v -0.439021 -0.494124 0.004057
v -0.422682 -0.478378 -0.018074
v -0.408916 -0.492722 0.004583
v -0.589731 -0.466501 0.001426
v -0.513187 -0.389028 0.113059
v -0.518439 -0.493508 0.002671
v -0.463947 -0.438354 0.082143
v -0.439021 -0.494124 0.004057
v -0.423464 -0.478378 0.026745
v -0.408916 -0.492722 0.004583
v 0.614183 0.040979 0.022441
v 0.653714 0.096685 0.083167
v 0.612790 0.062372 0.102266
v 0.654762 0.080600 0.023149
v 0.655810 0.096685 -0.036869
v 0.615577 0.062372 -0.057384
v 0.485913 0.299439 0.136002
v 0.433394 0.267130 0.107677
v 0.467112 0.343695 0.019874
v 0.489954 0.299439 -0.095527
v 0.413908 0.304383 0.018945
v 0.436479 0.267131 -0.069052
v 0.262242 -0.092761 0.159974
v 0.222712 -0.113661 0.015608
v 0.307594 -0.087189 0.017089
v 0.267256 -0.092761 -0.127291
v 0.347416 -0.075030 0.133425
v 0.351451 -0.075030 -0.097785
v 0.340236 -0.016549 0.266403
v 0.348917 -0.016549 -0.230932
v 0.414003 -0.014430 0.218872
v 0.420980 -0.014430 -0.180856
v 0.065696 -0.183934 0.023495
v 0.021788 -0.125320 0.096677
v 0.000258 -0.196473 0.022352
v 0.078873 -0.122710 0.088994
v 0.140741 -0.114403 0.071271
v 0.065696 -0.183934 0.023495
v 0.024369 -0.125320 -0.051175
v 0.081151 -0.122710 -0.041505
v 0.142363 -0.114403 -0.021632
v 0.000258 -0.196473 0.022352
v -0.298872 0.226143 -0.072656
v -0.331192 0.152858 0.005939
v -0.258814 0.154571 0.007203
v -0.237178 0.217287 -0.058286
v -0.203474 0.176424 0.008169
v -0.190494 0.213628 -0.030630
v -0.140079 0.218058 0.009275
v -0.331192 0.152858 0.005939
v -0.301634 0.226143 0.085615
v -0.258814 0.154571 0.007203
v -0.239476 0.217287 0.073406
v -0.203474 0.176424 0.008169
v -0.191856 0.213628 0.047396
v -0.140079 0.218058 0.009275
v -0.711315 -0.147103 0.009932
v -0.760620 -0.103029 0.071856
v -0.787661 -0.162831 0.008599
v -0.801731 -0.150248 0.026278
v -0.816436 -0.167169 0.008097
v -0.711315 -0.147103 0.009932
v -0.758429 -0.103029 -0.053675
v -0.787661 -0.162831 0.008599
v -0.801106 -0.150248 -0.009559
v -0.816436 -0.167169 0.008097
v 0.573605 0.080600 0.021733
v 0.614183 0.040979 0.022441
v 0.572558 0.096685 0.081750
v 0.574653 0.096685 -0.038285
v 0.612790 0.062372 0.102266
v 0.615577 0.062372 -0.057384
v 0.728415 0.127076 0.024435
v 0.765112 0.092404 0.025075
v 0.727773 0.136933 0.061218
v 0.729057 0.136933 -0.012349
v 0.764168 0.106906 0.079192
v 0.766057 0.106906 -0.029041
v 0.766748 0.146529 -0.068658
v 0.802923 0.163865 -0.037995
v 0.767001 0.200654 -0.083158
v 0.803095 0.200654 -0.047851
v 0.802923 0.237443 -0.037995
v 0.766748 0.254779 -0.068658
v -0.554139 -0.343378 -0.122914
v -0.589731 -0.466501 0.001426
v -0.645223 -0.431153 0.000458
v -0.509338 -0.389028 -0.107466
v -0.616107 -0.280373 -0.136499
v -0.716304 -0.376930 -0.000783
v -0.754676 -0.317314 -0.001453
v -0.665100 -0.230992 -0.122782
v 0.656577 0.140627 -0.080804
v 0.616597 0.120817 -0.115820
v 0.616970 0.200654 -0.137210
v 0.656857 0.200654 -0.096886
v 0.656577 0.260681 -0.080804
v 0.616597 0.280491 -0.115820
v -0.775613 0.017074 0.008810
v -0.658365 0.009020 -0.089063
v -0.706354 -0.044836 -0.078173
v -0.736834 0.079163 0.009486
v -0.807738 -0.058956 0.008249
v -0.592239 0.083351 -0.097906
v -0.758429 -0.103029 -0.053675
v -0.678560 0.160511 0.010504
v -0.617924 0.210589 0.011562
v -0.540753 0.141609 -0.085356
v 0.381064 0.026121 0.170908
v 0.414003 -0.014430 0.218872
v 0.477917 0.082210 0.251066
v 0.426026 0.101763 0.195294
v 0.442225 0.191589 0.171900
v 0.493954 0.202071 0.220307
v 0.485913 0.299439 0.136002
v 0.433394 0.267130 0.107677
v 0.348917 -0.016549 -0.230932
v 0.420980 -0.014430 -0.180856
v 0.434296 0.101631 -0.268044
v 0.485979 0.082210 -0.210800
v -0.287846 -0.141255 -0.071777
v -0.343984 -0.224435 -0.070573
v -0.406713 -0.178537 0.004621
v -0.352592 -0.094718 0.005566
v -0.274674 -0.038970 0.006926
v -0.237613 -0.081610 -0.048410
v -0.204289 -0.031601 -0.017109
v -0.221019 -0.012021 0.007862
v -0.174257 0.007617 0.008679
v 0.065696 -0.183934 0.023495
v 0.024369 -0.125320 -0.051175
v 0.142363 -0.114403 -0.021632
v 0.000258 -0.196473 0.022352
v 0.146229 -0.160634 0.024900
v -0.050891 -0.105099 -0.059887
v 0.193962 -0.107534 0.025734
v 0.188426 -0.095263 0.012372
v -0.085767 -0.180713 0.020851
v -0.149802 -0.118745 0.019733
v -0.109781 -0.058018 -0.052292
v -0.367067 0.337055 0.005313
v -0.269482 0.298691 0.007016
v -0.298872 0.226143 -0.072656
v -0.396578 0.261950 -0.076628
v -0.237178 0.217287 -0.058286
v -0.217878 0.279909 0.007917
v -0.178964 0.250620 0.008596
v -0.190494 0.213628 -0.030630
v -0.140079 0.218058 0.009275
v -0.396578 0.261950 -0.076628
v -0.298872 0.226143 -0.072656
v -0.331192 0.152858 0.005939
v -0.429087 0.186512 0.004231
v -0.504636 0.251130 0.002912
v -0.469663 0.298101 -0.054568
v -0.529018 0.319761 -0.023728
v -0.545139 0.298474 0.002205
v -0.576561 0.340697 0.001656
v 0.024369 -0.125320 -0.051175
v -0.016560 -0.031620 0.022059
v 0.045275 -0.055012 0.023138
v -0.050891 -0.105099 -0.059887
v -0.109781 -0.058018 -0.052292
v -0.064936 -0.002875 0.021214
v -0.131924 -0.005754 -0.028983
v -0.095380 0.026390 0.020683
v -0.142998 0.058580 0.019852
v -0.226114 -0.187568 0.007773
v -0.284569 -0.270007 0.006753
v -0.343984 -0.224435 -0.070573
v -0.287846 -0.141255 -0.071777
v -0.366814 -0.280332 -0.058160
v -0.202209 -0.124481 0.008191
v -0.314073 -0.313949 0.006238
v -0.237613 -0.081610 -0.048410
v -0.350471 -0.343588 0.005603
v -0.381594 -0.323606 -0.032550
v -0.389924 -0.372443 0.004914
v 0.316755 0.024490 -0.182477
v 0.434296 0.101631 -0.268044
v 0.381590 0.120751 -0.211837
v 0.448444 0.252736 -0.229192
v 0.396466 0.240247 -0.181172
v 0.439627 0.373002 -0.124239
v 0.383135 0.340254 -0.096879
v 0.309785 0.024490 0.216855
v 0.381064 0.026121 0.170908
v 0.373555 0.120751 0.248459
v 0.426026 0.101763 0.195294
v -0.640172 -0.106746 0.011174
v -0.658365 0.009020 -0.089063
v -0.583382 -0.061122 0.012165
v -0.706354 -0.044836 -0.078173
v -0.592239 0.083351 -0.097906
v -0.711315 -0.147103 0.009932
v -0.509755 0.006191 0.013450
v -0.758429 -0.103029 -0.053675
v -0.467013 0.072628 0.014196
v -0.540753 0.141609 -0.085356
v -0.554139 -0.343378 -0.122914
v -0.432793 -0.311555 0.004166
v -0.509338 -0.389028 -0.107466
v -0.467416 -0.255603 0.003562
v -0.616107 -0.280373 -0.136499
v -0.520707 -0.183816 0.002631
v -0.579813 -0.144670 0.001600
v -0.665100 -0.230992 -0.122782
v 0.575420 0.140627 -0.082221
v 0.616597 0.120817 -0.115820
v 0.616970 0.200654 -0.137210
v 0.575701 0.200654 -0.098302
v 0.575420 0.260681 -0.082221
v 0.616597 0.280491 -0.115820
v 0.766748 0.146529 -0.068658
v 0.729527 0.163865 -0.039277
v 0.767001 0.200654 -0.083158
v 0.729699 0.200654 -0.049132
v 0.729527 0.237443 -0.039277
v 0.766748 0.254779 -0.068658
v -0.071841 0.199893 0.185200
v -0.071432 0.112498 0.161786
v -0.071432 0.287288 0.161786
v -0.109931 0.261711 0.116807
v -0.020861 0.306910 0.196662
v -0.070316 0.351265 0.097819
v -0.020861 0.092876 0.196662
v -0.019494 0.385253 0.118331
v -0.068790 0.374682 0.010438
v -0.067265 0.351265 -0.076945
v -0.015758 0.385253 -0.095671
v -0.108062 0.323530 0.009752
v -0.109141 0.306965 0.071561
v -0.106983 0.306965 -0.052057
v -0.133323 0.255371 0.041346
v -0.132764 0.263953 0.009321
v -0.132205 0.255371 -0.022704
v -0.106194 0.261711 -0.097305
v -0.141210 0.199893 0.009173
v -0.133732 0.231923 0.064790
v -0.110220 0.199893 0.133369
v -0.133882 0.199893 0.073371
v -0.133732 0.167863 0.064790
v -0.109931 0.138075 0.116807
v -0.133323 0.144415 0.041346
v -0.109141 0.092821 0.071561
v -0.070316 0.048521 0.097819
v -0.019494 0.014533 0.118331
v -0.068790 0.025104 0.010438
v -0.108062 0.076257 0.009752
v -0.132764 0.135833 0.009321
v -0.132205 0.144415 -0.022704
v -0.106983 0.092821 -0.052057
v -0.067265 0.048521 -0.076945
v -0.106194 0.138075 -0.097305
v -0.131795 0.167863 -0.046149
v -0.131646 0.199893 -0.054729
v -0.131795 0.231923 -0.046149
v -0.105905 0.199893 -0.113866
v -0.065740 0.199893 -0.164326
v -0.066148 0.287288 -0.140912
v -0.066148 0.112498 -0.140912
v -0.014391 0.306910 -0.174002
v -0.014391 0.092876 -0.174002
v -0.015758 0.014533 -0.095671
v 0.105868 -0.047224 0.013486
v 0.039863 -0.006830 0.131704
v 0.103712 -0.014116 0.137025
v 0.038338 0.080541 0.219062
v 0.167709 -0.006830 0.133935
v 0.102133 0.076335 0.227462
v 0.166184 0.080541 0.221293
v 0.226132 0.092876 0.200971
v 0.279025 0.048537 0.103907
v 0.227499 0.014535 0.122642
v 0.169792 -0.038810 0.014602
v 0.171875 -0.006830 -0.104733
v 0.229366 -0.014140 0.015642
v 0.231233 0.014535 -0.091360
v 0.232601 0.092876 -0.169689
v 0.282075 0.048537 -0.070837
v 0.280550 0.025122 0.016535
v 0.343652 0.091520 0.017637
v 0.173399 0.080541 -0.192091
v 0.109603 0.076335 -0.200491
v 0.345290 0.145706 -0.076204
v 0.420975 0.164298 -0.042675
v 0.344598 0.106039 -0.036542
v 0.418823 0.164298 0.080610
v 0.490956 0.180252 0.054231
v 0.580019 0.191907 0.035597
v 0.491207 0.165875 0.039856
v 0.666956 0.194017 0.033459
v 0.891627 0.196507 0.033068
v 0.894970 0.196681 0.029114
v 0.891670 0.194028 0.030589
v 0.667031 0.189716 0.029158
v 0.580121 0.186061 0.029752
v 0.580261 0.183921 0.021767
v 0.491549 0.160612 0.020218
v 0.667134 0.188142 0.023283
v 0.891729 0.193121 0.027203
v 0.667236 0.189716 0.017408
v 0.895002 0.196184 0.027261
v 0.895034 0.196681 0.025407
v 0.891788 0.194028 0.023818
v 0.580400 0.186061 0.013782
v 0.667311 0.194017 0.013108
v 0.891832 0.196507 0.021339
v 0.580502 0.191907 0.007937
v 0.492143 0.180252 -0.013795
v 0.491892 0.165875 0.000580
v 0.420520 0.138241 -0.016622
v 0.419899 0.128703 0.018968
v 0.419278 0.138241 0.054557
v 0.342706 0.106039 0.071815
v 0.342014 0.145706 0.111476
v -0.020861 0.092876 0.196662
v -0.070316 0.048521 0.097819
v -0.019494 0.014533 0.118331
v -0.017626 -0.014142 0.011331
v -0.068790 0.025104 0.010438
v -0.067265 0.048521 -0.076945
v -0.014391 0.092876 -0.174002
v -0.015758 0.014533 -0.095671
v 0.045554 0.080541 -0.194322
v 0.041946 -0.038810 0.012370
v 0.044029 -0.006830 -0.106964
v 0.108025 -0.014116 -0.110054
v 0.232601 0.092876 -0.169689
v 0.173399 0.080541 -0.192091
v 0.109603 0.076335 -0.200491
v 0.110181 0.199893 -0.233594
v 0.173958 0.199893 -0.224066
v 0.283191 0.112508 -0.134799
v 0.233102 0.199893 -0.198360
v 0.173399 0.319245 -0.192091
v 0.283600 0.199893 -0.158210
v 0.109603 0.323451 -0.200491
v 0.045554 0.319245 -0.194322
v 0.171874 0.406616 -0.104733
v 0.232601 0.306910 -0.169689
v 0.283191 0.287278 -0.134799
v 0.231234 0.385251 -0.091360
v 0.344598 0.293747 -0.036542
v 0.345290 0.254080 -0.076204
v 0.345543 0.199893 -0.090721
v 0.420975 0.235488 -0.042675
v 0.420520 0.261545 -0.016622
v 0.491892 0.233911 0.000580
v 0.345290 0.145706 -0.076204
v 0.420975 0.164298 -0.042675
v 0.580400 0.213725 0.013782
v 0.891832 0.203279 0.021339
v 0.895058 0.201747 0.024049
v 0.667311 0.194017 0.013108
v 0.895067 0.199893 0.023552
v 0.895058 0.198038 0.024049
v 0.891848 0.199893 0.020432
v 0.891832 0.196507 0.021339
v 0.667339 0.199893 0.011534
v 0.667311 0.205769 0.013108
v 0.580540 0.199893 0.005797
v 0.580502 0.207879 0.007937
v 0.580502 0.191907 0.007937
v 0.492235 0.199893 -0.019057
v 0.492143 0.219534 -0.013795
v 0.421142 0.199893 -0.052213
v 0.492143 0.180252 -0.013795
v -0.015758 0.385253 -0.095671
v 0.044029 0.406616 -0.106964
v -0.065740 0.199893 -0.164326
v -0.066148 0.287288 -0.140912
v -0.066148 0.112498 -0.140912
v -0.013891 0.199893 -0.202673
v -0.014391 0.306910 -0.174002
v -0.014391 0.092876 -0.174002
v 0.046112 0.199893 -0.226297
v 0.045554 0.080541 -0.194322
v 0.226132 0.092876 0.200971
v 0.226132 0.306910 0.200971
v 0.227499 0.385251 0.122642
v 0.277908 0.287278 0.167868
v 0.277908 0.112508 0.167868
v 0.277500 0.199893 0.191279
v 0.341761 0.199893 0.125993
v 0.279025 0.048537 0.103907
v 0.279025 0.351249 0.103907
v 0.227499 0.014535 0.122642
v 0.231233 0.014535 -0.091360
v 0.232601 0.092876 -0.169689
v 0.282075 0.048537 -0.070837
v 0.280550 0.025122 0.016535
v 0.343652 0.091520 0.017637
v 0.283191 0.112508 -0.134799
v 0.283600 0.199893 -0.158210
v 0.232601 0.306910 -0.169689
v 0.283191 0.287278 -0.134799
v 0.231234 0.385251 -0.091360
v 0.282075 0.351249 -0.070837
v 0.280550 0.374664 0.016535
v 0.343652 0.308266 0.017637
v 0.344598 0.293747 -0.036542
v 0.345290 0.254080 -0.076204
v 0.345543 0.199893 -0.090721
v 0.345290 0.145706 -0.076204
v 0.344598 0.106039 -0.036542
v 0.342706 0.293747 0.071815
v 0.342014 0.254080 0.111476
v 0.891627 0.203279 0.033068
v 0.891670 0.205758 0.030589
v 0.891788 0.205758 0.023818
v 0.894970 0.203105 0.029114
v 0.891832 0.203279 0.021339
v 0.895034 0.203105 0.025407
v 0.895002 0.203602 0.027261
v 0.895058 0.201747 0.024049
v 0.894946 0.201747 0.030472
v 0.894937 0.199893 0.030969
v 0.891627 0.196507 0.033068
v 0.894946 0.198038 0.030472
v 0.894970 0.196681 0.029114
v 0.891670 0.194028 0.030589
v 0.895002 0.196184 0.027261
v 0.895034 0.196681 0.025407
v 0.891788 0.194028 0.023818
v 0.895067 0.199893 0.023552
v 0.895058 0.198038 0.024049
v 0.891832 0.196507 0.021339
v 0.342706 0.106039 0.071815
v 0.342014 0.145706 0.111476
v 0.227499 0.385251 0.122642
v 0.279025 0.351249 0.103907
v 0.173399 0.319245 -0.192091
v 0.109603 0.323451 -0.200491
v 0.045554 0.319245 -0.194322
v 0.108024 0.413902 -0.110054
v 0.171874 0.406616 -0.104733
v 0.105868 0.447010 0.013486
v 0.232601 0.306910 -0.169689
v 0.231234 0.385251 -0.091360
v 0.169791 0.438596 0.014602
v 0.167708 0.406616 0.133935
v 0.229366 0.413926 0.015642
v 0.282075 0.351249 -0.070837
v 0.280550 0.374664 0.016535
v 0.343652 0.308266 0.017637
v 0.344598 0.293747 -0.036542
v 0.345290 0.254080 -0.076204
v 0.420975 0.235488 -0.042675
v 0.420520 0.261545 -0.016622
v 0.491892 0.233911 0.000580
v 0.419899 0.271083 0.018968
v 0.419278 0.261545 0.054557
v 0.342706 0.293747 0.071815
v 0.342014 0.254080 0.111476
v 0.418823 0.235488 0.080610
v 0.491207 0.233911 0.039856
v 0.491549 0.239174 0.020218
v 0.580019 0.207879 0.035597
v 0.580121 0.213725 0.029752
v 0.666956 0.205769 0.033459
v 0.891627 0.203279 0.033068
v 0.667031 0.210070 0.029158
v 0.580261 0.215865 0.021767
v 0.580400 0.213725 0.013782
v 0.667134 0.211644 0.023283
v 0.667236 0.210070 0.017408
v 0.891670 0.205758 0.030589
v 0.891788 0.205758 0.023818
v 0.891729 0.206665 0.027203
v 0.894970 0.203105 0.029114
v 0.891832 0.203279 0.021339
v 0.895034 0.203105 0.025407
v 0.895002 0.203602 0.027261
v 0.667311 0.205769 0.013108
v 0.580502 0.207879 0.007937
v -0.070316 0.351265 0.097819
v -0.019494 0.385253 0.118331
v 0.039863 0.406616 0.131704
v 0.102133 0.323451 0.227462
v 0.103712 0.413902 0.137025
v 0.041946 0.438596 0.012370
v -0.017626 0.413928 0.011331
v -0.068790 0.374682 0.010438
v -0.067265 0.351265 -0.076945
v -0.015758 0.385253 -0.095671
v 0.044029 0.406616 -0.106964
v -0.014391 0.306910 -0.174002
v 0.038338 0.080541 0.219062
v 0.102133 0.076335 0.227462
v 0.101555 0.199893 0.260565
v 0.166184 0.080541 0.221293
v 0.165626 0.199893 0.253268
v 0.166184 0.319244 0.221293
v 0.226132 0.092876 0.200971
v 0.226132 0.306910 0.200971
v 0.227499 0.385251 0.122642
v 0.225631 0.199893 0.229642
v 0.277908 0.287278 0.167868
v 0.277908 0.112508 0.167868
v 0.277500 0.199893 0.191279
v 0.341761 0.199893 0.125993
v 0.167708 0.406616 0.133935
v 0.419278 0.261545 0.054557
v 0.342706 0.293747 0.071815
v 0.342014 0.254080 0.111476
v 0.418823 0.235488 0.080610
v 0.491207 0.233911 0.039856
v 0.490956 0.219534 0.054231
v 0.418657 0.199893 0.090147
v 0.418823 0.164298 0.080610
v 0.580019 0.207879 0.035597
v 0.580121 0.213725 0.029752
v 0.490864 0.199893 0.059493
v 0.490956 0.180252 0.054231
v 0.579982 0.199893 0.037736
v 0.666956 0.205769 0.033459
v 0.580019 0.191907 0.035597
v 0.491207 0.165875 0.039856
v 0.666956 0.194017 0.033459
v 0.666929 0.199893 0.035032
v 0.891627 0.203279 0.033068
v 0.894946 0.201747 0.030472
v 0.891611 0.199893 0.033974
v 0.894937 0.199893 0.030969
v 0.891627 0.196507 0.033068
v 0.894946 0.198038 0.030472
v 0.580121 0.186061 0.029752
v 0.419278 0.138241 0.054557
v 0.342706 0.106039 0.071815
v 0.342014 0.145706 0.111476
v -0.071841 0.199893 0.185200
v -0.021362 0.199893 0.225333
v -0.071432 0.112498 0.161786
v -0.071432 0.287288 0.161786
v -0.020861 0.306910 0.196662
v 0.037780 0.199893 0.251037
v -0.020861 0.092876 0.196662
v 0.038338 0.319244 0.219062
v -0.019494 0.385253 0.118331
v 0.039863 0.406616 0.131704
v 0.102133 0.323451 0.227462
vn 0.7265 0.6871 0.0127
vn 0.7264 0.6871 0.0127
vn 0.7327 0.5925 -0.3348
vn 0.7206 0.5925 0.3602
vn 0.7370 0.3476 -0.5797
vn 0.7182 0.3407 0.6067
vn 0.7183 0.3406 0.6067
vn 0.7385 -0.0000 -0.6743
vn 0.7145 -0.0000 0.6996
vn 0.7370 -0.3476 -0.5797
vn 0.7163 -0.3476 0.6051
vn 0.7327 -0.5925 -0.3348
vn 0.7206 -0.5925 0.3602
vn 0.7265 -0.6871 0.0127
vn 0.6749 -0.3627 0.6426
vn 0.6795 -0.6308 0.3746
vn 0.6795 -0.6308 0.3747
vn 0.6969 -0.3627 -0.6187
vn 0.6922 -0.6308 -0.3507
vn 0.6795 0.6308 0.3746
vn 0.6749 0.3627 0.6426
vn 0.6922 0.6308 -0.3507
vn 0.6969 0.3627 -0.6187
vn 0.7149 0.6991 0.0125
vn 0.7221 0.6060 -0.3337
vn 0.7266 0.3463 -0.5934
vn 0.7148 0.6992 0.0125
vn 0.7100 0.6060 0.3587
vn 0.7270 -0.0000 -0.6866
vn 0.7055 0.3463 0.6184
vn 0.7266 -0.3463 -0.5934
vn 0.7026 -0.0000 0.7116
vn 0.7221 -0.6060 -0.3337
vn 0.7055 -0.3463 0.6184
vn 0.7149 -0.6992 0.0125
vn 0.7055 -0.3462 0.6184
vn 0.7148 -0.6992 0.0125
vn 0.7100 -0.6060 0.3587
vn 0.6886 -0.3537 0.6330
vn 0.6933 -0.6209 0.3659
vn 0.6932 -0.6209 0.3659
vn 0.7056 -0.6209 -0.3415
vn 0.7103 -0.3537 -0.6086
vn 0.6933 0.6209 0.3659
vn 0.6886 0.3537 0.6330
vn 0.7056 0.6209 -0.3415
vn 0.7103 0.3537 -0.6086
vn 0.9786 0.2052 0.0171
vn 0.8756 0.0946 -0.4736
vn 0.8575 0.0550 -0.5115
vn 0.7519 -0.1181 -0.6486
vn 0.8586 0.0946 0.5039
vn 0.7423 -0.1414 -0.6550
vn 0.8392 0.0550 0.5411
vn 0.7288 -0.1181 0.6745
vn 0.7190 -0.1414 0.6805
vn 0.6224 -0.5816 -0.5238
vn 0.6586 -0.3629 -0.6592
vn 0.6580 -0.3785 -0.6509
vn 0.6037 -0.5816 0.5452
vn 0.6349 -0.3785 0.6735
vn 0.6351 -0.3629 0.6818
vn 0.7717 0.2370 0.5901
vn 0.6363 -0.2453 0.7314
vn 0.7919 0.2370 -0.5628
vn 0.6615 -0.2453 -0.7087
vn 0.6614 -0.2453 -0.7087
vn 0.7842 0.2908 0.5481
vn 0.8029 0.2908 -0.5204
vn 0.8338 0.4703 0.2890
vn 0.8434 0.4703 -0.2597
vn 0.8422 0.4857 0.2341
vn 0.8498 0.4857 -0.2046
vn 0.8531 0.5215 0.0149
vn 0.3977 -0.6373 0.6601
vn 0.3825 -0.6460 0.6606
vn 0.6363 -0.4499 0.6267
vn 0.6340 -0.4561 0.6245
vn 0.6363 -0.4498 0.6268
vn 0.6924 -0.3399 0.6365
vn 0.4205 -0.6373 -0.6458
vn 0.6577 -0.4499 -0.6042
vn 0.4053 -0.6460 -0.6469
vn 0.6578 -0.4498 -0.6042
vn 0.6554 -0.4561 -0.6020
vn 0.7142 -0.3398 -0.6120
vn 0.7355 -0.2204 -0.6406
vn 0.7832 -0.1577 -0.6014
vn 0.7255 -0.2354 -0.6466
vn 0.7786 -0.1645 -0.6056
vn 0.7689 -0.1895 -0.6106
vn 0.7025 -0.2354 0.6716
vn 0.7618 -0.1577 0.6284
vn 0.7127 -0.2204 0.6659
vn 0.7570 -0.1645 0.6324
vn 0.7472 -0.1895 0.6371
vn 0.6341 -0.2995 0.7128
vn 0.7703 -0.0316 0.6370
vn 0.6356 -0.2924 0.7145
vn 0.7774 -0.0236 0.6285
vn 0.8406 0.3063 0.4467
vn 0.6602 -0.2924 -0.6919
vn 0.7920 -0.0316 -0.6097
vn 0.6586 -0.2995 -0.6903
vn 0.7989 -0.0236 -0.6010
vn 0.8557 0.3063 -0.4171
vn 0.6573 0.3226 -0.6811
vn 0.7578 0.1651 -0.6313
vn 0.7578 0.1650 -0.6313
vn 0.8319 -0.0158 -0.5547
vn 0.8371 -0.0473 -0.5450
vn 0.6331 0.3226 0.7036
vn 0.7353 0.1651 0.6574
vn 0.8120 -0.0158 0.5834
vn 0.8176 -0.0473 0.5739
vn 0.6869 0.7266 0.0120
vn 0.6922 0.6308 -0.3506
vn 0.6990 0.7150 0.0122
vn 0.6933 0.6210 0.3658
vn 0.6932 0.6210 0.3658
vn 0.6991 0.7150 0.0122
vn 0.7056 0.6210 -0.3414
vn -0.3811 0.6043 0.6997
vn -0.1209 0.7700 0.6265
vn -0.1137 0.7744 0.6224
vn 0.2135 0.8691 0.4462
vn -0.3564 0.6043 -0.7126
vn -0.0990 0.7700 -0.6304
vn -0.0919 0.7744 -0.6260
vn 0.2289 0.8691 -0.4384
vn 0.2005 0.6905 -0.6950
vn 0.0666 0.7480 -0.6603
vn 0.0508 0.7559 -0.6527
vn -0.0208 0.7881 -0.6152
vn -0.0127 0.7845 -0.6200
vn 0.0109 0.7816 -0.6237
vn 0.0436 0.7480 0.6623
vn 0.1761 0.6905 0.7015
vn 0.0280 0.7559 0.6541
vn -0.0423 0.7881 0.6141
vn -0.0343 0.7845 0.6192
vn -0.0109 0.7816 0.6236
vn 0.1927 0.7229 0.6635
vn 0.1928 0.7229 0.6635
vn 0.1296 0.7155 0.6864
vn 0.1218 0.7163 0.6871
vn 0.0823 0.7156 0.6936
vn 0.1609 0.6925 0.7033
vn 0.1694 0.6874 0.7062
vn 0.1940 0.6874 -0.6999
vn 0.1853 0.6925 -0.6972
vn 0.1064 0.7156 -0.6903
vn 0.1535 0.7155 -0.6815
vn 0.1457 0.7163 -0.6824
vn 0.2158 0.7229 -0.6564
vn -0.5834 0.8121 -0.0102
vn -0.6081 0.6392 0.4708
vn -0.6154 0.6146 0.4936
vn -0.5912 0.6392 -0.4918
vn -0.5978 0.6146 -0.5147
vn -0.2326 0.9578 -0.1690
vn -0.2051 0.9787 -0.0036
vn -0.2052 0.9787 -0.0036
vn -0.2381 0.9565 0.1684
vn -0.2487 0.9400 -0.2335
vn -0.2567 0.9400 0.2246
vn -0.3700 0.7588 -0.5361
vn -0.3885 0.7588 0.5228
vn -0.3993 0.7086 -0.5818
vn -0.4193 0.7086 0.5675
vn 0.3044 0.6722 -0.6749
vn -0.0058 0.8246 -0.5657
vn -0.0058 0.8246 -0.5656
vn -0.3627 0.8630 -0.3516
vn -0.6991 0.7150 -0.0122
vn -0.7056 0.6209 0.3414
vn -0.7056 0.6210 0.3414
vn -0.6933 0.6209 -0.3658
vn 0.2807 0.6722 0.6851
vn -0.0256 0.8246 0.5651
vn -0.3747 0.8630 0.3388
vn -0.6869 0.7267 -0.0120
vn -0.6922 0.6308 0.3506
vn -0.6795 0.6308 -0.3746
vn -0.6796 0.6308 -0.3746
vn -0.6869 0.7266 -0.0120
vn 0.6749 -0.3627 0.6427
vn 0.6748 -0.3627 0.6427
vn 0.6742 -0.0000 0.7386
vn 0.6743 -0.0000 0.7385
vn 0.6749 0.3627 0.6427
vn -0.4221 -0.5831 0.6941
vn -0.3417 -0.6436 0.6849
vn -0.5312 -0.4796 0.6984
vn -0.6897 -0.2839 0.6661
vn 0.6886 -0.3537 0.6331
vn 0.6866 -0.0000 0.7271
vn 0.6886 0.3537 0.6331
vn -0.6348 0.3309 0.6983
vn -0.5894 0.3872 0.7090
vn -0.6348 0.3310 0.6982
vn -0.5160 0.4720 0.7148
vn -0.7118 0.2045 0.6719
vn -0.7205 0.1969 0.6649
vn -0.3811 0.6042 0.6997
vn 0.6574 -0.2443 0.7128
vn 0.7288 -0.1182 0.6745
vn 0.6352 -0.3629 0.6818
vn 0.6031 -0.6042 0.5207
vn 0.6363 -0.2454 0.7314
vn 0.3835 -0.7541 0.5331
vn 0.4078 -0.7094 0.5748
vn -0.6661 0.2837 0.6898
vn -0.5235 0.4876 0.6987
vn -0.5235 0.4876 0.6988
vn -0.3812 0.6126 0.6924
vn -0.6735 0.2677 0.6891
vn -0.3899 0.6141 0.6862
vn -0.3205 0.6485 0.6905
vn -0.3118 0.6546 0.6887
vn -0.2886 0.6636 0.6902
vn -0.0278 -0.7226 0.6908
vn -0.0042 -0.7226 0.6912
vn -0.3345 -0.6206 0.7092
vn -0.3275 -0.6222 0.7111
vn 0.3976 -0.6373 0.6601
vn 0.1700 -0.7262 0.6662
vn 0.3824 -0.6460 0.6607
vn -0.6422 -0.3783 0.6667
vn -0.6791 -0.3299 0.6558
vn 0.2392 0.6604 0.7118
vn 0.1761 0.6905 0.7016
vn 0.3031 0.6387 0.7072
vn 0.3189 0.6308 0.7074
vn 0.4366 0.5745 0.6924
vn 0.4619 0.5607 0.6873
vn -0.1306 -0.7021 0.7000
vn -0.3589 -0.6143 0.7027
vn -0.3589 -0.6144 0.7027
vn -0.5248 -0.5049 0.6853
vn -0.1144 -0.7073 0.6976
vn -0.5170 -0.5128 0.6854
vn -0.5728 -0.4501 0.6851
vn -0.5874 -0.4335 0.6834
vn 0.1694 0.6874 0.7063
vn 0.2942 0.6368 0.7127
vn 0.2942 0.6367 0.7127
vn 0.4035 0.5728 0.7134
vn 0.4201 0.5584 0.7153
vn 0.4537 0.5372 0.7111
vn 0.4373 0.5522 0.7098
vn 0.3914 0.5935 0.7033
vn 0.5694 -0.4010 0.7176
vn 0.6086 -0.3537 0.7103
vn 0.6087 -0.3537 0.7102
vn 0.5694 -0.4010 0.7177
vn 0.5324 -0.4578 0.7120
vn 0.5172 -0.4742 0.7125
vn 0.4365 -0.5745 0.6924
vn 0.4222 -0.5921 0.6865
vn -0.7639 0.1412 0.6298
vn -0.6962 0.2517 0.6723
vn -0.6804 0.3542 0.6416
vn -0.6755 0.3717 0.6368
vn -0.6154 0.6145 0.4936
vn -0.6081 0.6392 0.4709
vn -0.3886 0.7587 0.5229
vn -0.4194 0.7085 0.5675
vn -0.6548 0.2429 0.7157
vn -0.6578 0.2440 0.7126
vn 0.3903 -0.5766 0.7178
vn 0.4440 -0.5275 0.7243
vn 0.4441 -0.5275 0.7243
vn 0.2631 -0.6759 0.6885
vn 0.5137 -0.4478 0.7318
vn 0.2631 -0.6759 0.6884
vn 0.6341 -0.2996 0.7128
vn -0.7115 -0.0000 0.7026
vn -0.7103 -0.3537 0.6086
vn -0.7102 -0.3537 0.6087
vn -0.7103 0.3537 0.6086
vn 0.5779 0.4013 0.7106
vn 0.5779 0.4014 0.7106
vn 0.4752 0.5112 0.7162
vn -0.6996 -0.0000 0.7145
vn -0.6969 -0.3627 0.6187
vn -0.6969 -0.3626 0.6187
vn -0.6969 0.3627 0.6187
vn -0.6969 0.3626 0.6187
vn -0.6661 -0.2838 -0.6897
vn -0.8145 0.0236 -0.5797
vn -0.8145 0.0235 -0.5797
vn -0.8523 0.3780 -0.3615
vn -0.6898 -0.2838 0.6661
vn -0.8342 0.0236 0.5509
vn -0.8343 0.0235 0.5509
vn -0.8644 0.3780 0.3315
vn -0.7844 0.0553 0.6178
vn -0.7206 0.1969 0.6649
vn -0.7920 0.0316 0.6097
vn -0.6969 0.1969 -0.6896
vn -0.7623 0.0553 -0.6448
vn -0.6880 0.2045 -0.6964
vn -0.7703 0.0316 -0.6370
vn -0.6490 0.2676 -0.7121
vn -0.7364 0.0551 -0.6743
vn -0.6417 0.2836 -0.7126
vn -0.7446 0.0315 -0.6668
vn -0.7815 -0.1646 -0.6018
vn -0.7868 -0.1815 -0.5899
vn -0.7923 -0.2829 -0.5405
vn -0.6662 0.2836 0.6898
vn -0.7594 0.0551 0.6482
vn -0.6735 0.2676 0.6891
vn -0.7674 0.0315 0.6404
vn -0.8056 -0.1654 0.5689
vn -0.8069 -0.1815 0.5621
vn -0.8107 -0.2829 0.5125
vn -0.6791 -0.3298 0.6558
vn -0.8283 -0.0157 0.5601
vn -0.6422 -0.3783 0.6666
vn -0.8374 0.0394 0.5452
vn -0.8470 0.2373 0.4758
vn -0.6594 -0.3315 -0.6747
vn -0.6186 -0.3783 -0.6887
vn -0.8082 -0.0157 -0.5887
vn -0.8179 0.0394 -0.5741
vn -0.8298 0.2373 -0.5050
vn -0.9657 -0.2592 -0.0169
vn -0.8730 -0.0865 0.4800
vn -0.8887 -0.1258 0.4408
vn -0.7639 0.1411 0.6297
vn -0.8728 -0.1258 -0.4715
vn -0.7506 0.1652 0.6398
vn -0.8557 -0.0865 -0.5101
vn -0.7414 0.1411 -0.6560
vn -0.7278 0.1652 -0.6656
vn -0.6723 0.2517 -0.6962
vn -0.6576 0.3542 -0.6649
vn -0.6529 0.3717 -0.6600
vn -0.5978 0.6145 -0.5148
vn -0.7681 -0.2359 -0.5953
vn -0.6326 0.2439 -0.7351
vn -0.6307 0.2432 -0.7369
vn -0.7884 -0.2359 0.5681
vn -0.6578 0.2439 0.7126
vn -0.7760 -0.2985 -0.5557
vn -0.7949 -0.2985 0.5282
vn -0.8156 -0.5049 -0.2825
vn -0.8250 -0.5049 0.2538
vn -0.8229 -0.5274 -0.2112
vn -0.8298 -0.5274 0.1823
vn -0.8246 -0.5655 -0.0144
vn -0.7148 0.6992 -0.0125
vn -0.7100 0.6060 -0.3587
vn -0.7055 0.3463 -0.6184
vn -0.7221 0.6060 0.3337
vn -0.7026 -0.0000 -0.7115
vn -0.7026 -0.0000 -0.7116
vn -0.7266 0.3463 0.5934
vn -0.7055 -0.3463 -0.6184
vn -0.7270 -0.0000 0.6866
vn -0.7100 -0.6060 -0.3587
vn -0.7266 -0.3463 0.5934
vn -0.7148 -0.6992 -0.0125
vn -0.7266 -0.3462 0.5934
vn -0.7221 -0.6060 0.3337
vn -0.7056 -0.6209 0.3415
vn -0.7102 -0.3537 0.6086
vn -0.6886 -0.3537 -0.6330
vn -0.6933 -0.6209 -0.3659
vn -0.6932 -0.6209 -0.3659
vn -0.7102 0.3537 0.6086
vn -0.7056 0.6209 0.3415
vn -0.6933 0.6209 -0.3659
vn -0.6886 0.3537 -0.6330
vn -0.6932 0.6209 -0.3659
vn -0.7206 0.5925 -0.3602
vn -0.7265 0.6871 -0.0127
vn -0.7327 0.5925 0.3348
vn -0.7163 0.3476 -0.6051
vn -0.7370 0.3476 0.5797
vn -0.7163 0.3475 -0.6051
vn -0.7145 -0.0000 -0.6997
vn -0.7384 -0.0000 0.6743
vn -0.7145 -0.0000 -0.6996
vn -0.7385 -0.0000 0.6743
vn -0.7163 -0.3476 -0.6051
vn -0.7370 -0.3476 0.5797
vn -0.7206 -0.5925 -0.3602
vn -0.7327 -0.5925 0.3348
vn -0.7265 -0.6871 -0.0127
vn -0.7265 -0.6870 -0.0127
vn -0.6922 -0.6308 0.3507
vn -0.6795 -0.6308 -0.3746
vn -0.6748 -0.3627 -0.6427
vn -0.6796 -0.6308 -0.3746
vn -0.6749 -0.3627 -0.6426
vn -0.6922 0.6308 0.3507
vn -0.6749 0.3627 -0.6426
vn -0.6795 0.6308 -0.3747
vn 0.6869 -0.7266 0.0120
vn 0.6870 -0.7265 0.0120
vn 0.6922 -0.6308 -0.3506
vn -0.3175 -0.6436 -0.6964
vn -0.1614 -0.7456 -0.6465
vn 0.0179 -0.8185 -0.5743
vn 0.0179 -0.8185 -0.5742
vn 0.0492 -0.8278 -0.5589
vn -0.3417 -0.6436 0.6848
vn -0.1839 -0.7457 0.6404
vn -0.1839 -0.7456 0.6405
vn -0.0022 -0.8185 0.5745
vn 0.0296 -0.8278 0.5603
vn 0.6990 -0.7150 0.0122
vn 0.6932 -0.6210 0.3658
vn 0.7056 -0.6210 -0.3414
vn 0.6370 -0.7708 0.0111
vn 0.6224 -0.5817 -0.5237
vn 0.6209 -0.6043 -0.4993
vn 0.6031 -0.6043 0.5207
vn 0.6037 -0.5817 0.5451
vn 0.2804 -0.9384 0.2020
vn 0.2591 -0.9658 0.0045
vn 0.2873 -0.9384 -0.1921
vn 0.2787 -0.9276 0.2486
vn 0.2872 -0.9276 -0.2387
vn 0.3835 -0.7542 0.5331
vn 0.4019 -0.7542 -0.5194
vn 0.4078 -0.7095 0.5747
vn 0.4276 -0.7095 -0.5602
vn 0.1700 -0.7262 0.6661
vn -0.0277 -0.7226 0.6908
vn 0.1852 -0.7241 0.6644
vn 0.1931 -0.7262 -0.6598
vn 0.0199 -0.7226 -0.6909
vn 0.2083 -0.7241 -0.6576
vn 0.4204 -0.6373 -0.6458
vn -0.0036 -0.7226 -0.6913
vn -0.0899 -0.7073 -0.7011
vn 0.1374 -0.7397 -0.6587
vn -0.1060 -0.7022 -0.7041
vn 0.1612 -0.7411 -0.6517
vn 0.3558 -0.7305 -0.5829
vn 0.3815 -0.7273 -0.5705
vn 0.4746 -0.7100 -0.5203
vn 0.1144 -0.7398 0.6631
vn -0.1143 -0.7073 0.6976
vn -0.1305 -0.7022 0.7000
vn 0.1384 -0.7411 0.6569
vn 0.3353 -0.7305 0.5950
vn 0.3614 -0.7273 0.5835
vn 0.4561 -0.7100 0.5366
vn 0.1307 -0.7566 0.6407
vn 0.1068 -0.7693 0.6299
vn 0.2869 -0.6759 -0.6788
vn 0.1530 -0.7566 -0.6358
vn 0.1287 -0.7693 -0.6258
vn -0.6991 -0.7150 -0.0122
vn -0.7056 -0.6210 0.3414
vn -0.6933 -0.6209 -0.3658
vn -0.7056 -0.6209 0.3414
vn -0.6932 -0.6210 -0.3658
vn -0.6869 -0.7266 -0.0120
vn -0.6869 -0.7267 -0.0120
vn 0.6995 -0.0000 -0.7146
vn 0.6996 -0.0000 -0.7145
vn -0.3976 -0.5831 -0.7084
vn -0.3176 -0.6436 -0.6964
vn -0.5065 -0.4796 -0.7165
vn -0.5065 -0.4796 -0.7166
vn -0.6661 -0.2839 -0.6898
vn 0.7115 -0.0000 -0.7027
vn 0.7103 -0.3537 -0.6087
vn 0.7116 -0.0000 -0.7026
vn 0.7103 0.3537 -0.6087
vn -0.6100 0.3310 -0.7199
vn -0.5643 0.3873 -0.7291
vn -0.5643 0.3872 -0.7291
vn -0.6879 0.2045 -0.6964
vn -0.4908 0.4720 -0.7324
vn -0.4907 0.4720 -0.7324
vn -0.3565 0.6042 -0.7126
vn 0.6819 -0.2443 -0.6895
vn 0.7519 -0.1182 -0.6486
vn 0.6580 -0.3785 -0.6510
vn 0.6224 -0.5817 -0.5238
vn 0.6209 -0.6042 -0.4994
vn 0.6614 -0.2454 -0.7088
vn 0.4276 -0.7094 -0.5602
vn 0.4019 -0.7541 -0.5194
vn 0.6614 -0.2454 -0.7087
vn -0.4987 0.4876 -0.7166
vn -0.6490 0.2677 -0.7121
vn -0.6417 0.2837 -0.7126
vn -0.4988 0.4876 -0.7166
vn -0.3568 0.6126 -0.7053
vn -0.3658 0.6141 -0.6993
vn -0.2962 0.6485 -0.7012
vn -0.2875 0.6546 -0.6992
vn -0.2643 0.6636 -0.6999
vn 0.4052 -0.6460 -0.6469
vn -0.0037 -0.7225 -0.6913
vn -0.3096 -0.6206 -0.7204
vn 0.0199 -0.7226 -0.6910
vn -0.3025 -0.6222 -0.7221
vn -0.6185 -0.3783 -0.6887
vn -0.6593 -0.3316 -0.6748
vn 0.2639 0.6604 -0.7030
vn 0.3276 0.6387 -0.6962
vn 0.3433 0.6308 -0.6959
vn 0.4604 0.5745 -0.6767
vn 0.4856 0.5607 -0.6707
vn -0.3342 -0.6143 -0.7148
vn -0.0900 -0.7073 -0.7011
vn -0.1061 -0.7021 -0.7041
vn -0.3341 -0.6144 -0.7148
vn -0.4978 -0.5022 -0.7071
vn -0.4927 -0.5128 -0.7030
vn -0.5485 -0.4501 -0.7046
vn -0.5632 -0.4335 -0.7035
vn 0.3189 0.6368 -0.7020
vn 0.3189 0.6367 -0.7020
vn 0.4282 0.5728 -0.6989
vn 0.4429 0.5638 -0.6971
vn 0.4782 0.5372 -0.6948
vn 0.4618 0.5522 -0.6941
vn 0.4157 0.5935 -0.6892
vn 0.6330 -0.3537 -0.6886
vn 0.5941 -0.4010 -0.6973
vn 0.6331 -0.3537 -0.6886
vn 0.5569 -0.4579 -0.6930
vn 0.7255 -0.2354 -0.6467
vn 0.5417 -0.4742 -0.6940
vn 0.7355 -0.2204 -0.6407
vn 0.4604 -0.5745 -0.6767
vn 0.4605 -0.5745 -0.6767
vn 0.4460 -0.5921 -0.6712
vn -0.7414 0.1412 -0.6560
vn -0.5913 0.6392 -0.4918
vn -0.6325 0.2440 -0.7351
vn -0.3993 0.7085 -0.5818
vn -0.3701 0.7587 -0.5361
vn -0.6326 0.2440 -0.7350
vn 0.4151 -0.5766 -0.7037
vn 0.4691 -0.5275 -0.7083
vn 0.4690 -0.5275 -0.7084
vn 0.5389 -0.4478 -0.7135
vn 0.2870 -0.6759 -0.6789
vn 0.6586 -0.2996 -0.6903
vn 0.6601 -0.2924 -0.6919
vn 0.6023 0.4014 -0.6900
vn 0.6024 0.4013 -0.6900
vn 0.4999 0.5112 -0.6992
vn -0.6866 -0.0000 -0.7271
vn -0.6886 -0.3537 -0.6331
vn -0.6886 0.3537 -0.6331
vn -0.6743 -0.0000 -0.7385
vn -0.6749 -0.3627 -0.6427
vn -0.6749 0.3627 -0.6427
vn 0.7076 -0.0000 -0.7066
vn 0.8636 -0.2591 -0.4325
vn 0.7043 -0.3625 -0.6104
vn 0.6997 -0.6226 -0.3504
vn 0.5020 -0.4337 -0.7483
vn 0.4964 -0.7569 -0.4251
vn 0.8553 -0.5180 0.0149
vn 0.6951 -0.7188 0.0121
vn 0.6871 -0.6226 0.3746
vn 0.8603 -0.4476 -0.2441
vn 0.8513 -0.4475 0.2740
vn 0.9618 -0.2438 -0.1248
vn 0.9611 -0.2758 0.0168
vn 0.9568 -0.2438 0.1583
vn 0.8480 -0.2591 0.4624
vn 0.9998 -0.0000 0.0175
vn 0.9635 -0.1416 -0.2270
vn 0.8643 -0.0000 -0.5029
vn 0.9659 -0.0000 -0.2590
vn 0.9636 0.1415 -0.2270
vn 0.8636 0.2591 -0.4325
vn 0.7043 0.3625 -0.6104
vn 0.9618 0.2438 -0.1248
vn 0.8603 0.4476 -0.2441
vn 0.6997 0.6226 -0.3504
vn 0.4964 0.7569 -0.4251
vn 0.5020 0.4337 -0.7483
vn 0.6951 0.7188 0.0121
vn 0.8553 0.5179 0.0149
vn 0.9611 0.2758 0.0168
vn 0.9568 0.2438 0.1583
vn 0.8513 0.4475 0.2739
vn 0.6871 0.6226 0.3746
vn 0.8480 0.2590 0.4624
vn 0.9551 0.1415 0.2605
vn 0.9563 -0.0000 0.2925
vn 0.9550 -0.1416 0.2605
vn 0.8463 -0.0000 0.5328
vn 0.6825 -0.0000 0.7309
vn 0.6825 -0.3625 0.6346
vn 0.4812 -0.7569 0.4421
vn 0.6825 0.3625 0.6346
vn 0.4756 -0.4337 0.7653
vn 0.4756 0.4337 0.7653
vn 0.4812 0.7569 0.4421
vn -0.0000 1.0000 -0.0000
vn 0.2615 0.8385 -0.4781
vn 0.0088 0.8643 -0.5028
vn 0.2677 0.4826 -0.8339
vn -0.2447 0.8385 -0.4869
vn 0.0151 0.5029 -0.8642
vn -0.2385 0.4826 -0.8428
vn -0.4756 0.4337 -0.7653
vn -0.4812 0.7569 -0.4421
vn -0.2518 0.9678 -0.0044
vn -0.2615 0.8385 0.4781
vn -0.4876 0.8730 -0.0085
vn -0.6556 0.6466 -0.3899
vn -0.4963 0.7569 0.4251
vn -0.5020 0.4337 0.7483
vn -0.6688 0.6466 0.3668
vn -0.6623 0.7492 -0.0116
vn -0.2677 0.4826 0.8339
vn -0.0151 0.5029 0.8642
vn -0.4368 0.4546 0.7762
vn -0.6155 0.3998 0.6792
vn -0.6104 0.6898 0.3892
vn -0.1420 0.4942 -0.8577
vn -0.3289 0.8155 -0.4763
vn -0.3229 0.4705 -0.8212
vn -0.4095 0.4546 -0.7910
vn -0.0164 0.4968 -0.8677
vn -0.3471 0.4635 -0.8153
vn -0.3532 0.8091 -0.4697
vn -0.0229 0.8673 -0.4972
vn -0.1482 0.8551 -0.4969
vn -0.1419 0.4943 -0.8577
vn -0.1580 0.9874 -0.0028
vn -0.3373 0.9414 -0.0059
vn -0.0315 0.9995 -0.0005
vn -0.3605 0.9328 -0.0063
vn -0.8862 0.3939 -0.2440
vn -0.0402 0.8673 0.4961
vn -0.8927 0.4504 -0.0156
vn -0.8941 0.3939 0.2129
vn -0.3694 0.8091 0.4571
vn -0.1655 0.8551 0.4914
vn -0.0467 0.4968 0.8666
vn -0.3754 0.4635 0.8027
vn -0.1718 0.4943 0.8522
vn -0.3513 0.4705 0.8094
vn -0.3453 0.8155 0.4645
vn -0.4311 0.7837 0.4471
vn -0.4249 0.9052 -0.0074
vn -0.6062 0.7953 -0.0106
vn -0.4152 0.7838 -0.4619
vn -0.5965 0.6899 -0.4102
vn -0.5965 0.6898 -0.4103
vn -0.5914 0.3998 -0.7002
vn 0.4963 0.7569 -0.4251
vn 0.4876 0.8730 0.0085
vn 0.6997 0.6226 -0.3503
vn 0.6950 0.7189 0.0121
vn 0.6871 0.6226 0.3745
vn 0.2385 0.4826 0.8428
vn 0.2517 0.9678 0.0044
vn 0.2447 0.8385 0.4869
vn -0.0088 0.8643 0.5028
vn -0.0175 -0.0000 0.9998
vn -0.0151 0.5028 0.8642
vn -0.2677 0.4825 0.8340
vn -0.2686 -0.0000 0.9633
vn -0.5020 0.4336 0.7483
vn -0.5028 -0.0000 0.8644
vn -0.6735 0.3784 0.6350
vn -0.2677 -0.4825 0.8340
vn -0.6754 -0.0000 0.7375
vn -0.0151 -0.5028 0.8642
vn 0.2385 -0.4825 0.8428
vn -0.5020 -0.4336 0.7483
vn -0.6735 -0.3784 0.6349
vn -0.5020 -0.4337 0.7483
vn -0.4963 -0.7569 0.4251
vn -0.2615 -0.8385 0.4781
vn -0.6200 -0.0000 0.7846
vn -0.4368 -0.4545 0.7763
vn -0.6155 -0.3998 0.6792
vn -0.6104 -0.6898 0.3892
vn -0.4368 -0.4546 0.7762
vn -0.4311 -0.7837 0.4471
vn -0.4368 0.4545 0.7763
vn -0.8970 -0.2285 0.3784
vn -0.3767 -0.0000 0.9263
vn -0.9005 -0.0000 0.4348
vn -0.8970 0.2285 0.3784
vn -0.3754 -0.4634 0.8027
vn -0.3754 0.4634 0.8027
vn -0.0489 -0.0000 0.9988
vn -0.0467 0.4967 0.8667
vn -0.0467 -0.4967 0.8667
vn -0.1752 -0.0000 0.9845
vn -0.1718 -0.4942 0.8522
vn -0.3453 -0.8154 0.4646
vn -0.1655 -0.8550 0.4914
vn -0.1718 0.4942 0.8522
vn -0.3537 -0.0000 0.9354
vn -0.3513 -0.4705 0.8095
vn -0.4407 -0.0000 0.8976
vn -0.3513 0.4704 0.8095
vn 0.4723 -0.0000 0.8814
vn 0.4756 -0.4336 0.7654
vn 0.2447 -0.8385 0.4869
vn 0.4756 0.4336 0.7654
vn 0.2348 -0.0000 0.9720
vn 0.2384 0.4825 0.8428
vn -0.4812 -0.7569 -0.4422
vn -0.6510 -0.3785 -0.6580
vn -0.4756 -0.4337 -0.7653
vn -0.5923 -0.0000 -0.8057
vn -0.6510 0.3785 -0.6580
vn -0.6492 -0.0000 -0.7606
vn -0.6556 0.6466 -0.3900
vn -0.6556 -0.6466 -0.3900
vn -0.4812 0.7569 -0.4422
vn -0.6689 0.6466 0.3669
vn -0.4964 0.7569 0.4251
vn -0.6623 0.7491 -0.0116
vn -0.6062 0.7952 -0.0106
vn -0.6735 0.3785 0.6349
vn -0.6735 -0.3785 0.6349
vn -0.4964 -0.7569 0.4251
vn -0.6688 -0.6466 0.3669
vn -0.6062 -0.7952 -0.0106
vn -0.6623 -0.7491 -0.0116
vn -0.6105 -0.6898 0.3892
vn -0.6156 -0.3998 0.6792
vn -0.6201 -0.0000 0.7845
vn -0.6156 0.3998 0.6792
vn -0.6105 0.6898 0.3892
vn -0.5965 -0.6898 -0.4102
vn -0.5915 -0.3998 -0.7002
vn -0.3532 -0.8091 -0.4697
vn -0.8862 -0.3939 -0.2440
vn -0.3472 -0.4635 -0.8153
vn -0.3754 -0.4635 0.8026
vn -0.8942 -0.3939 0.2129
vn -0.3694 -0.8091 0.4571
vn -0.8927 -0.4504 -0.0156
vn -0.8970 -0.2285 0.3783
vn -0.8833 -0.2285 -0.4094
vn -0.8848 -0.0000 -0.4659
vn -0.8833 0.2285 -0.4094
vn -0.3472 0.4635 -0.8153
vn -0.8942 0.3939 0.2129
vn -0.9006 -0.0000 0.4347
vn -0.8970 0.2285 0.3783
vn -0.3754 0.4635 0.8026
vn -0.5966 0.6898 -0.4102
vn -0.5915 0.3998 -0.7002
vn -0.0088 -0.8643 0.5028
vn 0.2385 -0.4826 0.8428
vn -0.0151 -0.5029 0.8642
vn -0.2615 -0.8385 0.4780
vn -0.2677 -0.4826 0.8339
vn -0.0000 -1.0000 -0.0000
vn -0.2518 -0.9678 -0.0044
vn -0.4964 -0.7570 0.4250
vn -0.2447 -0.8385 -0.4868
vn -0.4812 -0.7570 -0.4421
vn -0.4876 -0.8730 -0.0085
vn -0.6556 -0.6466 -0.3899
vn -0.6688 -0.6466 0.3668
vn -0.4311 -0.7838 0.4471
vn -0.6062 -0.7953 -0.0106
vn -0.6104 -0.6899 0.3892
vn -0.3453 -0.8155 0.4645
vn -0.4249 -0.9052 -0.0074
vn -0.4152 -0.7838 -0.4619
vn -0.5965 -0.6899 -0.4102
vn -0.5965 -0.6898 -0.4103
vn -0.4095 -0.4546 -0.7910
vn -0.3289 -0.8155 -0.4762
vn -0.3373 -0.9414 -0.0059
vn -0.1482 -0.8551 -0.4969
vn -0.0164 -0.4968 -0.8677
vn -0.1419 -0.4942 -0.8577
vn -0.0229 -0.8673 -0.4972
vn -0.3471 -0.4635 -0.8153
vn -0.1580 -0.9874 -0.0028
vn -0.1655 -0.8551 0.4914
vn -0.0315 -0.9995 -0.0005
vn -0.0402 -0.8673 0.4961
vn -0.3605 -0.9327 -0.0063
vn -0.3754 -0.4635 0.8027
vn -0.8941 -0.3939 0.2129
vn -0.0467 -0.4968 0.8666
vn -0.1718 -0.4943 0.8522
vn 0.0151 -0.5029 -0.8642
vn 0.2615 -0.8385 -0.4780
vn 0.0088 -0.8644 -0.5028
vn 0.2517 -0.9678 0.0044
vn 0.4964 -0.7570 -0.4250
vn 0.4876 -0.8730 0.0085
vn 0.6997 -0.6226 -0.3503
vn 0.6950 -0.7189 0.0121
vn 0.6871 -0.6226 0.3745
vn 0.4812 -0.7570 0.4421
vn 0.0175 -0.0000 -0.9998
vn 0.0151 0.5028 -0.8642
vn 0.2677 0.4825 -0.8340
vn -0.2384 0.4825 -0.8428
vn -0.2349 -0.0000 -0.9720
vn -0.2385 -0.4825 -0.8428
vn -0.4756 0.4336 -0.7654
vn -0.4756 -0.4337 -0.7654
vn -0.4724 -0.0000 -0.8814
vn -0.6509 -0.3784 -0.6581
vn -0.6510 0.3784 -0.6581
vn -0.4152 -0.7837 -0.4619
vn -0.4095 -0.4545 -0.7910
vn -0.5914 -0.3998 -0.7003
vn -0.3289 -0.8154 -0.4763
vn -0.3229 -0.4705 -0.8212
vn -0.4091 -0.0000 -0.9125
vn -0.4095 0.4545 -0.7910
vn -0.1420 -0.4942 -0.8577
vn -0.1483 -0.8550 -0.4969
vn -0.3208 -0.0000 -0.9471
vn -0.3229 0.4704 -0.8213
vn -0.1407 -0.0000 -0.9900
vn -0.0164 -0.4967 -0.8678
vn -0.0164 0.4967 -0.8678
vn -0.0141 -0.0000 -0.9999
vn -0.3472 -0.4634 -0.8153
vn -0.3442 -0.0000 -0.9389
vn -0.3472 0.4634 -0.8153
vn -0.1483 0.8550 -0.4969
vn -0.4152 0.7837 -0.4619
vn -0.5914 0.3998 -0.7003
vn 0.5028 -0.0000 -0.8644
vn 0.2686 -0.0000 -0.9633
vn 0.5020 0.4336 -0.7483
vn 0.2677 -0.4825 -0.8340
vn 0.2615 -0.8385 -0.4781
vn -0.2447 -0.8385 -0.4869
vt 52.000000 -18.838100
vt 52.000000 -18.799101
vt 51.963200 -18.828199
vt 52.036800 -18.828199
vt 51.982700 -18.794500
vt 52.017300 -18.794500
vt 51.970001 -18.781799
vt 52.029999 -18.781799
vt 51.936298 -18.801300
vt 52.063702 -18.801300
vt 51.965401 -18.764500
vt 52.034599 -18.764500
vt 51.926399 -18.764500
vt 52.073601 -18.764500
vt 51.936298 -18.727699
vt 52.063702 -18.727699
vt 51.970001 -18.747200
vt 52.029999 -18.747200
vt 51.963200 -18.700800
vt 52.036800 -18.700800
vt 51.982700 -18.734501
vt 52.017300 -18.734501
vt 52.000000 -18.690901
vt 52.000000 -18.729900
vt 51.906300 -18.818600
vt 51.945900 -18.858200
vt 52.093700 -18.818600
vt 52.054100 -18.858200
vt 51.945900 -18.670700
vt 51.906300 -18.710400
vt 52.054100 -18.670700
vt 52.093700 -18.710400
vt 52.000000 -18.884501
vt 51.960800 -18.832399
vt 51.939999 -18.868500
vt 51.896000 -18.824499
vt 52.000000 -18.842899
vt 51.932098 -18.803699
vt 52.039200 -18.832399
vt 51.879902 -18.764500
vt 52.060001 -18.868500
vt 51.921600 -18.764500
vt 52.104000 -18.824499
vt 51.932098 -18.725300
vt 52.067902 -18.803699
vt 51.896000 -18.704500
vt 52.120098 -18.764500
vt 51.939999 -18.660500
vt 52.078400 -18.764500
vt 51.960800 -18.696600
vt 52.067902 -18.725300
vt 52.000000 -18.644400
vt 52.104000 -18.704500
vt 52.000000 -18.686100
vt 52.060001 -18.660500
vt 52.039200 -18.696600
vt 51.920200 -18.902800
vt 51.861698 -18.844299
vt 52.079800 -18.902800
vt 52.138302 -18.844299
vt 51.861698 -18.684700
vt 51.920200 -18.626200
vt 52.138302 -18.684700
vt 52.079800 -18.626200
vt 52.000000 -19.052299
vt 51.911499 -18.983400
vt 51.884399 -19.040199
vt 52.000000 -18.990700
vt 51.847500 -18.938999
vt 52.088501 -18.983400
vt 51.800098 -18.979601
vt 52.115601 -19.040199
vt 52.152500 -18.938999
vt 52.199902 -18.979601
vt 51.884201 -18.665701
vt 51.800098 -18.763100
vt 51.847599 -18.773600
vt 52.115799 -18.665701
vt 52.152401 -18.773600
vt 52.199902 -18.763100
vt 51.712700 -18.863501
vt 51.769001 -18.882900
vt 52.230999 -18.882900
vt 52.287300 -18.863501
vt 51.751301 -18.712400
vt 52.248699 -18.712400
vt 51.856400 -18.592100
vt 52.143600 -18.592100
vt 52.000000 -18.621500
vt 52.000000 -18.540701
vt 51.942902 -19.079500
vt 51.989399 -19.125799
vt 51.989399 -19.072701
vt 51.976101 -19.060400
vt 51.989399 -19.052900
vt 52.035801 -19.079500
vt 52.002602 -19.060400
vt 52.056000 -19.046801
vt 52.000000 -19.016100
vt 52.000000 -19.089600
vt 52.025299 -18.996700
vt 52.000000 -18.957500
vt 51.944000 -19.046801
vt 51.974701 -18.996700
vt 51.989399 -18.892500
vt 51.989399 -18.822599
vt 51.891102 -18.823500
vt 51.923100 -18.776100
vt 51.989399 -18.748800
vt 52.087601 -18.823500
vt 52.055599 -18.776100
vt 52.110298 -19.354200
vt 52.000000 -19.276699
vt 52.000000 -19.348301
vt 52.078499 -19.403500
vt 52.000000 -19.427799
vt 52.022400 -19.443501
vt 52.000000 -19.457899
vt 51.889702 -19.354200
vt 51.921501 -19.403500
vt 51.977600 -19.443501
vt 51.227600 -19.000000
vt 51.227600 -18.945900
vt 51.190800 -18.963200
vt 51.190800 -19.000000
vt 51.190800 -19.036800
vt 51.227600 -19.054100
vt 51.378502 -19.000000
vt 51.378502 -18.920200
vt 51.337898 -18.940001
vt 51.337898 -19.000000
vt 51.337898 -19.059999
vt 51.378502 -19.079800
vt 52.535099 -18.891100
vt 52.543900 -18.989401
vt 52.610600 -18.989401
vt 52.493099 -18.923100
vt 52.468800 -18.989401
vt 52.535099 -19.087601
vt 52.493099 -19.055599
vt 52.390800 -19.081400
vt 52.429401 -19.000000
vt 52.359901 -19.000000
vt 52.463501 -19.058100
vt 52.506802 -19.000000
vt 52.522301 -19.026199
vt 52.569401 -19.000000
vt 52.390800 -18.918600
vt 52.463501 -18.941900
vt 52.522301 -18.973801
vt 51.789001 -18.989401
vt 51.810200 -18.989401
vt 51.804401 -18.976101
vt 51.857300 -18.989401
vt 51.851002 -18.942900
vt 51.912601 -18.924101
vt 51.947300 -18.989401
vt 51.969501 -18.915400
vt 51.969501 -19.063299
vt 51.912601 -19.054600
vt 51.851002 -19.035801
vt 51.804401 -19.002600
vt 51.571098 -19.000000
vt 51.611599 -18.884701
vt 51.555599 -18.856400
vt 51.632500 -19.000000
vt 51.611599 -19.115299
vt 51.555599 -19.143600
vt 51.750000 -18.884800
vt 51.701099 -19.000000
vt 51.792400 -19.000000
vt 51.750000 -19.115200
vt 51.663300 -18.911501
vt 51.663300 -19.088499
vt 51.679501 -18.800301
vt 51.679501 -19.199699
vt 51.609001 -18.847500
vt 51.609001 -19.152500
vt 52.660099 -19.122900
vt 52.640800 -19.000000
vt 52.572701 -19.000000
vt 52.699799 -19.082800
vt 52.722698 -19.000000
vt 51.419102 -18.940001
vt 51.419102 -19.059999
vt 51.419102 -19.000000
vt 52.660099 -18.877100
vt 52.699799 -18.917200
vt 51.264301 -18.963200
vt 51.264301 -19.036800
vt 51.264301 -19.000000
vt 52.772400 -18.818600
vt 52.809200 -18.801300
vt 52.772400 -18.764500
vt 52.809200 -18.764500
vt 52.809200 -18.727699
vt 52.772400 -18.710400
vt 51.450802 -19.308500
vt 51.417400 -19.431700
vt 51.495899 -19.354200
vt 51.361900 -19.396299
vt 51.388599 -19.245501
vt 51.290798 -19.342100
vt 51.252399 -19.282499
vt 51.339901 -19.196100
vt 52.621498 -18.844299
vt 52.662102 -18.824499
vt 52.621498 -18.764500
vt 52.662102 -18.764500
vt 52.662102 -18.704500
vt 52.621498 -18.684700
vt 51.231701 -18.948099
vt 51.347198 -18.956100
vt 51.270500 -18.886000
vt 51.299400 -19.010000
vt 51.413200 -18.881800
vt 51.199501 -19.024099
vt 51.328701 -18.804600
vt 51.247799 -19.068199
vt 51.389400 -18.754601
vt 51.464901 -18.823500
vt 52.489201 -18.882900
vt 52.390999 -18.938999
vt 52.424801 -18.979601
vt 52.436401 -18.863400
vt 52.452202 -18.773600
vt 52.504700 -18.763100
vt 52.495201 -18.665701
vt 52.442200 -18.698000
vt 52.436600 -18.863501
vt 52.351799 -18.981701
vt 51.600399 -19.143700
vt 51.717999 -19.106400
vt 51.654598 -19.059900
vt 51.732498 -19.004101
vt 51.661900 -19.189600
vt 51.768600 -19.046801
vt 51.802502 -18.996700
vt 51.786201 -18.977200
vt 51.832901 -18.957500
vt 52.007702 -19.161600
vt 52.030499 -19.090500
vt 51.955101 -19.070200
vt 51.921600 -19.145901
vt 52.148998 -19.079500
vt 52.073101 -19.149099
vt 52.153702 -19.125799
vt 51.857601 -19.083900
vt 52.195599 -19.060400
vt 52.201401 -19.072701
vt 51.896301 -19.023199
vt 51.706902 -18.739000
vt 51.640099 -18.628099
vt 51.609200 -18.703199
vt 51.737701 -18.666500
vt 51.768902 -18.747900
vt 51.789299 -18.685200
vt 51.828201 -18.714500
vt 51.816002 -18.751499
vt 51.867100 -18.747101
vt 51.675999 -18.812300
vt 51.578098 -18.778601
vt 51.502499 -18.714001
vt 51.536499 -18.667000
vt 51.477699 -18.645399
vt 51.462002 -18.666700
vt 51.430599 -18.624500
vt 52.052700 -19.020201
vt 51.990799 -18.996799
vt 51.942501 -18.968000
vt 51.874599 -18.970900
vt 51.911999 -18.938801
vt 51.864399 -18.906601
vt 51.781101 -19.152700
vt 51.805000 -19.089600
vt 51.722599 -19.235201
vt 51.639198 -19.245501
vt 51.693100 -19.279100
vt 51.656700 -19.308701
vt 51.624901 -19.288799
vt 51.617199 -19.337601
vt 52.320499 -18.940701
vt 52.384800 -18.844400
vt 52.451401 -18.712400
vt 52.400299 -18.724899
vt 52.444401 -18.592100
vt 52.388401 -18.624901
vt 51.367100 -19.071899
vt 51.423901 -19.026300
vt 51.296001 -19.112301
vt 51.497601 -18.959000
vt 51.540298 -18.892500
vt 52.580898 -18.824499
vt 52.580898 -18.764500
vt 52.580898 -18.704500
vt 51.539700 -19.220800
vt 51.574402 -19.276699
vt 51.486401 -19.149000
vt 51.427299 -19.109800
vt 52.735699 -18.801300
vt 52.735699 -18.764500
vt 52.735699 -18.727699
vt 51.877102 -19.196100
vt 52.000000 -19.282499
vt 52.000000 -19.214100
vt 51.917198 -19.155899
vt 52.000000 -19.132700
vt 52.122898 -19.196100
vt 52.082802 -19.155899
vt 52.010601 -19.024099
vt 52.010601 -19.102800
vt 52.073399 -19.068199
vt 52.028500 -19.115400
vt 52.010601 -19.132299
vt 51.947800 -19.068199
vt 51.992699 -19.115400
vt 51.923698 -19.189600
vt 52.000000 -19.211800
vt 52.000000 -19.143700
vt 51.936501 -19.245501
vt 52.000000 -19.268600
vt 51.962399 -19.288799
vt 52.000000 -19.337601
vt 52.076302 -19.189600
vt 52.063499 -19.245501
vt 52.037601 -19.288799
vt 52.083302 -19.023199
vt 52.010601 -19.002800
vt 52.010601 -19.083900
vt 52.059601 -18.970900
vt 52.010601 -18.906601
vt 51.937901 -19.023199
vt 51.961601 -18.970900
vt 52.000000 -19.078800
vt 52.143700 -19.057899
vt 52.115200 -18.998800
vt 52.000000 -19.011600
vt 52.199699 -18.940701
vt 51.884800 -18.998800
vt 52.248699 -18.981701
vt 51.856300 -19.057899
vt 51.800301 -18.940701
vt 51.751301 -18.981701
vt 52.230202 -18.844400
vt 52.199799 -18.724899
vt 51.769798 -18.844400
vt 51.800201 -18.724899
vt 52.176102 -18.863400
vt 51.823898 -18.863400
vt 52.088402 -18.698000
vt 51.911598 -18.698000
vt 52.115299 -18.624901
vt 51.884701 -18.624901
vt 52.000000 -18.660801
vt 52.000000 -18.579399
vt 52.772400 -19.000000
vt 52.809200 -18.963200
vt 52.772400 -18.945900
vt 52.809200 -19.000000
vt 52.809200 -19.036800
vt 52.772400 -19.054100
vt 51.495899 -19.110300
vt 51.488701 -19.000000
vt 51.417400 -19.000000
vt 51.544601 -19.078501
vt 51.568100 -19.000000
vt 51.584099 -19.022400
vt 51.598202 -19.000000
vt 51.495899 -18.889700
vt 51.544601 -18.921499
vt 51.584099 -18.977600
vt 52.621498 -19.000000
vt 52.662102 -18.940001
vt 52.621498 -18.920200
vt 52.662102 -19.000000
vt 52.662102 -19.059999
vt 52.621498 -19.079800
vt 52.474400 -19.000000
vt 52.495201 -18.884199
vt 52.442200 -18.911600
vt 52.421200 -19.000000
vt 52.442200 -19.088400
vt 52.495201 -19.115801
vt 52.271999 -18.856300
vt 52.230000 -19.000000
vt 52.314899 -19.000000
vt 52.271999 -19.143700
vt 52.356701 -18.884399
vt 52.356701 -19.115601
vt 52.351799 -18.751301
vt 52.351799 -19.248699
vt 52.424801 -18.800100
vt 52.424801 -19.199900
vt 52.073101 -18.989401
vt 52.030499 -18.915400
vt 52.007702 -18.989401
vt 52.087399 -18.924101
vt 52.148998 -18.942900
vt 52.030499 -19.063299
vt 52.087399 -19.054600
vt 52.148998 -19.035801
vt 51.706902 -19.079100
vt 51.748402 -19.000000
vt 51.675999 -19.000000
vt 51.768902 -19.065901
vt 51.803699 -19.000000
vt 51.816002 -19.039000
vt 51.867100 -19.000000
vt 51.706902 -18.920900
vt 51.768902 -18.934099
vt 51.816002 -18.961000
vt 51.247799 -18.926600
vt 51.219601 -18.989401
vt 51.296001 -18.989401
vt 51.205898 -18.971500
vt 51.190800 -18.989401
vt 51.247799 -19.052099
vt 51.205898 -19.007299
vt 52.580898 -19.000000
vt 52.580898 -18.940001
vt 52.580898 -19.059999
vt 52.735699 -19.000000
vt 52.735699 -18.963200
vt 52.735699 -19.036800
vt 51.227600 -18.764500
vt 51.190800 -18.801300
vt 51.227600 -18.818600
vt 51.190800 -18.764500
vt 51.190800 -18.727699
vt 51.227600 -18.710400
vt 52.549198 -19.308500
vt 52.582600 -19.431700
vt 52.638100 -19.396299
vt 52.504101 -19.354200
vt 52.611401 -19.245501
vt 52.709202 -19.342100
vt 52.747601 -19.282499
vt 52.660099 -19.196100
vt 51.378502 -18.764500
vt 51.337898 -18.824499
vt 51.378502 -18.844299
vt 51.337898 -18.764500
vt 51.337898 -18.704500
vt 51.378502 -18.684700
vt 52.768299 -18.948099
vt 52.652802 -18.956100
vt 52.700600 -19.010000
vt 52.729500 -18.886000
vt 52.800499 -19.024099
vt 52.586800 -18.881800
vt 52.752201 -19.068199
vt 52.671299 -18.804600
vt 52.610600 -18.754601
vt 52.535099 -18.823500
vt 51.510799 -18.882900
vt 51.575199 -18.979601
vt 51.609001 -18.938999
vt 51.563599 -18.863400
vt 51.547798 -18.773600
vt 51.495300 -18.763100
vt 51.504799 -18.665701
vt 51.557800 -18.698000
vt 51.563400 -18.863501
vt 51.648201 -18.981701
vt 52.282001 -19.106400
vt 52.338100 -19.189600
vt 52.399601 -19.143700
vt 52.345402 -19.059900
vt 52.267502 -19.004101
vt 52.231400 -19.046801
vt 52.197498 -18.996700
vt 52.213799 -18.977200
vt 52.167099 -18.957500
vt 51.926899 -19.149099
vt 51.851002 -19.079500
vt 51.846298 -19.125799
vt 51.992298 -19.161600
vt 52.044899 -19.070200
vt 51.969501 -19.090500
vt 51.798599 -19.072701
vt 51.804401 -19.060400
vt 52.078400 -19.145901
vt 52.142399 -19.083900
vt 52.103699 -19.023199
vt 52.359901 -18.628099
vt 52.262299 -18.666500
vt 52.293098 -18.739000
vt 52.390800 -18.703199
vt 52.231098 -18.747900
vt 52.210701 -18.685200
vt 52.171799 -18.714500
vt 52.183998 -18.751499
vt 52.132900 -18.747101
vt 52.324001 -18.812300
vt 52.421902 -18.778601
vt 52.497501 -18.714001
vt 52.463501 -18.667000
vt 52.522301 -18.645399
vt 52.537998 -18.666700
vt 52.569401 -18.624500
vt 52.009201 -18.996799
vt 51.947300 -19.020201
vt 52.057499 -18.968000
vt 52.125401 -18.970900
vt 52.088001 -18.938801
vt 52.135601 -18.906601
vt 52.218899 -19.152700
vt 52.277401 -19.235201
vt 52.360802 -19.245501
vt 52.195000 -19.089600
vt 52.306900 -19.279100
vt 52.343300 -19.308701
vt 52.375099 -19.288799
vt 52.382801 -19.337601
vt 51.679501 -18.940701
vt 51.615200 -18.844400
vt 51.548599 -18.712400
vt 51.599701 -18.724899
vt 51.611599 -18.624901
vt 51.555599 -18.592100
vt 52.632900 -19.071899
vt 52.576099 -19.026300
vt 52.703999 -19.112301
vt 52.502399 -18.959000
vt 52.459702 -18.892500
vt 52.425598 -19.276699
vt 52.460300 -19.220800
vt 52.513599 -19.149000
vt 52.572701 -19.109800
vt 51.419102 -18.824499
vt 51.419102 -18.764500
vt 51.419102 -18.704500
vt 51.264301 -18.801300
vt 51.264301 -18.764500
vt 51.264301 -18.727699
vt 0.300181 0.048847
vt 0.367898 0.110665
vt 0.323598 0.136242
vt 0.387575 0.200219
vt 0.289610 0.155864
vt 0.367953 0.234207
vt 0.474970 0.172484
vt 0.474970 0.223636
vt 0.562365 0.200219
vt 0.413152 0.155919
vt 0.536788 0.155919
vt 0.442940 0.104325
vt 0.474970 0.112907
vt 0.507000 0.104325
vt 0.582042 0.110665
vt 0.474970 0.048847
vt 0.419492 0.080877
vt 0.351334 0.048847
vt 0.410910 0.048847
vt 0.419492 0.016817
vt 0.367898 -0.012971
vt 0.323598 -0.038548
vt 0.442940 -0.006631
vt 0.413152 -0.058225
vt 0.387575 -0.102525
vt 0.367953 -0.136513
vt 0.289610 -0.058170
vt 0.474970 -0.125942
vt 0.474970 -0.074789
vt 0.474970 -0.015213
vt 0.507000 -0.006631
vt 0.536788 -0.058225
vt 0.562365 -0.102525
vt 0.582042 -0.012971
vt 0.530448 0.016817
vt 0.539030 0.048847
vt 0.530448 0.080877
vt 0.598606 0.048847
vt 0.649759 0.048847
vt 0.626342 0.136242
vt 0.581987 0.234207
vt 0.626342 -0.038548
vt 0.660330 0.155864
vt 0.660330 -0.058170
vt 0.581987 -0.136513
vt 0.746039 0.048847
vt 0.809971 0.168199
vt 0.746039 0.172405
vt 0.809971 0.255570
vt 0.682106 0.168199
vt 0.746039 0.262856
vt 0.682106 0.255570
vt 0.622522 0.234205
vt 0.622522 0.155864
vt 0.682106 0.048847
vt 0.682106 -0.070505
vt 0.622523 0.048847
vt 0.571331 0.136232
vt 0.622523 -0.058170
vt 0.622522 -0.136511
vt 0.571331 -0.038538
vt 0.571331 0.048847
vt 0.682106 -0.157876
vt 0.746039 -0.165162
vt 0.431960 -0.012805
vt 0.508219 -0.045007
vt 0.508219 -0.005340
vt 0.271574 0.062679
vt 0.360299 0.068488
vt 0.360299 0.082865
vt 0.431960 0.110499
vt 0.184688 0.059024
vt -0.039941 0.054712
vt -0.039941 0.052233
vt 0.184688 0.054723
vt 0.271574 0.056833
vt 0.271574 0.048847
vt 0.360299 0.048847
vt 0.184688 0.048847
vt -0.039941 0.048847
vt -0.043214 0.050701
vt 0.184688 0.042971
vt -0.043214 0.048847
vt -0.043214 0.046993
vt -0.039941 0.045461
vt 0.271574 0.040861
vt 0.184688 0.038670
vt -0.039941 0.042982
vt 0.271574 0.035015
vt 0.360299 0.014829
vt 0.360299 0.029206
vt 0.431960 0.013252
vt 0.431960 0.048847
vt 0.508219 0.048847
vt 0.431960 0.084442
vt 0.508219 0.103034
vt 0.508219 0.142701
vt 0.869552 0.234207
vt 0.869552 0.155864
vt 0.869552 0.048847
vt 0.920724 0.136242
vt 0.920724 0.048847
vt 0.920724 -0.038548
vt 0.869552 -0.058170
vt 0.809971 -0.157876
vt 0.869552 -0.136513
vt 0.809971 0.048847
vt 0.809971 -0.070505
vt 0.746039 -0.074711
vt 0.203901 0.048847
vt 0.203901 -0.074711
vt 0.267835 -0.070505
vt 0.267835 0.048847
vt 0.327419 -0.058170
vt 0.327419 0.048847
vt 0.378610 -0.038538
vt 0.267835 0.168199
vt 0.378610 0.048847
vt 0.203901 0.172405
vt 0.139970 0.168199
vt 0.327419 0.155864
vt 0.378610 0.136232
vt 0.327419 0.234205
vt 0.267835 0.255570
vt 0.441721 0.048847
vt 0.517981 0.084442
vt 0.441721 0.103034
vt 0.441721 0.142701
vt 0.517981 0.110499
vt 0.517981 0.013252
vt 0.441721 -0.005340
vt 0.993155 0.050701
vt 0.989882 0.048847
vt 0.993155 0.048847
vt 0.993155 0.046992
vt 0.989882 0.052233
vt 0.989882 0.045461
vt 0.765253 0.048847
vt 0.765253 0.042971
vt 0.765253 0.054723
vt 0.678367 0.048847
vt 0.678367 0.056833
vt 0.589642 0.082865
vt 0.678367 0.062679
vt 0.678367 0.040861
vt 0.589642 0.048847
vt 0.589642 0.068488
vt 0.517981 0.048847
vt 0.589642 0.029206
vt 0.029216 0.048847
vt 0.080389 0.048847
vt 0.029216 0.136242
vt 0.029216 -0.038548
vt 0.080389 0.155864
vt 0.139970 0.255570
vt 0.080389 0.234207
vt 0.080389 -0.058170
vt 0.139970 0.048847
vt 0.139970 -0.070505
vt 0.581987 0.234205
vt 0.626326 0.136232
vt 0.660328 0.155864
vt 0.583343 0.048847
vt 0.626326 -0.038538
vt 0.649741 0.048847
vt 0.562355 -0.102509
vt 0.660328 -0.058170
vt 0.562355 0.200203
vt 0.581987 -0.136511
vt 0.387585 -0.102509
vt 0.289612 -0.058170
vt 0.367953 -0.136511
vt 0.474970 -0.125924
vt 0.474970 -0.059526
vt 0.323614 -0.038538
vt 0.323614 0.136232
vt 0.367953 0.234205
vt 0.289612 0.155864
vt 0.387585 0.200203
vt 0.474970 0.157220
vt 0.474970 0.223618
vt 0.420783 0.142701
vt 0.381116 0.103034
vt 0.366597 0.048847
vt 0.300199 0.048847
vt 0.381116 -0.005340
vt 0.420783 -0.045007
vt 0.529157 0.142701
vt 0.568824 0.103034
vt 0.478356 0.054712
vt 0.476824 0.052059
vt 0.480835 0.052233
vt 0.469105 0.052233
vt 0.473116 0.052059
vt 0.471584 0.054712
vt 0.474970 0.052556
vt 0.471758 0.050701
vt 0.478182 0.050701
vt 0.476824 0.045635
vt 0.478679 0.048847
vt 0.478182 0.046992
vt 0.478356 0.042982
vt 0.480835 0.045461
vt 0.473116 0.045635
vt 0.474970 0.045138
vt 0.471261 0.048847
vt 0.471758 0.046992
vt 0.471584 0.042982
vt 0.469105 0.045461
vt 0.529157 -0.045007
vt 0.568824 -0.005340
vt 0.139970 -0.157876
vt 0.203901 -0.165162
vt 0.267835 -0.157876
vt 0.327419 -0.136511
vt 0.378610 -0.038538
vt 0.517981 -0.012805
vt 0.441721 -0.045007
vt 0.765253 0.059024
vt 0.989882 0.054712
vt 0.989882 0.042982
vt 0.993155 0.046993
vt 0.765253 0.038670
vt 0.678367 0.035015
vt 0.203901 0.262856
vt 0.080389 -0.136513
vt 0.682106 0.168198
vt 0.622522 -0.058170
vt 0.622522 0.048847
vt 0.571331 -0.038538
vt -0.043214 0.046992
vt 0.809971 0.168198
s 1
usemtl Meshpart1Mtl.002
f 1/1/1 2/2/2 3/3/3
f 4/4/4 2/2/2 1/1/1
f 3/3/3 2/2/2 5/5/3
f 2/2/2 4/4/4 6/6/4
f 7/7/5 3/3/3 5/5/3
f 4/4/4 8/8/6 6/6/4
f 3/3/3 7/7/5 9/9/5
f 8/8/6 4/4/4 10/10/7
f 11/11/8 9/9/5 7/7/5
f 10/10/7 12/12/9 8/8/6
f 9/9/5 11/11/8 13/13/8
f 10/10/7 14/14/9 12/12/9
f 11/11/8 15/15/10 13/13/8
f 16/16/11 12/12/9 14/14/9
f 17/17/10 15/15/10 11/11/8
f 12/12/9 16/16/11 18/18/11
f 15/15/10 17/17/10 19/19/12
f 20/20/13 18/18/11 16/16/11
f 19/19/12 17/17/10 21/21/12
f 18/18/11 20/20/13 22/22/13
f 23/23/14 19/19/12 21/21/12
f 23/23/14 22/22/13 20/20/13
f 23/23/14 21/21/12 24/24/14
f 22/22/13 23/23/14 24/24/14
f 27/25/15 26/26/16 25/3/17
f 27/25/15 25/3/17 28/9/15
f 31/27/18 29/4/19 30/28/19
f 29/4/19 31/27/18 33/10/18
f 35/29/20 34/30/21 32/15/21
f 35/29/20 32/15/21 36/19/20
f 39/31/22 37/16/23 38/32/23
f 37/16/23 39/31/22 40/20/22
f 41/33/24 42/34/25 43/35/25
f 44/36/26 43/35/25 42/34/25
f 42/34/25 41/33/24 45/37/27
f 44/36/26 42/34/25 46/38/26
f 47/39/28 45/37/27 41/33/24
f 46/38/26 48/40/29 44/36/26
f 47/39/28 41/33/24 49/41/28
f 48/40/29 46/38/26 50/42/29
f 51/43/30 47/39/28 49/41/28
f 52/44/31 48/40/29 50/42/29
f 47/39/28 51/43/30 53/45/30
f 48/40/29 52/44/31 54/46/31
f 55/47/32 53/45/30 51/43/30
f 56/48/33 54/46/31 52/44/31
f 53/45/30 55/47/32 57/49/32
f 56/48/33 52/44/31 58/50/33
f 55/47/32 59/51/34 57/49/32
f 60/52/35 56/48/33 58/50/33
f 55/47/32 61/53/36 59/51/34
f 60/52/35 58/50/33 62/54/37
f 63/55/38 59/51/34 61/53/36
f 64/56/38 60/52/35 62/54/37
f 59/51/34 63/55/38 64/56/38
f 60/52/35 64/56/38 63/55/38
f 67/36/39 66/57/40 65/35/41
f 66/57/40 67/36/39 69/58/39
f 70/59/42 71/43/43 68/41/42
f 71/43/43 70/59/42 72/60/43
f 75/48/44 74/61/45 73/46/45
f 74/61/45 75/48/44 77/62/44
f 79/55/46 76/53/47 78/63/47
f 79/55/46 78/63/47 80/64/46
f 81/65/48 82/66/49 83/67/50
f 82/66/49 81/65/48 84/68/48
f 85/69/51 83/67/50 82/66/49
f 86/70/52 84/68/48 81/65/48
f 83/67/50 85/69/51 87/71/53
f 88/72/54 86/70/52 81/65/48
f 88/72/54 89/73/55 86/70/52
f 89/73/55 88/72/54 90/74/56
f 93/75/57 92/76/58 91/77/59
f 96/78/60 94/79/61 95/80/62
f 101/76/63 97/81/64 99/82/64
f 102/80/65 100/83/66 98/84/67
f 97/81/64 101/76/63 103/85/68
f 98/84/67 104/86/69 102/80/65
f 105/75/70 103/85/68 101/76/63
f 106/78/71 102/80/65 104/86/69
f 103/85/68 105/75/70 107/87/72
f 106/78/71 104/86/69 108/88/73
f 109/89/74 107/87/72 105/75/70
f 108/88/73 109/89/74 106/78/71
f 107/87/72 109/89/74 110/90/74
f 109/89/74 108/88/73 110/90/74
f 111/91/75 112/92/76 113/93/77
f 114/94/78 113/93/79 115/95/80
f 116/96/81 118/93/82 117/92/83
f 118/93/84 119/97/85 120/95/86
f 122/98/87 123/99/88 121/100/89
f 123/99/88 122/98/87 124/101/90
f 123/99/88 124/101/90 125/102/91
f 126/100/92 128/99/93 127/103/94
f 127/103/94 128/99/93 129/104/95
f 129/104/95 128/99/93 130/102/96
f 131/105/97 133/106/98 132/107/99
f 132/107/99 133/106/98 134/108/100
f 134/108/100 133/106/98 135/109/101
f 137/110/102 138/106/103 136/105/104
f 138/106/103 137/110/102 139/111/105
f 138/106/103 139/111/105 140/109/106
f 142/112/107 141/113/107 143/114/108
f 143/114/108 144/115/109 142/112/107
f 144/115/109 143/114/108 145/116/110
f 144/115/109 145/116/110 146/117/110
f 146/117/110 145/116/110 147/118/111
f 149/119/112 150/114/113 148/113/112
f 150/114/113 149/119/112 151/120/113
f 151/120/113 152/116/114 150/114/113
f 152/116/114 151/120/113 153/121/114
f 152/116/114 153/121/114 154/118/115
f 157/122/116 155/123/20 156/124/20
f 157/122/116 156/124/20 158/125/116
f 160/126/117 157/122/116 158/125/116
f 157/122/116 160/126/117 159/127/117
f 163/128/118 162/129/119 161/130/120
f 163/128/118 161/130/120 165/131/121
f 164/132/122 163/128/118 165/131/121
f 163/128/118 164/132/122 166/133/122
f 168/134/123 169/135/124 167/136/123
f 169/135/124 168/134/123 170/137/125
f 169/135/124 170/137/125 171/138/126
f 173/139/127 172/136/127 174/135/128
f 174/135/128 175/140/129 173/139/127
f 175/140/129 174/135/128 176/138/130
f 178/141/131 179/142/132 177/143/131
f 179/142/132 178/141/131 180/144/133
f 180/144/133 181/145/134 179/142/132
f 181/145/134 180/144/133 182/146/135
f 181/145/134 182/146/135 183/147/136
f 186/142/137 185/148/138 184/143/138
f 185/148/138 186/142/137 187/149/139
f 186/142/137 188/145/140 187/149/139
f 187/149/139 188/145/140 189/150/141
f 189/150/141 188/145/140 190/147/142
f 191/151/143 192/152/144 193/153/143
f 194/154/145 193/153/143 192/152/144
f 194/154/145 195/155/146 193/153/143
f 194/154/145 196/156/147 195/155/146
f 194/154/145 197/157/148 196/156/147
f 196/156/147 197/157/148 198/158/149
f 199/159/150 200/157/151 201/160/152
f 202/154/153 201/160/152 200/157/151
f 201/160/152 202/154/153 203/161/154
f 202/154/153 204/162/155 203/161/154
f 204/162/155 202/154/153 205/152/155
f 204/162/155 205/152/155 206/151/155
f 209/163/156 208/164/157 207/165/158
f 208/164/157 209/163/156 211/166/156
f 212/167/159 209/163/156 210/168/160
f 209/163/156 212/167/159 211/166/156
f 213/169/161 214/170/162 215/171/163
f 216/172/164 215/171/163 214/170/162
f 214/170/162 213/169/161 217/173/165
f 214/170/162 218/174/166 216/172/164
f 219/175/167 217/173/165 213/169/161
f 220/176/168 216/172/164 218/174/166
f 217/173/165 219/175/167 221/177/169
f 218/174/166 222/178/170 220/176/168
f 224/179/171 225/180/172 223/181/171
f 225/180/172 224/179/171 226/182/173
f 225/180/172 226/182/173 227/183/174
f 232/128/175 228/184/176 230/129/177
f 229/185/178 232/128/175 231/133/178
f 228/184/176 232/128/175 233/186/175
f 232/128/175 229/185/178 233/186/175
f 235/187/179 234/181/179 236/180/180
f 235/187/179 236/180/180 237/188/180
f 237/188/180 236/180/180 238/183/181
f 243/122/182 241/189/183 239/123/183
f 242/190/184 243/122/182 240/127/185
f 241/189/183 243/122/182 244/191/186
f 243/122/182 242/190/184 244/191/186
f 245/192/187 246/193/188 247/194/189
f 246/193/188 248/195/190 247/194/189
f 249/196/191 247/194/189 248/195/190
f 247/194/189 249/196/191 250/197/191
f 251/198/192 252/199/193 253/200/193
f 252/199/193 251/198/192 254/201/192
f 255/202/194 254/201/192 251/198/192
f 255/202/194 256/203/194 254/201/192
f 255/202/194 257/204/195 256/203/194
f 257/204/195 255/202/194 258/205/195
f 260/206/196 259/207/196 261/208/197
f 259/207/196 262/209/197 261/208/197
f 263/210/198 261/208/197 262/209/197
f 261/208/197 263/210/198 264/211/198
f 265/212/199 266/213/200 267/214/200
f 266/213/200 265/212/199 268/215/201
f 267/214/200 266/213/200 269/216/202
f 270/217/203 268/215/201 265/212/199
f 271/218/202 267/214/200 269/216/202
f 268/215/201 270/217/203 272/219/204
f 269/216/202 273/220/205 271/218/202
f 273/220/205 269/216/202 274/221/205
f 277/222/206 275/223/207 276/224/56
f 275/223/207 277/222/206 278/225/206
f 277/222/206 279/226/61 278/225/206
f 279/226/61 277/222/206 280/227/208
f 279/226/61 281/228/60 282/229/209
f 285/230/210 283/231/211 284/224/212
f 284/224/212 286/222/210 285/230/210
f 287/232/213 288/233/214 289/234/215
f 288/233/214 290/235/216 289/234/215
f 288/233/214 287/232/213 291/236/217
f 290/235/216 288/233/214 292/237/218
f 290/235/216 292/237/218 293/238/219
f 294/239/220 290/235/216 293/238/219
f 294/239/220 293/238/219 295/240/221
f 298/241/222 297/242/223 299/243/224
f 301/244/225 298/241/222 299/243/224
f 300/245/226 296/246/227 302/247/228
f 299/243/224 303/248/229 301/244/225
f 305/249/78 300/245/75 304/250/79
f 303/248/229 299/243/224 306/251/230
f 307/252/231 308/253/232 309/254/232
f 308/253/232 307/252/231 310/255/231
f 311/256/233 310/255/231 307/252/231
f 310/255/231 311/256/233 312/257/234
f 311/256/233 313/258/235 312/257/234
f 313/258/235 311/256/233 314/259/235
f 313/258/235 314/259/235 315/260/236
f 316/261/237 317/254/238 318/262/239
f 317/254/238 319/263/240 318/262/239
f 317/254/238 316/261/237 320/252/241
f 319/263/240 317/254/238 321/264/242
f 319/263/240 321/264/242 322/265/243
f 319/263/240 322/265/243 323/266/243
f 323/266/243 322/265/243 324/267/244
f 326/242/245 325/268/148 327/269/246
f 327/269/246 328/243/247 326/242/245
f 327/269/246 329/251/248 328/243/247
f 329/251/248 327/269/246 330/270/249
f 330/270/249 331/271/250 329/251/248
f 331/271/250 330/270/249 332/272/251
f 331/271/250 332/272/251 333/273/252
f 334/236/253 335/274/254 336/233/255
f 336/233/255 335/274/254 337/275/92
f 335/274/254 334/236/253 338/276/256
f 339/237/94 336/233/255 337/275/92
f 340/277/257 338/276/256 334/236/253
f 338/276/256 340/277/257 341/278/258
f 340/277/257 342/279/259 341/278/258
f 342/279/259 340/277/257 343/280/259
f 342/279/259 343/280/259 344/281/260
f 345/282/261 346/230/262 347/283/262
f 348/284/263 347/283/262 346/230/262
f 349/285/264 350/286/265 351/287/266
f 352/282/267 353/223/268 354/283/269
f 354/283/269 353/223/268 355/225/270
f 356/215/271 357/288/271 358/213/272
f 358/213/272 357/288/271 359/289/273
f 356/215/271 360/290/274 357/288/271
f 359/289/273 361/216/275 358/213/272
f 360/290/274 356/215/271 362/219/276
f 361/216/275 359/289/273 363/291/275
f 361/216/275 363/291/275 364/292/277
f 364/292/277 365/221/99 361/216/275
f 368/208/278 366/293/279 367/206/280
f 366/293/279 368/208/278 369/294/278
f 369/294/278 368/208/278 370/295/281
f 368/208/278 371/211/281 370/295/281
f 372/296/282 373/198/283 374/297/112
f 373/198/283 375/200/112 374/297/112
f 372/296/282 376/202/284 373/198/283
f 376/202/284 372/296/282 377/298/284
f 378/299/179 376/202/284 377/298/284
f 376/202/284 378/299/179 379/205/179
f 382/194/285 381/300/286 380/192/287
f 381/300/286 382/194/285 383/301/285
f 383/301/285 382/194/285 384/302/288
f 382/194/285 385/197/289 384/302/288
f 387/303/290 386/304/290 388/305/291
f 387/303/290 388/305/291 389/306/292
f 389/306/292 388/305/291 390/307/293
f 392/308/294 393/305/295 391/304/294
f 393/305/295 392/308/294 394/309/296
f 393/305/295 394/309/296 395/307/297
f 396/310/203 398/311/298 397/312/299
f 397/312/299 398/311/298 399/313/298
f 399/313/298 398/311/298 400/314/300
f 402/315/301 403/311/302 401/310/303
f 403/311/302 402/315/301 404/316/302
f 403/311/302 404/316/302 405/314/304
f 406/317/305 408/318/306 407/319/307
f 408/318/306 406/317/305 409/320/308
f 409/320/308 410/321/309 408/318/306
f 410/321/309 409/320/308 411/322/310
f 410/321/309 411/322/310 412/323/311
f 413/319/312 415/318/313 414/324/314
f 414/324/314 415/318/313 416/325/315
f 415/318/313 417/321/316 416/325/315
f 416/325/315 417/321/316 418/326/317
f 418/326/317 417/321/316 419/323/318
f 421/327/319 422/328/320 420/329/321
f 422/328/320 421/327/319 423/330/322
f 422/328/320 423/330/322 424/331/323
f 426/332/324 425/329/325 427/328/326
f 427/328/326 428/333/327 426/332/324
f 427/328/326 429/331/328 428/333/327
f 430/334/329 431/335/330 432/336/331
f 430/334/329 432/336/331 433/337/329
f 431/335/330 434/338/332 432/336/331
f 435/339/333 430/334/329 433/337/329
f 434/338/332 431/335/330 436/340/334
f 430/334/329 435/339/333 437/341/335
f 438/84/262 434/338/332 436/340/334
f 439/342/336 437/341/335 435/339/333
f 437/341/335 439/342/336 441/343/337
f 439/342/336 443/81/338 441/343/337
f 440/344/262 442/86/263 444/345/264
f 446/88/265 444/345/264 442/86/263
f 447/85/339 445/346/338 448/347/340
f 449/87/341 447/85/339 448/347/340
f 454/79/342 452/348/343 450/344/344
f 455/77/345 451/346/346 453/349/346
f 450/344/344 456/345/347 454/79/342
f 451/346/346 455/77/345 457/347/348
f 456/345/347 458/350/349 454/79/342
f 459/351/350 457/347/348 455/77/345
f 456/345/347 460/352/351 458/350/349
f 457/347/348 459/351/350 461/353/352
f 460/352/351 462/354/353 458/350/349
f 462/354/353 461/353/352 459/351/350
f 462/354/353 460/352/351 463/355/353
f 461/353/352 462/354/353 463/355/353
f 464/33/354 465/41/355 466/39/355
f 467/43/356 466/39/355 465/41/355
f 464/33/354 466/39/355 468/37/354
f 466/39/355 467/43/356 469/45/356
f 470/34/357 464/33/354 468/37/354
f 471/47/358 469/45/356 467/43/356
f 464/33/354 470/34/357 472/35/357
f 469/45/356 471/47/358 473/49/359
f 470/34/357 474/36/360 472/35/357
f 475/51/361 473/49/359 471/47/358
f 474/36/360 470/34/357 476/38/360
f 471/47/358 477/53/361 475/51/361
f 476/38/360 478/40/362 474/36/360
f 479/55/363 475/51/361 477/53/361
f 478/40/362 476/38/360 480/42/362
f 475/51/361 479/55/363 481/56/363
f 482/44/364 478/40/362 480/42/362
f 483/52/365 481/56/363 479/55/363
f 478/40/362 482/44/364 484/46/366
f 481/56/363 483/52/365 485/54/365
f 486/48/367 484/46/366 482/44/364
f 483/52/365 487/50/367 485/54/365
f 482/44/364 487/50/367 486/48/367
f 487/50/367 483/52/365 486/48/367
f 490/59/368 492/43/369 488/41/368
f 493/36/370 491/57/371 489/35/372
f 492/43/369 490/59/368 494/60/279
f 491/57/371 493/36/370 495/58/370
f 498/63/373 500/55/374 496/53/281
f 501/48/375 499/61/376 497/46/376
f 498/63/373 502/64/374 500/55/374
f 499/61/376 501/48/375 503/62/377
f 504/4/378 505/2/379 506/1/379
f 507/3/380 506/1/379 505/2/379
f 505/2/379 504/4/378 508/6/378
f 509/5/380 507/3/380 505/2/379
f 504/4/378 510/8/381 508/6/378
f 511/7/382 507/3/380 509/5/380
f 510/8/381 504/4/378 512/10/383
f 507/3/380 511/7/382 513/9/382
f 512/10/383 514/12/384 510/8/381
f 515/11/385 513/9/382 511/7/382
f 514/12/384 512/10/383 516/14/386
f 513/9/382 515/11/385 517/13/387
f 518/16/388 514/12/384 516/14/386
f 517/13/387 515/11/385 519/15/389
f 514/12/384 518/16/388 520/18/388
f 519/15/389 515/11/385 521/17/389
f 522/20/390 520/18/388 518/16/388
f 523/19/391 519/15/389 521/17/389
f 520/18/388 522/20/390 524/22/390
f 525/21/391 523/19/391 521/17/389
f 526/23/392 524/22/390 522/20/390
f 525/21/391 526/23/392 523/19/391
f 524/22/390 526/23/392 527/24/393
f 526/23/392 525/21/391 527/24/393
f 532/27/286 528/4/394 530/28/394
f 529/3/395 533/25/396 531/26/397
f 528/4/394 532/27/286 534/10/286
f 533/25/396 529/3/395 535/9/398
f 540/31/399 536/16/288 538/32/288
f 541/29/184 539/30/400 537/15/400
f 536/16/288 540/31/399 542/20/399
f 537/15/400 543/19/401 541/29/184
f 544/356/402 545/357/16 546/358/16
f 545/357/16 544/356/402 547/359/403
f 548/360/19 547/359/403 544/356/402
f 549/361/404 548/360/19 544/356/402
f 551/362/405 552/363/406 550/364/405
f 552/363/406 551/362/405 553/365/406
f 553/365/406 554/366/407 552/363/406
f 554/366/407 553/365/406 555/367/408
f 554/366/407 555/367/408 556/368/409
f 558/369/410 557/364/410 559/363/411
f 558/369/410 559/363/411 560/370/412
f 559/363/411 561/366/413 560/370/412
f 560/370/412 561/366/413 562/371/413
f 562/371/413 561/366/413 563/368/414
f 564/372/415 565/373/416 566/374/416
f 565/373/416 564/372/415 567/375/415
f 568/376/417 567/375/415 564/372/415
f 569/377/417 568/376/417 564/372/415
f 572/378/418 570/379/419 571/380/420
f 572/378/418 571/380/420 574/381/418
f 572/378/418 575/382/421 573/383/422
f 575/382/421 572/378/418 574/381/418
f 576/384/423 577/385/424 578/386/424
f 579/387/425 578/386/424 577/385/424
f 578/386/424 580/388/426 576/384/423
f 578/386/424 579/387/425 581/389/427
f 582/390/428 576/384/423 580/388/426
f 583/391/429 581/389/427 579/387/425
f 582/390/428 580/388/426 584/392/430
f 581/389/427 583/391/429 585/393/431
f 586/394/432 587/395/223 588/396/433
f 587/395/223 586/394/432 589/397/434
f 586/394/432 590/398/75 589/397/434
f 591/394/435 592/399/436 593/400/437
f 594/401/438 591/394/435 593/400/437
f 592/399/436 591/394/435 595/396/439
f 596/402/440 598/403/441 597/404/442
f 598/403/441 596/402/440 599/405/443
f 599/405/443 600/406/444 598/403/441
f 600/406/444 599/405/443 601/407/445
f 600/406/444 601/407/445 602/408/446
f 605/403/447 604/409/448 603/404/449
f 604/409/448 605/403/447 606/410/450
f 607/406/451 606/410/450 605/403/447
f 606/410/450 607/406/451 608/411/452
f 608/411/452 607/406/451 609/408/453
f 611/412/276 612/413/454 610/414/276
f 612/413/454 611/412/276 613/415/454
f 612/413/454 613/415/454 614/416/455
f 616/417/456 615/414/456 617/413/457
f 616/417/456 617/413/457 618/418/457
f 618/418/457 617/413/457 619/416/458
f 620/419/459 621/372/459 622/420/460
f 623/421/461 621/372/459 620/419/459
f 621/372/459 624/374/462 622/420/460
f 621/372/459 623/421/461 625/377/463
f 626/422/464 627/356/465 628/423/394
f 629/424/395 627/356/465 626/422/464
f 627/356/465 630/358/394 628/423/394
f 627/356/465 629/424/395 631/361/395
f 634/425/466 633/426/18 632/427/18
f 633/426/18 634/425/466 635/428/467
f 636/429/23 635/428/467 634/425/466
f 637/430/23 636/429/23 634/425/466
f 638/431/468 639/432/469 640/433/468
f 639/432/469 638/431/468 641/434/469
f 640/433/468 642/435/470 638/431/468
f 642/435/470 640/433/468 643/436/471
f 644/437/472 642/435/470 643/436/471
f 642/435/470 644/437/472 645/438/472
f 648/439/473 646/440/474 647/441/474
f 646/440/474 648/439/473 649/442/475
f 650/443/476 649/442/475 648/439/473
f 651/444/476 650/443/476 648/439/473
f 652/445/477 653/446/478 654/447/477
f 653/446/478 652/445/477 655/448/479
f 654/447/477 656/449/480 652/445/477
f 655/448/479 657/450/481 653/446/478
f 656/449/480 654/447/477 658/451/301
f 657/450/481 655/448/479 659/452/482
f 657/450/481 659/452/482 660/453/483
f 657/450/481 660/453/483 661/454/483
f 664/455/484 663/456/53 662/457/485
f 664/455/484 662/457/485 665/458/484
f 666/459/486 664/455/484 665/458/484
f 664/455/484 666/459/486 667/460/58
f 668/461/487 666/459/59 669/462/488
f 672/463/489 671/456/490 670/464/491
f 671/456/490 672/463/489 673/455/492
f 674/465/493 675/466/494 676/467/495
f 674/465/493 676/467/495 677/468/496
f 677/468/496 678/469/497 674/465/493
f 674/465/493 678/469/497 679/470/498
f 678/469/497 680/471/499 679/470/498
f 680/471/499 678/469/497 681/472/500
f 680/471/499 681/472/500 682/473/501
f 683/474/435 685/475/438 687/476/502
f 686/477/503 688/478/504 684/479/505
f 689/480/84 685/475/81 690/481/85
f 688/478/504 686/477/503 691/482/506
f 691/482/506 692/483/507 688/478/504
f 688/478/504 692/483/507 693/484/508
f 694/485/131 695/486/509 696/487/509
f 696/487/509 697/488/131 694/485/131
f 695/486/509 698/489/510 696/487/509
f 698/489/510 695/486/509 699/490/511
f 698/489/510 699/490/511 700/491/512
f 698/489/510 700/491/512 701/492/512
f 701/492/512 700/491/512 702/493/513
f 703/488/514 704/487/515 705/494/516
f 705/494/516 706/495/517 703/488/514
f 706/495/517 707/496/518 703/488/514
f 703/488/514 707/496/518 708/497/519
f 707/496/518 709/498/520 708/497/519
f 709/498/520 707/496/518 710/499/520
f 709/498/520 710/499/520 711/500/521
f 712/479/150 713/501/522 714/502/151
f 713/501/522 712/479/150 715/478/523
f 715/478/523 716/484/524 713/501/522
f 713/501/522 716/484/524 717/503/525
f 718/504/526 717/503/525 716/484/524
f 717/503/525 718/504/526 719/505/527
f 719/505/527 718/504/526 720/506/528
f 721/507/529 722/508/530 723/466/530
f 721/507/529 723/466/530 724/465/531
f 722/508/530 725/509/532 723/466/530
f 724/465/531 726/510/533 721/507/529
f 725/509/532 722/508/530 727/511/534
f 726/510/533 724/465/531 728/470/535
f 729/512/536 725/509/532 727/511/534
f 725/509/532 729/512/536 730/513/537
f 730/513/537 729/512/536 731/514/538
f 733/463/338 732/515/539 734/516/338
f 735/517/339 733/463/338 734/516/338
f 736/518/340 738/519/540 737/520/341
f 741/516/541 740/457/542 739/515/543
f 740/457/542 741/516/541 742/458/544
f 743/521/545 744/446/546 745/522/547
f 744/446/546 743/521/545 746/447/545
f 745/522/547 744/446/546 747/450/548
f 748/523/549 746/447/545 743/521/545
f 745/522/547 747/450/548 749/524/548
f 746/447/545 748/523/549 750/451/549
f 747/450/548 751/525/550 749/524/548
f 751/525/550 747/450/548 752/454/551
f 753/431/552 754/526/107 755/434/107
f 754/526/107 753/431/552 756/527/553
f 757/435/554 756/527/553 753/431/552
f 756/527/553 757/435/554 758/528/554
f 757/435/554 759/529/171 758/528/554
f 759/529/171 757/435/554 760/438/171
f 763/439/555 762/441/556 761/530/556
f 764/531/555 763/439/555 761/530/556
f 765/532/557 763/439/555 764/531/555
f 763/439/555 765/532/557 766/444/557
f 769/425/558 767/427/559 768/533/559
f 770/534/558 769/425/558 768/533/559
f 771/535/560 769/425/558 770/534/558
f 769/425/558 771/535/560 772/430/560
usemtl Meshpart2Mtl.002
f 773/536/561 776/537/562 775/538/563
f 778/539/564 777/540/565 775/538/563
f 776/537/562 778/539/564 775/538/563
f 777/540/565 778/539/564 780/541/566
f 778/539/564 784/542/567 781/543/568
f 782/544/569 781/543/568 784/542/567
f 784/542/567 778/539/564 785/545/570
f 778/539/564 776/537/562 785/545/570
f 784/542/567 786/546/571 782/544/569
f 776/537/562 787/547/572 785/545/570
f 785/545/570 787/547/572 784/542/567
f 784/542/567 787/547/572 788/548/573
f 784/542/567 789/549/574 786/546/571
f 789/549/574 784/542/567 788/548/573
f 790/550/575 782/544/569 786/546/571
f 789/549/574 790/550/575 786/546/571
f 788/548/573 787/547/572 791/551/576
f 789/549/574 788/548/573 791/551/576
f 787/547/572 776/537/562 792/552/577
f 787/547/572 792/552/577 791/551/576
f 793/553/578 792/552/577 776/537/562
f 776/537/562 773/536/561 793/553/578
f 792/552/577 793/553/578 794/554/579
f 792/552/577 794/554/579 791/551/576
f 794/554/579 793/553/578 795/555/580
f 794/554/579 795/555/580 791/551/576
f 796/556/581 793/553/578 773/536/561
f 793/553/578 796/556/581 795/555/580
f 773/536/561 774/557/582 796/556/581
f 796/556/581 797/558/583 795/555/580
f 795/555/580 797/558/583 791/551/576
f 774/557/582 798/559/584 796/556/581
f 798/559/584 797/558/583 796/556/581
f 774/557/582 799/560/585 798/559/584
f 774/557/582 800/561/586 799/560/585
f 800/561/586 774/557/582 779/562/587
f 801/563/588 798/559/584 799/560/585
f 802/564/589 797/558/583 798/559/584
f 798/559/584 801/563/588 802/564/589
f 797/558/583 802/564/589 803/565/590
f 797/558/583 803/565/590 791/551/576
f 802/564/589 804/566/591 803/565/590
f 803/565/590 804/566/591 791/551/576
f 801/563/588 805/567/592 802/564/589
f 804/566/591 802/564/589 805/567/592
f 805/567/592 801/563/588 806/568/593
f 807/569/594 804/566/591 805/567/592
f 807/569/594 805/567/592 806/568/593
f 804/566/591 808/570/595 791/551/576
f 804/566/591 807/569/594 808/570/595
f 808/570/595 809/571/596 791/551/576
f 809/571/596 810/572/597 791/551/576
f 810/572/597 789/549/574 791/551/576
f 808/570/595 811/573/598 809/571/596
f 811/573/598 810/572/597 809/571/596
f 811/573/598 808/570/595 807/569/594
f 790/550/575 789/549/574 810/572/597
f 810/572/597 811/573/598 790/550/575
f 812/574/599 790/550/575 811/573/598
f 807/569/594 812/574/599 811/573/598
f 790/550/575 812/574/599 813/575/600
f 782/544/569 790/550/575 813/575/600
f 813/575/600 783/576/601 782/544/569
f 812/574/599 807/569/594 814/577/602
f 806/568/593 814/577/602 807/569/594
f 783/576/601 813/575/600 815/578/603
f 806/568/593 816/579/604 814/577/602
f 816/579/604 806/568/593 817/580/605
f 818/581/606 819/582/607 820/583/608
f 821/584/609 820/583/608 819/582/607
f 822/585/610 818/581/606 820/583/608
f 820/583/608 821/584/609 823/586/611
f 823/586/611 822/585/610 820/583/608
f 822/585/610 823/586/611 824/587/612
f 825/588/613 822/585/610 824/587/612
f 822/585/610 825/588/613 827/589/614
f 827/589/614 828/590/615 822/585/610
f 818/581/606 822/585/610 828/590/615
f 829/591/616 818/581/606 828/590/615
f 828/590/615 827/589/614 830/592/617
f 830/592/617 827/589/614 826/593/618
f 828/590/615 831/594/619 829/591/616
f 831/594/619 828/590/615 830/592/617
f 832/595/620 829/591/616 831/594/619
f 830/592/617 833/596/621 831/594/619
f 830/592/617 826/593/618 834/597/622
f 833/596/621 830/592/617 834/597/622
f 829/591/616 832/595/620 836/598/623
f 829/591/616 836/598/623 837/599/624
f 839/600/625 838/601/626 840/602/627
f 843/603/628 844/604/629 842/605/630
f 841/606/631 842/605/630 844/604/629
f 845/607/632 846/608/633 848/609/634
f 848/609/634 849/610/635 845/607/632
f 850/611/636 845/607/632 849/610/635
f 845/607/632 850/611/636 843/603/637
f 849/610/635 851/612/638 850/611/636
f 850/611/636 852/613/639 844/604/629
f 852/613/639 850/611/636 851/612/638
f 848/609/634 853/614/640 849/610/635
f 851/612/638 849/610/635 853/614/640
f 853/614/640 848/609/634 854/615/641
f 848/609/634 847/616/642 854/615/641
f 855/617/643 851/612/638 853/614/640
f 856/618/644 854/615/641 847/616/642
f 857/619/645 854/615/641 856/618/644
f 858/620/646 853/614/640 854/615/641
f 858/620/646 855/617/643 853/614/640
f 854/615/641 857/619/645 858/620/646
f 855/617/643 859/621/647 851/612/638
f 859/621/647 852/613/639 851/612/638
f 858/620/646 860/622/648 855/617/643
f 860/622/648 859/621/647 855/617/643
f 860/622/648 858/620/646 861/623/649
f 860/622/648 862/624/650 859/621/647
f 862/624/650 863/625/651 864/626/652
f 862/624/650 864/626/652 859/621/647
f 839/600/625 864/626/652 863/625/651
f 859/621/647 864/626/652 852/613/639
f 864/626/652 839/600/625 865/627/653
f 839/600/625 840/602/627 865/627/653
f 864/626/652 866/628/654 852/613/639
f 864/626/652 865/627/653 866/628/654
f 866/628/654 844/604/629 852/613/639
f 865/627/653 840/602/627 835/629/655
f 865/627/653 835/629/655 866/628/654
f 844/604/629 866/628/654 867/630/656
f 835/629/655 867/630/656 866/628/654
f 844/604/629 867/630/656 841/606/631
f 867/630/656 835/629/655 868/631/657
f 841/606/631 868/631/658 869/632/659
f 819/582/607 870/633/587 821/584/609
f 870/633/587 819/582/607 872/634/660
f 873/635/661 871/636/662 872/634/660
f 871/636/662 873/635/661 874/637/663
f 873/635/661 875/638/664 874/637/663
f 875/638/664 873/635/661 877/639/605
f 877/639/605 878/640/665 876/641/604
f 879/642/666 877/639/605 873/635/661
f 872/634/660 879/642/666 873/635/661
f 879/642/666 872/634/660 819/582/607
f 877/639/605 879/642/666 880/643/667
f 878/640/665 877/639/605 880/643/667
f 819/582/607 818/581/606 879/642/666
f 818/581/606 880/643/667 879/642/666
f 881/644/668 878/640/665 880/643/667
f 880/643/667 818/581/606 881/644/668
f 878/640/665 881/644/668 837/599/624
f 881/644/668 829/591/616 837/599/624
f 818/581/606 829/591/616 881/644/668
f 885/645/669 884/646/670 883/647/671
f 886/648/672 883/647/671 882/649/673
f 883/647/671 886/648/672 885/645/669
f 882/649/673 888/650/674 886/648/672
f 888/650/674 882/649/673 887/651/675
f 889/652/676 885/645/669 886/648/672
f 887/651/675 890/653/677 888/650/674
f 885/645/669 889/652/676 891/654/678
f 885/645/669 891/654/678 892/655/679
f 886/648/672 894/656/680 889/652/676
f 894/656/680 886/648/672 888/650/674
f 888/650/674 895/657/681 894/656/680
f 895/657/681 888/650/674 890/653/677
f 894/656/682 896/658/683 893/659/684
f 899/660/685 900/661/686 898/662/687
f 897/663/688 900/661/689 901/664/690
f 904/665/691 899/660/685 903/666/626
f 907/667/692 911/668/693 909/669/694
f 911/668/693 910/670/695 909/669/694
f 911/668/693 907/667/692 906/671/696
f 910/670/695 911/668/693 912/672/697
f 913/673/698 912/672/697 911/668/693
f 912/672/697 913/673/698 908/674/699
f 913/673/698 911/668/693 906/671/696
f 913/673/698 906/671/696 914/675/700
f 915/676/701 913/673/698 914/675/700
f 915/676/701 908/674/699 913/673/698
f 915/676/701 914/675/700 916/677/702
f 902/678/703 916/677/702 905/679/704
f 908/674/699 915/676/701 917/680/705
f 918/681/706 915/676/701 916/677/702
f 918/681/706 917/680/705 915/676/701
f 916/677/702 902/678/703 919/682/707
f 918/681/706 916/677/702 919/682/707
f 900/661/686 919/682/707 902/678/703
f 920/683/708 919/682/707 900/661/686
f 919/682/707 920/683/708 918/681/706
f 900/661/686 899/660/685 920/683/708
f 899/660/685 904/665/691 920/683/708
f 920/683/708 921/684/709 918/681/706
f 917/680/705 918/681/706 921/684/709
f 921/684/709 920/683/708 904/665/691
f 924/685/599 927/686/710 925/687/600
f 926/688/602 927/686/710 924/685/599
f 927/686/710 928/689/711 925/687/600
f 928/689/603 923/690/712 922/691/601
f 927/686/710 926/688/602 929/692/713
f 927/686/710 930/693/714 928/689/711
f 929/692/713 930/693/714 927/686/710
f 930/693/714 892/655/679 928/689/711
f 930/693/714 929/692/713 931/694/715
f 892/655/679 930/693/714 885/645/669
f 931/694/715 885/645/669 930/693/714
f 885/645/669 931/694/715 884/646/670
f 934/695/716 935/696/717 933/697/718
f 938/698/719 936/699/720 937/700/721
f 935/696/717 938/698/719 937/700/721
f 939/701/722 932/702/613 936/699/720
f 935/696/717 934/695/716 940/703/723
f 932/702/613 939/701/722 941/704/724
f 944/705/725 943/706/620 942/707/726
f 945/708/727 939/701/722 946/709/728
f 946/709/728 944/705/725 945/708/727
f 944/705/725 947/710/729 943/706/620
f 950/711/730 951/712/731 949/713/682
f 951/712/731 950/711/730 952/714/732
f 954/715/733 940/703/723 953/716/734
f 952/714/732 954/715/733 953/716/734
f 950/711/730 955/717/735 952/714/732
f 954/715/733 952/714/732 955/717/735
f 955/717/735 950/711/730 956/718/736
f 950/711/730 957/719/737 956/718/736
f 957/719/737 950/711/730 948/720/677
f 948/720/677 947/710/729 957/719/737
f 957/719/737 947/710/729 958/721/738
f 944/705/725 958/721/738 947/710/729
f 958/721/738 944/705/725 959/722/739
f 944/705/725 946/709/728 959/722/739
f 940/703/723 954/715/733 960/723/740
f 960/723/740 935/696/717 940/703/723
f 935/696/717 960/723/740 961/724/741
f 938/698/719 935/696/717 961/724/741
f 963/725/742 965/726/743 962/727/744
f 966/728/745 967/729/746 964/730/747
f 967/729/746 965/726/743 968/731/748
f 965/726/743 967/729/746 969/732/749
f 967/729/746 966/728/745 969/732/749
f 962/727/744 965/726/743 970/733/750
f 969/732/749 970/733/750 965/726/743
f 970/733/750 974/734/642 971/735/751
f 971/735/751 974/734/642 973/736/752
f 974/734/642 970/733/750 969/732/749
f 973/736/752 975/737/634 972/738/753
f 975/737/634 973/736/752 974/734/642
f 974/734/642 977/739/754 976/740/644
f 969/732/749 977/739/754 974/734/642
f 979/741/755 977/739/754 969/732/749
f 980/742/756 978/743/646 977/739/754
f 977/739/754 979/741/755 980/742/756
f 978/743/646 980/742/756 981/744/757
f 939/701/722 982/745/758 946/709/728
f 939/701/722 983/746/759 982/745/758
f 983/746/759 939/701/722 936/699/720
f 936/699/720 938/698/719 983/746/759
f 989/646/760 988/747/761 987/748/762
f 987/748/762 990/647/763 989/646/760
f 990/647/763 987/748/762 986/749/764
f 991/645/765 989/646/760 990/647/763
f 986/749/764 992/750/682 990/647/763
f 990/647/763 994/648/766 991/645/765
f 994/648/766 990/647/763 993/649/767
f 995/652/768 991/645/765 994/648/766
f 994/648/766 984/656/769 995/652/768
f 984/656/769 994/648/766 996/650/770
f 993/649/767 996/650/770 994/648/766
f 996/650/770 985/657/771 984/656/769
f 996/650/770 993/649/767 997/751/772
f 985/657/771 996/650/770 998/653/734
f 997/751/772 998/653/734 996/650/770
f 1002/752/689 1000/666/735 1001/753/687
f 1003/665/773 999/660/774 1000/666/775
f 1004/684/776 1003/665/773 1002/752/689
f 999/660/774 1003/665/773 1005/683/777
f 1004/684/776 1005/683/777 1003/665/773
f 1006/661/778 999/660/774 1005/683/777
f 999/660/774 1006/661/778 1007/662/779
f 1007/662/780 1009/664/781 1008/663/741
f 1005/683/777 1010/682/782 1006/661/778
f 1010/682/782 1009/664/781 1006/661/778
f 1010/682/782 1005/683/777 1011/681/783
f 1005/683/777 1004/684/776 1011/681/783
f 1011/681/783 1013/677/784 1010/682/782
f 1013/677/784 1014/754/785 1012/679/786
f 1013/677/784 1016/675/787 1014/754/785
f 1015/755/788 1014/754/785 1016/675/787
f 1017/676/789 1016/675/787 1013/677/784
f 1011/681/783 1017/676/789 1013/677/784
f 1011/681/783 1018/680/790 1017/676/789
f 1018/680/790 1011/681/783 1004/684/776
f 1017/676/789 1019/673/791 1016/675/787
f 1020/674/792 1017/676/789 1018/680/790
f 1017/676/789 1020/674/792 1019/673/791
f 1019/673/791 1021/671/742 1016/675/787
f 1016/675/787 1021/671/742 1015/755/788
f 1022/672/747 1019/673/791 1020/674/792
f 1019/673/791 1023/668/793 1021/671/742
f 1019/673/791 1022/672/747 1023/668/793
f 1023/668/793 1024/667/743 1021/671/742
f 1020/674/792 1025/756/794 1022/672/747
f 1026/757/795 1023/668/793 1022/672/747
f 1023/668/793 1026/757/795 1027/669/748
f 1024/667/743 1023/668/793 1027/669/748
f 1025/756/794 1020/674/792 1028/758/796
f 1018/680/790 1028/758/796 1020/674/792
f 1028/758/796 1018/680/790 1029/759/797
f 1033/760/798 1032/655/799 1034/654/800
f 1035/693/801 1032/655/799 1031/689/802
f 991/645/765 1034/654/800 1032/655/799
f 1032/655/799 1035/693/801 991/645/765
f 1034/654/800 995/652/768 1033/760/798
f 991/645/765 995/652/768 1034/654/800
f 1036/686/803 1035/693/801 1031/689/802
f 1036/686/803 1031/689/802 1030/687/804
f 1037/685/805 1036/686/803 1030/687/804
f 1038/688/806 1036/686/803 1037/685/805
f 1039/692/807 1035/693/801 1036/686/803
f 1036/686/803 1038/688/806 1039/692/807
f 1035/693/801 1039/692/807 1040/694/712
f 1040/694/712 991/645/765 1035/693/801
f 1040/694/712 1041/761/603 988/747/761
f 988/747/761 989/646/760 1040/694/712
f 991/645/765 1040/694/712 989/646/760
f 1044/581/808 1043/644/809 1042/643/810
f 1044/581/808 1045/591/811 1043/644/809
f 1045/591/811 1044/581/808 1046/590/812
f 1047/762/813 1046/590/812 1044/581/808
f 1046/590/812 1048/763/814 1045/591/811
f 1046/590/812 1047/762/813 1049/589/815
f 1050/588/716 1049/589/815 1047/762/813
f 1049/589/815 1051/764/816 1046/590/812
f 1048/763/814 1046/590/812 1051/764/816
f 1051/764/816 1049/589/815 1052/593/817
f 1051/764/816 1053/765/818 1048/763/814
f 1053/765/818 1051/764/816 1054/597/721
f 1052/593/817 1054/597/721 1051/764/816
f 1058/632/780 1057/606/819 1060/630/781
f 1060/630/820 1055/629/719 1059/631/821
f 1060/630/820 1061/605/822 1062/604/823
f 1055/629/719 1060/630/820 1063/628/824
f 1062/604/823 1063/628/824 1060/630/820
f 1064/627/825 1055/629/719 1063/628/824
f 1065/611/826 1062/604/823 1061/605/822
f 1061/605/822 1066/603/827 1065/611/826
f 1063/628/824 1062/604/823 1067/613/828
f 1065/611/826 1067/613/828 1062/604/823
f 1068/626/829 1063/628/824 1067/613/828
f 1063/628/824 1068/626/829 1064/627/825
f 1067/613/828 1065/611/826 1069/612/830
f 1070/610/831 1069/612/830 1065/611/826
f 1067/613/828 1069/612/830 1071/621/628
f 1067/613/828 1071/621/628 1068/626/829
f 1069/612/830 1073/617/832 1071/621/628
f 1069/612/830 1070/610/831 1074/614/833
f 1069/612/830 1074/614/833 1073/617/832
f 1075/609/834 1074/614/833 1070/610/831
f 1076/616/750 1077/615/835 1075/609/834
f 1074/614/833 1075/609/834 1077/615/835
f 1077/615/835 1076/616/750 1078/618/751
f 1074/614/833 1077/615/835 1079/620/836
f 1074/614/833 1079/620/836 1073/617/832
f 1080/766/752 1077/615/835 1078/618/751
f 1077/615/835 1080/766/752 1079/620/836
f 1072/625/629 1071/621/628 1081/624/837
f 1083/601/658 1064/627/631 1082/600/838
f 1055/629/719 1064/627/825 1084/602/839
f 1085/637/561 1086/635/840 1087/638/582
f 1088/636/563 1086/635/840 1085/637/561
f 1086/635/840 1088/636/563 1089/634/565
f 1089/634/565 1090/642/841 1086/635/840
f 1086/635/840 1091/639/842 1087/638/582
f 1086/635/840 1090/642/841 1091/639/842
f 1090/642/841 1089/634/565 1092/767/843
f 1090/642/841 1042/643/810 1091/639/842
f 1093/633/566 1092/767/843 1089/634/565
f 1092/767/843 1044/581/808 1090/642/841
f 1042/643/810 1090/642/841 1044/581/808
f 1092/767/843 1093/633/566 1094/584/844
f 1044/581/808 1092/767/843 1095/583/798
f 1094/584/844 1095/583/798 1092/767/843
f 1056/587/845 1047/762/813 1095/583/798
f 1044/581/808 1095/583/798 1047/762/813
f 1056/587/845 1050/588/716 1047/762/813
